node	observation	request_number	method	timestamp	line	block_hash	tx_count	gas_used	classification	detail
1	getPayload_response	534	engine_getPayloadV6	2026-09-05T00:01:52.985899496Z	23882	0x262c5eca26181bd77d927fe0c3a24786ad44bc9e7f403f8c73ee33c6750a4353	0	0	empty	
1	newPayload_request	567	engine_newPayloadV5	2026-09-05T00:08:24.477815216Z	25358	0xb9b2eade724f5129b730a0bbcc1df80cbf7b6537e1d6e79a709564ef44ae3849	0	0	empty	
1	newPayload_request	568	engine_newPayloadV5	2026-09-05T00:08:28.717252653Z	25402	0x9a84c87c8779a41cccc6a5fed314173497f614edf137a877f1811cf558204f72	0	0	empty	
1	getPayload_response	625	engine_getPayloadV6	2026-09-05T00:19:37.390520084Z	27965	0x689d67b9fafd9f98af12feb0c856011a182c2ab8249cc1c541a72e539dd43609	0	0	empty	
1	newPayload_request	914	engine_newPayloadV5	2026-09-05T01:33:27.407715219Z	40850	0xdf777d7bd39c8da50222382357a2f2865c9967c5ef99f6918bdcf09fa6b81ab8	0	0	empty	
1	newPayload_request	916	engine_newPayloadV5	2026-09-05T01:33:30.564745077Z	40923	0x03b9534aa3563550aba40988bca50462b89c35fb5d9a8a78bb68f04641dfd5d3	0	0	empty	
1	newPayload_request	917	engine_newPayloadV5	2026-09-05T01:33:30.981255295Z	40967	0x43e25c037fafe64d8b38d248d67afdfdf015e4223008dd2fa6dcadadde3958a4	0	0	empty	
1	newPayload_request	930	engine_newPayloadV5	2026-09-05T01:34:09.049821788Z	41439	0x12535ebc42752fc497d6c920e2035fd053437a13c8aa2a3bc9e606af323f7ac3	0	0	empty	
1	newPayload_request	932	engine_newPayloadV5	2026-09-05T01:34:11.181954485Z	41512	0xbe1dd5493e36852931fa81246ce051cc3ef5fe2233f33e49c39537a6cce71f1f	0	0	empty	
1	newPayload_request	933	engine_newPayloadV5	2026-09-05T01:34:11.444649573Z	41556	0xbe1dd5493e36852931fa81246ce051cc3ef5fe2233f33e49c39537a6cce71f1f	0	0	empty	
1	newPayload_request	936	engine_newPayloadV5	2026-09-05T01:34:15.581318993Z	41659	0xd94ef5650b52359e89cd73e002950d7b0182e165f653327fa127c494056f32c4	0	0	empty	
1	newPayload_request	939	engine_newPayloadV5	2026-09-05T01:34:25.073777461Z	41779	0x7c666cef5cdedf65a733da480b4643355396d48e4f56c312507a09c741ac393c	0	0	empty	
1	newPayload_request	944	engine_newPayloadV5	2026-09-05T01:34:37.116739668Z	41969	0x31cfcb4ca92961dc340c7039b82eb95b712d7e2cf3f7782cf56bb0e0fee9a663	0	0	empty	
1	newPayload_request	946	engine_newPayloadV5	2026-09-05T01:34:48.855605352Z	42044	0xa218f67f6444c9a1c45ae32bc8f4742bf83dba769c8aef58aa820a175f5735a0	0	0	empty	
1	newPayload_request	953	engine_newPayloadV5	2026-09-05T01:35:00.676789613Z	42305	0xeb892eb2aa511cf2dc49d7f1e191ee205377e893d8ad3560b745df7d5bfdc12b	0	0	empty	
1	newPayload_request	958	engine_newPayloadV5	2026-09-05T01:35:13.562778407Z	42497	0xece62d89c063989aaef8a4d8f3b10d0298fee935de2da9e91c87ba8a6cee5d91	0	0	empty	
1	newPayload_request	963	engine_newPayloadV5	2026-09-05T01:35:24.355082615Z	42688	0x5521990a7414bd7b867977623332c490f9fe9810706eddbdce02f514bc08f719	0	0	empty	
1	newPayload_request	968	engine_newPayloadV5	2026-09-05T01:35:36.682415656Z	42879	0x78f969458d4a00ebd5d8d885b590b69889db5955f4700d8f00ae3d0aaf73f77c	0	0	empty	
1	newPayload_request	973	engine_newPayloadV5	2026-09-05T01:35:48.841675230Z	43070	0xcc3a083b59ab916873615e3c040ac8d6352fcb51fa971e8c740f67925fe39338	0	0	empty	
1	newPayload_request	979	engine_newPayloadV5	2026-09-05T01:36:01.249259354Z	43290	0xbd177e00545b6ebcc779bc307541a3c9fb74e679cfea2fa1d07a55bf2c8cddc5	0	0	empty	
1	newPayload_request	981	engine_newPayloadV5	2026-09-05T01:36:12.878513064Z	43365	0x6485148e5b372601351a7ff4a77fc50084fe1f4535f5f952e653a7a8885065ea	0	0	empty	
1	newPayload_request	988	engine_newPayloadV5	2026-09-05T01:36:26.440067139Z	43626	0xcfcbf45a630f3f659591dae28c404785995fe838fb144d777bb9d29965ebf7fc	0	0	empty	
1	newPayload_request	993	engine_newPayloadV5	2026-09-05T01:36:39.914299660Z	43817	0xb8f4577d10af3ead1fde4187b78a8ee0e6ca97fb30c393ea31ac9e23fba124e9	0	0	empty	
1	newPayload_request	998	engine_newPayloadV5	2026-09-05T01:36:52.555374110Z	44008	0x616503d1bdf73198057f37ccb830cb21a9d55e7ea57e763e16253b05f9e2f7fa	0	0	empty	
1	newPayload_request	1004	engine_newPayloadV5	2026-09-05T01:37:02.377690281Z	44228	0xb10c6c1a530e3965a6dd4050c2a04c4c6e5755392df3c0340e4bcce7fd5decba	0	0	empty	
1	newPayload_request	1007	engine_newPayloadV5	2026-09-05T01:37:13.394874475Z	44350	0x246b5edbc8976296f771cc7ae82f6f619fc9912f1be89584cb092d4807e50bd4	0	0	empty	
1	newPayload_request	1013	engine_newPayloadV5	2026-09-05T01:37:26.656529288Z	44570	0x925d53eb6594633897c6989aa756e4ecc6bad81d414041a0e76c87ba7e721761	0	0	empty	
1	newPayload_request	1015	engine_newPayloadV5	2026-09-05T01:37:37.116159839Z	44644	0x16fc2b531d39eedc51ab0f56fd78922d7ecf5e6f7faecde992df595bdccc2f65	0	0	empty	
1	newPayload_request	1022	engine_newPayloadV5	2026-09-05T01:37:51.552110222Z	44905	0x9f6ee5a594badeda72efdfef738511682f5b93bc96a9d774db6a2379daccef82	0	0	empty	
1	newPayload_request	1028	engine_newPayloadV5	2026-09-05T01:38:01.759720929Z	45125	0x5ceb996376f990fb6f844aee5565cb3f1b06a4ecdc9fc4acfc1622f64a15391c	0	0	empty	
1	newPayload_request	1031	engine_newPayloadV5	2026-09-05T01:38:13.487719714Z	45247	0xe320f5f9fe2dd9313f1224f1396a2a5c2ce00f5636647720645f7bc81303e2af	0	0	empty	
1	newPayload_request	1036	engine_newPayloadV5	2026-09-05T01:38:26.672437727Z	45438	0x73eef28bee32efdbe793ddb0afbdaa52a30e0d8e22f8c43c730178301eff2225	0	0	empty	
1	newPayload_request	1041	engine_newPayloadV5	2026-09-05T01:38:37.607915089Z	45629	0xd98a1d9ab7d953cb760b6ea59ff603783461b81bade3ff64cb5f6f18a314bd7f	0	0	empty	
1	newPayload_request	1046	engine_newPayloadV5	2026-09-05T01:38:50.138035730Z	45820	0x4c5ec42b3bf21c60a791f575983cf7ac034012b5fe462bc188f44510bf60f78c	0	0	empty	
1	newPayload_request	1052	engine_newPayloadV5	2026-09-05T01:39:03.899289627Z	46040	0x04f4340417af45df2521cb2d720097c38c774a07b48c741b4d9815eb0698d5ca	0	0	empty	
1	newPayload_request	1055	engine_newPayloadV5	2026-09-05T01:39:14.349012031Z	46144	0x4142010bdf78ed77c6eedd7f49bd0decf756d48b5529573a7d35aad709367880	0	0	empty	
1	newPayload_request	1060	engine_newPayloadV5	2026-09-05T01:39:26.899561708Z	46335	0x2f944ddae38001bcbe660c656e09ca924cc1bf60ccf02759fc0b2adb67a5d707	0	0	empty	
1	newPayload_request	1065	engine_newPayloadV5	2026-09-05T01:39:38.074996629Z	46526	0x55c261f510c23680f00d5b644acddf8616138a0419da5228aef4b636e07e2e95	0	0	empty	
1	newPayload_request	1070	engine_newPayloadV5	2026-09-05T01:39:51.070666844Z	46717	0x4e2cbf793ec3295cc8da6667c5894e6630e6ff011a5bca347af9a44365903cd8	0	0	empty	
1	newPayload_request	1075	engine_newPayloadV5	2026-09-05T01:40:03.849000397Z	46908	0xd7a89c6687b305575b8ba5cb3e1b75908c50b88d725893af722ee222546c2361	0	0	empty	
1	newPayload_request	1080	engine_newPayloadV5	2026-09-05T01:40:13.703407554Z	47100	0x3f042afbc20f852eab43e0ef53e35cb685c862858adefe99e082ab6722174852	0	0	empty	
1	newPayload_request	1083	engine_newPayloadV5	2026-09-05T01:40:25.567885959Z	47203	0x881f01c4163841899fbdc4e017a2d198976bc42b29906baa22630b467b1243dc	0	0	empty	
1	newPayload_request	1089	engine_newPayloadV5	2026-09-05T01:40:38.339407473Z	47423	0x9f7655662d8ef5e35477f0b2b8e73972dea2ed4fcef954aff24ae3f32a5e954d	0	0	empty	
1	newPayload_request	1094	engine_newPayloadV5	2026-09-05T01:40:49.552198903Z	47614	0xf995d42db9fddd12af2761b5cc59c1be7960eb7d19da4f8f8d1d33c00f9e7a4b	0	0	empty	
1	newPayload_request	1099	engine_newPayloadV5	2026-09-05T01:41:02.949241287Z	47805	0x245f92010cf74b18d00e7f51c64bdf94da07cb43e62e3fdcb64d089449ed5dbe	0	0	empty	
1	newPayload_request	1104	engine_newPayloadV5	2026-09-05T01:41:13.678906263Z	47997	0xab4db72d03316e0bd6e1dd7e9a785b9d2d9f9829642d138ff42f025d57618b72	0	0	empty	
1	newPayload_request	1109	engine_newPayloadV5	2026-09-05T01:41:26.395677681Z	48188	0xd706a23b4079cc74de79fbf4f95d4f191879753c3d0b7ba4ea5290ca1a750bf5	0	0	empty	
1	newPayload_request	1114	engine_newPayloadV5	2026-09-05T01:41:37.527627194Z	48378	0x25f757b80623caa82e7c8964329488a178c59731c93efc6a6c136c75feda2f35	0	0	empty	
1	newPayload_request	1119	engine_newPayloadV5	2026-09-05T01:41:51.815625866Z	48570	0x80c043e1e273c963720ce30e17c19afa6c3bff78aeee0478d8d5ed50574ace9b	0	0	empty	
1	newPayload_request	1121	engine_newPayloadV5	2026-09-05T01:42:02.217865556Z	48644	0x2df1779fceddb43c3623bd4d0bc486be91621686362c46459fbc970cbe76a742	0	0	empty	
1	newPayload_request	1128	engine_newPayloadV5	2026-09-05T01:42:13.470697094Z	48906	0x9cc50b677092aa30ee580f31ced4bd9ad1e6825d53d45b0c6501e4bac2285ce8	0	0	empty	
1	newPayload_request	1134	engine_newPayloadV5	2026-09-05T01:42:27.177425863Z	49126	0x33cbd19dd23ef5c2da3141dfa8f594ffdb004d5d6a7dbc61345a3bfe78f54aeb	0	0	empty	
1	newPayload_request	1139	engine_newPayloadV5	2026-09-05T01:42:37.552644567Z	49317	0x0a005e5f3659a168dc4e947fdb754aabe14202fe900ac13b336203a1948d6710	0	0	empty	
1	newPayload_request	1144	engine_newPayloadV5	2026-09-05T01:42:50.738267255Z	49508	0xb7e34025246673da1e4220de864d0f61cd73ff95fe349323cd166152895807cf	0	0	empty	
1	newPayload_request	1149	engine_newPayloadV5	2026-09-05T01:43:04.057483366Z	49699	0x6b770d61ffd59bcce18ab5956af6d3f6f369560739c50417ab1b13b9e36c9b9b	0	0	empty	
1	newPayload_request	1152	engine_newPayloadV5	2026-09-05T01:43:13.373502495Z	49803	0x13caf61c02ae853d2311d6001c47b5e268dd40eac3af0aac7e98895c7bfac097	0	0	empty	
1	newPayload_request	1158	engine_newPayloadV5	2026-09-05T01:43:29.049300049Z	50041	0x9329e7bd4ffba11c0cfbb62400785736137925bbb67c8c5d869969bff878b0f7	0	0	empty	
1	newPayload_request	1163	engine_newPayloadV5	2026-09-05T01:43:44.235297092Z	50232	0xa68a7f4ca273d2212c15d7930c942f624632765b4c5a4ab89f0a4d891a957f92	0	0	empty	
1	newPayload_request	1167	engine_newPayloadV5	2026-09-05T01:43:49.808688417Z	50364	0xa83ef3d3fb1e04acfbfaec458f5d07fd5c97c68c8958e9bfb5766eb84e7225e7	0	0	empty	
1	newPayload_request	1173	engine_newPayloadV5	2026-09-05T01:44:05.180139532Z	50584	0x08d4724856f36b54d143b02949666a9676008a99192f9ba6a79a2a061dc06948	0	0	empty	
1	newPayload_request	1179	engine_newPayloadV5	2026-09-05T01:44:15.724197202Z	50804	0xda1c1b4ad382a753e2814a71c14396f072ffbe1c6f7f37dd6327f684b67bffb9	0	0	empty	
1	newPayload_request	1182	engine_newPayloadV5	2026-09-05T01:44:24.951007929Z	50926	0xb63315cde41db14fae1a6d93f0c9912115694e892a06462549472059c1308147	0	0	empty	
1	newPayload_request	1184	engine_newPayloadV5	2026-09-05T01:44:37.372759276Z	50999	0x4ba57fb3110598fa4557b722b73542d1927072f237a4e2d20be6ab44c1ac60f8	0	0	empty	
1	newPayload_request	1192	engine_newPayloadV5	2026-09-05T01:44:54.520287525Z	51308	0xee30f8b77827a6eecf3cce03373a9be6fe5a594f9e87ce50d96057f08865d871	0	0	empty	
1	newPayload_request	1196	engine_newPayloadV5	2026-09-05T01:45:04.745328657Z	51440	0x19131163243a34acd438fc7b7df490e2bc3581d011c5bf960b5a6e769b0fc02e	0	0	empty	
1	newPayload_request	1202	engine_newPayloadV5	2026-09-05T01:45:15.488494508Z	51661	0xa1ee4b78dec5a13a4d3bb3ef3e8a3a271145615df45233ca17d5a4af2f334727	0	0	empty	
1	newPayload_request	1205	engine_newPayloadV5	2026-09-05T01:45:25.356110230Z	51781	0x673f5cde1640a66a6acbf5f9fa07cf0f0223f6c7a41f93ffb6de23426b1783c1	0	0	empty	
1	newPayload_request	1211	engine_newPayloadV5	2026-09-05T01:45:40.924733827Z	52002	0xe78411fcea356edbb7d2e305907a20b2a9265a56132a3179587bc8ff4b02dd7f	0	0	empty	
1	newPayload_request	1217	engine_newPayloadV5	2026-09-05T01:45:49.326085090Z	52222	0xa41b5ce27ea9579248012bc6aaddc9600545322ea40586d6b36c48ae42be6384	0	0	empty	
1	newPayload_request	1219	engine_newPayloadV5	2026-09-05T01:46:01.548847509Z	52296	0x97e5c064d2b203b45279582591c4d32e1cff16c9d68ea9ad08880865cbcee620	0	0	empty	
1	newPayload_request	1225	engine_newPayloadV5	2026-09-05T01:46:16.409730349Z	52535	0x935782051769f5e444cb5225c89b26406d333f00517cfdd8bbe2b2e9362eae13	0	0	empty	
1	newPayload_request	1228	engine_newPayloadV5	2026-09-05T01:46:27.912856172Z	52638	0xe2bafb7da2266ac9396fb9950b4072494f86231442de452daf0da78d85042e8d	0	0	empty	
1	newPayload_request	1234	engine_newPayloadV5	2026-09-05T01:46:37.312013515Z	52858	0xd1c7516ed123baf1b82b8777388075789ed578a6b49c01d6b7f4be797a5bfd2e	0	0	empty	
1	newPayload_request	1237	engine_newPayloadV5	2026-09-05T01:46:48.914801280Z	52979	0x86157fa4483f3c812ac7b642bc59a0830b33a299298d268979743a88bef26538	0	0	empty	
1	newPayload_request	1242	engine_newPayloadV5	2026-09-05T01:47:01.354667448Z	53169	0xccff6b4846579f40f936f6cfc85426be79bab204041e1c19aa1868dddb7ebef2	0	0	empty	
1	newPayload_request	1248	engine_newPayloadV5	2026-09-05T01:47:13.690050108Z	53391	0xdbe5494fba53347f23e77b38c786df103784fa850fa50e2616a6576af52afec8	0	0	empty	
1	newPayload_request	1253	engine_newPayloadV5	2026-09-05T01:47:26.152733045Z	53582	0xb9ed6ba24cf9a6fb2da974e4a7cb92fdebaeadd6d95370a1f9303293495b1229	0	0	empty	
1	newPayload_request	1255	engine_newPayloadV5	2026-09-05T01:47:37.739530836Z	53656	0xe207023239fb575d63ea6d47590a3d0887ad25028ace4e9d57acf268feb03843	0	0	empty	
1	newPayload_request	1262	engine_newPayloadV5	2026-09-05T01:47:49.326604879Z	53917	0xe60f3b71e4793b1bd51d3247015f67ed9b8fc66f96ca66636b780ee9d374a28a	0	0	empty	
1	newPayload_request	1267	engine_newPayloadV5	2026-09-05T01:48:01.216873489Z	54108	0x0e467b861259f1f93cf39307e1aeb8d223597d183c37b5677cf4445aad0f480b	0	0	empty	
1	newPayload_request	1272	engine_newPayloadV5	2026-09-05T01:48:14.433351814Z	54300	0x7bc9a7a1fda4ac14627d7765dfffe6edbdaedef95a4a3ccdf67e73aed59ef738	0	0	empty	
1	newPayload_request	1277	engine_newPayloadV5	2026-09-05T01:48:25.702361310Z	54491	0xa2cbbc8ef09bb0c4d6905cb8fb06f957f3b531bad2d6fceea7cf2b3f9a08ffc8	0	0	empty	
1	newPayload_request	1282	engine_newPayloadV5	2026-09-05T01:48:37.303948848Z	54682	0xdbcf51653cd94aa2c920a79f5b5bcc1b19b49383f70e20bab40cf76053c00195	0	0	empty	
1	newPayload_request	1285	engine_newPayloadV5	2026-09-05T01:48:48.886968032Z	54785	0x946a201744ae66f3fedc230ce77d88aed503b89175f9aa2ac37c0d134024eded	0	0	empty	
1	newPayload_request	1292	engine_newPayloadV5	2026-09-05T01:49:01.069258730Z	55046	0x131a9cc2905b35e16365b0f2e190796433e2b894103705541e897412375ab3ec	0	0	empty	
1	newPayload_request	1297	engine_newPayloadV5	2026-09-05T01:49:14.577132250Z	55238	0xb15e604fe0fb64d5a9ab6f70c760c0d28c1e213e0cb9d720ba8fa24e158211bb	0	0	empty	
1	getPayload_response	1302	engine_getPayloadV6	2026-09-05T01:49:24.013735789Z	55447	0xff94488fc6025cc072f9a94c7ebae908bfd6cb6850ab6a867812d8feaaf29f33	0	0	empty	
1	newPayload_request	1303	engine_newPayloadV5	2026-09-05T01:49:28.176768380Z	55484	0xff94488fc6025cc072f9a94c7ebae908bfd6cb6850ab6a867812d8feaaf29f33	0	0	empty	
1	newPayload_request	1309	engine_newPayloadV5	2026-09-05T01:49:37.834637409Z	55704	0xdb3c8eae971ab2b3bc6c04b6214f6389a760cf20b4709597ee3ad4ec016f96bc	0	0	empty	
1	newPayload_request	1312	engine_newPayloadV5	2026-09-05T01:49:49.544258228Z	55825	0x18ed4b65350beb1d1bfc4ff33e2c639e1021d5e3d279b2732c7fe84f00e5ed48	0	0	empty	
1	newPayload_request	1317	engine_newPayloadV5	2026-09-05T01:50:04.463365640Z	56016	0x960c16195572c20331cf903a1a0cbf3fc618cac0dd0152c04b2249fe5f318018	0	0	empty	
1	newPayload_request	1322	engine_newPayloadV5	2026-09-05T01:50:17.034066389Z	56196	0xbf5ffd46f682078618e84ac3c0eca6d675eff9c1786ce936eb510ce48288a9b4	0	0	empty	
1	newPayload_request	1325	engine_newPayloadV5	2026-09-05T01:50:25.894697390Z	56299	0xfbd155685ca5023cf55710dcdef19954103f398eef84d339e56bdf3deaaed3c2	0	0	empty	
1	newPayload_request	1330	engine_newPayloadV5	2026-09-05T01:50:37.084698526Z	56489	0x5af4761cc933ee4293660dc4b6b8bd355ad653b04aee555f14c0af59c9472169	0	0	empty	
1	newPayload_request	1335	engine_newPayloadV5	2026-09-05T01:50:49.575101538Z	56681	0x2ccbd517803e0f13061b601a4ce4f2c2a0dd6ed7b5084dd74f140ddccf74e10b	0	0	empty	
1	getPayload_response	1340	engine_getPayloadV6	2026-09-05T01:51:00.011957112Z	56890	0xdd365867a1c41eee415986064777264d8d4a6dc39b3bd5c2fd7c28e46b345fd9	0	0	empty	
1	newPayload_request	1341	engine_newPayloadV5	2026-09-05T01:51:03.939688991Z	56927	0xdd365867a1c41eee415986064777264d8d4a6dc39b3bd5c2fd7c28e46b345fd9	0	0	empty	
1	newPayload_request	1347	engine_newPayloadV5	2026-09-05T01:51:13.199314120Z	57148	0x32336115dd6600c5a47233a07a4ed697e3431f533a38090fad42ea620ceea910	0	0	empty	
1	newPayload_request	1350	engine_newPayloadV5	2026-09-05T01:51:25.459803871Z	57269	0x931683cba8723bbcaab3d1f942f990e1b6ffe1e7a12a93d93d5474966718733c	0	0	empty	
1	newPayload_request	1355	engine_newPayloadV5	2026-09-05T01:51:38.047715132Z	57460	0xe7eb34e8ddd5db27c245cf01bab95a4f6c85718ca8be5e21bdc166e12f389c72	0	0	empty	
1	newPayload_request	1357	engine_newPayloadV5	2026-09-05T01:51:49.146331681Z	57534	0x4605354653950925dde75cdd48a2786966938c883187a557ca1a4012842d9832	0	0	empty	
1	newPayload_request	1365	engine_newPayloadV5	2026-09-05T01:52:03.864836017Z	57824	0x3d8b7508ed7d7dd30a991d82e367295879edf4c5da0deefa53bd489a5d118040	0	0	empty	
1	newPayload_request	1371	engine_newPayloadV5	2026-09-05T01:52:13.558118830Z	58045	0xe2a8961bf8e44215297d00a290b2ed7677c73f1ca09ee937e6f8c61d0ac21a3b	0	0	empty	
1	newPayload_request	1374	engine_newPayloadV5	2026-09-05T01:52:25.673940260Z	58166	0x52841dc1c142521e074f0c8a86cd9d3c8f147e90ad92e29c89076e6949f6cee3	0	0	empty	
1	newPayload_request	1379	engine_newPayloadV5	2026-09-05T01:52:40.027573374Z	58357	0xd7945abb59fe9e4f1071b7cde0345c3dfc986a18c0a983d0f55243c7c540c8b0	0	0	empty	
1	newPayload_request	1385	engine_newPayloadV5	2026-09-05T01:52:49.592754954Z	58577	0x6f602f634396f597815fadf837999d2fa07fc0d22d887248890de710112b845a	0	0	empty	
1	newPayload_request	1387	engine_newPayloadV5	2026-09-05T01:53:01.288202595Z	58651	0x5c42bd0df362d9caffd65dd4cc3278ba735632daab4a5b31550e059ec7ba2fd8	0	0	empty	
1	newPayload_request	1392	engine_newPayloadV5	2026-09-05T01:53:14.625116765Z	58843	0x1c9360dd7a98342d9a7bc558a92c65c86eaac468e92095dc72df683666c70589	0	0	empty	
1	newPayload_request	1398	engine_newPayloadV5	2026-09-05T01:53:27.280598344Z	59063	0x0227c072d885d5ada797b550b33d2a5f6f48171db603df6c4a2135e0ea5718a6	0	0	empty	
1	newPayload_request	1403	engine_newPayloadV5	2026-09-05T01:53:39.927822375Z	59254	0xc9aba8d094258d36231406c60f7a32ed5d2f3b98a2d4c944032974c49e9e7eac	0	0	empty	
1	newPayload_request	1409	engine_newPayloadV5	2026-09-05T01:53:51.550286845Z	59474	0x5f5a547c6f41a0932ff5c4ac0bc0fb1c08b90f2589bfc157b6d166a487c1a931	0	0	empty	
1	newPayload_request	1413	engine_newPayloadV5	2026-09-05T01:54:01.568871041Z	59624	0x3eae0c93fc3bbe4b36bd3ec4cdfb400c46ccf644f7a8f29722eb0019fbfbe66f	0	0	empty	
1	newPayload_request	1416	engine_newPayloadV5	2026-09-05T01:54:13.783186524Z	59746	0xf9453c09a4ccb2abbafe9863e27f4e5ce6c6c1530734e0621f1c2a7f32b77e12	0	0	empty	
1	newPayload_request	1418	engine_newPayloadV5	2026-09-05T01:54:25.056428997Z	59820	0x4f7379efb95841edec74c7ba25b7f6036578f53460e82e2bb86f17ed0d614599	0	0	empty	
1	newPayload_request	1425	engine_newPayloadV5	2026-09-05T01:54:37.220160109Z	60081	0xdf16588575f4ed61752102439c98bf62bb0178f4947021e0ae4c13a37607b6ae	0	0	empty	
1	newPayload_request	1427	engine_newPayloadV5	2026-09-05T01:54:49.723099429Z	60173	0x522ef978ed992b2ea39641644a86d05e57bc225d427c1d7386a7b5e09969614c	0	0	empty	
1	newPayload_request	1432	engine_newPayloadV5	2026-09-05T01:55:01.138030367Z	60364	0xcb88248de10dd8ac73c090b1f7fc27078b22ff14d9bdb833908086cafa7e85b0	0	0	empty	
1	newPayload_request	1438	engine_newPayloadV5	2026-09-05T01:55:15.360904307Z	60585	0xa227662c6d655ec40a7923430de68bf94b67a19553b00d2f6ebbff0325857829	0	0	empty	
1	newPayload_request	1444	engine_newPayloadV5	2026-09-05T01:55:25.991811857Z	60805	0xa8733562d28df14ca911f4d63918166849db7de94cafbdffecf7a3e257aaa8db	0	0	empty	
1	newPayload_request	1447	engine_newPayloadV5	2026-09-05T01:55:37.310863702Z	60926	0xf02f6dfa5623382ea92d3eef9324bc4540239637bb8ff03c6896a174c69213e7	0	0	empty	
1	newPayload_request	1466	engine_newPayloadV5	2026-09-05T01:59:03.679572313Z	61750	0xca51c559bde8ffe6bcd0a3b21b560d8f2c6e5789189e8be4378e6484ba0fa690	0	0	empty	
1	newPayload_request	1473	engine_newPayloadV5	2026-09-05T02:00:03.840061667Z	62060	0x318bd807e9cda913db54f3f936fff7f2fb6006908f8b69ddb8ce7f8285154b97	0	0	empty	
1	newPayload_request	1481	engine_newPayloadV5	2026-09-05T02:01:39.475187259Z	62418	0xef2e7d898fe3d364c69852dc93034cba22af12c62b5e18d099b36b255a4f0869	0	0	empty	
1	newPayload_request	1484	engine_newPayloadV5	2026-09-05T02:02:03.708258782Z	62556	0xbb8c15a0d727d4373343c9791602834b0489bf59a4975841dae486341c2fe9c8	0	0	empty	
1	newPayload_request	1497	engine_newPayloadV5	2026-09-05T02:03:33.829626541Z	63114	0xe095e4a96bdd28454006c6e0bbdbc3ccf9ae15ebfb479a9a24441b5e9d37df18	0	0	empty	
1	getPayload_response	1500	engine_getPayloadV6	2026-09-05T02:03:48.018410964Z	63252	0x6d40f0009b6b5f89173c31a34ccfab2cfa2c23037bd145dc607fd75425839086	0	0	empty	
1	newPayload_request	1501	engine_newPayloadV5	2026-09-05T02:03:50.927101880Z	63289	0x6d40f0009b6b5f89173c31a34ccfab2cfa2c23037bd145dc607fd75425839086	0	0	empty	
2	newPayload_request	519	engine_newPayloadV5	2026-09-05T00:08:26.020504152Z	23164	0xb9b2eade724f5129b730a0bbcc1df80cbf7b6537e1d6e79a709564ef44ae3849	0	0	empty	
2	newPayload_request	520	engine_newPayloadV5	2026-09-05T00:08:28.565765591Z	23208	0x9a84c87c8779a41cccc6a5fed314173497f614edf137a877f1811cf558204f72	0	0	empty	
2	newPayload_request	863	engine_newPayloadV5	2026-09-05T01:33:10.761094353Z	38525	0xdf777d7bd39c8da50222382357a2f2865c9967c5ef99f6918bdcf09fa6b81ab8	0	0	empty	
2	newPayload_request	869	engine_newPayloadV5	2026-09-05T01:33:27.007002737Z	38744	0x03b9534aa3563550aba40988bca50462b89c35fb5d9a8a78bb68f04641dfd5d3	0	0	empty	
2	newPayload_request	871	engine_newPayloadV5	2026-09-05T01:33:31.870992408Z	38835	0x43e25c037fafe64d8b38d248d67afdfdf015e4223008dd2fa6dcadadde3958a4	0	0	empty	
2	newPayload_request	875	engine_newPayloadV5	2026-09-05T01:33:51.013174097Z	38985	0xbe1dd5493e36852931fa81246ce051cc3ef5fe2233f33e49c39537a6cce71f1f	0	0	empty	
2	newPayload_request	877	engine_newPayloadV5	2026-09-05T01:34:06.410489978Z	39079	0x12535ebc42752fc497d6c920e2035fd053437a13c8aa2a3bc9e606af323f7ac3	0	0	empty	
2	newPayload_request	884	engine_newPayloadV5	2026-09-05T01:34:13.082121733Z	39327	0xd94ef5650b52359e89cd73e002950d7b0182e165f653327fa127c494056f32c4	0	0	empty	
2	newPayload_request	888	engine_newPayloadV5	2026-09-05T01:34:25.039617217Z	39476	0x7c666cef5cdedf65a733da480b4643355396d48e4f56c312507a09c741ac393c	0	0	empty	
2	newPayload_request	890	engine_newPayloadV5	2026-09-05T01:34:36.925724661Z	39550	0x31cfcb4ca92961dc340c7039b82eb95b712d7e2cf3f7782cf56bb0e0fee9a663	0	0	empty	
2	newPayload_request	897	engine_newPayloadV5	2026-09-05T01:34:48.923374792Z	39812	0xa218f67f6444c9a1c45ae32bc8f4742bf83dba769c8aef58aa820a175f5735a0	0	0	empty	
2	newPayload_request	902	engine_newPayloadV5	2026-09-05T01:35:00.680113077Z	40003	0xeb892eb2aa511cf2dc49d7f1e191ee205377e893d8ad3560b745df7d5bfdc12b	0	0	empty	
2	newPayload_request	907	engine_newPayloadV5	2026-09-05T01:35:13.528536852Z	40195	0xece62d89c063989aaef8a4d8f3b10d0298fee935de2da9e91c87ba8a6cee5d91	0	0	empty	
2	newPayload_request	912	engine_newPayloadV5	2026-09-05T01:35:24.438625162Z	40386	0x5521990a7414bd7b867977623332c490f9fe9810706eddbdce02f514bc08f719	0	0	empty	
2	newPayload_request	917	engine_newPayloadV5	2026-09-05T01:35:36.770293699Z	40577	0x78f969458d4a00ebd5d8d885b590b69889db5955f4700d8f00ae3d0aaf73f77c	0	0	empty	
2	newPayload_request	922	engine_newPayloadV5	2026-09-05T01:35:48.764146449Z	40768	0xcc3a083b59ab916873615e3c040ac8d6352fcb51fa971e8c740f67925fe39338	0	0	empty	
2	newPayload_request	925	engine_newPayloadV5	2026-09-05T01:36:01.121322122Z	40871	0xbd177e00545b6ebcc779bc307541a3c9fb74e679cfea2fa1d07a55bf2c8cddc5	0	0	empty	
2	newPayload_request	932	engine_newPayloadV5	2026-09-05T01:36:12.868082160Z	41133	0x6485148e5b372601351a7ff4a77fc50084fe1f4535f5f952e653a7a8885065ea	0	0	empty	
2	newPayload_request	937	engine_newPayloadV5	2026-09-05T01:36:26.001276234Z	41324	0xcfcbf45a630f3f659591dae28c404785995fe838fb144d777bb9d29965ebf7fc	0	0	empty	
2	newPayload_request	942	engine_newPayloadV5	2026-09-05T01:36:39.896624748Z	41515	0xb8f4577d10af3ead1fde4187b78a8ee0e6ca97fb30c393ea31ac9e23fba124e9	0	0	empty	
2	newPayload_request	947	engine_newPayloadV5	2026-09-05T01:36:52.529669032Z	41706	0x616503d1bdf73198057f37ccb830cb21a9d55e7ea57e763e16253b05f9e2f7fa	0	0	empty	
2	newPayload_request	953	engine_newPayloadV5	2026-09-05T01:37:02.211039728Z	41926	0xb10c6c1a530e3965a6dd4050c2a04c4c6e5755392df3c0340e4bcce7fd5decba	0	0	empty	
2	newPayload_request	956	engine_newPayloadV5	2026-09-05T01:37:13.003132405Z	42048	0x246b5edbc8976296f771cc7ae82f6f619fc9912f1be89584cb092d4807e50bd4	0	0	empty	
2	newPayload_request	961	engine_newPayloadV5	2026-09-05T01:37:26.343847656Z	42239	0x925d53eb6594633897c6989aa756e4ecc6bad81d414041a0e76c87ba7e721761	0	0	empty	
2	newPayload_request	964	engine_newPayloadV5	2026-09-05T01:37:36.879933724Z	42342	0x16fc2b531d39eedc51ab0f56fd78922d7ecf5e6f7faecde992df595bdccc2f65	0	0	empty	
2	newPayload_request	971	engine_newPayloadV5	2026-09-05T01:37:51.362526303Z	42603	0x9f6ee5a594badeda72efdfef738511682f5b93bc96a9d774db6a2379daccef82	0	0	empty	
2	newPayload_request	977	engine_newPayloadV5	2026-09-05T01:38:01.441849242Z	42823	0x5ceb996376f990fb6f844aee5565cb3f1b06a4ecdc9fc4acfc1622f64a15391c	0	0	empty	
2	newPayload_request	980	engine_newPayloadV5	2026-09-05T01:38:13.252605217Z	42945	0xe320f5f9fe2dd9313f1224f1396a2a5c2ce00f5636647720645f7bc81303e2af	0	0	empty	
2	newPayload_request	985	engine_newPayloadV5	2026-09-05T01:38:25.768256494Z	43136	0x73eef28bee32efdbe793ddb0afbdaa52a30e0d8e22f8c43c730178301eff2225	0	0	empty	
2	newPayload_request	990	engine_newPayloadV5	2026-09-05T01:38:37.024666154Z	43327	0xd98a1d9ab7d953cb760b6ea59ff603783461b81bade3ff64cb5f6f18a314bd7f	0	0	empty	
2	newPayload_request	995	engine_newPayloadV5	2026-09-05T01:38:50.179722700Z	43518	0x4c5ec42b3bf21c60a791f575983cf7ac034012b5fe462bc188f44510bf60f78c	0	0	empty	
2	newPayload_request	1000	engine_newPayloadV5	2026-09-05T01:39:03.719113308Z	43709	0x04f4340417af45df2521cb2d720097c38c774a07b48c741b4d9815eb0698d5ca	0	0	empty	
2	newPayload_request	1004	engine_newPayloadV5	2026-09-05T01:39:14.086235037Z	43842	0x4142010bdf78ed77c6eedd7f49bd0decf756d48b5529573a7d35aad709367880	0	0	empty	
2	newPayload_request	1009	engine_newPayloadV5	2026-09-05T01:39:24.782348479Z	44033	0x2f944ddae38001bcbe660c656e09ca924cc1bf60ccf02759fc0b2adb67a5d707	0	0	empty	
2	newPayload_request	1014	engine_newPayloadV5	2026-09-05T01:39:37.276847857Z	44224	0x55c261f510c23680f00d5b644acddf8616138a0419da5228aef4b636e07e2e95	0	0	empty	
2	newPayload_request	1019	engine_newPayloadV5	2026-09-05T01:39:48.958893236Z	44415	0x4e2cbf793ec3295cc8da6667c5894e6630e6ff011a5bca347af9a44365903cd8	0	0	empty	
2	newPayload_request	1024	engine_newPayloadV5	2026-09-05T01:40:03.826600676Z	44606	0xd7a89c6687b305575b8ba5cb3e1b75908c50b88d725893af722ee222546c2361	0	0	empty	
2	newPayload_request	1026	engine_newPayloadV5	2026-09-05T01:40:13.460020750Z	44681	0x3f042afbc20f852eab43e0ef53e35cb685c862858adefe99e082ab6722174852	0	0	empty	
2	newPayload_request	1034	engine_newPayloadV5	2026-09-05T01:40:25.898631757Z	44971	0x881f01c4163841899fbdc4e017a2d198976bc42b29906baa22630b467b1243dc	0	0	empty	
2	newPayload_request	1037	engine_newPayloadV5	2026-09-05T01:40:37.840220328Z	45092	0x9f7655662d8ef5e35477f0b2b8e73972dea2ed4fcef954aff24ae3f32a5e954d	0	0	empty	
2	newPayload_request	1043	engine_newPayloadV5	2026-09-05T01:40:49.612920344Z	45312	0xf995d42db9fddd12af2761b5cc59c1be7960eb7d19da4f8f8d1d33c00f9e7a4b	0	0	empty	
2	newPayload_request	1048	engine_newPayloadV5	2026-09-05T01:41:02.862101355Z	45503	0x245f92010cf74b18d00e7f51c64bdf94da07cb43e62e3fdcb64d089449ed5dbe	0	0	empty	
2	newPayload_request	1053	engine_newPayloadV5	2026-09-05T01:41:13.524527335Z	45695	0xab4db72d03316e0bd6e1dd7e9a785b9d2d9f9829642d138ff42f025d57618b72	0	0	empty	
2	newPayload_request	1058	engine_newPayloadV5	2026-09-05T01:41:26.072868701Z	45886	0xd706a23b4079cc74de79fbf4f95d4f191879753c3d0b7ba4ea5290ca1a750bf5	0	0	empty	
2	newPayload_request	1060	engine_newPayloadV5	2026-09-05T01:41:37.265388838Z	45960	0x25f757b80623caa82e7c8964329488a178c59731c93efc6a6c136c75feda2f35	0	0	empty	
2	newPayload_request	1067	engine_newPayloadV5	2026-09-05T01:41:50.615208028Z	46221	0x80c043e1e273c963720ce30e17c19afa6c3bff78aeee0478d8d5ed50574ace9b	0	0	empty	
2	newPayload_request	1072	engine_newPayloadV5	2026-09-05T01:42:01.907760380Z	46412	0x2df1779fceddb43c3623bd4d0bc486be91621686362c46459fbc970cbe76a742	0	0	empty	
2	newPayload_request	1077	engine_newPayloadV5	2026-09-05T01:42:12.962146325Z	46604	0x9cc50b677092aa30ee580f31ced4bd9ad1e6825d53d45b0c6501e4bac2285ce8	0	0	empty	
2	newPayload_request	1083	engine_newPayloadV5	2026-09-05T01:42:26.902731358Z	46824	0x33cbd19dd23ef5c2da3141dfa8f594ffdb004d5d6a7dbc61345a3bfe78f54aeb	0	0	empty	
2	newPayload_request	1088	engine_newPayloadV5	2026-09-05T01:42:36.862063967Z	47015	0x0a005e5f3659a168dc4e947fdb754aabe14202fe900ac13b336203a1948d6710	0	0	empty	
2	newPayload_request	1093	engine_newPayloadV5	2026-09-05T01:42:50.723895493Z	47206	0xb7e34025246673da1e4220de864d0f61cd73ff95fe349323cd166152895807cf	0	0	empty	
2	newPayload_request	1098	engine_newPayloadV5	2026-09-05T01:43:04.109421447Z	47397	0x6b770d61ffd59bcce18ab5956af6d3f6f369560739c50417ab1b13b9e36c9b9b	0	0	empty	
2	newPayload_request	1101	engine_newPayloadV5	2026-09-05T01:43:15.474783383Z	47501	0x13caf61c02ae853d2311d6001c47b5e268dd40eac3af0aac7e98895c7bfac097	0	0	empty	
2	newPayload_request	1106	engine_newPayloadV5	2026-09-05T01:43:25.159599507Z	47691	0x9329e7bd4ffba11c0cfbb62400785736137925bbb67c8c5d869969bff878b0f7	0	0	empty	
2	newPayload_request	1112	engine_newPayloadV5	2026-09-05T01:43:44.249717568Z	47930	0xa68a7f4ca273d2212c15d7930c942f624632765b4c5a4ab89f0a4d891a957f92	0	0	empty	
2	newPayload_request	1116	engine_newPayloadV5	2026-09-05T01:43:49.429595786Z	48061	0xa83ef3d3fb1e04acfbfaec458f5d07fd5c97c68c8958e9bfb5766eb84e7225e7	0	0	empty	
2	newPayload_request	1122	engine_newPayloadV5	2026-09-05T01:44:05.198308546Z	48282	0x08d4724856f36b54d143b02949666a9676008a99192f9ba6a79a2a061dc06948	0	0	empty	
2	newPayload_request	1128	engine_newPayloadV5	2026-09-05T01:44:14.669198874Z	48502	0xda1c1b4ad382a753e2814a71c14396f072ffbe1c6f7f37dd6327f684b67bffb9	0	0	empty	
2	newPayload_request	1130	engine_newPayloadV5	2026-09-05T01:44:24.839490645Z	48577	0xb63315cde41db14fae1a6d93f0c9912115694e892a06462549472059c1308147	0	0	empty	
2	newPayload_request	1135	engine_newPayloadV5	2026-09-05T01:44:37.050196886Z	48768	0x4ba57fb3110598fa4557b722b73542d1927072f237a4e2d20be6ab44c1ac60f8	0	0	empty	
2	newPayload_request	1141	engine_newPayloadV5	2026-09-05T01:44:54.536392372Z	49006	0xee30f8b77827a6eecf3cce03373a9be6fe5a594f9e87ce50d96057f08865d871	0	0	empty	
2	newPayload_request	1145	engine_newPayloadV5	2026-09-05T01:45:04.752495001Z	49138	0x19131163243a34acd438fc7b7df490e2bc3581d011c5bf960b5a6e769b0fc02e	0	0	empty	
2	newPayload_request	1151	engine_newPayloadV5	2026-09-05T01:45:14.113692409Z	49359	0xa1ee4b78dec5a13a4d3bb3ef3e8a3a271145615df45233ca17d5a4af2f334727	0	0	empty	
2	newPayload_request	1154	engine_newPayloadV5	2026-09-05T01:45:25.130661784Z	49479	0x673f5cde1640a66a6acbf5f9fa07cf0f0223f6c7a41f93ffb6de23426b1783c1	0	0	empty	
2	newPayload_request	1160	engine_newPayloadV5	2026-09-05T01:45:40.858780653Z	49700	0xe78411fcea356edbb7d2e305907a20b2a9265a56132a3179587bc8ff4b02dd7f	0	0	empty	
2	newPayload_request	1163	engine_newPayloadV5	2026-09-05T01:45:49.298791019Z	49803	0xa41b5ce27ea9579248012bc6aaddc9600545322ea40586d6b36c48ae42be6384	0	0	empty	
2	newPayload_request	1168	engine_newPayloadV5	2026-09-05T01:46:01.285294728Z	49994	0x97e5c064d2b203b45279582591c4d32e1cff16c9d68ea9ad08880865cbcee620	0	0	empty	
2	newPayload_request	1173	engine_newPayloadV5	2026-09-05T01:46:16.421975808Z	50186	0x935782051769f5e444cb5225c89b26406d333f00517cfdd8bbe2b2e9362eae13	0	0	empty	
2	newPayload_request	1179	engine_newPayloadV5	2026-09-05T01:46:27.073334951Z	50406	0xe2bafb7da2266ac9396fb9950b4072494f86231442de452daf0da78d85042e8d	0	0	empty	
2	newPayload_request	1183	engine_newPayloadV5	2026-09-05T01:46:36.782076798Z	50556	0xd1c7516ed123baf1b82b8777388075789ed578a6b49c01d6b7f4be797a5bfd2e	0	0	empty	
2	newPayload_request	1186	engine_newPayloadV5	2026-09-05T01:46:48.673278190Z	50676	0x86157fa4483f3c812ac7b642bc59a0830b33a299298d268979743a88bef26538	0	0	empty	
2	newPayload_request	1191	engine_newPayloadV5	2026-09-05T01:47:00.794162234Z	50868	0xccff6b4846579f40f936f6cfc85426be79bab204041e1c19aa1868dddb7ebef2	0	0	empty	
2	newPayload_request	1194	engine_newPayloadV5	2026-09-05T01:47:13.166528963Z	50972	0xdbe5494fba53347f23e77b38c786df103784fa850fa50e2616a6576af52afec8	0	0	empty	
2	newPayload_request	1201	engine_newPayloadV5	2026-09-05T01:47:25.823897785Z	51233	0xb9ed6ba24cf9a6fb2da974e4a7cb92fdebaeadd6d95370a1f9303293495b1229	0	0	empty	
2	newPayload_request	1206	engine_newPayloadV5	2026-09-05T01:47:37.703722727Z	51424	0xe207023239fb575d63ea6d47590a3d0887ad25028ace4e9d57acf268feb03843	0	0	empty	
2	newPayload_request	1211	engine_newPayloadV5	2026-09-05T01:47:48.946544270Z	51615	0xe60f3b71e4793b1bd51d3247015f67ed9b8fc66f96ca66636b780ee9d374a28a	0	0	empty	
2	newPayload_request	1216	engine_newPayloadV5	2026-09-05T01:48:01.059544978Z	51806	0x0e467b861259f1f93cf39307e1aeb8d223597d183c37b5677cf4445aad0f480b	0	0	empty	
2	newPayload_request	1221	engine_newPayloadV5	2026-09-05T01:48:12.940845063Z	51998	0x7bc9a7a1fda4ac14627d7765dfffe6edbdaedef95a4a3ccdf67e73aed59ef738	0	0	empty	
2	newPayload_request	1226	engine_newPayloadV5	2026-09-05T01:48:25.756459798Z	52189	0xa2cbbc8ef09bb0c4d6905cb8fb06f957f3b531bad2d6fceea7cf2b3f9a08ffc8	0	0	empty	
2	newPayload_request	1231	engine_newPayloadV5	2026-09-05T01:48:37.589797341Z	52380	0xdbcf51653cd94aa2c920a79f5b5bcc1b19b49383f70e20bab40cf76053c00195	0	0	empty	
2	newPayload_request	1234	engine_newPayloadV5	2026-09-05T01:48:49.850930381Z	52483	0x946a201744ae66f3fedc230ce77d88aed503b89175f9aa2ac37c0d134024eded	0	0	empty	
2	newPayload_request	1241	engine_newPayloadV5	2026-09-05T01:49:00.819869555Z	52744	0x131a9cc2905b35e16365b0f2e190796433e2b894103705541e897412375ab3ec	0	0	empty	
2	newPayload_request	1246	engine_newPayloadV5	2026-09-05T01:49:14.614968130Z	52936	0xb15e604fe0fb64d5a9ab6f70c760c0d28c1e213e0cb9d720ba8fa24e158211bb	0	0	empty	
2	newPayload_request	1251	engine_newPayloadV5	2026-09-05T01:49:28.205801592Z	53127	0xff94488fc6025cc072f9a94c7ebae908bfd6cb6850ab6a867812d8feaaf29f33	0	0	empty	
2	newPayload_request	1257	engine_newPayloadV5	2026-09-05T01:49:37.334444243Z	53347	0xdb3c8eae971ab2b3bc6c04b6214f6389a760cf20b4709597ee3ad4ec016f96bc	0	0	empty	
2	newPayload_request	1260	engine_newPayloadV5	2026-09-05T01:49:49.175527711Z	53468	0x18ed4b65350beb1d1bfc4ff33e2c639e1021d5e3d279b2732c7fe84f00e5ed48	0	0	empty	
2	newPayload_request	1265	engine_newPayloadV5	2026-09-05T01:50:04.478167404Z	53659	0x960c16195572c20331cf903a1a0cbf3fc618cac0dd0152c04b2249fe5f318018	0	0	empty	
2	newPayload_request	1270	engine_newPayloadV5	2026-09-05T01:50:17.119177414Z	53839	0xbf5ffd46f682078618e84ac3c0eca6d675eff9c1786ce936eb510ce48288a9b4	0	0	empty	
2	newPayload_request	1273	engine_newPayloadV5	2026-09-05T01:50:25.126851780Z	53942	0xfbd155685ca5023cf55710dcdef19954103f398eef84d339e56bdf3deaaed3c2	0	0	empty	
2	newPayload_request	1278	engine_newPayloadV5	2026-09-05T01:50:36.765632199Z	54133	0x5af4761cc933ee4293660dc4b6b8bd355ad653b04aee555f14c0af59c9472169	0	0	empty	
2	newPayload_request	1283	engine_newPayloadV5	2026-09-05T01:50:49.394564227Z	54323	0x2ccbd517803e0f13061b601a4ce4f2c2a0dd6ed7b5084dd74f140ddccf74e10b	0	0	empty	
2	newPayload_request	1288	engine_newPayloadV5	2026-09-05T01:51:03.969741199Z	54515	0xdd365867a1c41eee415986064777264d8d4a6dc39b3bd5c2fd7c28e46b345fd9	0	0	empty	
2	newPayload_request	1294	engine_newPayloadV5	2026-09-05T01:51:13.122456552Z	54736	0x32336115dd6600c5a47233a07a4ed697e3431f533a38090fad42ea620ceea910	0	0	empty	
2	newPayload_request	1296	engine_newPayloadV5	2026-09-05T01:51:25.478661954Z	54810	0x931683cba8723bbcaab3d1f942f990e1b6ffe1e7a12a93d93d5474966718733c	0	0	empty	
2	newPayload_request	1301	engine_newPayloadV5	2026-09-05T01:51:37.354969763Z	55001	0xe7eb34e8ddd5db27c245cf01bab95a4f6c85718ca8be5e21bdc166e12f389c72	0	0	empty	
2	newPayload_request	1306	engine_newPayloadV5	2026-09-05T01:51:48.805174510Z	55192	0x4605354653950925dde75cdd48a2786966938c883187a557ca1a4012842d9832	0	0	empty	
2	newPayload_request	1312	engine_newPayloadV5	2026-09-05T01:52:03.796360108Z	55412	0x3d8b7508ed7d7dd30a991d82e367295879edf4c5da0deefa53bd489a5d118040	0	0	empty	
2	newPayload_request	1318	engine_newPayloadV5	2026-09-05T01:52:13.089229848Z	55633	0xe2a8961bf8e44215297d00a290b2ed7677c73f1ca09ee937e6f8c61d0ac21a3b	0	0	empty	
2	newPayload_request	1321	engine_newPayloadV5	2026-09-05T01:52:25.202677065Z	55754	0x52841dc1c142521e074f0c8a86cd9d3c8f147e90ad92e29c89076e6949f6cee3	0	0	empty	
2	newPayload_request	1326	engine_newPayloadV5	2026-09-05T01:52:40.039168928Z	55945	0xd7945abb59fe9e4f1071b7cde0345c3dfc986a18c0a983d0f55243c7c540c8b0	0	0	empty	
2	newPayload_request	1330	engine_newPayloadV5	2026-09-05T01:52:49.553731295Z	56095	0x6f602f634396f597815fadf837999d2fa07fc0d22d887248890de710112b845a	0	0	empty	
2	newPayload_request	1332	engine_newPayloadV5	2026-09-05T01:53:00.881405949Z	56169	0x5c42bd0df362d9caffd65dd4cc3278ba735632daab4a5b31550e059ec7ba2fd8	0	0	empty	
2	newPayload_request	1339	engine_newPayloadV5	2026-09-05T01:53:13.999396198Z	56431	0x1c9360dd7a98342d9a7bc558a92c65c86eaac468e92095dc72df683666c70589	0	0	empty	
2	newPayload_request	1344	engine_newPayloadV5	2026-09-05T01:53:26.049230491Z	56622	0x0227c072d885d5ada797b550b33d2a5f6f48171db603df6c4a2135e0ea5718a6	0	0	empty	
2	newPayload_request	1350	engine_newPayloadV5	2026-09-05T01:53:39.191844203Z	56842	0xc9aba8d094258d36231406c60f7a32ed5d2f3b98a2d4c944032974c49e9e7eac	0	0	empty	
2	newPayload_request	1356	engine_newPayloadV5	2026-09-05T01:53:51.235823117Z	57062	0x5f5a547c6f41a0932ff5c4ac0bc0fb1c08b90f2589bfc157b6d166a487c1a931	0	0	empty	
2	newPayload_request	1360	engine_newPayloadV5	2026-09-05T01:54:01.058331008Z	57212	0x3eae0c93fc3bbe4b36bd3ec4cdfb400c46ccf644f7a8f29722eb0019fbfbe66f	0	0	empty	
2	newPayload_request	1362	engine_newPayloadV5	2026-09-05T01:54:12.693929250Z	57287	0xf9453c09a4ccb2abbafe9863e27f4e5ce6c6c1530734e0621f1c2a7f32b77e12	0	0	empty	
2	newPayload_request	1367	engine_newPayloadV5	2026-09-05T01:54:24.700382250Z	57477	0x4f7379efb95841edec74c7ba25b7f6036578f53460e82e2bb86f17ed0d614599	0	0	empty	
2	newPayload_request	1372	engine_newPayloadV5	2026-09-05T01:54:36.976647130Z	57669	0xdf16588575f4ed61752102439c98bf62bb0178f4947021e0ae4c13a37607b6ae	0	0	empty	
2	newPayload_request	1374	engine_newPayloadV5	2026-09-05T01:54:49.116966333Z	57761	0x522ef978ed992b2ea39641644a86d05e57bc225d427c1d7386a7b5e09969614c	0	0	empty	
2	newPayload_request	1379	engine_newPayloadV5	2026-09-05T01:55:00.685401967Z	57952	0xcb88248de10dd8ac73c090b1f7fc27078b22ff14d9bdb833908086cafa7e85b0	0	0	empty	
2	newPayload_request	1385	engine_newPayloadV5	2026-09-05T01:55:15.236629572Z	58173	0xa227662c6d655ec40a7923430de68bf94b67a19553b00d2f6ebbff0325857829	0	0	empty	
2	newPayload_request	1391	engine_newPayloadV5	2026-09-05T01:55:24.870957949Z	58393	0xa8733562d28df14ca911f4d63918166849db7de94cafbdffecf7a3e257aaa8db	0	0	empty	
2	newPayload_request	1393	engine_newPayloadV5	2026-09-05T01:55:37.232789753Z	58467	0xf02f6dfa5623382ea92d3eef9324bc4540239637bb8ff03c6896a174c69213e7	0	0	empty	
2	newPayload_request	1415	engine_newPayloadV5	2026-09-05T01:59:01.514608482Z	59408	0xca51c559bde8ffe6bcd0a3b21b560d8f2c6e5789189e8be4378e6484ba0fa690	0	0	empty	
2	getPayload_response	1425	engine_getPayloadV6	2026-09-05T02:00:36.179947890Z	59860	0x324c17fa4c6794523db3c6ab7a4cf5c2cc84db2b76b46f691fdcc9be04161252	0	0	empty	
2	newPayload_request	1426	engine_newPayloadV5	2026-09-05T02:00:37.447668741Z	59897	0x324c17fa4c6794523db3c6ab7a4cf5c2cc84db2b76b46f691fdcc9be04161252	0	0	empty	
2	newPayload_request	1456	engine_newPayloadV5	2026-09-05T02:02:28.878056880Z	61109	0xbb8c15a0d727d4373343c9791602834b0489bf59a4975841dae486341c2fe9c8	0	0	empty	
2	newPayload_request	1462	engine_newPayloadV5	2026-09-05T02:03:33.110327511Z	61372	0xe095e4a96bdd28454006c6e0bbdbc3ccf9ae15ebfb479a9a24441b5e9d37df18	0	0	empty	
2	getPayload_response	1504	engine_getPayloadV6	2026-09-05T02:11:36.315934806Z	63262	0x10947cedb1e4ce6247a406966e2e32e1d76d6ff656ca26db67fa5119c38e69c6	0	0	empty	
2	newPayload_request	1505	engine_newPayloadV5	2026-09-05T02:11:38.239712207Z	63299	0x10947cedb1e4ce6247a406966e2e32e1d76d6ff656ca26db67fa5119c38e69c6	0	0	empty	
3	newPayload_request	508	engine_newPayloadV5	2026-09-05T00:08:24.670586602Z	22715	0xb9b2eade724f5129b730a0bbcc1df80cbf7b6537e1d6e79a709564ef44ae3849	0	0	empty	
3	newPayload_request	510	engine_newPayloadV5	2026-09-05T00:08:28.899862790Z	22806	0x9a84c87c8779a41cccc6a5fed314173497f614edf137a877f1811cf558204f72	0	0	empty	
3	getPayload_response	535	engine_getPayloadV6	2026-09-05T00:13:11.826576434Z	23931	0x97fbb111f628200bd5cb6e6db9b7391489c92aa4be7b7a7c125d57e4dfac2462	0	0	empty	
3	getPayload_response	600	engine_getPayloadV6	2026-09-05T00:26:02.100826256Z	26845	0x1e8ab568ebda6a6712a4ce9cb4611334c556dec339ba692822941fbc136992cd	0	0	empty	
3	newPayload_request	858	engine_newPayloadV5	2026-09-05T01:33:28.330614485Z	38334	0xdf777d7bd39c8da50222382357a2f2865c9967c5ef99f6918bdcf09fa6b81ab8	0	0	empty	
3	newPayload_request	861	engine_newPayloadV5	2026-09-05T01:33:34.727865835Z	38454	0x03b9534aa3563550aba40988bca50462b89c35fb5d9a8a78bb68f04641dfd5d3	0	0	empty	
3	newPayload_request	865	engine_newPayloadV5	2026-09-05T01:33:51.230063477Z	38616	0xbe1dd5493e36852931fa81246ce051cc3ef5fe2233f33e49c39537a6cce71f1f	0	0	empty	
3	newPayload_request	867	engine_newPayloadV5	2026-09-05T01:33:52.082038984Z	38689	0xbe1dd5493e36852931fa81246ce051cc3ef5fe2233f33e49c39537a6cce71f1f	0	0	empty	
3	newPayload_request	869	engine_newPayloadV5	2026-09-05T01:33:55.524380346Z	38762	0x43e25c037fafe64d8b38d248d67afdfdf015e4223008dd2fa6dcadadde3958a4	0	0	empty	
3	newPayload_request	870	engine_newPayloadV5	2026-09-05T01:33:56.163201176Z	38806	0x43e25c037fafe64d8b38d248d67afdfdf015e4223008dd2fa6dcadadde3958a4	0	0	empty	
3	newPayload_request	876	engine_newPayloadV5	2026-09-05T01:34:18.840252310Z	39048	0x12535ebc42752fc497d6c920e2035fd053437a13c8aa2a3bc9e606af323f7ac3	0	0	empty	
3	newPayload_request	878	engine_newPayloadV5	2026-09-05T01:34:19.212010755Z	39121	0x12535ebc42752fc497d6c920e2035fd053437a13c8aa2a3bc9e606af323f7ac3	0	0	empty	
3	newPayload_request	879	engine_newPayloadV5	2026-09-05T01:34:24.084371365Z	39165	0xd94ef5650b52359e89cd73e002950d7b0182e165f653327fa127c494056f32c4	0	0	empty	
3	newPayload_request	883	engine_newPayloadV5	2026-09-05T01:34:34.163641152Z	39316	0x7c666cef5cdedf65a733da480b4643355396d48e4f56c312507a09c741ac393c	0	0	empty	
3	newPayload_request	885	engine_newPayloadV5	2026-09-05T01:34:37.324132513Z	39389	0x31cfcb4ca92961dc340c7039b82eb95b712d7e2cf3f7782cf56bb0e0fee9a663	0	0	empty	
3	newPayload_request	893	engine_newPayloadV5	2026-09-05T01:34:48.816235171Z	39673	0xa218f67f6444c9a1c45ae32bc8f4742bf83dba769c8aef58aa820a175f5735a0	0	0	empty	
3	newPayload_request	898	engine_newPayloadV5	2026-09-05T01:35:00.672433492Z	39865	0xeb892eb2aa511cf2dc49d7f1e191ee205377e893d8ad3560b745df7d5bfdc12b	0	0	empty	
3	newPayload_request	903	engine_newPayloadV5	2026-09-05T01:35:13.793840447Z	40057	0xece62d89c063989aaef8a4d8f3b10d0298fee935de2da9e91c87ba8a6cee5d91	0	0	empty	
3	newPayload_request	908	engine_newPayloadV5	2026-09-05T01:35:24.371930949Z	40248	0x5521990a7414bd7b867977623332c490f9fe9810706eddbdce02f514bc08f719	0	0	empty	
3	newPayload_request	913	engine_newPayloadV5	2026-09-05T01:35:36.705415913Z	40439	0x78f969458d4a00ebd5d8d885b590b69889db5955f4700d8f00ae3d0aaf73f77c	0	0	empty	
3	newPayload_request	915	engine_newPayloadV5	2026-09-05T01:35:48.965540420Z	40514	0xcc3a083b59ab916873615e3c040ac8d6352fcb51fa971e8c740f67925fe39338	0	0	empty	
3	newPayload_request	923	engine_newPayloadV5	2026-09-05T01:36:01.308727425Z	40804	0xbd177e00545b6ebcc779bc307541a3c9fb74e679cfea2fa1d07a55bf2c8cddc5	0	0	empty	
3	newPayload_request	928	engine_newPayloadV5	2026-09-05T01:36:12.845522939Z	40995	0x6485148e5b372601351a7ff4a77fc50084fe1f4535f5f952e653a7a8885065ea	0	0	empty	
3	newPayload_request	933	engine_newPayloadV5	2026-09-05T01:36:26.114955133Z	41186	0xcfcbf45a630f3f659591dae28c404785995fe838fb144d777bb9d29965ebf7fc	0	0	empty	
3	newPayload_request	938	engine_newPayloadV5	2026-09-05T01:36:39.920805672Z	41377	0xb8f4577d10af3ead1fde4187b78a8ee0e6ca97fb30c393ea31ac9e23fba124e9	0	0	empty	
3	newPayload_request	943	engine_newPayloadV5	2026-09-05T01:36:52.557663885Z	41569	0x616503d1bdf73198057f37ccb830cb21a9d55e7ea57e763e16253b05f9e2f7fa	0	0	empty	
3	newPayload_request	947	engine_newPayloadV5	2026-09-05T01:37:02.371703582Z	41719	0xb10c6c1a530e3965a6dd4050c2a04c4c6e5755392df3c0340e4bcce7fd5decba	0	0	empty	
3	newPayload_request	949	engine_newPayloadV5	2026-09-05T01:37:13.084155271Z	41792	0x246b5edbc8976296f771cc7ae82f6f619fc9912f1be89584cb092d4807e50bd4	0	0	empty	
3	newPayload_request	956	engine_newPayloadV5	2026-09-05T01:37:26.696085805Z	42054	0x925d53eb6594633897c6989aa756e4ecc6bad81d414041a0e76c87ba7e721761	0	0	empty	
3	newPayload_request	962	engine_newPayloadV5	2026-09-05T01:37:36.852486853Z	42274	0x16fc2b531d39eedc51ab0f56fd78922d7ecf5e6f7faecde992df595bdccc2f65	0	0	empty	
3	newPayload_request	967	engine_newPayloadV5	2026-09-05T01:37:51.371640883Z	42466	0x9f6ee5a594badeda72efdfef738511682f5b93bc96a9d774db6a2379daccef82	0	0	empty	
3	newPayload_request	973	engine_newPayloadV5	2026-09-05T01:38:01.481547925Z	42686	0x5ceb996376f990fb6f844aee5565cb3f1b06a4ecdc9fc4acfc1622f64a15391c	0	0	empty	
3	newPayload_request	976	engine_newPayloadV5	2026-09-05T01:38:13.221124664Z	42807	0xe320f5f9fe2dd9313f1224f1396a2a5c2ce00f5636647720645f7bc81303e2af	0	0	empty	
3	newPayload_request	981	engine_newPayloadV5	2026-09-05T01:38:25.941787385Z	42998	0x73eef28bee32efdbe793ddb0afbdaa52a30e0d8e22f8c43c730178301eff2225	0	0	empty	
3	newPayload_request	986	engine_newPayloadV5	2026-09-05T01:38:39.420942785Z	43189	0xd98a1d9ab7d953cb760b6ea59ff603783461b81bade3ff64cb5f6f18a314bd7f	0	0	empty	
3	newPayload_request	988	engine_newPayloadV5	2026-09-05T01:38:50.172803393Z	43264	0x4c5ec42b3bf21c60a791f575983cf7ac034012b5fe462bc188f44510bf60f78c	0	0	empty	
3	newPayload_request	995	engine_newPayloadV5	2026-09-05T01:39:03.759501908Z	43525	0x04f4340417af45df2521cb2d720097c38c774a07b48c741b4d9815eb0698d5ca	0	0	empty	
3	newPayload_request	1002	engine_newPayloadV5	2026-09-05T01:39:15.403320569Z	43774	0x4142010bdf78ed77c6eedd7f49bd0decf756d48b5529573a7d35aad709367880	0	0	empty	
3	newPayload_request	1005	engine_newPayloadV5	2026-09-05T01:39:24.721275203Z	43895	0x2f944ddae38001bcbe660c656e09ca924cc1bf60ccf02759fc0b2adb67a5d707	0	0	empty	
3	newPayload_request	1010	engine_newPayloadV5	2026-09-05T01:39:37.649924708Z	44086	0x55c261f510c23680f00d5b644acddf8616138a0419da5228aef4b636e07e2e95	0	0	empty	
3	newPayload_request	1015	engine_newPayloadV5	2026-09-05T01:39:49.072964293Z	44277	0x4e2cbf793ec3295cc8da6667c5894e6630e6ff011a5bca347af9a44365903cd8	0	0	empty	
3	newPayload_request	1020	engine_newPayloadV5	2026-09-05T01:40:03.842332580Z	44469	0xd7a89c6687b305575b8ba5cb3e1b75908c50b88d725893af722ee222546c2361	0	0	empty	
3	newPayload_request	1022	engine_newPayloadV5	2026-09-05T01:40:15.153044456Z	44543	0x3f042afbc20f852eab43e0ef53e35cb685c862858adefe99e082ab6722174852	0	0	empty	
3	newPayload_request	1030	engine_newPayloadV5	2026-09-05T01:40:25.253044718Z	44833	0x881f01c4163841899fbdc4e017a2d198976bc42b29906baa22630b467b1243dc	0	0	empty	
3	newPayload_request	1033	engine_newPayloadV5	2026-09-05T01:40:38.061898744Z	44954	0x9f7655662d8ef5e35477f0b2b8e73972dea2ed4fcef954aff24ae3f32a5e954d	0	0	empty	
3	newPayload_request	1039	engine_newPayloadV5	2026-09-05T01:40:49.485028366Z	45174	0xf995d42db9fddd12af2761b5cc59c1be7960eb7d19da4f8f8d1d33c00f9e7a4b	0	0	empty	
3	newPayload_request	1044	engine_newPayloadV5	2026-09-05T01:41:02.886258096Z	45366	0x245f92010cf74b18d00e7f51c64bdf94da07cb43e62e3fdcb64d089449ed5dbe	0	0	empty	
3	newPayload_request	1049	engine_newPayloadV5	2026-09-05T01:41:14.165241613Z	45557	0xab4db72d03316e0bd6e1dd7e9a785b9d2d9f9829642d138ff42f025d57618b72	0	0	empty	
3	newPayload_request	1051	engine_newPayloadV5	2026-09-05T01:41:26.124391969Z	45631	0xd706a23b4079cc74de79fbf4f95d4f191879753c3d0b7ba4ea5290ca1a750bf5	0	0	empty	
3	newPayload_request	1058	engine_newPayloadV5	2026-09-05T01:41:37.696348017Z	45892	0x25f757b80623caa82e7c8964329488a178c59731c93efc6a6c136c75feda2f35	0	0	empty	
3	newPayload_request	1063	engine_newPayloadV5	2026-09-05T01:41:50.591685987Z	46084	0x80c043e1e273c963720ce30e17c19afa6c3bff78aeee0478d8d5ed50574ace9b	0	0	empty	
3	newPayload_request	1068	engine_newPayloadV5	2026-09-05T01:42:02.095266137Z	46275	0x2df1779fceddb43c3623bd4d0bc486be91621686362c46459fbc970cbe76a742	0	0	empty	
3	newPayload_request	1073	engine_newPayloadV5	2026-09-05T01:42:13.015135296Z	46466	0x9cc50b677092aa30ee580f31ced4bd9ad1e6825d53d45b0c6501e4bac2285ce8	0	0	empty	
3	newPayload_request	1079	engine_newPayloadV5	2026-09-05T01:42:26.945122055Z	46686	0x33cbd19dd23ef5c2da3141dfa8f594ffdb004d5d6a7dbc61345a3bfe78f54aeb	0	0	empty	
3	newPayload_request	1084	engine_newPayloadV5	2026-09-05T01:42:37.093994306Z	46877	0x0a005e5f3659a168dc4e947fdb754aabe14202fe900ac13b336203a1948d6710	0	0	empty	
3	newPayload_request	1089	engine_newPayloadV5	2026-09-05T01:42:50.663636834Z	47069	0xb7e34025246673da1e4220de864d0f61cd73ff95fe349323cd166152895807cf	0	0	empty	
3	newPayload_request	1091	engine_newPayloadV5	2026-09-05T01:43:04.048133179Z	47143	0x6b770d61ffd59bcce18ab5956af6d3f6f369560739c50417ab1b13b9e36c9b9b	0	0	empty	
3	newPayload_request	1099	engine_newPayloadV5	2026-09-05T01:43:13.524233309Z	47433	0x13caf61c02ae853d2311d6001c47b5e268dd40eac3af0aac7e98895c7bfac097	0	0	empty	
3	newPayload_request	1102	engine_newPayloadV5	2026-09-05T01:43:26.246317931Z	47554	0x9329e7bd4ffba11c0cfbb62400785736137925bbb67c8c5d869969bff878b0f7	0	0	empty	
3	newPayload_request	1107	engine_newPayloadV5	2026-09-05T01:43:44.233875335Z	47745	0xa68a7f4ca273d2212c15d7930c942f624632765b4c5a4ab89f0a4d891a957f92	0	0	empty	
3	newPayload_request	1112	engine_newPayloadV5	2026-09-05T01:43:49.625823219Z	47925	0xa83ef3d3fb1e04acfbfaec458f5d07fd5c97c68c8958e9bfb5766eb84e7225e7	0	0	empty	
3	newPayload_request	1118	engine_newPayloadV5	2026-09-05T01:44:05.180835604Z	48145	0x08d4724856f36b54d143b02949666a9676008a99192f9ba6a79a2a061dc06948	0	0	empty	
3	newPayload_request	1122	engine_newPayloadV5	2026-09-05T01:44:15.006768445Z	48295	0xda1c1b4ad382a753e2814a71c14396f072ffbe1c6f7f37dd6327f684b67bffb9	0	0	empty	
3	newPayload_request	1124	engine_newPayloadV5	2026-09-05T01:44:24.909175277Z	48369	0xb63315cde41db14fae1a6d93f0c9912115694e892a06462549472059c1308147	0	0	empty	
3	newPayload_request	1131	engine_newPayloadV5	2026-09-05T01:44:37.173096507Z	48629	0x4ba57fb3110598fa4557b722b73542d1927072f237a4e2d20be6ab44c1ac60f8	0	0	empty	
3	newPayload_request	1136	engine_newPayloadV5	2026-09-05T01:44:54.529031120Z	48822	0xee30f8b77827a6eecf3cce03373a9be6fe5a594f9e87ce50d96057f08865d871	0	0	empty	
3	newPayload_request	1143	engine_newPayloadV5	2026-09-05T01:45:04.732802052Z	49071	0x19131163243a34acd438fc7b7df490e2bc3581d011c5bf960b5a6e769b0fc02e	0	0	empty	
3	newPayload_request	1147	engine_newPayloadV5	2026-09-05T01:45:14.311887639Z	49221	0xa1ee4b78dec5a13a4d3bb3ef3e8a3a271145615df45233ca17d5a4af2f334727	0	0	empty	
3	newPayload_request	1150	engine_newPayloadV5	2026-09-05T01:45:25.006052333Z	49342	0x673f5cde1640a66a6acbf5f9fa07cf0f0223f6c7a41f93ffb6de23426b1783c1	0	0	empty	
3	newPayload_request	1156	engine_newPayloadV5	2026-09-05T01:45:40.873794088Z	49562	0xe78411fcea356edbb7d2e305907a20b2a9265a56132a3179587bc8ff4b02dd7f	0	0	empty	
3	newPayload_request	1159	engine_newPayloadV5	2026-09-05T01:45:49.404053913Z	49666	0xa41b5ce27ea9579248012bc6aaddc9600545322ea40586d6b36c48ae42be6384	0	0	empty	
3	newPayload_request	1164	engine_newPayloadV5	2026-09-05T01:46:01.482366150Z	49857	0x97e5c064d2b203b45279582591c4d32e1cff16c9d68ea9ad08880865cbcee620	0	0	empty	
3	newPayload_request	1169	engine_newPayloadV5	2026-09-05T01:46:16.407383139Z	50048	0x935782051769f5e444cb5225c89b26406d333f00517cfdd8bbe2b2e9362eae13	0	0	empty	
3	newPayload_request	1175	engine_newPayloadV5	2026-09-05T01:46:27.057041303Z	50268	0xe2bafb7da2266ac9396fb9950b4072494f86231442de452daf0da78d85042e8d	0	0	empty	
3	newPayload_request	1179	engine_newPayloadV5	2026-09-05T01:46:36.862582602Z	50418	0xd1c7516ed123baf1b82b8777388075789ed578a6b49c01d6b7f4be797a5bfd2e	0	0	empty	
3	newPayload_request	1182	engine_newPayloadV5	2026-09-05T01:46:48.791433336Z	50539	0x86157fa4483f3c812ac7b642bc59a0830b33a299298d268979743a88bef26538	0	0	empty	
3	newPayload_request	1184	engine_newPayloadV5	2026-09-05T01:47:00.821077161Z	50614	0xccff6b4846579f40f936f6cfc85426be79bab204041e1c19aa1868dddb7ebef2	0	0	empty	
3	newPayload_request	1192	engine_newPayloadV5	2026-09-05T01:47:13.218906761Z	50904	0xdbe5494fba53347f23e77b38c786df103784fa850fa50e2616a6576af52afec8	0	0	empty	
3	newPayload_request	1197	engine_newPayloadV5	2026-09-05T01:47:25.971842252Z	51095	0xb9ed6ba24cf9a6fb2da974e4a7cb92fdebaeadd6d95370a1f9303293495b1229	0	0	empty	
3	newPayload_request	1202	engine_newPayloadV5	2026-09-05T01:47:37.676037975Z	51286	0xe207023239fb575d63ea6d47590a3d0887ad25028ace4e9d57acf268feb03843	0	0	empty	
3	newPayload_request	1207	engine_newPayloadV5	2026-09-05T01:47:48.936556546Z	51478	0xe60f3b71e4793b1bd51d3247015f67ed9b8fc66f96ca66636b780ee9d374a28a	0	0	empty	
3	newPayload_request	1212	engine_newPayloadV5	2026-09-05T01:48:01.117858234Z	51669	0x0e467b861259f1f93cf39307e1aeb8d223597d183c37b5677cf4445aad0f480b	0	0	empty	
3	newPayload_request	1217	engine_newPayloadV5	2026-09-05T01:48:12.729863497Z	51860	0x7bc9a7a1fda4ac14627d7765dfffe6edbdaedef95a4a3ccdf67e73aed59ef738	0	0	empty	
3	newPayload_request	1219	engine_newPayloadV5	2026-09-05T01:48:25.704151867Z	51934	0xa2cbbc8ef09bb0c4d6905cb8fb06f957f3b531bad2d6fceea7cf2b3f9a08ffc8	0	0	empty	
3	newPayload_request	1226	engine_newPayloadV5	2026-09-05T01:48:38.030963076Z	52195	0xdbcf51653cd94aa2c920a79f5b5bcc1b19b49383f70e20bab40cf76053c00195	0	0	empty	
3	newPayload_request	1232	engine_newPayloadV5	2026-09-05T01:48:48.973808857Z	52416	0x946a201744ae66f3fedc230ce77d88aed503b89175f9aa2ac37c0d134024eded	0	0	empty	
3	newPayload_request	1237	engine_newPayloadV5	2026-09-05T01:49:00.958576393Z	52607	0x131a9cc2905b35e16365b0f2e190796433e2b894103705541e897412375ab3ec	0	0	empty	
3	newPayload_request	1242	engine_newPayloadV5	2026-09-05T01:49:14.523991582Z	52798	0xb15e604fe0fb64d5a9ab6f70c760c0d28c1e213e0cb9d720ba8fa24e158211bb	0	0	empty	
3	newPayload_request	1247	engine_newPayloadV5	2026-09-05T01:49:28.181080400Z	52989	0xff94488fc6025cc072f9a94c7ebae908bfd6cb6850ab6a867812d8feaaf29f33	0	0	empty	
3	newPayload_request	1251	engine_newPayloadV5	2026-09-05T01:49:37.276145425Z	53139	0xdb3c8eae971ab2b3bc6c04b6214f6389a760cf20b4709597ee3ad4ec016f96bc	0	0	empty	
3	newPayload_request	1253	engine_newPayloadV5	2026-09-05T01:49:49.199287942Z	53214	0x18ed4b65350beb1d1bfc4ff33e2c639e1021d5e3d279b2732c7fe84f00e5ed48	0	0	empty	
3	newPayload_request	1260	engine_newPayloadV5	2026-09-05T01:50:04.464545261Z	53475	0x960c16195572c20331cf903a1a0cbf3fc618cac0dd0152c04b2249fe5f318018	0	0	empty	
3	newPayload_request	1266	engine_newPayloadV5	2026-09-05T01:50:17.043850256Z	53695	0xbf5ffd46f682078618e84ac3c0eca6d675eff9c1786ce936eb510ce48288a9b4	0	0	empty	
3	newPayload_request	1271	engine_newPayloadV5	2026-09-05T01:50:25.219861383Z	53874	0xfbd155685ca5023cf55710dcdef19954103f398eef84d339e56bdf3deaaed3c2	0	0	empty	
3	newPayload_request	1274	engine_newPayloadV5	2026-09-05T01:50:36.830747955Z	53995	0x5af4761cc933ee4293660dc4b6b8bd355ad653b04aee555f14c0af59c9472169	0	0	empty	
3	newPayload_request	1279	engine_newPayloadV5	2026-09-05T01:50:49.239218594Z	54186	0x2ccbd517803e0f13061b601a4ce4f2c2a0dd6ed7b5084dd74f140ddccf74e10b	0	0	empty	
3	newPayload_request	1284	engine_newPayloadV5	2026-09-05T01:51:03.939918274Z	54378	0xdd365867a1c41eee415986064777264d8d4a6dc39b3bd5c2fd7c28e46b345fd9	0	0	empty	
3	newPayload_request	1288	engine_newPayloadV5	2026-09-05T01:51:16.163598505Z	54528	0x32336115dd6600c5a47233a07a4ed697e3431f533a38090fad42ea620ceea910	0	0	empty	
3	newPayload_request	1290	engine_newPayloadV5	2026-09-05T01:51:26.133806854Z	54602	0x931683cba8723bbcaab3d1f942f990e1b6ffe1e7a12a93d93d5474966718733c	0	0	empty	
3	newPayload_request	1297	engine_newPayloadV5	2026-09-05T01:51:37.738582007Z	54863	0xe7eb34e8ddd5db27c245cf01bab95a4f6c85718ca8be5e21bdc166e12f389c72	0	0	empty	
3	newPayload_request	1302	engine_newPayloadV5	2026-09-05T01:51:48.735276601Z	55054	0x4605354653950925dde75cdd48a2786966938c883187a557ca1a4012842d9832	0	0	empty	
3	newPayload_request	1308	engine_newPayloadV5	2026-09-05T01:52:03.826861235Z	55275	0x3d8b7508ed7d7dd30a991d82e367295879edf4c5da0deefa53bd489a5d118040	0	0	empty	
3	newPayload_request	1314	engine_newPayloadV5	2026-09-05T01:52:13.763648760Z	55495	0xe2a8961bf8e44215297d00a290b2ed7677c73f1ca09ee937e6f8c61d0ac21a3b	0	0	empty	
3	newPayload_request	1317	engine_newPayloadV5	2026-09-05T01:52:25.041215148Z	55616	0x52841dc1c142521e074f0c8a86cd9d3c8f147e90ad92e29c89076e6949f6cee3	0	0	empty	
3	newPayload_request	1322	engine_newPayloadV5	2026-09-05T01:52:40.002317338Z	55807	0xd7945abb59fe9e4f1071b7cde0345c3dfc986a18c0a983d0f55243c7c540c8b0	0	0	empty	
3	newPayload_request	1325	engine_newPayloadV5	2026-09-05T01:52:51.218817691Z	55911	0x6f602f634396f597815fadf837999d2fa07fc0d22d887248890de710112b845a	0	0	empty	
3	newPayload_request	1330	engine_newPayloadV5	2026-09-05T01:53:00.884438221Z	56102	0x5c42bd0df362d9caffd65dd4cc3278ba735632daab4a5b31550e059ec7ba2fd8	0	0	empty	
3	newPayload_request	1335	engine_newPayloadV5	2026-09-05T01:53:14.075772985Z	56292	0x1c9360dd7a98342d9a7bc558a92c65c86eaac468e92095dc72df683666c70589	0	0	empty	
3	newPayload_request	1340	engine_newPayloadV5	2026-09-05T01:53:26.112360051Z	56484	0x0227c072d885d5ada797b550b33d2a5f6f48171db603df6c4a2135e0ea5718a6	0	0	empty	
3	newPayload_request	1346	engine_newPayloadV5	2026-09-05T01:53:39.212767849Z	56704	0xc9aba8d094258d36231406c60f7a32ed5d2f3b98a2d4c944032974c49e9e7eac	0	0	empty	
3	newPayload_request	1350	engine_newPayloadV5	2026-09-05T01:53:51.327118282Z	56855	0x5f5a547c6f41a0932ff5c4ac0bc0fb1c08b90f2589bfc157b6d166a487c1a931	0	0	empty	
3	newPayload_request	1353	engine_newPayloadV5	2026-09-05T01:54:01.297041372Z	56958	0x3eae0c93fc3bbe4b36bd3ec4cdfb400c46ccf644f7a8f29722eb0019fbfbe66f	0	0	empty	
3	newPayload_request	1358	engine_newPayloadV5	2026-09-05T01:54:12.760447769Z	57149	0xf9453c09a4ccb2abbafe9863e27f4e5ce6c6c1530734e0621f1c2a7f32b77e12	0	0	empty	
3	newPayload_request	1363	engine_newPayloadV5	2026-09-05T01:54:24.699543319Z	57340	0x4f7379efb95841edec74c7ba25b7f6036578f53460e82e2bb86f17ed0d614599	0	0	empty	
3	newPayload_request	1368	engine_newPayloadV5	2026-09-05T01:54:36.896375193Z	57531	0xdf16588575f4ed61752102439c98bf62bb0178f4947021e0ae4c13a37607b6ae	0	0	empty	
3	newPayload_request	1370	engine_newPayloadV5	2026-09-05T01:54:49.304818885Z	57624	0x522ef978ed992b2ea39641644a86d05e57bc225d427c1d7386a7b5e09969614c	0	0	empty	
3	newPayload_request	1375	engine_newPayloadV5	2026-09-05T01:55:00.680305409Z	57815	0xcb88248de10dd8ac73c090b1f7fc27078b22ff14d9bdb833908086cafa7e85b0	0	0	empty	
3	newPayload_request	1381	engine_newPayloadV5	2026-09-05T01:55:15.239149427Z	58035	0xa227662c6d655ec40a7923430de68bf94b67a19553b00d2f6ebbff0325857829	0	0	empty	
3	newPayload_request	1384	engine_newPayloadV5	2026-09-05T01:55:24.851444437Z	58138	0xa8733562d28df14ca911f4d63918166849db7de94cafbdffecf7a3e257aaa8db	0	0	empty	
3	newPayload_request	1389	engine_newPayloadV5	2026-09-05T01:55:37.192601097Z	58329	0xf02f6dfa5623382ea92d3eef9324bc4540239637bb8ff03c6896a174c69213e7	0	0	empty	
3	getPayload_response	1401	engine_getPayloadV6	2026-09-05T01:56:50.040430000Z	58817	0x2aab31134bdd0de41e97c92495d7b2d1229d1d5aacbb7325b2f6d22f6bc98bde	0	0	empty	
3	newPayload_request	1403	engine_newPayloadV5	2026-09-05T01:56:53.820487688Z	58901	0x2aab31134bdd0de41e97c92495d7b2d1229d1d5aacbb7325b2f6d22f6bc98bde	0	0	empty	
3	newPayload_request	1424	engine_newPayloadV5	2026-09-05T01:58:56.583227359Z	59780	0xca51c559bde8ffe6bcd0a3b21b560d8f2c6e5789189e8be4378e6484ba0fa690	0	0	empty	
3	newPayload_request	1435	engine_newPayloadV5	2026-09-05T01:59:36.927384706Z	60223	0x57f752474c9841feeb9f8c055a5591a9be3532f5ebc0233f1b48da7a30c15483	0	0	empty	
3	newPayload_request	1451	engine_newPayloadV5	2026-09-05T02:02:28.611923099Z	60940	0xbb8c15a0d727d4373343c9791602834b0489bf59a4975841dae486341c2fe9c8	0	0	empty	
3	newPayload_request	1457	engine_newPayloadV5	2026-09-05T02:03:32.627226863Z	61203	0xe095e4a96bdd28454006c6e0bbdbc3ccf9ae15ebfb479a9a24441b5e9d37df18	0	0	empty	
50	newPayload_request	375	engine_newPayloadV5	2026-09-05T00:08:24.561439076Z	16719	0xb9b2eade724f5129b730a0bbcc1df80cbf7b6537e1d6e79a709564ef44ae3849	0	0	empty	
50	newPayload_request	377	engine_newPayloadV5	2026-09-05T00:08:28.647672283Z	16810	0x9a84c87c8779a41cccc6a5fed314173497f614edf137a877f1811cf558204f72	0	0	empty	
50	getPayload_response	442	engine_getPayloadV6	2026-09-05T00:21:24.723636438Z	19733	0x0f8551ceed79b37e7e1d5e38948d6ce1983bc2b5a7fab32057b377e6cffa5017	0	0	empty	
50	newPayload_request	725	engine_newPayloadV5	2026-09-05T01:33:11.275869544Z	32334	0xdf777d7bd39c8da50222382357a2f2865c9967c5ef99f6918bdcf09fa6b81ab8	0	0	empty	
50	newPayload_request	727	engine_newPayloadV5	2026-09-05T01:33:19.883807671Z	32407	0x03b9534aa3563550aba40988bca50462b89c35fb5d9a8a78bb68f04641dfd5d3	0	0	empty	
50	newPayload_request	733	engine_newPayloadV5	2026-09-05T01:33:28.772672726Z	32626	0x43e25c037fafe64d8b38d248d67afdfdf015e4223008dd2fa6dcadadde3958a4	0	0	empty	
50	newPayload_request	737	engine_newPayloadV5	2026-09-05T01:33:47.024415957Z	32776	0xbe1dd5493e36852931fa81246ce051cc3ef5fe2233f33e49c39537a6cce71f1f	0	0	empty	
50	newPayload_request	746	engine_newPayloadV5	2026-09-05T01:34:06.431686778Z	33126	0x12535ebc42752fc497d6c920e2035fd053437a13c8aa2a3bc9e606af323f7ac3	0	0	empty	
50	newPayload_request	750	engine_newPayloadV5	2026-09-05T01:34:13.411312317Z	33258	0xd94ef5650b52359e89cd73e002950d7b0182e165f653327fa127c494056f32c4	0	0	empty	
50	newPayload_request	755	engine_newPayloadV5	2026-09-05T01:34:25.565658560Z	33449	0x7c666cef5cdedf65a733da480b4643355396d48e4f56c312507a09c741ac393c	0	0	empty	
50	newPayload_request	761	engine_newPayloadV5	2026-09-05T01:34:38.061658238Z	33669	0x31cfcb4ca92961dc340c7039b82eb95b712d7e2cf3f7782cf56bb0e0fee9a663	0	0	empty	
50	newPayload_request	766	engine_newPayloadV5	2026-09-05T01:34:49.304738589Z	33860	0xa218f67f6444c9a1c45ae32bc8f4742bf83dba769c8aef58aa820a175f5735a0	0	0	empty	
50	newPayload_request	771	engine_newPayloadV5	2026-09-05T01:35:00.700799667Z	34051	0xeb892eb2aa511cf2dc49d7f1e191ee205377e893d8ad3560b745df7d5bfdc12b	0	0	empty	
50	newPayload_request	773	engine_newPayloadV5	2026-09-05T01:35:13.717220015Z	34126	0xece62d89c063989aaef8a4d8f3b10d0298fee935de2da9e91c87ba8a6cee5d91	0	0	empty	
50	newPayload_request	780	engine_newPayloadV5	2026-09-05T01:35:24.921286020Z	34387	0x5521990a7414bd7b867977623332c490f9fe9810706eddbdce02f514bc08f719	0	0	empty	
50	newPayload_request	785	engine_newPayloadV5	2026-09-05T01:35:36.846792888Z	34578	0x78f969458d4a00ebd5d8d885b590b69889db5955f4700d8f00ae3d0aaf73f77c	0	0	empty	
50	newPayload_request	790	engine_newPayloadV5	2026-09-05T01:35:49.084608606Z	34769	0xcc3a083b59ab916873615e3c040ac8d6352fcb51fa971e8c740f67925fe39338	0	0	empty	
50	newPayload_request	795	engine_newPayloadV5	2026-09-05T01:36:01.482970972Z	34960	0xbd177e00545b6ebcc779bc307541a3c9fb74e679cfea2fa1d07a55bf2c8cddc5	0	0	empty	
50	newPayload_request	801	engine_newPayloadV5	2026-09-05T01:36:13.639916057Z	35181	0x6485148e5b372601351a7ff4a77fc50084fe1f4535f5f952e653a7a8885065ea	0	0	empty	
50	newPayload_request	806	engine_newPayloadV5	2026-09-05T01:36:26.353585152Z	35372	0xcfcbf45a630f3f659591dae28c404785995fe838fb144d777bb9d29965ebf7fc	0	0	empty	
50	newPayload_request	811	engine_newPayloadV5	2026-09-05T01:36:39.812794775Z	35563	0xb8f4577d10af3ead1fde4187b78a8ee0e6ca97fb30c393ea31ac9e23fba124e9	0	0	empty	
50	newPayload_request	816	engine_newPayloadV5	2026-09-05T01:36:52.448650324Z	35754	0x616503d1bdf73198057f37ccb830cb21a9d55e7ea57e763e16253b05f9e2f7fa	0	0	empty	
50	newPayload_request	819	engine_newPayloadV5	2026-09-05T01:37:02.426762304Z	35857	0xb10c6c1a530e3965a6dd4050c2a04c4c6e5755392df3c0340e4bcce7fd5decba	0	0	empty	
50	newPayload_request	824	engine_newPayloadV5	2026-09-05T01:37:13.599620925Z	36049	0x246b5edbc8976296f771cc7ae82f6f619fc9912f1be89584cb092d4807e50bd4	0	0	empty	
50	newPayload_request	829	engine_newPayloadV5	2026-09-05T01:37:26.475280447Z	36240	0x925d53eb6594633897c6989aa756e4ecc6bad81d414041a0e76c87ba7e721761	0	0	empty	
50	newPayload_request	834	engine_newPayloadV5	2026-09-05T01:37:37.206734833Z	36431	0x16fc2b531d39eedc51ab0f56fd78922d7ecf5e6f7faecde992df595bdccc2f65	0	0	empty	
50	newPayload_request	840	engine_newPayloadV5	2026-09-05T01:37:51.327049023Z	36651	0x9f6ee5a594badeda72efdfef738511682f5b93bc96a9d774db6a2379daccef82	0	0	empty	
50	newPayload_request	843	engine_newPayloadV5	2026-09-05T01:38:01.758338992Z	36754	0x5ceb996376f990fb6f844aee5565cb3f1b06a4ecdc9fc4acfc1622f64a15391c	0	0	empty	
50	newPayload_request	848	engine_newPayloadV5	2026-09-05T01:38:13.730859047Z	36946	0xe320f5f9fe2dd9313f1224f1396a2a5c2ce00f5636647720645f7bc81303e2af	0	0	empty	
50	newPayload_request	853	engine_newPayloadV5	2026-09-05T01:38:25.918028168Z	37137	0x73eef28bee32efdbe793ddb0afbdaa52a30e0d8e22f8c43c730178301eff2225	0	0	empty	
50	newPayload_request	858	engine_newPayloadV5	2026-09-05T01:38:37.434038151Z	37328	0xd98a1d9ab7d953cb760b6ea59ff603783461b81bade3ff64cb5f6f18a314bd7f	0	0	empty	
50	newPayload_request	863	engine_newPayloadV5	2026-09-05T01:38:50.377965940Z	37519	0x4c5ec42b3bf21c60a791f575983cf7ac034012b5fe462bc188f44510bf60f78c	0	0	empty	
50	newPayload_request	868	engine_newPayloadV5	2026-09-05T01:39:03.755239446Z	37710	0x04f4340417af45df2521cb2d720097c38c774a07b48c741b4d9815eb0698d5ca	0	0	empty	
50	newPayload_request	873	engine_newPayloadV5	2026-09-05T01:39:14.400422077Z	37890	0x4142010bdf78ed77c6eedd7f49bd0decf756d48b5529573a7d35aad709367880	0	0	empty	
50	newPayload_request	875	engine_newPayloadV5	2026-09-05T01:39:25.419666185Z	37964	0x2f944ddae38001bcbe660c656e09ca924cc1bf60ccf02759fc0b2adb67a5d707	0	0	empty	
50	newPayload_request	882	engine_newPayloadV5	2026-09-05T01:39:37.589502926Z	38224	0x55c261f510c23680f00d5b644acddf8616138a0419da5228aef4b636e07e2e95	0	0	empty	
50	newPayload_request	887	engine_newPayloadV5	2026-09-05T01:39:49.121008053Z	38416	0x4e2cbf793ec3295cc8da6667c5894e6630e6ff011a5bca347af9a44365903cd8	0	0	empty	
50	newPayload_request	892	engine_newPayloadV5	2026-09-05T01:40:03.739547821Z	38607	0xd7a89c6687b305575b8ba5cb3e1b75908c50b88d725893af722ee222546c2361	0	0	empty	
50	newPayload_request	897	engine_newPayloadV5	2026-09-05T01:40:14.061608849Z	38799	0x3f042afbc20f852eab43e0ef53e35cb685c862858adefe99e082ab6722174852	0	0	empty	
50	newPayload_request	903	engine_newPayloadV5	2026-09-05T01:40:25.749530668Z	39019	0x881f01c4163841899fbdc4e017a2d198976bc42b29906baa22630b467b1243dc	0	0	empty	
50	newPayload_request	906	engine_newPayloadV5	2026-09-05T01:40:38.001833142Z	39139	0x9f7655662d8ef5e35477f0b2b8e73972dea2ed4fcef954aff24ae3f32a5e954d	0	0	empty	
50	newPayload_request	908	engine_newPayloadV5	2026-09-05T01:40:49.499521520Z	39214	0xf995d42db9fddd12af2761b5cc59c1be7960eb7d19da4f8f8d1d33c00f9e7a4b	0	0	empty	
50	newPayload_request	916	engine_newPayloadV5	2026-09-05T01:41:02.773035877Z	39504	0x245f92010cf74b18d00e7f51c64bdf94da07cb43e62e3fdcb64d089449ed5dbe	0	0	empty	
50	newPayload_request	921	engine_newPayloadV5	2026-09-05T01:41:13.859511505Z	39696	0xab4db72d03316e0bd6e1dd7e9a785b9d2d9f9829642d138ff42f025d57618b72	0	0	empty	
50	newPayload_request	926	engine_newPayloadV5	2026-09-05T01:41:26.166461609Z	39887	0xd706a23b4079cc74de79fbf4f95d4f191879753c3d0b7ba4ea5290ca1a750bf5	0	0	empty	
50	newPayload_request	931	engine_newPayloadV5	2026-09-05T01:41:37.142902428Z	40078	0x25f757b80623caa82e7c8964329488a178c59731c93efc6a6c136c75feda2f35	0	0	empty	
50	newPayload_request	936	engine_newPayloadV5	2026-09-05T01:41:50.704704288Z	40269	0x80c043e1e273c963720ce30e17c19afa6c3bff78aeee0478d8d5ed50574ace9b	0	0	empty	
50	newPayload_request	941	engine_newPayloadV5	2026-09-05T01:42:02.164328040Z	40460	0x2df1779fceddb43c3623bd4d0bc486be91621686362c46459fbc970cbe76a742	0	0	empty	
50	newPayload_request	943	engine_newPayloadV5	2026-09-05T01:42:13.378444425Z	40535	0x9cc50b677092aa30ee580f31ced4bd9ad1e6825d53d45b0c6501e4bac2285ce8	0	0	empty	
50	newPayload_request	951	engine_newPayloadV5	2026-09-05T01:42:26.795501760Z	40825	0x33cbd19dd23ef5c2da3141dfa8f594ffdb004d5d6a7dbc61345a3bfe78f54aeb	0	0	empty	
50	newPayload_request	956	engine_newPayloadV5	2026-09-05T01:42:37.271111652Z	41016	0x0a005e5f3659a168dc4e947fdb754aabe14202fe900ac13b336203a1948d6710	0	0	empty	
50	newPayload_request	961	engine_newPayloadV5	2026-09-05T01:42:50.772684321Z	41207	0xb7e34025246673da1e4220de864d0f61cd73ff95fe349323cd166152895807cf	0	0	empty	
50	newPayload_request	966	engine_newPayloadV5	2026-09-05T01:43:04.047434161Z	41398	0x6b770d61ffd59bcce18ab5956af6d3f6f369560739c50417ab1b13b9e36c9b9b	0	0	empty	
50	newPayload_request	972	engine_newPayloadV5	2026-09-05T01:43:13.668926623Z	41619	0x13caf61c02ae853d2311d6001c47b5e268dd40eac3af0aac7e98895c7bfac097	0	0	empty	
50	newPayload_request	975	engine_newPayloadV5	2026-09-05T01:43:25.843486301Z	41740	0x9329e7bd4ffba11c0cfbb62400785736137925bbb67c8c5d869969bff878b0f7	0	0	empty	
50	newPayload_request	980	engine_newPayloadV5	2026-09-05T01:43:44.169757931Z	41931	0xa68a7f4ca273d2212c15d7930c942f624632765b4c5a4ab89f0a4d891a957f92	0	0	empty	
50	newPayload_request	984	engine_newPayloadV5	2026-09-05T01:43:49.851408232Z	42063	0xa83ef3d3fb1e04acfbfaec458f5d07fd5c97c68c8958e9bfb5766eb84e7225e7	0	0	empty	
50	newPayload_request	990	engine_newPayloadV5	2026-09-05T01:44:05.120415681Z	42283	0x08d4724856f36b54d143b02949666a9676008a99192f9ba6a79a2a061dc06948	0	0	empty	
50	newPayload_request	996	engine_newPayloadV5	2026-09-05T01:44:14.998575352Z	42503	0xda1c1b4ad382a753e2814a71c14396f072ffbe1c6f7f37dd6327f684b67bffb9	0	0	empty	
50	newPayload_request	999	engine_newPayloadV5	2026-09-05T01:44:25.098455089Z	42625	0xb63315cde41db14fae1a6d93f0c9912115694e892a06462549472059c1308147	0	0	empty	
50	newPayload_request	1004	engine_newPayloadV5	2026-09-05T01:44:37.542122881Z	42815	0x4ba57fb3110598fa4557b722b73542d1927072f237a4e2d20be6ab44c1ac60f8	0	0	empty	
50	newPayload_request	1009	engine_newPayloadV5	2026-09-05T01:44:54.456357877Z	43007	0xee30f8b77827a6eecf3cce03373a9be6fe5a594f9e87ce50d96057f08865d871	0	0	empty	
50	newPayload_request	1014	engine_newPayloadV5	2026-09-05T01:45:04.848098683Z	43186	0x19131163243a34acd438fc7b7df490e2bc3581d011c5bf960b5a6e769b0fc02e	0	0	empty	
50	newPayload_request	1017	engine_newPayloadV5	2026-09-05T01:45:14.676841078Z	43290	0xa1ee4b78dec5a13a4d3bb3ef3e8a3a271145615df45233ca17d5a4af2f334727	0	0	empty	
50	newPayload_request	1022	engine_newPayloadV5	2026-09-05T01:45:25.395761174Z	43480	0x673f5cde1640a66a6acbf5f9fa07cf0f0223f6c7a41f93ffb6de23426b1783c1	0	0	empty	
50	newPayload_request	1028	engine_newPayloadV5	2026-09-05T01:45:40.777238384Z	43701	0xe78411fcea356edbb7d2e305907a20b2a9265a56132a3179587bc8ff4b02dd7f	0	0	empty	
50	newPayload_request	1034	engine_newPayloadV5	2026-09-05T01:45:49.714335571Z	43921	0xa41b5ce27ea9579248012bc6aaddc9600545322ea40586d6b36c48ae42be6384	0	0	empty	
50	newPayload_request	1037	engine_newPayloadV5	2026-09-05T01:46:01.518429864Z	44042	0x97e5c064d2b203b45279582591c4d32e1cff16c9d68ea9ad08880865cbcee620	0	0	empty	
50	newPayload_request	1042	engine_newPayloadV5	2026-09-05T01:46:16.417246626Z	44234	0x935782051769f5e444cb5225c89b26406d333f00517cfdd8bbe2b2e9362eae13	0	0	empty	
50	newPayload_request	1046	engine_newPayloadV5	2026-09-05T01:46:26.868697955Z	44384	0xe2bafb7da2266ac9396fb9950b4072494f86231442de452daf0da78d85042e8d	0	0	empty	
50	newPayload_request	1049	engine_newPayloadV5	2026-09-05T01:46:37.224298250Z	44487	0xd1c7516ed123baf1b82b8777388075789ed578a6b49c01d6b7f4be797a5bfd2e	0	0	empty	
50	newPayload_request	1054	engine_newPayloadV5	2026-09-05T01:46:49.010067407Z	44678	0x86157fa4483f3c812ac7b642bc59a0830b33a299298d268979743a88bef26538	0	0	empty	
50	newPayload_request	1059	engine_newPayloadV5	2026-09-05T01:47:01.265923407Z	44869	0xccff6b4846579f40f936f6cfc85426be79bab204041e1c19aa1868dddb7ebef2	0	0	empty	
50	newPayload_request	1064	engine_newPayloadV5	2026-09-05T01:47:13.176232674Z	45061	0xdbe5494fba53347f23e77b38c786df103784fa850fa50e2616a6576af52afec8	0	0	empty	
50	newPayload_request	1070	engine_newPayloadV5	2026-09-05T01:47:26.452313790Z	45281	0xb9ed6ba24cf9a6fb2da974e4a7cb92fdebaeadd6d95370a1f9303293495b1229	0	0	empty	
50	newPayload_request	1075	engine_newPayloadV5	2026-09-05T01:47:38.010087228Z	45472	0xe207023239fb575d63ea6d47590a3d0887ad25028ace4e9d57acf268feb03843	0	0	empty	
50	newPayload_request	1077	engine_newPayloadV5	2026-09-05T01:47:49.106483962Z	45546	0xe60f3b71e4793b1bd51d3247015f67ed9b8fc66f96ca66636b780ee9d374a28a	0	0	empty	
50	newPayload_request	1084	engine_newPayloadV5	2026-09-05T01:48:01.301401142Z	45807	0x0e467b861259f1f93cf39307e1aeb8d223597d183c37b5677cf4445aad0f480b	0	0	empty	
50	newPayload_request	1089	engine_newPayloadV5	2026-09-05T01:48:13.054772782Z	45999	0x7bc9a7a1fda4ac14627d7765dfffe6edbdaedef95a4a3ccdf67e73aed59ef738	0	0	empty	
50	newPayload_request	1094	engine_newPayloadV5	2026-09-05T01:48:26.212112369Z	46190	0xa2cbbc8ef09bb0c4d6905cb8fb06f957f3b531bad2d6fceea7cf2b3f9a08ffc8	0	0	empty	
50	newPayload_request	1099	engine_newPayloadV5	2026-09-05T01:48:37.778423908Z	46381	0xdbcf51653cd94aa2c920a79f5b5bcc1b19b49383f70e20bab40cf76053c00195	0	0	empty	
50	newPayload_request	1105	engine_newPayloadV5	2026-09-05T01:48:50.607015987Z	46601	0x946a201744ae66f3fedc230ce77d88aed503b89175f9aa2ac37c0d134024eded	0	0	empty	
50	newPayload_request	1110	engine_newPayloadV5	2026-09-05T01:49:01.931982521Z	46792	0x131a9cc2905b35e16365b0f2e190796433e2b894103705541e897412375ab3ec	0	0	empty	
50	newPayload_request	1115	engine_newPayloadV5	2026-09-05T01:49:14.718803377Z	46984	0xb15e604fe0fb64d5a9ab6f70c760c0d28c1e213e0cb9d720ba8fa24e158211bb	0	0	empty	
50	newPayload_request	1117	engine_newPayloadV5	2026-09-05T01:49:28.296178143Z	47058	0xff94488fc6025cc072f9a94c7ebae908bfd6cb6850ab6a867812d8feaaf29f33	0	0	empty	
50	newPayload_request	1125	engine_newPayloadV5	2026-09-05T01:49:37.935112700Z	47348	0xdb3c8eae971ab2b3bc6c04b6214f6389a760cf20b4709597ee3ad4ec016f96bc	0	0	empty	
50	newPayload_request	1128	engine_newPayloadV5	2026-09-05T01:49:50.116378504Z	47469	0x18ed4b65350beb1d1bfc4ff33e2c639e1021d5e3d279b2732c7fe84f00e5ed48	0	0	empty	
50	newPayload_request	1133	engine_newPayloadV5	2026-09-05T01:50:04.649178108Z	47660	0x960c16195572c20331cf903a1a0cbf3fc618cac0dd0152c04b2249fe5f318018	0	0	empty	
50	newPayload_request	1139	engine_newPayloadV5	2026-09-05T01:50:17.046956525Z	47881	0xbf5ffd46f682078618e84ac3c0eca6d675eff9c1786ce936eb510ce48288a9b4	0	0	empty	
50	newPayload_request	1143	engine_newPayloadV5	2026-09-05T01:50:25.320372930Z	48031	0xfbd155685ca5023cf55710dcdef19954103f398eef84d339e56bdf3deaaed3c2	0	0	empty	
50	newPayload_request	1146	engine_newPayloadV5	2026-09-05T01:50:37.387338703Z	48133	0x5af4761cc933ee4293660dc4b6b8bd355ad653b04aee555f14c0af59c9472169	0	0	empty	
50	newPayload_request	1151	engine_newPayloadV5	2026-09-05T01:50:50.220549554Z	48325	0x2ccbd517803e0f13061b601a4ce4f2c2a0dd6ed7b5084dd74f140ddccf74e10b	0	0	empty	
50	newPayload_request	1156	engine_newPayloadV5	2026-09-05T01:51:04.060823521Z	48516	0xdd365867a1c41eee415986064777264d8d4a6dc39b3bd5c2fd7c28e46b345fd9	0	0	empty	
50	newPayload_request	1162	engine_newPayloadV5	2026-09-05T01:51:13.839134222Z	48737	0x32336115dd6600c5a47233a07a4ed697e3431f533a38090fad42ea620ceea910	0	0	empty	
50	newPayload_request	1165	engine_newPayloadV5	2026-09-05T01:51:26.013235391Z	48858	0x931683cba8723bbcaab3d1f942f990e1b6ffe1e7a12a93d93d5474966718733c	0	0	empty	
50	newPayload_request	1170	engine_newPayloadV5	2026-09-05T01:51:38.205152886Z	49048	0xe7eb34e8ddd5db27c245cf01bab95a4f6c85718ca8be5e21bdc166e12f389c72	0	0	empty	
50	newPayload_request	1175	engine_newPayloadV5	2026-09-05T01:51:49.557885055Z	49240	0x4605354653950925dde75cdd48a2786966938c883187a557ca1a4012842d9832	0	0	empty	
50	newPayload_request	1181	engine_newPayloadV5	2026-09-05T01:52:04.052472086Z	49460	0x3d8b7508ed7d7dd30a991d82e367295879edf4c5da0deefa53bd489a5d118040	0	0	empty	
50	newPayload_request	1184	engine_newPayloadV5	2026-09-05T01:52:15.017457213Z	49564	0xe2a8961bf8e44215297d00a290b2ed7677c73f1ca09ee937e6f8c61d0ac21a3b	0	0	empty	
50	newPayload_request	1189	engine_newPayloadV5	2026-09-05T01:52:25.960133239Z	49755	0x52841dc1c142521e074f0c8a86cd9d3c8f147e90ad92e29c89076e6949f6cee3	0	0	empty	
50	newPayload_request	1194	engine_newPayloadV5	2026-09-05T01:52:40.012070811Z	49946	0xd7945abb59fe9e4f1071b7cde0345c3dfc986a18c0a983d0f55243c7c540c8b0	0	0	empty	
50	newPayload_request	1200	engine_newPayloadV5	2026-09-05T01:52:50.221007565Z	50166	0x6f602f634396f597815fadf837999d2fa07fc0d22d887248890de710112b845a	0	0	empty	
50	newPayload_request	1203	engine_newPayloadV5	2026-09-05T01:53:01.092044537Z	50287	0x5c42bd0df362d9caffd65dd4cc3278ba735632daab4a5b31550e059ec7ba2fd8	0	0	empty	
50	newPayload_request	1208	engine_newPayloadV5	2026-09-05T01:53:16.854291545Z	50479	0x1c9360dd7a98342d9a7bc558a92c65c86eaac468e92095dc72df683666c70589	0	0	empty	
50	newPayload_request	1210	engine_newPayloadV5	2026-09-05T01:53:26.375783739Z	50553	0x0227c072d885d5ada797b550b33d2a5f6f48171db603df6c4a2135e0ea5718a6	0	0	empty	
50	newPayload_request	1218	engine_newPayloadV5	2026-09-05T01:53:39.106878084Z	50843	0xc9aba8d094258d36231406c60f7a32ed5d2f3b98a2d4c944032974c49e9e7eac	0	0	empty	
50	newPayload_request	1224	engine_newPayloadV5	2026-09-05T01:53:51.139925103Z	51063	0x5f5a547c6f41a0932ff5c4ac0bc0fb1c08b90f2589bfc157b6d166a487c1a931	0	0	empty	
50	newPayload_request	1228	engine_newPayloadV5	2026-09-05T01:54:01.561158194Z	51213	0x3eae0c93fc3bbe4b36bd3ec4cdfb400c46ccf644f7a8f29722eb0019fbfbe66f	0	0	empty	
50	newPayload_request	1231	engine_newPayloadV5	2026-09-05T01:54:12.923966675Z	51334	0xf9453c09a4ccb2abbafe9863e27f4e5ce6c6c1530734e0621f1c2a7f32b77e12	0	0	empty	
50	newPayload_request	1236	engine_newPayloadV5	2026-09-05T01:54:24.864931442Z	51526	0x4f7379efb95841edec74c7ba25b7f6036578f53460e82e2bb86f17ed0d614599	0	0	empty	
50	newPayload_request	1241	engine_newPayloadV5	2026-09-05T01:54:37.411496453Z	51717	0xdf16588575f4ed61752102439c98bf62bb0178f4947021e0ae4c13a37607b6ae	0	0	empty	
50	newPayload_request	1243	engine_newPayloadV5	2026-09-05T01:54:50.898608626Z	51809	0x522ef978ed992b2ea39641644a86d05e57bc225d427c1d7386a7b5e09969614c	0	0	empty	
50	newPayload_request	1245	engine_newPayloadV5	2026-09-05T01:55:01.230422196Z	51883	0xcb88248de10dd8ac73c090b1f7fc27078b22ff14d9bdb833908086cafa7e85b0	0	0	empty	
50	newPayload_request	1253	engine_newPayloadV5	2026-09-05T01:55:15.139881020Z	52174	0xa227662c6d655ec40a7923430de68bf94b67a19553b00d2f6ebbff0325857829	0	0	empty	
50	newPayload_request	1259	engine_newPayloadV5	2026-09-05T01:55:25.168150582Z	52394	0xa8733562d28df14ca911f4d63918166849db7de94cafbdffecf7a3e257aaa8db	0	0	empty	
50	newPayload_request	1262	engine_newPayloadV5	2026-09-05T01:55:38.703866906Z	52515	0xf02f6dfa5623382ea92d3eef9324bc4540239637bb8ff03c6896a174c69213e7	0	0	empty	
50	newPayload_request	1298	engine_newPayloadV5	2026-09-05T02:02:02.421401244Z	54081	0xbb8c15a0d727d4373343c9791602834b0489bf59a4975841dae486341c2fe9c8	0	0	empty	
50	newPayload_request	1311	engine_newPayloadV5	2026-09-05T02:03:33.719018045Z	54638	0xe095e4a96bdd28454006c6e0bbdbc3ccf9ae15ebfb479a9a24441b5e9d37df18	0	0	empty	
150	newPayload_request	377	engine_newPayloadV5	2026-09-05T00:08:23.523961364Z	16811	0xb9b2eade724f5129b730a0bbcc1df80cbf7b6537e1d6e79a709564ef44ae3849	0	0	empty	
150	newPayload_request	380	engine_newPayloadV5	2026-09-05T00:08:28.778253758Z	16913	0x9a84c87c8779a41cccc6a5fed314173497f614edf137a877f1811cf558204f72	0	0	empty	
150	newPayload_request	723	engine_newPayloadV5	2026-09-05T01:33:07.381629694Z	32226	0xdf777d7bd39c8da50222382357a2f2865c9967c5ef99f6918bdcf09fa6b81ab8	0	0	empty	
150	newPayload_request	728	engine_newPayloadV5	2026-09-05T01:33:28.240287978Z	32416	0x03b9534aa3563550aba40988bca50462b89c35fb5d9a8a78bb68f04641dfd5d3	0	0	empty	
150	newPayload_request	730	engine_newPayloadV5	2026-09-05T01:33:32.455862966Z	32507	0x43e25c037fafe64d8b38d248d67afdfdf015e4223008dd2fa6dcadadde3958a4	0	0	empty	
150	newPayload_request	736	engine_newPayloadV5	2026-09-05T01:33:50.498571534Z	32728	0xbe1dd5493e36852931fa81246ce051cc3ef5fe2233f33e49c39537a6cce71f1f	0	0	empty	
150	newPayload_request	737	engine_newPayloadV5	2026-09-05T01:33:50.898382512Z	32772	0xbe1dd5493e36852931fa81246ce051cc3ef5fe2233f33e49c39537a6cce71f1f	0	0	empty	
150	newPayload_request	740	engine_newPayloadV5	2026-09-05T01:34:06.562064298Z	32894	0x12535ebc42752fc497d6c920e2035fd053437a13c8aa2a3bc9e606af323f7ac3	0	0	empty	
150	newPayload_request	745	engine_newPayloadV5	2026-09-05T01:34:13.634596582Z	33072	0xd94ef5650b52359e89cd73e002950d7b0182e165f653327fa127c494056f32c4	0	0	empty	
150	newPayload_request	747	engine_newPayloadV5	2026-09-05T01:34:26.130571134Z	33146	0x7c666cef5cdedf65a733da480b4643355396d48e4f56c312507a09c741ac393c	0	0	empty	
150	newPayload_request	752	engine_newPayloadV5	2026-09-05T01:34:37.936931656Z	33336	0x31cfcb4ca92961dc340c7039b82eb95b712d7e2cf3f7782cf56bb0e0fee9a663	0	0	empty	
150	newPayload_request	757	engine_newPayloadV5	2026-09-05T01:34:50.374526259Z	33529	0xa218f67f6444c9a1c45ae32bc8f4742bf83dba769c8aef58aa820a175f5735a0	0	0	empty	
150	newPayload_request	762	engine_newPayloadV5	2026-09-05T01:35:00.964544764Z	33720	0xeb892eb2aa511cf2dc49d7f1e191ee205377e893d8ad3560b745df7d5bfdc12b	0	0	empty	
150	newPayload_request	767	engine_newPayloadV5	2026-09-05T01:35:14.594009914Z	33911	0xece62d89c063989aaef8a4d8f3b10d0298fee935de2da9e91c87ba8a6cee5d91	0	0	empty	
150	newPayload_request	772	engine_newPayloadV5	2026-09-05T01:35:25.045929070Z	34102	0x5521990a7414bd7b867977623332c490f9fe9810706eddbdce02f514bc08f719	0	0	empty	
150	newPayload_request	777	engine_newPayloadV5	2026-09-05T01:35:37.212051124Z	34293	0x78f969458d4a00ebd5d8d885b590b69889db5955f4700d8f00ae3d0aaf73f77c	0	0	empty	
150	newPayload_request	780	engine_newPayloadV5	2026-09-05T01:35:49.262724856Z	34396	0xcc3a083b59ab916873615e3c040ac8d6352fcb51fa971e8c740f67925fe39338	0	0	empty	
150	newPayload_request	787	engine_newPayloadV5	2026-09-05T01:36:01.784031622Z	34658	0xbd177e00545b6ebcc779bc307541a3c9fb74e679cfea2fa1d07a55bf2c8cddc5	0	0	empty	
150	newPayload_request	792	engine_newPayloadV5	2026-09-05T01:36:13.317367286Z	34849	0x6485148e5b372601351a7ff4a77fc50084fe1f4535f5f952e653a7a8885065ea	0	0	empty	
150	newPayload_request	797	engine_newPayloadV5	2026-09-05T01:36:26.998068304Z	35040	0xcfcbf45a630f3f659591dae28c404785995fe838fb144d777bb9d29965ebf7fc	0	0	empty	
150	newPayload_request	802	engine_newPayloadV5	2026-09-05T01:36:39.891297742Z	35231	0xb8f4577d10af3ead1fde4187b78a8ee0e6ca97fb30c393ea31ac9e23fba124e9	0	0	empty	
150	newPayload_request	807	engine_newPayloadV5	2026-09-05T01:36:52.530050508Z	35423	0x616503d1bdf73198057f37ccb830cb21a9d55e7ea57e763e16253b05f9e2f7fa	0	0	empty	
150	newPayload_request	811	engine_newPayloadV5	2026-09-05T01:37:02.988603322Z	35573	0xb10c6c1a530e3965a6dd4050c2a04c4c6e5755392df3c0340e4bcce7fd5decba	0	0	empty	
150	newPayload_request	813	engine_newPayloadV5	2026-09-05T01:37:13.702660650Z	35647	0x246b5edbc8976296f771cc7ae82f6f619fc9912f1be89584cb092d4807e50bd4	0	0	empty	
150	newPayload_request	821	engine_newPayloadV5	2026-09-05T01:37:26.884839648Z	35937	0x925d53eb6594633897c6989aa756e4ecc6bad81d414041a0e76c87ba7e721761	0	0	empty	
150	newPayload_request	826	engine_newPayloadV5	2026-09-05T01:37:38.034396707Z	36128	0x16fc2b531d39eedc51ab0f56fd78922d7ecf5e6f7faecde992df595bdccc2f65	0	0	empty	
150	newPayload_request	831	engine_newPayloadV5	2026-09-05T01:37:51.382400120Z	36320	0x9f6ee5a594badeda72efdfef738511682f5b93bc96a9d774db6a2379daccef82	0	0	empty	
150	newPayload_request	837	engine_newPayloadV5	2026-09-05T01:38:02.045269003Z	36540	0x5ceb996376f990fb6f844aee5565cb3f1b06a4ecdc9fc4acfc1622f64a15391c	0	0	empty	
150	newPayload_request	840	engine_newPayloadV5	2026-09-05T01:38:13.602519627Z	36661	0xe320f5f9fe2dd9313f1224f1396a2a5c2ce00f5636647720645f7bc81303e2af	0	0	empty	
150	newPayload_request	845	engine_newPayloadV5	2026-09-05T01:38:26.351936430Z	36852	0x73eef28bee32efdbe793ddb0afbdaa52a30e0d8e22f8c43c730178301eff2225	0	0	empty	
150	newPayload_request	847	engine_newPayloadV5	2026-09-05T01:38:37.875544990Z	36926	0xd98a1d9ab7d953cb760b6ea59ff603783461b81bade3ff64cb5f6f18a314bd7f	0	0	empty	
150	newPayload_request	854	engine_newPayloadV5	2026-09-05T01:38:50.331665649Z	37188	0x4c5ec42b3bf21c60a791f575983cf7ac034012b5fe462bc188f44510bf60f78c	0	0	empty	
150	newPayload_request	860	engine_newPayloadV5	2026-09-05T01:39:04.414257659Z	37408	0x04f4340417af45df2521cb2d720097c38c774a07b48c741b4d9815eb0698d5ca	0	0	empty	
150	newPayload_request	866	engine_newPayloadV5	2026-09-05T01:39:15.009481114Z	37628	0x4142010bdf78ed77c6eedd7f49bd0decf756d48b5529573a7d35aad709367880	0	0	empty	
150	newPayload_request	869	engine_newPayloadV5	2026-09-05T01:39:25.325314845Z	37749	0x2f944ddae38001bcbe660c656e09ca924cc1bf60ccf02759fc0b2adb67a5d707	0	0	empty	
150	newPayload_request	874	engine_newPayloadV5	2026-09-05T01:39:37.566010717Z	37939	0x55c261f510c23680f00d5b644acddf8616138a0419da5228aef4b636e07e2e95	0	0	empty	
150	newPayload_request	879	engine_newPayloadV5	2026-09-05T01:39:49.790661938Z	38132	0x4e2cbf793ec3295cc8da6667c5894e6630e6ff011a5bca347af9a44365903cd8	0	0	empty	
150	newPayload_request	884	engine_newPayloadV5	2026-09-05T01:40:04.294708942Z	38323	0xd7a89c6687b305575b8ba5cb3e1b75908c50b88d725893af722ee222546c2361	0	0	empty	
150	newPayload_request	886	engine_newPayloadV5	2026-09-05T01:40:14.468453553Z	38397	0x3f042afbc20f852eab43e0ef53e35cb685c862858adefe99e082ab6722174852	0	0	empty	
150	newPayload_request	894	engine_newPayloadV5	2026-09-05T01:40:26.386074721Z	38687	0x881f01c4163841899fbdc4e017a2d198976bc42b29906baa22630b467b1243dc	0	0	empty	
150	newPayload_request	898	engine_newPayloadV5	2026-09-05T01:40:38.413825371Z	38837	0x9f7655662d8ef5e35477f0b2b8e73972dea2ed4fcef954aff24ae3f32a5e954d	0	0	empty	
150	newPayload_request	903	engine_newPayloadV5	2026-09-05T01:40:50.189469055Z	39029	0xf995d42db9fddd12af2761b5cc59c1be7960eb7d19da4f8f8d1d33c00f9e7a4b	0	0	empty	
150	newPayload_request	908	engine_newPayloadV5	2026-09-05T01:41:03.103624050Z	39220	0x245f92010cf74b18d00e7f51c64bdf94da07cb43e62e3fdcb64d089449ed5dbe	0	0	empty	
150	newPayload_request	913	engine_newPayloadV5	2026-09-05T01:41:14.158513736Z	39411	0xab4db72d03316e0bd6e1dd7e9a785b9d2d9f9829642d138ff42f025d57618b72	0	0	empty	
150	newPayload_request	918	engine_newPayloadV5	2026-09-05T01:41:26.384504482Z	39602	0xd706a23b4079cc74de79fbf4f95d4f191879753c3d0b7ba4ea5290ca1a750bf5	0	0	empty	
150	newPayload_request	920	engine_newPayloadV5	2026-09-05T01:41:38.067982906Z	39676	0x25f757b80623caa82e7c8964329488a178c59731c93efc6a6c136c75feda2f35	0	0	empty	
150	newPayload_request	927	engine_newPayloadV5	2026-09-05T01:41:50.847560591Z	39938	0x80c043e1e273c963720ce30e17c19afa6c3bff78aeee0478d8d5ed50574ace9b	0	0	empty	
150	newPayload_request	932	engine_newPayloadV5	2026-09-05T01:42:02.672498628Z	40129	0x2df1779fceddb43c3623bd4d0bc486be91621686362c46459fbc970cbe76a742	0	0	empty	
150	newPayload_request	938	engine_newPayloadV5	2026-09-05T01:42:14.375787719Z	40349	0x9cc50b677092aa30ee580f31ced4bd9ad1e6825d53d45b0c6501e4bac2285ce8	0	0	empty	
150	newPayload_request	943	engine_newPayloadV5	2026-09-05T01:42:26.890597954Z	40540	0x33cbd19dd23ef5c2da3141dfa8f594ffdb004d5d6a7dbc61345a3bfe78f54aeb	0	0	empty	
150	newPayload_request	948	engine_newPayloadV5	2026-09-05T01:42:37.808457164Z	40731	0x0a005e5f3659a168dc4e947fdb754aabe14202fe900ac13b336203a1948d6710	0	0	empty	
150	newPayload_request	953	engine_newPayloadV5	2026-09-05T01:42:51.178108428Z	40923	0xb7e34025246673da1e4220de864d0f61cd73ff95fe349323cd166152895807cf	0	0	empty	
150	newPayload_request	955	engine_newPayloadV5	2026-09-05T01:43:04.082179755Z	40997	0x6b770d61ffd59bcce18ab5956af6d3f6f369560739c50417ab1b13b9e36c9b9b	0	0	empty	
150	newPayload_request	963	engine_newPayloadV5	2026-09-05T01:43:14.444286732Z	41287	0x13caf61c02ae853d2311d6001c47b5e268dd40eac3af0aac7e98895c7bfac097	0	0	empty	
150	newPayload_request	966	engine_newPayloadV5	2026-09-05T01:43:28.883898375Z	41408	0x9329e7bd4ffba11c0cfbb62400785736137925bbb67c8c5d869969bff878b0f7	0	0	empty	
150	newPayload_request	972	engine_newPayloadV5	2026-09-05T01:43:44.200794779Z	41628	0xa68a7f4ca273d2212c15d7930c942f624632765b4c5a4ab89f0a4d891a957f92	0	0	empty	
150	newPayload_request	977	engine_newPayloadV5	2026-09-05T01:43:51.180788138Z	41808	0xa83ef3d3fb1e04acfbfaec458f5d07fd5c97c68c8958e9bfb5766eb84e7225e7	0	0	empty	
150	newPayload_request	982	engine_newPayloadV5	2026-09-05T01:44:05.119618630Z	41999	0x08d4724856f36b54d143b02949666a9676008a99192f9ba6a79a2a061dc06948	0	0	empty	
150	newPayload_request	986	engine_newPayloadV5	2026-09-05T01:44:14.878768001Z	42148	0xda1c1b4ad382a753e2814a71c14396f072ffbe1c6f7f37dd6327f684b67bffb9	0	0	empty	
150	newPayload_request	988	engine_newPayloadV5	2026-09-05T01:44:25.176794266Z	42223	0xb63315cde41db14fae1a6d93f0c9912115694e892a06462549472059c1308147	0	0	empty	
150	newPayload_request	995	engine_newPayloadV5	2026-09-05T01:44:38.966446406Z	42484	0x4ba57fb3110598fa4557b722b73542d1927072f237a4e2d20be6ab44c1ac60f8	0	0	empty	
150	newPayload_request	1000	engine_newPayloadV5	2026-09-05T01:44:54.472651173Z	42676	0xee30f8b77827a6eecf3cce03373a9be6fe5a594f9e87ce50d96057f08865d871	0	0	empty	
150	newPayload_request	1007	engine_newPayloadV5	2026-09-05T01:45:05.123407514Z	42925	0x19131163243a34acd438fc7b7df490e2bc3581d011c5bf960b5a6e769b0fc02e	0	0	empty	
150	newPayload_request	1011	engine_newPayloadV5	2026-09-05T01:45:17.180205172Z	43075	0xa1ee4b78dec5a13a4d3bb3ef3e8a3a271145615df45233ca17d5a4af2f334727	0	0	empty	
150	newPayload_request	1015	engine_newPayloadV5	2026-09-05T01:45:25.579060996Z	43224	0x673f5cde1640a66a6acbf5f9fa07cf0f0223f6c7a41f93ffb6de23426b1783c1	0	0	empty	
150	newPayload_request	1020	engine_newPayloadV5	2026-09-05T01:45:40.854526809Z	43416	0xe78411fcea356edbb7d2e305907a20b2a9265a56132a3179587bc8ff4b02dd7f	0	0	empty	
150	newPayload_request	1023	engine_newPayloadV5	2026-09-05T01:45:49.957218384Z	43520	0xa41b5ce27ea9579248012bc6aaddc9600545322ea40586d6b36c48ae42be6384	0	0	empty	
150	newPayload_request	1028	engine_newPayloadV5	2026-09-05T01:46:01.863707139Z	43711	0x97e5c064d2b203b45279582591c4d32e1cff16c9d68ea9ad08880865cbcee620	0	0	empty	
150	newPayload_request	1033	engine_newPayloadV5	2026-09-05T01:46:16.344478797Z	43902	0x935782051769f5e444cb5225c89b26406d333f00517cfdd8bbe2b2e9362eae13	0	0	empty	
150	newPayload_request	1039	engine_newPayloadV5	2026-09-05T01:46:27.333207588Z	44122	0xe2bafb7da2266ac9396fb9950b4072494f86231442de452daf0da78d85042e8d	0	0	empty	
150	newPayload_request	1043	engine_newPayloadV5	2026-09-05T01:46:37.285333824Z	44272	0xd1c7516ed123baf1b82b8777388075789ed578a6b49c01d6b7f4be797a5bfd2e	0	0	empty	
150	newPayload_request	1046	engine_newPayloadV5	2026-09-05T01:46:49.776659555Z	44394	0x86157fa4483f3c812ac7b642bc59a0830b33a299298d268979743a88bef26538	0	0	empty	
150	newPayload_request	1049	engine_newPayloadV5	2026-09-05T01:47:01.322928224Z	44497	0xccff6b4846579f40f936f6cfc85426be79bab204041e1c19aa1868dddb7ebef2	0	0	empty	
150	newPayload_request	1056	engine_newPayloadV5	2026-09-05T01:47:13.890754047Z	44758	0xdbe5494fba53347f23e77b38c786df103784fa850fa50e2616a6576af52afec8	0	0	empty	
150	newPayload_request	1061	engine_newPayloadV5	2026-09-05T01:47:26.979118460Z	44949	0xb9ed6ba24cf9a6fb2da974e4a7cb92fdebaeadd6d95370a1f9303293495b1229	0	0	empty	
150	newPayload_request	1066	engine_newPayloadV5	2026-09-05T01:47:38.425051714Z	45140	0xe207023239fb575d63ea6d47590a3d0887ad25028ace4e9d57acf268feb03843	0	0	empty	
150	newPayload_request	1071	engine_newPayloadV5	2026-09-05T01:47:49.725236633Z	45332	0xe60f3b71e4793b1bd51d3247015f67ed9b8fc66f96ca66636b780ee9d374a28a	0	0	empty	
150	newPayload_request	1076	engine_newPayloadV5	2026-09-05T01:48:01.699947615Z	45523	0x0e467b861259f1f93cf39307e1aeb8d223597d183c37b5677cf4445aad0f480b	0	0	empty	
150	newPayload_request	1081	engine_newPayloadV5	2026-09-05T01:48:13.138121291Z	45714	0x7bc9a7a1fda4ac14627d7765dfffe6edbdaedef95a4a3ccdf67e73aed59ef738	0	0	empty	
150	newPayload_request	1083	engine_newPayloadV5	2026-09-05T01:48:26.115111096Z	45788	0xa2cbbc8ef09bb0c4d6905cb8fb06f957f3b531bad2d6fceea7cf2b3f9a08ffc8	0	0	empty	
150	newPayload_request	1091	engine_newPayloadV5	2026-09-05T01:48:38.204432155Z	46078	0xdbcf51653cd94aa2c920a79f5b5bcc1b19b49383f70e20bab40cf76053c00195	0	0	empty	
150	newPayload_request	1096	engine_newPayloadV5	2026-09-05T01:48:49.451146617Z	46270	0x946a201744ae66f3fedc230ce77d88aed503b89175f9aa2ac37c0d134024eded	0	0	empty	
150	newPayload_request	1101	engine_newPayloadV5	2026-09-05T01:49:01.664109793Z	46461	0x131a9cc2905b35e16365b0f2e190796433e2b894103705541e897412375ab3ec	0	0	empty	
150	newPayload_request	1106	engine_newPayloadV5	2026-09-05T01:49:14.856805345Z	46652	0xb15e604fe0fb64d5a9ab6f70c760c0d28c1e213e0cb9d720ba8fa24e158211bb	0	0	empty	
150	newPayload_request	1111	engine_newPayloadV5	2026-09-05T01:49:28.262497488Z	46843	0xff94488fc6025cc072f9a94c7ebae908bfd6cb6850ab6a867812d8feaaf29f33	0	0	empty	
150	newPayload_request	1115	engine_newPayloadV5	2026-09-05T01:49:37.827697377Z	46993	0xdb3c8eae971ab2b3bc6c04b6214f6389a760cf20b4709597ee3ad4ec016f96bc	0	0	empty	
150	newPayload_request	1117	engine_newPayloadV5	2026-09-05T01:49:50.018935040Z	47068	0x18ed4b65350beb1d1bfc4ff33e2c639e1021d5e3d279b2732c7fe84f00e5ed48	0	0	empty	
150	newPayload_request	1125	engine_newPayloadV5	2026-09-05T01:50:04.795176983Z	47376	0x960c16195572c20331cf903a1a0cbf3fc618cac0dd0152c04b2249fe5f318018	0	0	empty	
150	newPayload_request	1129	engine_newPayloadV5	2026-09-05T01:50:16.991378808Z	47508	0xbf5ffd46f682078618e84ac3c0eca6d675eff9c1786ce936eb510ce48288a9b4	0	0	empty	
150	newPayload_request	1135	engine_newPayloadV5	2026-09-05T01:50:25.621322648Z	47728	0xfbd155685ca5023cf55710dcdef19954103f398eef84d339e56bdf3deaaed3c2	0	0	empty	
150	newPayload_request	1138	engine_newPayloadV5	2026-09-05T01:50:37.057137469Z	47848	0x5af4761cc933ee4293660dc4b6b8bd355ad653b04aee555f14c0af59c9472169	0	0	empty	
150	newPayload_request	1143	engine_newPayloadV5	2026-09-05T01:50:49.727624522Z	48041	0x2ccbd517803e0f13061b601a4ce4f2c2a0dd6ed7b5084dd74f140ddccf74e10b	0	0	empty	
150	newPayload_request	1148	engine_newPayloadV5	2026-09-05T01:51:04.028460573Z	48232	0xdd365867a1c41eee415986064777264d8d4a6dc39b3bd5c2fd7c28e46b345fd9	0	0	empty	
150	newPayload_request	1151	engine_newPayloadV5	2026-09-05T01:51:13.274376542Z	48335	0x32336115dd6600c5a47233a07a4ed697e3431f533a38090fad42ea620ceea910	0	0	empty	
150	newPayload_request	1156	engine_newPayloadV5	2026-09-05T01:51:25.651784915Z	48526	0x931683cba8723bbcaab3d1f942f990e1b6ffe1e7a12a93d93d5474966718733c	0	0	empty	
150	newPayload_request	1161	engine_newPayloadV5	2026-09-05T01:51:38.027048596Z	48716	0xe7eb34e8ddd5db27c245cf01bab95a4f6c85718ca8be5e21bdc166e12f389c72	0	0	empty	
150	newPayload_request	1167	engine_newPayloadV5	2026-09-05T01:51:49.331824640Z	48937	0x4605354653950925dde75cdd48a2786966938c883187a557ca1a4012842d9832	0	0	empty	
150	newPayload_request	1172	engine_newPayloadV5	2026-09-05T01:52:03.791084542Z	49129	0x3d8b7508ed7d7dd30a991d82e367295879edf4c5da0deefa53bd489a5d118040	0	0	empty	
150	newPayload_request	1178	engine_newPayloadV5	2026-09-05T01:52:13.274753072Z	49349	0xe2a8961bf8e44215297d00a290b2ed7677c73f1ca09ee937e6f8c61d0ac21a3b	0	0	empty	
150	newPayload_request	1181	engine_newPayloadV5	2026-09-05T01:52:26.443253918Z	49470	0x52841dc1c142521e074f0c8a86cd9d3c8f147e90ad92e29c89076e6949f6cee3	0	0	empty	
150	newPayload_request	1186	engine_newPayloadV5	2026-09-05T01:52:39.940041737Z	49661	0xd7945abb59fe9e4f1071b7cde0345c3dfc986a18c0a983d0f55243c7c540c8b0	0	0	empty	
150	newPayload_request	1189	engine_newPayloadV5	2026-09-05T01:52:49.805817993Z	49765	0x6f602f634396f597815fadf837999d2fa07fc0d22d887248890de710112b845a	0	0	empty	
150	newPayload_request	1194	engine_newPayloadV5	2026-09-05T01:53:01.468557593Z	49956	0x5c42bd0df362d9caffd65dd4cc3278ba735632daab4a5b31550e059ec7ba2fd8	0	0	empty	
150	newPayload_request	1199	engine_newPayloadV5	2026-09-05T01:53:16.177088040Z	50147	0x1c9360dd7a98342d9a7bc558a92c65c86eaac468e92095dc72df683666c70589	0	0	empty	
150	newPayload_request	1205	engine_newPayloadV5	2026-09-05T01:53:26.278781465Z	50367	0x0227c072d885d5ada797b550b33d2a5f6f48171db603df6c4a2135e0ea5718a6	0	0	empty	
150	newPayload_request	1210	engine_newPayloadV5	2026-09-05T01:53:39.192537693Z	50558	0xc9aba8d094258d36231406c60f7a32ed5d2f3b98a2d4c944032974c49e9e7eac	0	0	empty	
150	newPayload_request	1214	engine_newPayloadV5	2026-09-05T01:53:51.216760261Z	50709	0x5f5a547c6f41a0932ff5c4ac0bc0fb1c08b90f2589bfc157b6d166a487c1a931	0	0	empty	
150	newPayload_request	1218	engine_newPayloadV5	2026-09-05T01:54:02.558918691Z	50859	0x3eae0c93fc3bbe4b36bd3ec4cdfb400c46ccf644f7a8f29722eb0019fbfbe66f	0	0	empty	
150	newPayload_request	1220	engine_newPayloadV5	2026-09-05T01:54:13.389900390Z	50932	0xf9453c09a4ccb2abbafe9863e27f4e5ce6c6c1530734e0621f1c2a7f32b77e12	0	0	empty	
150	newPayload_request	1227	engine_newPayloadV5	2026-09-05T01:54:25.288571395Z	51194	0x4f7379efb95841edec74c7ba25b7f6036578f53460e82e2bb86f17ed0d614599	0	0	empty	
150	newPayload_request	1232	engine_newPayloadV5	2026-09-05T01:54:37.155077542Z	51385	0xdf16588575f4ed61752102439c98bf62bb0178f4947021e0ae4c13a37607b6ae	0	0	empty	
150	newPayload_request	1234	engine_newPayloadV5	2026-09-05T01:54:49.185624840Z	51477	0x522ef978ed992b2ea39641644a86d05e57bc225d427c1d7386a7b5e09969614c	0	0	empty	
150	newPayload_request	1242	engine_newPayloadV5	2026-09-05T01:55:01.395291652Z	51774	0xcb88248de10dd8ac73c090b1f7fc27078b22ff14d9bdb833908086cafa7e85b0	0	0	empty	
150	newPayload_request	1247	engine_newPayloadV5	2026-09-05T01:55:15.376278053Z	51965	0xa227662c6d655ec40a7923430de68bf94b67a19553b00d2f6ebbff0325857829	0	0	empty	
150	newPayload_request	1250	engine_newPayloadV5	2026-09-05T01:55:25.533353442Z	52068	0xa8733562d28df14ca911f4d63918166849db7de94cafbdffecf7a3e257aaa8db	0	0	empty	
150	newPayload_request	1255	engine_newPayloadV5	2026-09-05T01:55:37.312030865Z	52259	0xf02f6dfa5623382ea92d3eef9324bc4540239637bb8ff03c6896a174c69213e7	0	0	empty	
150	newPayload_request	1282	engine_newPayloadV5	2026-09-05T01:59:58.725787794Z	53419	0x318bd807e9cda913db54f3f936fff7f2fb6006908f8b69ddb8ce7f8285154b97	0	0	empty	
150	newPayload_request	1303	engine_newPayloadV5	2026-09-05T02:02:28.826757163Z	54316	0xbb8c15a0d727d4373343c9791602834b0489bf59a4975841dae486341c2fe9c8	0	0	empty	
150	newPayload_request	1313	engine_newPayloadV5	2026-09-05T02:03:33.964232749Z	54731	0xe095e4a96bdd28454006c6e0bbdbc3ccf9ae15ebfb479a9a24441b5e9d37df18	0	0	empty	
150	getPayload_response	1345	engine_getPayloadV6	2026-09-05T02:09:26.205636491Z	56167	0x3d4c39bd359537b0aadd45b5428b8f7a7f3016933b6f34ba54be552ce3a079ff	0	0	empty	
150	newPayload_request	1346	engine_newPayloadV5	2026-09-05T02:09:29.958401087Z	56204	0x3d4c39bd359537b0aadd45b5428b8f7a7f3016933b6f34ba54be552ce3a079ff	0	0	empty	
151	newPayload_request	375	engine_newPayloadV5	2026-09-05T00:08:29.034211523Z	16735	0x9a84c87c8779a41cccc6a5fed314173497f614edf137a877f1811cf558204f72	0	0	empty	
151	newPayload_request	376	engine_newPayloadV5	2026-09-05T00:08:29.685151240Z	16779	0xb9b2eade724f5129b730a0bbcc1df80cbf7b6537e1d6e79a709564ef44ae3849	0	0	empty	
151	getPayload_response	483	engine_getPayloadV6	2026-09-05T00:30:00.142779749Z	21594	0x43c6841411141076128276e3b6c3690cfd68bd2946e670fa8ec535c4f0d8caee	0	0	empty	
151	newPayload_request	721	engine_newPayloadV5	2026-09-05T01:33:12.843965376Z	32175	0xdf777d7bd39c8da50222382357a2f2865c9967c5ef99f6918bdcf09fa6b81ab8	0	0	empty	
151	newPayload_request	726	engine_newPayloadV5	2026-09-05T01:33:16.757410857Z	32365	0xdf777d7bd39c8da50222382357a2f2865c9967c5ef99f6918bdcf09fa6b81ab8	0	0	empty	
151	newPayload_request	728	engine_newPayloadV5	2026-09-05T01:33:22.530209218Z	32438	0x03b9534aa3563550aba40988bca50462b89c35fb5d9a8a78bb68f04641dfd5d3	0	0	empty	
151	newPayload_request	732	engine_newPayloadV5	2026-09-05T01:33:34.150209661Z	32587	0x43e25c037fafe64d8b38d248d67afdfdf015e4223008dd2fa6dcadadde3958a4	0	0	empty	
151	newPayload_request	739	engine_newPayloadV5	2026-09-05T01:33:53.503365703Z	32836	0xbe1dd5493e36852931fa81246ce051cc3ef5fe2233f33e49c39537a6cce71f1f	0	0	empty	
151	newPayload_request	740	engine_newPayloadV5	2026-09-05T01:33:53.795169157Z	32880	0xbe1dd5493e36852931fa81246ce051cc3ef5fe2233f33e49c39537a6cce71f1f	0	0	empty	
151	newPayload_request	745	engine_newPayloadV5	2026-09-05T01:34:15.011377096Z	33079	0x12535ebc42752fc497d6c920e2035fd053437a13c8aa2a3bc9e606af323f7ac3	0	0	empty	
151	newPayload_request	746	engine_newPayloadV5	2026-09-05T01:34:16.563820580Z	33123	0x12535ebc42752fc497d6c920e2035fd053437a13c8aa2a3bc9e606af323f7ac3	0	0	empty	
151	newPayload_request	747	engine_newPayloadV5	2026-09-05T01:34:17.712545803Z	33167	0xd94ef5650b52359e89cd73e002950d7b0182e165f653327fa127c494056f32c4	0	0	empty	
151	newPayload_request	750	engine_newPayloadV5	2026-09-05T01:34:25.760326312Z	33269	0x7c666cef5cdedf65a733da480b4643355396d48e4f56c312507a09c741ac393c	0	0	empty	
151	newPayload_request	755	engine_newPayloadV5	2026-09-05T01:34:37.315412212Z	33460	0x31cfcb4ca92961dc340c7039b82eb95b712d7e2cf3f7782cf56bb0e0fee9a663	0	0	empty	
151	newPayload_request	760	engine_newPayloadV5	2026-09-05T01:34:49.290811910Z	33651	0xa218f67f6444c9a1c45ae32bc8f4742bf83dba769c8aef58aa820a175f5735a0	0	0	empty	
151	newPayload_request	765	engine_newPayloadV5	2026-09-05T01:35:01.159522008Z	33844	0xeb892eb2aa511cf2dc49d7f1e191ee205377e893d8ad3560b745df7d5bfdc12b	0	0	empty	
151	newPayload_request	770	engine_newPayloadV5	2026-09-05T01:35:13.815785679Z	34035	0xece62d89c063989aaef8a4d8f3b10d0298fee935de2da9e91c87ba8a6cee5d91	0	0	empty	
151	newPayload_request	775	engine_newPayloadV5	2026-09-05T01:35:25.501761741Z	34226	0x5521990a7414bd7b867977623332c490f9fe9810706eddbdce02f514bc08f719	0	0	empty	
151	newPayload_request	780	engine_newPayloadV5	2026-09-05T01:35:37.127250380Z	34417	0x78f969458d4a00ebd5d8d885b590b69889db5955f4700d8f00ae3d0aaf73f77c	0	0	empty	
151	newPayload_request	782	engine_newPayloadV5	2026-09-05T01:35:49.296936346Z	34491	0xcc3a083b59ab916873615e3c040ac8d6352fcb51fa971e8c740f67925fe39338	0	0	empty	
151	newPayload_request	790	engine_newPayloadV5	2026-09-05T01:36:01.898696356Z	34782	0xbd177e00545b6ebcc779bc307541a3c9fb74e679cfea2fa1d07a55bf2c8cddc5	0	0	empty	
151	newPayload_request	795	engine_newPayloadV5	2026-09-05T01:36:13.738789969Z	34973	0x6485148e5b372601351a7ff4a77fc50084fe1f4535f5f952e653a7a8885065ea	0	0	empty	
151	newPayload_request	800	engine_newPayloadV5	2026-09-05T01:36:26.954203339Z	35164	0xcfcbf45a630f3f659591dae28c404785995fe838fb144d777bb9d29965ebf7fc	0	0	empty	
151	newPayload_request	805	engine_newPayloadV5	2026-09-05T01:36:40.321365988Z	35355	0xb8f4577d10af3ead1fde4187b78a8ee0e6ca97fb30c393ea31ac9e23fba124e9	0	0	empty	
151	newPayload_request	810	engine_newPayloadV5	2026-09-05T01:36:52.684980968Z	35546	0x616503d1bdf73198057f37ccb830cb21a9d55e7ea57e763e16253b05f9e2f7fa	0	0	empty	
151	newPayload_request	814	engine_newPayloadV5	2026-09-05T01:37:02.860429512Z	35697	0xb10c6c1a530e3965a6dd4050c2a04c4c6e5755392df3c0340e4bcce7fd5decba	0	0	empty	
151	newPayload_request	816	engine_newPayloadV5	2026-09-05T01:37:13.880971770Z	35771	0x246b5edbc8976296f771cc7ae82f6f619fc9912f1be89584cb092d4807e50bd4	0	0	empty	
151	newPayload_request	823	engine_newPayloadV5	2026-09-05T01:37:26.498797976Z	36031	0x925d53eb6594633897c6989aa756e4ecc6bad81d414041a0e76c87ba7e721761	0	0	empty	
151	newPayload_request	829	engine_newPayloadV5	2026-09-05T01:37:37.516713536Z	36251	0x16fc2b531d39eedc51ab0f56fd78922d7ecf5e6f7faecde992df595bdccc2f65	0	0	empty	
151	newPayload_request	834	engine_newPayloadV5	2026-09-05T01:37:51.746706710Z	36443	0x9f6ee5a594badeda72efdfef738511682f5b93bc96a9d774db6a2379daccef82	0	0	empty	
151	newPayload_request	840	engine_newPayloadV5	2026-09-05T01:38:02.432777860Z	36664	0x5ceb996376f990fb6f844aee5565cb3f1b06a4ecdc9fc4acfc1622f64a15391c	0	0	empty	
151	newPayload_request	843	engine_newPayloadV5	2026-09-05T01:38:14.548121700Z	36785	0xe320f5f9fe2dd9313f1224f1396a2a5c2ce00f5636647720645f7bc81303e2af	0	0	empty	
151	newPayload_request	848	engine_newPayloadV5	2026-09-05T01:38:26.299014308Z	36976	0x73eef28bee32efdbe793ddb0afbdaa52a30e0d8e22f8c43c730178301eff2225	0	0	empty	
151	newPayload_request	850	engine_newPayloadV5	2026-09-05T01:38:37.589177821Z	37050	0xd98a1d9ab7d953cb760b6ea59ff603783461b81bade3ff64cb5f6f18a314bd7f	0	0	empty	
151	newPayload_request	857	engine_newPayloadV5	2026-09-05T01:38:50.777906433Z	37311	0x4c5ec42b3bf21c60a791f575983cf7ac034012b5fe462bc188f44510bf60f78c	0	0	empty	
151	newPayload_request	862	engine_newPayloadV5	2026-09-05T01:39:03.857997975Z	37503	0x04f4340417af45df2521cb2d720097c38c774a07b48c741b4d9815eb0698d5ca	0	0	empty	
151	newPayload_request	869	engine_newPayloadV5	2026-09-05T01:39:16.430782766Z	37752	0x4142010bdf78ed77c6eedd7f49bd0decf756d48b5529573a7d35aad709367880	0	0	empty	
151	newPayload_request	874	engine_newPayloadV5	2026-09-05T01:39:25.832111118Z	37949	0x2f944ddae38001bcbe660c656e09ca924cc1bf60ccf02759fc0b2adb67a5d707	0	0	empty	
151	newPayload_request	879	engine_newPayloadV5	2026-09-05T01:39:38.054965690Z	38140	0x55c261f510c23680f00d5b644acddf8616138a0419da5228aef4b636e07e2e95	0	0	empty	
151	newPayload_request	884	engine_newPayloadV5	2026-09-05T01:39:49.363301612Z	38331	0x4e2cbf793ec3295cc8da6667c5894e6630e6ff011a5bca347af9a44365903cd8	0	0	empty	
151	newPayload_request	889	engine_newPayloadV5	2026-09-05T01:40:03.974350350Z	38523	0xd7a89c6687b305575b8ba5cb3e1b75908c50b88d725893af722ee222546c2361	0	0	empty	
151	newPayload_request	891	engine_newPayloadV5	2026-09-05T01:40:14.174392037Z	38597	0x3f042afbc20f852eab43e0ef53e35cb685c862858adefe99e082ab6722174852	0	0	empty	
151	newPayload_request	899	engine_newPayloadV5	2026-09-05T01:40:26.246944130Z	38887	0x881f01c4163841899fbdc4e017a2d198976bc42b29906baa22630b467b1243dc	0	0	empty	
151	newPayload_request	902	engine_newPayloadV5	2026-09-05T01:40:38.738022177Z	39008	0x9f7655662d8ef5e35477f0b2b8e73972dea2ed4fcef954aff24ae3f32a5e954d	0	0	empty	
151	newPayload_request	908	engine_newPayloadV5	2026-09-05T01:40:50.401730627Z	39228	0xf995d42db9fddd12af2761b5cc59c1be7960eb7d19da4f8f8d1d33c00f9e7a4b	0	0	empty	
151	newPayload_request	913	engine_newPayloadV5	2026-09-05T01:41:02.737140013Z	39420	0x245f92010cf74b18d00e7f51c64bdf94da07cb43e62e3fdcb64d089449ed5dbe	0	0	empty	
151	newPayload_request	918	engine_newPayloadV5	2026-09-05T01:41:15.047249973Z	39611	0xab4db72d03316e0bd6e1dd7e9a785b9d2d9f9829642d138ff42f025d57618b72	0	0	empty	
151	newPayload_request	923	engine_newPayloadV5	2026-09-05T01:41:26.719207850Z	39802	0xd706a23b4079cc74de79fbf4f95d4f191879753c3d0b7ba4ea5290ca1a750bf5	0	0	empty	
151	newPayload_request	925	engine_newPayloadV5	2026-09-05T01:41:38.362731571Z	39876	0x25f757b80623caa82e7c8964329488a178c59731c93efc6a6c136c75feda2f35	0	0	empty	
151	newPayload_request	932	engine_newPayloadV5	2026-09-05T01:41:51.130879455Z	40137	0x80c043e1e273c963720ce30e17c19afa6c3bff78aeee0478d8d5ed50574ace9b	0	0	empty	
151	newPayload_request	937	engine_newPayloadV5	2026-09-05T01:42:02.665165520Z	40329	0x2df1779fceddb43c3623bd4d0bc486be91621686362c46459fbc970cbe76a742	0	0	empty	
151	newPayload_request	942	engine_newPayloadV5	2026-09-05T01:42:15.076872124Z	40520	0x9cc50b677092aa30ee580f31ced4bd9ad1e6825d53d45b0c6501e4bac2285ce8	0	0	empty	
151	newPayload_request	948	engine_newPayloadV5	2026-09-05T01:42:27.522063337Z	40740	0x33cbd19dd23ef5c2da3141dfa8f594ffdb004d5d6a7dbc61345a3bfe78f54aeb	0	0	empty	
151	newPayload_request	953	engine_newPayloadV5	2026-09-05T01:42:40.429131168Z	40931	0x0a005e5f3659a168dc4e947fdb754aabe14202fe900ac13b336203a1948d6710	0	0	empty	
151	newPayload_request	958	engine_newPayloadV5	2026-09-05T01:42:51.077739131Z	41122	0xb7e34025246673da1e4220de864d0f61cd73ff95fe349323cd166152895807cf	0	0	empty	
151	newPayload_request	960	engine_newPayloadV5	2026-09-05T01:43:04.368797056Z	41197	0x6b770d61ffd59bcce18ab5956af6d3f6f369560739c50417ab1b13b9e36c9b9b	0	0	empty	
151	newPayload_request	968	engine_newPayloadV5	2026-09-05T01:43:15.041419856Z	41487	0x13caf61c02ae853d2311d6001c47b5e268dd40eac3af0aac7e98895c7bfac097	0	0	empty	
151	newPayload_request	971	engine_newPayloadV5	2026-09-05T01:43:26.730220600Z	41608	0x9329e7bd4ffba11c0cfbb62400785736137925bbb67c8c5d869969bff878b0f7	0	0	empty	
151	newPayload_request	976	engine_newPayloadV5	2026-09-05T01:43:44.410295416Z	41799	0xa68a7f4ca273d2212c15d7930c942f624632765b4c5a4ab89f0a4d891a957f92	0	0	empty	
151	newPayload_request	981	engine_newPayloadV5	2026-09-05T01:43:51.109673661Z	41978	0xa83ef3d3fb1e04acfbfaec458f5d07fd5c97c68c8958e9bfb5766eb84e7225e7	0	0	empty	
151	newPayload_request	987	engine_newPayloadV5	2026-09-05T01:44:05.497002013Z	42199	0x08d4724856f36b54d143b02949666a9676008a99192f9ba6a79a2a061dc06948	0	0	empty	
151	newPayload_request	991	engine_newPayloadV5	2026-09-05T01:44:15.379810939Z	42348	0xda1c1b4ad382a753e2814a71c14396f072ffbe1c6f7f37dd6327f684b67bffb9	0	0	empty	
151	newPayload_request	993	engine_newPayloadV5	2026-09-05T01:44:26.061128942Z	42423	0xb63315cde41db14fae1a6d93f0c9912115694e892a06462549472059c1308147	0	0	empty	
151	newPayload_request	1000	engine_newPayloadV5	2026-09-05T01:44:37.784105503Z	42684	0x4ba57fb3110598fa4557b722b73542d1927072f237a4e2d20be6ab44c1ac60f8	0	0	empty	
151	newPayload_request	1005	engine_newPayloadV5	2026-09-05T01:44:54.526035586Z	42875	0xee30f8b77827a6eecf3cce03373a9be6fe5a594f9e87ce50d96057f08865d871	0	0	empty	
151	newPayload_request	1012	engine_newPayloadV5	2026-09-05T01:45:05.027302289Z	43125	0x19131163243a34acd438fc7b7df490e2bc3581d011c5bf960b5a6e769b0fc02e	0	0	empty	
151	newPayload_request	1016	engine_newPayloadV5	2026-09-05T01:45:14.093723561Z	43275	0xa1ee4b78dec5a13a4d3bb3ef3e8a3a271145615df45233ca17d5a4af2f334727	0	0	empty	
151	newPayload_request	1019	engine_newPayloadV5	2026-09-05T01:45:25.349749115Z	43395	0x673f5cde1640a66a6acbf5f9fa07cf0f0223f6c7a41f93ffb6de23426b1783c1	0	0	empty	
151	newPayload_request	1025	engine_newPayloadV5	2026-09-05T01:45:40.824704038Z	43616	0xe78411fcea356edbb7d2e305907a20b2a9265a56132a3179587bc8ff4b02dd7f	0	0	empty	
151	newPayload_request	1028	engine_newPayloadV5	2026-09-05T01:45:49.772594267Z	43719	0xa41b5ce27ea9579248012bc6aaddc9600545322ea40586d6b36c48ae42be6384	0	0	empty	
151	newPayload_request	1033	engine_newPayloadV5	2026-09-05T01:46:02.034345266Z	43911	0x97e5c064d2b203b45279582591c4d32e1cff16c9d68ea9ad08880865cbcee620	0	0	empty	
151	newPayload_request	1038	engine_newPayloadV5	2026-09-05T01:46:16.487750337Z	44102	0x935782051769f5e444cb5225c89b26406d333f00517cfdd8bbe2b2e9362eae13	0	0	empty	
151	newPayload_request	1044	engine_newPayloadV5	2026-09-05T01:46:26.997100740Z	44322	0xe2bafb7da2266ac9396fb9950b4072494f86231442de452daf0da78d85042e8d	0	0	empty	
151	newPayload_request	1048	engine_newPayloadV5	2026-09-05T01:46:37.039797487Z	44472	0xd1c7516ed123baf1b82b8777388075789ed578a6b49c01d6b7f4be797a5bfd2e	0	0	empty	
151	newPayload_request	1051	engine_newPayloadV5	2026-09-05T01:46:49.076826646Z	44593	0x86157fa4483f3c812ac7b642bc59a0830b33a299298d268979743a88bef26538	0	0	empty	
151	newPayload_request	1053	engine_newPayloadV5	2026-09-05T01:47:01.116563792Z	44668	0xccff6b4846579f40f936f6cfc85426be79bab204041e1c19aa1868dddb7ebef2	0	0	empty	
151	newPayload_request	1061	engine_newPayloadV5	2026-09-05T01:47:13.408782643Z	44958	0xdbe5494fba53347f23e77b38c786df103784fa850fa50e2616a6576af52afec8	0	0	empty	
151	newPayload_request	1066	engine_newPayloadV5	2026-09-05T01:47:25.926225985Z	45149	0xb9ed6ba24cf9a6fb2da974e4a7cb92fdebaeadd6d95370a1f9303293495b1229	0	0	empty	
151	newPayload_request	1071	engine_newPayloadV5	2026-09-05T01:47:37.798249410Z	45340	0xe207023239fb575d63ea6d47590a3d0887ad25028ace4e9d57acf268feb03843	0	0	empty	
151	newPayload_request	1076	engine_newPayloadV5	2026-09-05T01:47:49.182307723Z	45531	0xe60f3b71e4793b1bd51d3247015f67ed9b8fc66f96ca66636b780ee9d374a28a	0	0	empty	
151	newPayload_request	1081	engine_newPayloadV5	2026-09-05T01:48:02.132945395Z	45723	0x0e467b861259f1f93cf39307e1aeb8d223597d183c37b5677cf4445aad0f480b	0	0	empty	
151	newPayload_request	1086	engine_newPayloadV5	2026-09-05T01:48:13.114905426Z	45914	0x7bc9a7a1fda4ac14627d7765dfffe6edbdaedef95a4a3ccdf67e73aed59ef738	0	0	empty	
151	newPayload_request	1091	engine_newPayloadV5	2026-09-05T01:48:26.429129282Z	46105	0xa2cbbc8ef09bb0c4d6905cb8fb06f957f3b531bad2d6fceea7cf2b3f9a08ffc8	0	0	empty	
151	newPayload_request	1093	engine_newPayloadV5	2026-09-05T01:48:37.603173948Z	46179	0xdbcf51653cd94aa2c920a79f5b5bcc1b19b49383f70e20bab40cf76053c00195	0	0	empty	
151	newPayload_request	1101	engine_newPayloadV5	2026-09-05T01:48:50.383530501Z	46469	0x946a201744ae66f3fedc230ce77d88aed503b89175f9aa2ac37c0d134024eded	0	0	empty	
151	newPayload_request	1106	engine_newPayloadV5	2026-09-05T01:49:01.039988020Z	46661	0x131a9cc2905b35e16365b0f2e190796433e2b894103705541e897412375ab3ec	0	0	empty	
151	newPayload_request	1111	engine_newPayloadV5	2026-09-05T01:49:14.882630433Z	46852	0xb15e604fe0fb64d5a9ab6f70c760c0d28c1e213e0cb9d720ba8fa24e158211bb	0	0	empty	
151	newPayload_request	1116	engine_newPayloadV5	2026-09-05T01:49:28.341272906Z	47043	0xff94488fc6025cc072f9a94c7ebae908bfd6cb6850ab6a867812d8feaaf29f33	0	0	empty	
151	newPayload_request	1120	engine_newPayloadV5	2026-09-05T01:49:37.640269222Z	47193	0xdb3c8eae971ab2b3bc6c04b6214f6389a760cf20b4709597ee3ad4ec016f96bc	0	0	empty	
151	getPayload_response	1122	engine_getPayloadV6	2026-09-05T01:49:48.021472653Z	47285	0x18ed4b65350beb1d1bfc4ff33e2c639e1021d5e3d279b2732c7fe84f00e5ed48	0	0	empty	
151	newPayload_request	1123	engine_newPayloadV5	2026-09-05T01:49:49.007062302Z	47322	0x18ed4b65350beb1d1bfc4ff33e2c639e1021d5e3d279b2732c7fe84f00e5ed48	0	0	empty	
151	newPayload_request	1131	engine_newPayloadV5	2026-09-05T01:50:04.661320160Z	47631	0x960c16195572c20331cf903a1a0cbf3fc618cac0dd0152c04b2249fe5f318018	0	0	empty	
151	newPayload_request	1134	engine_newPayloadV5	2026-09-05T01:50:17.135295052Z	47734	0xbf5ffd46f682078618e84ac3c0eca6d675eff9c1786ce936eb510ce48288a9b4	0	0	empty	
151	newPayload_request	1141	engine_newPayloadV5	2026-09-05T01:50:25.863311340Z	47983	0xfbd155685ca5023cf55710dcdef19954103f398eef84d339e56bdf3deaaed3c2	0	0	empty	
151	newPayload_request	1144	engine_newPayloadV5	2026-09-05T01:50:37.272154905Z	48103	0x5af4761cc933ee4293660dc4b6b8bd355ad653b04aee555f14c0af59c9472169	0	0	empty	
151	newPayload_request	1149	engine_newPayloadV5	2026-09-05T01:50:49.439028847Z	48295	0x2ccbd517803e0f13061b601a4ce4f2c2a0dd6ed7b5084dd74f140ddccf74e10b	0	0	empty	
151	newPayload_request	1154	engine_newPayloadV5	2026-09-05T01:51:04.064567363Z	48487	0xdd365867a1c41eee415986064777264d8d4a6dc39b3bd5c2fd7c28e46b345fd9	0	0	empty	
151	newPayload_request	1157	engine_newPayloadV5	2026-09-05T01:51:13.559674441Z	48590	0x32336115dd6600c5a47233a07a4ed697e3431f533a38090fad42ea620ceea910	0	0	empty	
151	newPayload_request	1162	engine_newPayloadV5	2026-09-05T01:51:25.540407282Z	48781	0x931683cba8723bbcaab3d1f942f990e1b6ffe1e7a12a93d93d5474966718733c	0	0	empty	
151	newPayload_request	1167	engine_newPayloadV5	2026-09-05T01:51:37.932943134Z	48972	0xe7eb34e8ddd5db27c245cf01bab95a4f6c85718ca8be5e21bdc166e12f389c72	0	0	empty	
151	newPayload_request	1172	engine_newPayloadV5	2026-09-05T01:51:52.246771653Z	49163	0x4605354653950925dde75cdd48a2786966938c883187a557ca1a4012842d9832	0	0	empty	
151	newPayload_request	1178	engine_newPayloadV5	2026-09-05T01:52:03.779970641Z	49384	0x3d8b7508ed7d7dd30a991d82e367295879edf4c5da0deefa53bd489a5d118040	0	0	empty	
151	newPayload_request	1184	engine_newPayloadV5	2026-09-05T01:52:14.343541258Z	49604	0xe2a8961bf8e44215297d00a290b2ed7677c73f1ca09ee937e6f8c61d0ac21a3b	0	0	empty	
151	newPayload_request	1187	engine_newPayloadV5	2026-09-05T01:52:25.755117138Z	49725	0x52841dc1c142521e074f0c8a86cd9d3c8f147e90ad92e29c89076e6949f6cee3	0	0	empty	
151	newPayload_request	1192	engine_newPayloadV5	2026-09-05T01:52:40.084665768Z	49916	0xd7945abb59fe9e4f1071b7cde0345c3dfc986a18c0a983d0f55243c7c540c8b0	0	0	empty	
151	newPayload_request	1195	engine_newPayloadV5	2026-09-05T01:52:49.573703883Z	50019	0x6f602f634396f597815fadf837999d2fa07fc0d22d887248890de710112b845a	0	0	empty	
151	newPayload_request	1200	engine_newPayloadV5	2026-09-05T01:53:01.503338472Z	50211	0x5c42bd0df362d9caffd65dd4cc3278ba735632daab4a5b31550e059ec7ba2fd8	0	0	empty	
151	newPayload_request	1205	engine_newPayloadV5	2026-09-05T01:53:14.058998266Z	50402	0x1c9360dd7a98342d9a7bc558a92c65c86eaac468e92095dc72df683666c70589	0	0	empty	
151	newPayload_request	1210	engine_newPayloadV5	2026-09-05T01:53:27.356919832Z	50593	0x0227c072d885d5ada797b550b33d2a5f6f48171db603df6c4a2135e0ea5718a6	0	0	empty	
151	newPayload_request	1216	engine_newPayloadV5	2026-09-05T01:53:39.180535937Z	50813	0xc9aba8d094258d36231406c60f7a32ed5d2f3b98a2d4c944032974c49e9e7eac	0	0	empty	
151	newPayload_request	1220	engine_newPayloadV5	2026-09-05T01:53:51.209210402Z	50963	0x5f5a547c6f41a0932ff5c4ac0bc0fb1c08b90f2589bfc157b6d166a487c1a931	0	0	empty	
151	newPayload_request	1223	engine_newPayloadV5	2026-09-05T01:54:02.092078387Z	51067	0x3eae0c93fc3bbe4b36bd3ec4cdfb400c46ccf644f7a8f29722eb0019fbfbe66f	0	0	empty	
151	newPayload_request	1228	engine_newPayloadV5	2026-09-05T01:54:12.765923558Z	51257	0xf9453c09a4ccb2abbafe9863e27f4e5ce6c6c1530734e0621f1c2a7f32b77e12	0	0	empty	
151	newPayload_request	1233	engine_newPayloadV5	2026-09-05T01:54:24.958664606Z	51449	0x4f7379efb95841edec74c7ba25b7f6036578f53460e82e2bb86f17ed0d614599	0	0	empty	
151	newPayload_request	1238	engine_newPayloadV5	2026-09-05T01:54:37.150558330Z	51640	0xdf16588575f4ed61752102439c98bf62bb0178f4947021e0ae4c13a37607b6ae	0	0	empty	
151	newPayload_request	1240	engine_newPayloadV5	2026-09-05T01:54:51.108713710Z	51732	0x522ef978ed992b2ea39641644a86d05e57bc225d427c1d7386a7b5e09969614c	0	0	empty	
151	newPayload_request	1245	engine_newPayloadV5	2026-09-05T01:55:00.899279603Z	51924	0xcb88248de10dd8ac73c090b1f7fc27078b22ff14d9bdb833908086cafa7e85b0	0	0	empty	
151	newPayload_request	1251	engine_newPayloadV5	2026-09-05T01:55:15.154312102Z	52144	0xa227662c6d655ec40a7923430de68bf94b67a19553b00d2f6ebbff0325857829	0	0	empty	
151	newPayload_request	1254	engine_newPayloadV5	2026-09-05T01:55:25.264831900Z	52247	0xa8733562d28df14ca911f4d63918166849db7de94cafbdffecf7a3e257aaa8db	0	0	empty	
151	newPayload_request	1259	engine_newPayloadV5	2026-09-05T01:55:38.743167461Z	52438	0xf02f6dfa5623382ea92d3eef9324bc4540239637bb8ff03c6896a174c69213e7	0	0	empty	
151	newPayload_request	1298	engine_newPayloadV5	2026-09-05T02:02:29.529749350Z	54146	0xbb8c15a0d727d4373343c9791602834b0489bf59a4975841dae486341c2fe9c8	0	0	empty	
151	newPayload_request	1304	engine_newPayloadV5	2026-09-05T02:03:34.958653255Z	54409	0xe095e4a96bdd28454006c6e0bbdbc3ccf9ae15ebfb479a9a24441b5e9d37df18	0	0	empty	
201	newPayload_request	375	engine_newPayloadV5	2026-09-05T00:08:23.537632107Z	16736	0xb9b2eade724f5129b730a0bbcc1df80cbf7b6537e1d6e79a709564ef44ae3849	0	0	empty	
201	newPayload_request	379	engine_newPayloadV5	2026-09-05T00:08:28.688246733Z	16885	0x9a84c87c8779a41cccc6a5fed314173497f614edf137a877f1811cf558204f72	0	0	empty	
201	newPayload_request	722	engine_newPayloadV5	2026-09-05T01:33:01.891206917Z	32198	0xdf777d7bd39c8da50222382357a2f2865c9967c5ef99f6918bdcf09fa6b81ab8	0	0	empty	
201	newPayload_request	729	engine_newPayloadV5	2026-09-05T01:33:18.791544139Z	32464	0x03b9534aa3563550aba40988bca50462b89c35fb5d9a8a78bb68f04641dfd5d3	0	0	empty	
201	newPayload_request	732	engine_newPayloadV5	2026-09-05T01:33:26.884091237Z	32566	0x43e25c037fafe64d8b38d248d67afdfdf015e4223008dd2fa6dcadadde3958a4	0	0	empty	
201	newPayload_request	739	engine_newPayloadV5	2026-09-05T01:33:46.985820342Z	32833	0xbe1dd5493e36852931fa81246ce051cc3ef5fe2233f33e49c39537a6cce71f1f	0	0	empty	
201	newPayload_request	746	engine_newPayloadV5	2026-09-05T01:34:06.427437517Z	33090	0x12535ebc42752fc497d6c920e2035fd053437a13c8aa2a3bc9e606af323f7ac3	0	0	empty	
201	newPayload_request	753	engine_newPayloadV5	2026-09-05T01:34:13.456564388Z	33344	0xd94ef5650b52359e89cd73e002950d7b0182e165f653327fa127c494056f32c4	0	0	empty	
201	newPayload_request	755	engine_newPayloadV5	2026-09-05T01:34:25.245967092Z	33418	0x7c666cef5cdedf65a733da480b4643355396d48e4f56c312507a09c741ac393c	0	0	empty	
201	newPayload_request	760	engine_newPayloadV5	2026-09-05T01:34:37.373133787Z	33608	0x31cfcb4ca92961dc340c7039b82eb95b712d7e2cf3f7782cf56bb0e0fee9a663	0	0	empty	
201	newPayload_request	765	engine_newPayloadV5	2026-09-05T01:34:49.123863093Z	33800	0xa218f67f6444c9a1c45ae32bc8f4742bf83dba769c8aef58aa820a175f5735a0	0	0	empty	
201	newPayload_request	770	engine_newPayloadV5	2026-09-05T01:35:02.690670738Z	33992	0xeb892eb2aa511cf2dc49d7f1e191ee205377e893d8ad3560b745df7d5bfdc12b	0	0	empty	
201	newPayload_request	775	engine_newPayloadV5	2026-09-05T01:35:13.537008528Z	34183	0xece62d89c063989aaef8a4d8f3b10d0298fee935de2da9e91c87ba8a6cee5d91	0	0	empty	
201	newPayload_request	780	engine_newPayloadV5	2026-09-05T01:35:24.981386843Z	34374	0x5521990a7414bd7b867977623332c490f9fe9810706eddbdce02f514bc08f719	0	0	empty	
201	newPayload_request	785	engine_newPayloadV5	2026-09-05T01:35:37.573710093Z	34565	0x78f969458d4a00ebd5d8d885b590b69889db5955f4700d8f00ae3d0aaf73f77c	0	0	empty	
201	newPayload_request	788	engine_newPayloadV5	2026-09-05T01:35:49.317342247Z	34668	0xcc3a083b59ab916873615e3c040ac8d6352fcb51fa971e8c740f67925fe39338	0	0	empty	
201	newPayload_request	795	engine_newPayloadV5	2026-09-05T01:36:01.652692309Z	34930	0xbd177e00545b6ebcc779bc307541a3c9fb74e679cfea2fa1d07a55bf2c8cddc5	0	0	empty	
201	newPayload_request	800	engine_newPayloadV5	2026-09-05T01:36:13.602871142Z	35121	0x6485148e5b372601351a7ff4a77fc50084fe1f4535f5f952e653a7a8885065ea	0	0	empty	
201	newPayload_request	805	engine_newPayloadV5	2026-09-05T01:36:26.153454941Z	35312	0xcfcbf45a630f3f659591dae28c404785995fe838fb144d777bb9d29965ebf7fc	0	0	empty	
201	newPayload_request	810	engine_newPayloadV5	2026-09-05T01:36:39.842659449Z	35503	0xb8f4577d10af3ead1fde4187b78a8ee0e6ca97fb30c393ea31ac9e23fba124e9	0	0	empty	
201	newPayload_request	815	engine_newPayloadV5	2026-09-05T01:36:52.526099763Z	35694	0x616503d1bdf73198057f37ccb830cb21a9d55e7ea57e763e16253b05f9e2f7fa	0	0	empty	
201	newPayload_request	819	engine_newPayloadV5	2026-09-05T01:37:02.164301379Z	35845	0xb10c6c1a530e3965a6dd4050c2a04c4c6e5755392df3c0340e4bcce7fd5decba	0	0	empty	
201	newPayload_request	821	engine_newPayloadV5	2026-09-05T01:37:13.670417156Z	35918	0x246b5edbc8976296f771cc7ae82f6f619fc9912f1be89584cb092d4807e50bd4	0	0	empty	
201	newPayload_request	829	engine_newPayloadV5	2026-09-05T01:37:26.426532995Z	36209	0x925d53eb6594633897c6989aa756e4ecc6bad81d414041a0e76c87ba7e721761	0	0	empty	
201	newPayload_request	834	engine_newPayloadV5	2026-09-05T01:37:37.765690281Z	36400	0x16fc2b531d39eedc51ab0f56fd78922d7ecf5e6f7faecde992df595bdccc2f65	0	0	empty	
201	newPayload_request	839	engine_newPayloadV5	2026-09-05T01:37:51.410232020Z	36591	0x9f6ee5a594badeda72efdfef738511682f5b93bc96a9d774db6a2379daccef82	0	0	empty	
201	newPayload_request	845	engine_newPayloadV5	2026-09-05T01:38:01.985158234Z	36812	0x5ceb996376f990fb6f844aee5565cb3f1b06a4ecdc9fc4acfc1622f64a15391c	0	0	empty	
201	newPayload_request	848	engine_newPayloadV5	2026-09-05T01:38:13.636196995Z	36933	0xe320f5f9fe2dd9313f1224f1396a2a5c2ce00f5636647720645f7bc81303e2af	0	0	empty	
201	newPayload_request	853	engine_newPayloadV5	2026-09-05T01:38:25.783731624Z	37124	0x73eef28bee32efdbe793ddb0afbdaa52a30e0d8e22f8c43c730178301eff2225	0	0	empty	
201	newPayload_request	855	engine_newPayloadV5	2026-09-05T01:38:37.879350154Z	37198	0xd98a1d9ab7d953cb760b6ea59ff603783461b81bade3ff64cb5f6f18a314bd7f	0	0	empty	
201	newPayload_request	862	engine_newPayloadV5	2026-09-05T01:38:50.094705982Z	37459	0x4c5ec42b3bf21c60a791f575983cf7ac034012b5fe462bc188f44510bf60f78c	0	0	empty	
201	newPayload_request	868	engine_newPayloadV5	2026-09-05T01:39:03.835965703Z	37680	0x04f4340417af45df2521cb2d720097c38c774a07b48c741b4d9815eb0698d5ca	0	0	empty	
201	newPayload_request	874	engine_newPayloadV5	2026-09-05T01:39:15.207157648Z	37900	0x4142010bdf78ed77c6eedd7f49bd0decf756d48b5529573a7d35aad709367880	0	0	empty	
201	newPayload_request	877	engine_newPayloadV5	2026-09-05T01:39:25.390392751Z	38021	0x2f944ddae38001bcbe660c656e09ca924cc1bf60ccf02759fc0b2adb67a5d707	0	0	empty	
201	newPayload_request	882	engine_newPayloadV5	2026-09-05T01:39:37.538340406Z	38212	0x55c261f510c23680f00d5b644acddf8616138a0419da5228aef4b636e07e2e95	0	0	empty	
201	newPayload_request	887	engine_newPayloadV5	2026-09-05T01:39:49.581993935Z	38402	0x4e2cbf793ec3295cc8da6667c5894e6630e6ff011a5bca347af9a44365903cd8	0	0	empty	
201	newPayload_request	892	engine_newPayloadV5	2026-09-05T01:40:03.776209720Z	38595	0xd7a89c6687b305575b8ba5cb3e1b75908c50b88d725893af722ee222546c2361	0	0	empty	
201	newPayload_request	894	engine_newPayloadV5	2026-09-05T01:40:14.215954014Z	38669	0x3f042afbc20f852eab43e0ef53e35cb685c862858adefe99e082ab6722174852	0	0	empty	
201	newPayload_request	902	engine_newPayloadV5	2026-09-05T01:40:25.604194070Z	38959	0x881f01c4163841899fbdc4e017a2d198976bc42b29906baa22630b467b1243dc	0	0	empty	
201	newPayload_request	906	engine_newPayloadV5	2026-09-05T01:40:37.971619398Z	39109	0x9f7655662d8ef5e35477f0b2b8e73972dea2ed4fcef954aff24ae3f32a5e954d	0	0	empty	
201	newPayload_request	911	engine_newPayloadV5	2026-09-05T01:40:49.566529337Z	39300	0xf995d42db9fddd12af2761b5cc59c1be7960eb7d19da4f8f8d1d33c00f9e7a4b	0	0	empty	
201	newPayload_request	916	engine_newPayloadV5	2026-09-05T01:41:02.807927698Z	39492	0x245f92010cf74b18d00e7f51c64bdf94da07cb43e62e3fdcb64d089449ed5dbe	0	0	empty	
201	newPayload_request	921	engine_newPayloadV5	2026-09-05T01:41:13.778034591Z	39683	0xab4db72d03316e0bd6e1dd7e9a785b9d2d9f9829642d138ff42f025d57618b72	0	0	empty	
201	newPayload_request	923	engine_newPayloadV5	2026-09-05T01:41:26.016570035Z	39757	0xd706a23b4079cc74de79fbf4f95d4f191879753c3d0b7ba4ea5290ca1a750bf5	0	0	empty	
201	newPayload_request	930	engine_newPayloadV5	2026-09-05T01:41:37.563088509Z	40018	0x25f757b80623caa82e7c8964329488a178c59731c93efc6a6c136c75feda2f35	0	0	empty	
201	newPayload_request	935	engine_newPayloadV5	2026-09-05T01:41:50.702054265Z	40209	0x80c043e1e273c963720ce30e17c19afa6c3bff78aeee0478d8d5ed50574ace9b	0	0	empty	
201	newPayload_request	940	engine_newPayloadV5	2026-09-05T01:42:02.041467962Z	40401	0x2df1779fceddb43c3623bd4d0bc486be91621686362c46459fbc970cbe76a742	0	0	empty	
201	newPayload_request	946	engine_newPayloadV5	2026-09-05T01:42:15.208776151Z	40621	0x9cc50b677092aa30ee580f31ced4bd9ad1e6825d53d45b0c6501e4bac2285ce8	0	0	empty	
201	newPayload_request	951	engine_newPayloadV5	2026-09-05T01:42:26.962738267Z	40812	0x33cbd19dd23ef5c2da3141dfa8f594ffdb004d5d6a7dbc61345a3bfe78f54aeb	0	0	empty	
201	newPayload_request	956	engine_newPayloadV5	2026-09-05T01:42:37.643585723Z	41003	0x0a005e5f3659a168dc4e947fdb754aabe14202fe900ac13b336203a1948d6710	0	0	empty	
201	newPayload_request	961	engine_newPayloadV5	2026-09-05T01:42:50.578696982Z	41194	0xb7e34025246673da1e4220de864d0f61cd73ff95fe349323cd166152895807cf	0	0	empty	
201	newPayload_request	963	engine_newPayloadV5	2026-09-05T01:43:04.043282736Z	41269	0x6b770d61ffd59bcce18ab5956af6d3f6f369560739c50417ab1b13b9e36c9b9b	0	0	empty	
201	newPayload_request	971	engine_newPayloadV5	2026-09-05T01:43:14.198937790Z	41559	0x13caf61c02ae853d2311d6001c47b5e268dd40eac3af0aac7e98895c7bfac097	0	0	empty	
201	newPayload_request	974	engine_newPayloadV5	2026-09-05T01:43:25.622836885Z	41680	0x9329e7bd4ffba11c0cfbb62400785736137925bbb67c8c5d869969bff878b0f7	0	0	empty	
201	newPayload_request	980	engine_newPayloadV5	2026-09-05T01:43:44.447488438Z	41900	0xa68a7f4ca273d2212c15d7930c942f624632765b4c5a4ab89f0a4d891a957f92	0	0	empty	
201	newPayload_request	985	engine_newPayloadV5	2026-09-05T01:43:50.088834244Z	42079	0xa83ef3d3fb1e04acfbfaec458f5d07fd5c97c68c8958e9bfb5766eb84e7225e7	0	0	empty	
201	newPayload_request	990	engine_newPayloadV5	2026-09-05T01:44:05.098370683Z	42271	0x08d4724856f36b54d143b02949666a9676008a99192f9ba6a79a2a061dc06948	0	0	empty	
201	newPayload_request	994	engine_newPayloadV5	2026-09-05T01:44:14.615839331Z	42420	0xda1c1b4ad382a753e2814a71c14396f072ffbe1c6f7f37dd6327f684b67bffb9	0	0	empty	
201	newPayload_request	996	engine_newPayloadV5	2026-09-05T01:44:25.407937126Z	42495	0xb63315cde41db14fae1a6d93f0c9912115694e892a06462549472059c1308147	0	0	empty	
201	newPayload_request	1003	engine_newPayloadV5	2026-09-05T01:44:37.257858165Z	42755	0x4ba57fb3110598fa4557b722b73542d1927072f237a4e2d20be6ab44c1ac60f8	0	0	empty	
201	newPayload_request	1008	engine_newPayloadV5	2026-09-05T01:44:54.506900143Z	42948	0xee30f8b77827a6eecf3cce03373a9be6fe5a594f9e87ce50d96057f08865d871	0	0	empty	
201	newPayload_request	1015	engine_newPayloadV5	2026-09-05T01:45:04.981443269Z	43197	0x19131163243a34acd438fc7b7df490e2bc3581d011c5bf960b5a6e769b0fc02e	0	0	empty	
201	newPayload_request	1019	engine_newPayloadV5	2026-09-05T01:45:13.970044509Z	43347	0xa1ee4b78dec5a13a4d3bb3ef3e8a3a271145615df45233ca17d5a4af2f334727	0	0	empty	
201	newPayload_request	1023	engine_newPayloadV5	2026-09-05T01:45:25.411601095Z	43497	0x673f5cde1640a66a6acbf5f9fa07cf0f0223f6c7a41f93ffb6de23426b1783c1	0	0	empty	
201	newPayload_request	1028	engine_newPayloadV5	2026-09-05T01:45:40.941143056Z	43688	0xe78411fcea356edbb7d2e305907a20b2a9265a56132a3179587bc8ff4b02dd7f	0	0	empty	
201	newPayload_request	1031	engine_newPayloadV5	2026-09-05T01:45:49.554967117Z	43791	0xa41b5ce27ea9579248012bc6aaddc9600545322ea40586d6b36c48ae42be6384	0	0	empty	
201	newPayload_request	1036	engine_newPayloadV5	2026-09-05T01:46:01.657571994Z	43983	0x97e5c064d2b203b45279582591c4d32e1cff16c9d68ea9ad08880865cbcee620	0	0	empty	
201	newPayload_request	1041	engine_newPayloadV5	2026-09-05T01:46:16.387172813Z	44174	0x935782051769f5e444cb5225c89b26406d333f00517cfdd8bbe2b2e9362eae13	0	0	empty	
201	newPayload_request	1047	engine_newPayloadV5	2026-09-05T01:46:26.960022367Z	44394	0xe2bafb7da2266ac9396fb9950b4072494f86231442de452daf0da78d85042e8d	0	0	empty	
201	newPayload_request	1051	engine_newPayloadV5	2026-09-05T01:46:37.235098557Z	44544	0xd1c7516ed123baf1b82b8777388075789ed578a6b49c01d6b7f4be797a5bfd2e	0	0	empty	
201	newPayload_request	1054	engine_newPayloadV5	2026-09-05T01:46:49.155338584Z	44664	0x86157fa4483f3c812ac7b642bc59a0830b33a299298d268979743a88bef26538	0	0	empty	
201	newPayload_request	1057	engine_newPayloadV5	2026-09-05T01:47:01.152222124Z	44769	0xccff6b4846579f40f936f6cfc85426be79bab204041e1c19aa1868dddb7ebef2	0	0	empty	
201	newPayload_request	1064	engine_newPayloadV5	2026-09-05T01:47:13.743125479Z	45030	0xdbe5494fba53347f23e77b38c786df103784fa850fa50e2616a6576af52afec8	0	0	empty	
201	newPayload_request	1069	engine_newPayloadV5	2026-09-05T01:47:26.004368322Z	45221	0xb9ed6ba24cf9a6fb2da974e4a7cb92fdebaeadd6d95370a1f9303293495b1229	0	0	empty	
201	newPayload_request	1074	engine_newPayloadV5	2026-09-05T01:47:38.123902036Z	45412	0xe207023239fb575d63ea6d47590a3d0887ad25028ace4e9d57acf268feb03843	0	0	empty	
201	newPayload_request	1079	engine_newPayloadV5	2026-09-05T01:47:49.941953310Z	45603	0xe60f3b71e4793b1bd51d3247015f67ed9b8fc66f96ca66636b780ee9d374a28a	0	0	empty	
201	newPayload_request	1084	engine_newPayloadV5	2026-09-05T01:48:01.600174096Z	45795	0x0e467b861259f1f93cf39307e1aeb8d223597d183c37b5677cf4445aad0f480b	0	0	empty	
201	newPayload_request	1089	engine_newPayloadV5	2026-09-05T01:48:13.214361768Z	45986	0x7bc9a7a1fda4ac14627d7765dfffe6edbdaedef95a4a3ccdf67e73aed59ef738	0	0	empty	
201	newPayload_request	1091	engine_newPayloadV5	2026-09-05T01:48:25.628923223Z	46060	0xa2cbbc8ef09bb0c4d6905cb8fb06f957f3b531bad2d6fceea7cf2b3f9a08ffc8	0	0	empty	
201	newPayload_request	1099	engine_newPayloadV5	2026-09-05T01:48:37.510374361Z	46350	0xdbcf51653cd94aa2c920a79f5b5bcc1b19b49383f70e20bab40cf76053c00195	0	0	empty	
201	newPayload_request	1104	engine_newPayloadV5	2026-09-05T01:48:49.214155177Z	46541	0x946a201744ae66f3fedc230ce77d88aed503b89175f9aa2ac37c0d134024eded	0	0	empty	
201	newPayload_request	1109	engine_newPayloadV5	2026-09-05T01:49:01.331292272Z	46733	0x131a9cc2905b35e16365b0f2e190796433e2b894103705541e897412375ab3ec	0	0	empty	
201	newPayload_request	1114	engine_newPayloadV5	2026-09-05T01:49:14.460043912Z	46924	0xb15e604fe0fb64d5a9ab6f70c760c0d28c1e213e0cb9d720ba8fa24e158211bb	0	0	empty	
201	newPayload_request	1119	engine_newPayloadV5	2026-09-05T01:49:28.295179907Z	47115	0xff94488fc6025cc072f9a94c7ebae908bfd6cb6850ab6a867812d8feaaf29f33	0	0	empty	
201	newPayload_request	1123	engine_newPayloadV5	2026-09-05T01:49:38.028964561Z	47265	0xdb3c8eae971ab2b3bc6c04b6214f6389a760cf20b4709597ee3ad4ec016f96bc	0	0	empty	
201	newPayload_request	1125	engine_newPayloadV5	2026-09-05T01:49:49.357893560Z	47339	0x18ed4b65350beb1d1bfc4ff33e2c639e1021d5e3d279b2732c7fe84f00e5ed48	0	0	empty	
201	newPayload_request	1133	engine_newPayloadV5	2026-09-05T01:50:04.547517053Z	47648	0x960c16195572c20331cf903a1a0cbf3fc618cac0dd0152c04b2249fe5f318018	0	0	empty	
201	newPayload_request	1137	engine_newPayloadV5	2026-09-05T01:50:17.247528798Z	47780	0xbf5ffd46f682078618e84ac3c0eca6d675eff9c1786ce936eb510ce48288a9b4	0	0	empty	
201	newPayload_request	1143	engine_newPayloadV5	2026-09-05T01:50:25.550624837Z	48000	0xfbd155685ca5023cf55710dcdef19954103f398eef84d339e56bdf3deaaed3c2	0	0	empty	
201	newPayload_request	1146	engine_newPayloadV5	2026-09-05T01:50:37.312750546Z	48121	0x5af4761cc933ee4293660dc4b6b8bd355ad653b04aee555f14c0af59c9472169	0	0	empty	
201	newPayload_request	1151	engine_newPayloadV5	2026-09-05T01:50:49.328063849Z	48311	0x2ccbd517803e0f13061b601a4ce4f2c2a0dd6ed7b5084dd74f140ddccf74e10b	0	0	empty	
201	newPayload_request	1156	engine_newPayloadV5	2026-09-05T01:51:04.057946264Z	48504	0xdd365867a1c41eee415986064777264d8d4a6dc39b3bd5c2fd7c28e46b345fd9	0	0	empty	
201	newPayload_request	1159	engine_newPayloadV5	2026-09-05T01:51:13.292628710Z	48607	0x32336115dd6600c5a47233a07a4ed697e3431f533a38090fad42ea620ceea910	0	0	empty	
201	newPayload_request	1164	engine_newPayloadV5	2026-09-05T01:51:25.684036244Z	48798	0x931683cba8723bbcaab3d1f942f990e1b6ffe1e7a12a93d93d5474966718733c	0	0	empty	
201	newPayload_request	1169	engine_newPayloadV5	2026-09-05T01:51:37.801661402Z	48989	0xe7eb34e8ddd5db27c245cf01bab95a4f6c85718ca8be5e21bdc166e12f389c72	0	0	empty	
201	newPayload_request	1175	engine_newPayloadV5	2026-09-05T01:51:49.738527191Z	49209	0x4605354653950925dde75cdd48a2786966938c883187a557ca1a4012842d9832	0	0	empty	
201	newPayload_request	1180	engine_newPayloadV5	2026-09-05T01:52:03.845381685Z	49401	0x3d8b7508ed7d7dd30a991d82e367295879edf4c5da0deefa53bd489a5d118040	0	0	empty	
201	newPayload_request	1186	engine_newPayloadV5	2026-09-05T01:52:13.579331291Z	49621	0xe2a8961bf8e44215297d00a290b2ed7677c73f1ca09ee937e6f8c61d0ac21a3b	0	0	empty	
201	newPayload_request	1189	engine_newPayloadV5	2026-09-05T01:52:25.770481389Z	49742	0x52841dc1c142521e074f0c8a86cd9d3c8f147e90ad92e29c89076e6949f6cee3	0	0	empty	
201	newPayload_request	1194	engine_newPayloadV5	2026-09-05T01:52:40.211497274Z	49933	0xd7945abb59fe9e4f1071b7cde0345c3dfc986a18c0a983d0f55243c7c540c8b0	0	0	empty	
201	newPayload_request	1197	engine_newPayloadV5	2026-09-05T01:52:50.438264519Z	50036	0x6f602f634396f597815fadf837999d2fa07fc0d22d887248890de710112b845a	0	0	empty	
201	newPayload_request	1202	engine_newPayloadV5	2026-09-05T01:53:01.580450356Z	50228	0x5c42bd0df362d9caffd65dd4cc3278ba735632daab4a5b31550e059ec7ba2fd8	0	0	empty	
201	newPayload_request	1207	engine_newPayloadV5	2026-09-05T01:53:14.806374398Z	50418	0x1c9360dd7a98342d9a7bc558a92c65c86eaac468e92095dc72df683666c70589	0	0	empty	
201	newPayload_request	1213	engine_newPayloadV5	2026-09-05T01:53:26.440940434Z	50639	0x0227c072d885d5ada797b550b33d2a5f6f48171db603df6c4a2135e0ea5718a6	0	0	empty	
201	newPayload_request	1218	engine_newPayloadV5	2026-09-05T01:53:39.284195094Z	50830	0xc9aba8d094258d36231406c60f7a32ed5d2f3b98a2d4c944032974c49e9e7eac	0	0	empty	
201	newPayload_request	1222	engine_newPayloadV5	2026-09-05T01:53:51.420462995Z	50980	0x5f5a547c6f41a0932ff5c4ac0bc0fb1c08b90f2589bfc157b6d166a487c1a931	0	0	empty	
201	newPayload_request	1225	engine_newPayloadV5	2026-09-05T01:54:01.992225929Z	51084	0x3eae0c93fc3bbe4b36bd3ec4cdfb400c46ccf644f7a8f29722eb0019fbfbe66f	0	0	empty	
201	newPayload_request	1230	engine_newPayloadV5	2026-09-05T01:54:12.837512519Z	51275	0xf9453c09a4ccb2abbafe9863e27f4e5ce6c6c1530734e0621f1c2a7f32b77e12	0	0	empty	
201	newPayload_request	1235	engine_newPayloadV5	2026-09-05T01:54:26.282625597Z	51466	0x4f7379efb95841edec74c7ba25b7f6036578f53460e82e2bb86f17ed0d614599	0	0	empty	
201	newPayload_request	1240	engine_newPayloadV5	2026-09-05T01:54:37.447617454Z	51657	0xdf16588575f4ed61752102439c98bf62bb0178f4947021e0ae4c13a37607b6ae	0	0	empty	
201	newPayload_request	1242	engine_newPayloadV5	2026-09-05T01:54:49.481511608Z	51749	0x522ef978ed992b2ea39641644a86d05e57bc225d427c1d7386a7b5e09969614c	0	0	empty	
201	newPayload_request	1248	engine_newPayloadV5	2026-09-05T01:55:00.998299156Z	51970	0xcb88248de10dd8ac73c090b1f7fc27078b22ff14d9bdb833908086cafa7e85b0	0	0	empty	
201	newPayload_request	1253	engine_newPayloadV5	2026-09-05T01:55:15.444617078Z	52161	0xa227662c6d655ec40a7923430de68bf94b67a19553b00d2f6ebbff0325857829	0	0	empty	
201	newPayload_request	1256	engine_newPayloadV5	2026-09-05T01:55:25.508783146Z	52264	0xa8733562d28df14ca911f4d63918166849db7de94cafbdffecf7a3e257aaa8db	0	0	empty	
201	newPayload_request	1261	engine_newPayloadV5	2026-09-05T01:55:37.318183023Z	52455	0xf02f6dfa5623382ea92d3eef9324bc4540239637bb8ff03c6896a174c69213e7	0	0	empty	
201	newPayload_request	1272	engine_newPayloadV5	2026-09-05T01:56:45.042788830Z	52895	0x32d151d3c665e13626995e145a15c1ece69fce87a706485d7a00cb0e4fafcdb0	0	0	empty	
201	newPayload_request	1289	engine_newPayloadV5	2026-09-05T01:59:55.780231273Z	53660	0x318bd807e9cda913db54f3f936fff7f2fb6006908f8b69ddb8ce7f8285154b97	0	0	empty	
201	newPayload_request	1321	engine_newPayloadV5	2026-09-05T02:03:31.670508081Z	55003	0xbb8c15a0d727d4373343c9791602834b0489bf59a4975841dae486341c2fe9c8	0	0	empty	
201	newPayload_request	1322	engine_newPayloadV5	2026-09-05T02:03:33.831960558Z	55047	0xe095e4a96bdd28454006c6e0bbdbc3ccf9ae15ebfb479a9a24441b5e9d37df18	0	0	empty	
300	newPayload_request	376	engine_newPayloadV5	2026-09-05T00:08:23.466190726Z	16782	0xb9b2eade724f5129b730a0bbcc1df80cbf7b6537e1d6e79a709564ef44ae3849	0	0	empty	
300	newPayload_request	379	engine_newPayloadV5	2026-09-05T00:08:28.672000474Z	16884	0x9a84c87c8779a41cccc6a5fed314173497f614edf137a877f1811cf558204f72	0	0	empty	
300	newPayload_request	724	engine_newPayloadV5	2026-09-05T01:33:01.664431717Z	32273	0xdf777d7bd39c8da50222382357a2f2865c9967c5ef99f6918bdcf09fa6b81ab8	0	0	empty	
300	newPayload_request	732	engine_newPayloadV5	2026-09-05T01:33:18.777657131Z	32568	0x03b9534aa3563550aba40988bca50462b89c35fb5d9a8a78bb68f04641dfd5d3	0	0	empty	
300	newPayload_request	738	engine_newPayloadV5	2026-09-05T01:33:26.874812743Z	32793	0x43e25c037fafe64d8b38d248d67afdfdf015e4223008dd2fa6dcadadde3958a4	0	0	empty	
300	newPayload_request	745	engine_newPayloadV5	2026-09-05T01:33:46.981186234Z	33060	0xbe1dd5493e36852931fa81246ce051cc3ef5fe2233f33e49c39537a6cce71f1f	0	0	empty	
300	newPayload_request	749	engine_newPayloadV5	2026-09-05T01:34:06.425881721Z	33212	0x12535ebc42752fc497d6c920e2035fd053437a13c8aa2a3bc9e606af323f7ac3	0	0	empty	
300	newPayload_request	754	engine_newPayloadV5	2026-09-05T01:34:12.937992030Z	33372	0xd94ef5650b52359e89cd73e002950d7b0182e165f653327fa127c494056f32c4	0	0	empty	
300	newPayload_request	757	engine_newPayloadV5	2026-09-05T01:34:24.941825718Z	33493	0x7c666cef5cdedf65a733da480b4643355396d48e4f56c312507a09c741ac393c	0	0	empty	
300	newPayload_request	762	engine_newPayloadV5	2026-09-05T01:34:36.937317427Z	33683	0x31cfcb4ca92961dc340c7039b82eb95b712d7e2cf3f7782cf56bb0e0fee9a663	0	0	empty	
300	newPayload_request	767	engine_newPayloadV5	2026-09-05T01:34:48.798857085Z	33875	0xa218f67f6444c9a1c45ae32bc8f4742bf83dba769c8aef58aa820a175f5735a0	0	0	empty	
300	newPayload_request	772	engine_newPayloadV5	2026-09-05T01:35:00.633329284Z	34067	0xeb892eb2aa511cf2dc49d7f1e191ee205377e893d8ad3560b745df7d5bfdc12b	0	0	empty	
300	newPayload_request	777	engine_newPayloadV5	2026-09-05T01:35:13.340023002Z	34258	0xece62d89c063989aaef8a4d8f3b10d0298fee935de2da9e91c87ba8a6cee5d91	0	0	empty	
300	newPayload_request	779	engine_newPayloadV5	2026-09-05T01:35:24.549209876Z	34332	0x5521990a7414bd7b867977623332c490f9fe9810706eddbdce02f514bc08f719	0	0	empty	
300	newPayload_request	788	engine_newPayloadV5	2026-09-05T01:35:36.726803474Z	34669	0x78f969458d4a00ebd5d8d885b590b69889db5955f4700d8f00ae3d0aaf73f77c	0	0	empty	
300	newPayload_request	794	engine_newPayloadV5	2026-09-05T01:35:48.803892995Z	34889	0xcc3a083b59ab916873615e3c040ac8d6352fcb51fa971e8c740f67925fe39338	0	0	empty	
300	newPayload_request	799	engine_newPayloadV5	2026-09-05T01:36:01.177365851Z	35081	0xbd177e00545b6ebcc779bc307541a3c9fb74e679cfea2fa1d07a55bf2c8cddc5	0	0	empty	
300	newPayload_request	804	engine_newPayloadV5	2026-09-05T01:36:12.796901049Z	35272	0x6485148e5b372601351a7ff4a77fc50084fe1f4535f5f952e653a7a8885065ea	0	0	empty	
300	newPayload_request	809	engine_newPayloadV5	2026-09-05T01:36:25.966801186Z	35463	0xcfcbf45a630f3f659591dae28c404785995fe838fb144d777bb9d29965ebf7fc	0	0	empty	
300	newPayload_request	814	engine_newPayloadV5	2026-09-05T01:36:39.829158940Z	35654	0xb8f4577d10af3ead1fde4187b78a8ee0e6ca97fb30c393ea31ac9e23fba124e9	0	0	empty	
300	newPayload_request	819	engine_newPayloadV5	2026-09-05T01:36:52.473428872Z	35845	0x616503d1bdf73198057f37ccb830cb21a9d55e7ea57e763e16253b05f9e2f7fa	0	0	empty	
300	newPayload_request	822	engine_newPayloadV5	2026-09-05T01:37:02.148306844Z	35949	0xb10c6c1a530e3965a6dd4050c2a04c4c6e5755392df3c0340e4bcce7fd5decba	0	0	empty	
300	newPayload_request	827	engine_newPayloadV5	2026-09-05T01:37:13.178662722Z	36140	0x246b5edbc8976296f771cc7ae82f6f619fc9912f1be89584cb092d4807e50bd4	0	0	empty	
300	newPayload_request	833	engine_newPayloadV5	2026-09-05T01:37:26.291759896Z	36360	0x925d53eb6594633897c6989aa756e4ecc6bad81d414041a0e76c87ba7e721761	0	0	empty	
300	newPayload_request	838	engine_newPayloadV5	2026-09-05T01:37:36.992339923Z	36551	0x16fc2b531d39eedc51ab0f56fd78922d7ecf5e6f7faecde992df595bdccc2f65	0	0	empty	
300	newPayload_request	843	engine_newPayloadV5	2026-09-05T01:37:51.292537222Z	36742	0x9f6ee5a594badeda72efdfef738511682f5b93bc96a9d774db6a2379daccef82	0	0	empty	
300	newPayload_request	849	engine_newPayloadV5	2026-09-05T01:38:01.278047034Z	36963	0x5ceb996376f990fb6f844aee5565cb3f1b06a4ecdc9fc4acfc1622f64a15391c	0	0	empty	
300	newPayload_request	852	engine_newPayloadV5	2026-09-05T01:38:13.114706956Z	37084	0xe320f5f9fe2dd9313f1224f1396a2a5c2ce00f5636647720645f7bc81303e2af	0	0	empty	
300	newPayload_request	854	engine_newPayloadV5	2026-09-05T01:38:25.777018141Z	37158	0x73eef28bee32efdbe793ddb0afbdaa52a30e0d8e22f8c43c730178301eff2225	0	0	empty	
300	newPayload_request	861	engine_newPayloadV5	2026-09-05T01:38:36.998802501Z	37419	0xd98a1d9ab7d953cb760b6ea59ff603783461b81bade3ff64cb5f6f18a314bd7f	0	0	empty	
300	newPayload_request	866	engine_newPayloadV5	2026-09-05T01:38:50.102384373Z	37610	0x4c5ec42b3bf21c60a791f575983cf7ac034012b5fe462bc188f44510bf60f78c	0	0	empty	
300	newPayload_request	872	engine_newPayloadV5	2026-09-05T01:39:03.656087573Z	37831	0x04f4340417af45df2521cb2d720097c38c774a07b48c741b4d9815eb0698d5ca	0	0	empty	
300	newPayload_request	878	engine_newPayloadV5	2026-09-05T01:39:14.172088551Z	38051	0x4142010bdf78ed77c6eedd7f49bd0decf756d48b5529573a7d35aad709367880	0	0	empty	
300	newPayload_request	883	engine_newPayloadV5	2026-09-05T01:39:24.928033695Z	38248	0x2f944ddae38001bcbe660c656e09ca924cc1bf60ccf02759fc0b2adb67a5d707	0	0	empty	
300	newPayload_request	890	engine_newPayloadV5	2026-09-05T01:39:37.242625873Z	38514	0x55c261f510c23680f00d5b644acddf8616138a0419da5228aef4b636e07e2e95	0	0	empty	
300	newPayload_request	892	engine_newPayloadV5	2026-09-05T01:39:48.963403669Z	38589	0x4e2cbf793ec3295cc8da6667c5894e6630e6ff011a5bca347af9a44365903cd8	0	0	empty	
300	newPayload_request	899	engine_newPayloadV5	2026-09-05T01:40:03.758415577Z	38851	0xd7a89c6687b305575b8ba5cb3e1b75908c50b88d725893af722ee222546c2361	0	0	empty	
300	newPayload_request	904	engine_newPayloadV5	2026-09-05T01:40:13.236527855Z	39042	0x3f042afbc20f852eab43e0ef53e35cb685c862858adefe99e082ab6722174852	0	0	empty	
300	newPayload_request	910	engine_newPayloadV5	2026-09-05T01:40:25.087871721Z	39262	0x881f01c4163841899fbdc4e017a2d198976bc42b29906baa22630b467b1243dc	0	0	empty	
300	newPayload_request	914	engine_newPayloadV5	2026-09-05T01:40:37.775238223Z	39412	0x9f7655662d8ef5e35477f0b2b8e73972dea2ed4fcef954aff24ae3f32a5e954d	0	0	empty	
300	newPayload_request	919	engine_newPayloadV5	2026-09-05T01:40:49.460506355Z	39603	0xf995d42db9fddd12af2761b5cc59c1be7960eb7d19da4f8f8d1d33c00f9e7a4b	0	0	empty	
300	newPayload_request	924	engine_newPayloadV5	2026-09-05T01:41:02.797834794Z	39795	0x245f92010cf74b18d00e7f51c64bdf94da07cb43e62e3fdcb64d089449ed5dbe	0	0	empty	
300	newPayload_request	926	engine_newPayloadV5	2026-09-05T01:41:13.358460033Z	39869	0xab4db72d03316e0bd6e1dd7e9a785b9d2d9f9829642d138ff42f025d57618b72	0	0	empty	
300	newPayload_request	933	engine_newPayloadV5	2026-09-05T01:41:26.012672431Z	40130	0xd706a23b4079cc74de79fbf4f95d4f191879753c3d0b7ba4ea5290ca1a750bf5	0	0	empty	
300	newPayload_request	938	engine_newPayloadV5	2026-09-05T01:41:36.935838751Z	40320	0x25f757b80623caa82e7c8964329488a178c59731c93efc6a6c136c75feda2f35	0	0	empty	
300	newPayload_request	943	engine_newPayloadV5	2026-09-05T01:41:50.700722810Z	40512	0x80c043e1e273c963720ce30e17c19afa6c3bff78aeee0478d8d5ed50574ace9b	0	0	empty	
300	newPayload_request	948	engine_newPayloadV5	2026-09-05T01:42:01.875078289Z	40704	0x2df1779fceddb43c3623bd4d0bc486be91621686362c46459fbc970cbe76a742	0	0	empty	
300	newPayload_request	954	engine_newPayloadV5	2026-09-05T01:42:13.196207746Z	40924	0x9cc50b677092aa30ee580f31ced4bd9ad1e6825d53d45b0c6501e4bac2285ce8	0	0	empty	
300	newPayload_request	959	engine_newPayloadV5	2026-09-05T01:42:26.813186128Z	41115	0x33cbd19dd23ef5c2da3141dfa8f594ffdb004d5d6a7dbc61345a3bfe78f54aeb	0	0	empty	
300	newPayload_request	961	engine_newPayloadV5	2026-09-05T01:42:36.933225316Z	41189	0x0a005e5f3659a168dc4e947fdb754aabe14202fe900ac13b336203a1948d6710	0	0	empty	
300	newPayload_request	968	engine_newPayloadV5	2026-09-05T01:42:50.562468706Z	41450	0xb7e34025246673da1e4220de864d0f61cd73ff95fe349323cd166152895807cf	0	0	empty	
300	newPayload_request	973	engine_newPayloadV5	2026-09-05T01:43:04.005173883Z	41642	0x6b770d61ffd59bcce18ab5956af6d3f6f369560739c50417ab1b13b9e36c9b9b	0	0	empty	
300	newPayload_request	979	engine_newPayloadV5	2026-09-05T01:43:13.087439944Z	41862	0x13caf61c02ae853d2311d6001c47b5e268dd40eac3af0aac7e98895c7bfac097	0	0	empty	
300	newPayload_request	982	engine_newPayloadV5	2026-09-05T01:43:25.081529664Z	41983	0x9329e7bd4ffba11c0cfbb62400785736137925bbb67c8c5d869969bff878b0f7	0	0	empty	
300	newPayload_request	988	engine_newPayloadV5	2026-09-05T01:43:44.137263990Z	42203	0xa68a7f4ca273d2212c15d7930c942f624632765b4c5a4ab89f0a4d891a957f92	0	0	empty	
300	newPayload_request	993	engine_newPayloadV5	2026-09-05T01:43:49.292715921Z	42382	0xa83ef3d3fb1e04acfbfaec458f5d07fd5c97c68c8958e9bfb5766eb84e7225e7	0	0	empty	
300	newPayload_request	998	engine_newPayloadV5	2026-09-05T01:44:05.084612745Z	42574	0x08d4724856f36b54d143b02949666a9676008a99192f9ba6a79a2a061dc06948	0	0	empty	
300	newPayload_request	1001	engine_newPayloadV5	2026-09-05T01:44:14.608655167Z	42676	0xda1c1b4ad382a753e2814a71c14396f072ffbe1c6f7f37dd6327f684b67bffb9	0	0	empty	
300	newPayload_request	1006	engine_newPayloadV5	2026-09-05T01:44:24.823931651Z	42868	0xb63315cde41db14fae1a6d93f0c9912115694e892a06462549472059c1308147	0	0	empty	
300	newPayload_request	1011	engine_newPayloadV5	2026-09-05T01:44:36.963430633Z	43058	0x4ba57fb3110598fa4557b722b73542d1927072f237a4e2d20be6ab44c1ac60f8	0	0	empty	
300	newPayload_request	1016	engine_newPayloadV5	2026-09-05T01:44:54.479578375Z	43251	0xee30f8b77827a6eecf3cce03373a9be6fe5a594f9e87ce50d96057f08865d871	0	0	empty	
300	newPayload_request	1021	engine_newPayloadV5	2026-09-05T01:45:04.844612536Z	43430	0x19131163243a34acd438fc7b7df490e2bc3581d011c5bf960b5a6e769b0fc02e	0	0	empty	
300	newPayload_request	1025	engine_newPayloadV5	2026-09-05T01:45:13.885077917Z	43580	0xa1ee4b78dec5a13a4d3bb3ef3e8a3a271145615df45233ca17d5a4af2f334727	0	0	empty	
300	newPayload_request	1028	engine_newPayloadV5	2026-09-05T01:45:24.974612704Z	43682	0x673f5cde1640a66a6acbf5f9fa07cf0f0223f6c7a41f93ffb6de23426b1783c1	0	0	empty	
300	newPayload_request	1035	engine_newPayloadV5	2026-09-05T01:45:40.802337593Z	43944	0xe78411fcea356edbb7d2e305907a20b2a9265a56132a3179587bc8ff4b02dd7f	0	0	empty	
300	newPayload_request	1041	engine_newPayloadV5	2026-09-05T01:45:49.218208764Z	44164	0xa41b5ce27ea9579248012bc6aaddc9600545322ea40586d6b36c48ae42be6384	0	0	empty	
300	newPayload_request	1044	engine_newPayloadV5	2026-09-05T01:46:01.226286324Z	44286	0x97e5c064d2b203b45279582591c4d32e1cff16c9d68ea9ad08880865cbcee620	0	0	empty	
300	newPayload_request	1049	engine_newPayloadV5	2026-09-05T01:46:16.384181998Z	44477	0x935782051769f5e444cb5225c89b26406d333f00517cfdd8bbe2b2e9362eae13	0	0	empty	
300	newPayload_request	1055	engine_newPayloadV5	2026-09-05T01:46:26.847151668Z	44697	0xe2bafb7da2266ac9396fb9950b4072494f86231442de452daf0da78d85042e8d	0	0	empty	
300	newPayload_request	1058	engine_newPayloadV5	2026-09-05T01:46:36.946334488Z	44800	0xd1c7516ed123baf1b82b8777388075789ed578a6b49c01d6b7f4be797a5bfd2e	0	0	empty	
300	newPayload_request	1061	engine_newPayloadV5	2026-09-05T01:46:48.933207247Z	44921	0x86157fa4483f3c812ac7b642bc59a0830b33a299298d268979743a88bef26538	0	0	empty	
300	newPayload_request	1067	engine_newPayloadV5	2026-09-05T01:47:01.004385447Z	45142	0xccff6b4846579f40f936f6cfc85426be79bab204041e1c19aa1868dddb7ebef2	0	0	empty	
300	newPayload_request	1072	engine_newPayloadV5	2026-09-05T01:47:13.019429964Z	45333	0xdbe5494fba53347f23e77b38c786df103784fa850fa50e2616a6576af52afec8	0	0	empty	
300	newPayload_request	1077	engine_newPayloadV5	2026-09-05T01:47:25.900762015Z	45524	0xb9ed6ba24cf9a6fb2da974e4a7cb92fdebaeadd6d95370a1f9303293495b1229	0	0	empty	
300	newPayload_request	1082	engine_newPayloadV5	2026-09-05T01:47:37.526027230Z	45715	0xe207023239fb575d63ea6d47590a3d0887ad25028ace4e9d57acf268feb03843	0	0	empty	
300	newPayload_request	1087	engine_newPayloadV5	2026-09-05T01:47:48.941810581Z	45906	0xe60f3b71e4793b1bd51d3247015f67ed9b8fc66f96ca66636b780ee9d374a28a	0	0	empty	
300	newPayload_request	1092	engine_newPayloadV5	2026-09-05T01:48:01.010713656Z	46098	0x0e467b861259f1f93cf39307e1aeb8d223597d183c37b5677cf4445aad0f480b	0	0	empty	
300	newPayload_request	1094	engine_newPayloadV5	2026-09-05T01:48:12.887293881Z	46172	0x7bc9a7a1fda4ac14627d7765dfffe6edbdaedef95a4a3ccdf67e73aed59ef738	0	0	empty	
300	newPayload_request	1101	engine_newPayloadV5	2026-09-05T01:48:25.617249781Z	46433	0xa2cbbc8ef09bb0c4d6905cb8fb06f957f3b531bad2d6fceea7cf2b3f9a08ffc8	0	0	empty	
300	newPayload_request	1107	engine_newPayloadV5	2026-09-05T01:48:37.179059934Z	46653	0xdbcf51653cd94aa2c920a79f5b5bcc1b19b49383f70e20bab40cf76053c00195	0	0	empty	
300	newPayload_request	1112	engine_newPayloadV5	2026-09-05T01:48:49.029704696Z	46844	0x946a201744ae66f3fedc230ce77d88aed503b89175f9aa2ac37c0d134024eded	0	0	empty	
300	newPayload_request	1117	engine_newPayloadV5	2026-09-05T01:49:00.869773809Z	47036	0x131a9cc2905b35e16365b0f2e190796433e2b894103705541e897412375ab3ec	0	0	empty	
300	newPayload_request	1122	engine_newPayloadV5	2026-09-05T01:49:14.439154316Z	47227	0xb15e604fe0fb64d5a9ab6f70c760c0d28c1e213e0cb9d720ba8fa24e158211bb	0	0	empty	
300	newPayload_request	1127	engine_newPayloadV5	2026-09-05T01:49:28.295316088Z	47418	0xff94488fc6025cc072f9a94c7ebae908bfd6cb6850ab6a867812d8feaaf29f33	0	0	empty	
300	newPayload_request	1130	engine_newPayloadV5	2026-09-05T01:49:37.168138344Z	47521	0xdb3c8eae971ab2b3bc6c04b6214f6389a760cf20b4709597ee3ad4ec016f96bc	0	0	empty	
300	newPayload_request	1135	engine_newPayloadV5	2026-09-05T01:49:49.099676342Z	47712	0x18ed4b65350beb1d1bfc4ff33e2c639e1021d5e3d279b2732c7fe84f00e5ed48	0	0	empty	
300	newPayload_request	1140	engine_newPayloadV5	2026-09-05T01:50:04.442710319Z	47904	0x960c16195572c20331cf903a1a0cbf3fc618cac0dd0152c04b2249fe5f318018	0	0	empty	
300	newPayload_request	1147	engine_newPayloadV5	2026-09-05T01:50:17.010547842Z	48153	0xbf5ffd46f682078618e84ac3c0eca6d675eff9c1786ce936eb510ce48288a9b4	0	0	empty	
300	newPayload_request	1151	engine_newPayloadV5	2026-09-05T01:50:25.021115564Z	48303	0xfbd155685ca5023cf55710dcdef19954103f398eef84d339e56bdf3deaaed3c2	0	0	empty	
300	newPayload_request	1154	engine_newPayloadV5	2026-09-05T01:50:36.833719626Z	48423	0x5af4761cc933ee4293660dc4b6b8bd355ad653b04aee555f14c0af59c9472169	0	0	empty	
300	newPayload_request	1159	engine_newPayloadV5	2026-09-05T01:50:49.053108139Z	48615	0x2ccbd517803e0f13061b601a4ce4f2c2a0dd6ed7b5084dd74f140ddccf74e10b	0	0	empty	
300	newPayload_request	1164	engine_newPayloadV5	2026-09-05T01:51:04.057346458Z	48807	0xdd365867a1c41eee415986064777264d8d4a6dc39b3bd5c2fd7c28e46b345fd9	0	0	empty	
300	newPayload_request	1167	engine_newPayloadV5	2026-09-05T01:51:12.969744174Z	48910	0x32336115dd6600c5a47233a07a4ed697e3431f533a38090fad42ea620ceea910	0	0	empty	
300	newPayload_request	1172	engine_newPayloadV5	2026-09-05T01:51:25.442905469Z	49101	0x931683cba8723bbcaab3d1f942f990e1b6ffe1e7a12a93d93d5474966718733c	0	0	empty	
300	newPayload_request	1177	engine_newPayloadV5	2026-09-05T01:51:37.457674588Z	49291	0xe7eb34e8ddd5db27c245cf01bab95a4f6c85718ca8be5e21bdc166e12f389c72	0	0	empty	
300	newPayload_request	1183	engine_newPayloadV5	2026-09-05T01:51:48.837702868Z	49512	0x4605354653950925dde75cdd48a2786966938c883187a557ca1a4012842d9832	0	0	empty	
300	newPayload_request	1188	engine_newPayloadV5	2026-09-05T01:52:03.740556067Z	49704	0x3d8b7508ed7d7dd30a991d82e367295879edf4c5da0deefa53bd489a5d118040	0	0	empty	
300	newPayload_request	1192	engine_newPayloadV5	2026-09-05T01:52:13.152716341Z	49854	0xe2a8961bf8e44215297d00a290b2ed7677c73f1ca09ee937e6f8c61d0ac21a3b	0	0	empty	
300	newPayload_request	1194	engine_newPayloadV5	2026-09-05T01:52:25.043243525Z	49928	0x52841dc1c142521e074f0c8a86cd9d3c8f147e90ad92e29c89076e6949f6cee3	0	0	empty	
300	newPayload_request	1201	engine_newPayloadV5	2026-09-05T01:52:39.978853901Z	50189	0xd7945abb59fe9e4f1071b7cde0345c3dfc986a18c0a983d0f55243c7c540c8b0	0	0	empty	
300	newPayload_request	1207	engine_newPayloadV5	2026-09-05T01:52:49.456074292Z	50409	0x6f602f634396f597815fadf837999d2fa07fc0d22d887248890de710112b845a	0	0	empty	
300	newPayload_request	1210	engine_newPayloadV5	2026-09-05T01:53:00.861072305Z	50531	0x5c42bd0df362d9caffd65dd4cc3278ba735632daab4a5b31550e059ec7ba2fd8	0	0	empty	
300	newPayload_request	1215	engine_newPayloadV5	2026-09-05T01:53:13.946427724Z	50722	0x1c9360dd7a98342d9a7bc558a92c65c86eaac468e92095dc72df683666c70589	0	0	empty	
300	newPayload_request	1221	engine_newPayloadV5	2026-09-05T01:53:25.838889687Z	50942	0x0227c072d885d5ada797b550b33d2a5f6f48171db603df6c4a2135e0ea5718a6	0	0	empty	
300	newPayload_request	1226	engine_newPayloadV5	2026-09-05T01:53:39.125943977Z	51133	0xc9aba8d094258d36231406c60f7a32ed5d2f3b98a2d4c944032974c49e9e7eac	0	0	empty	
300	newPayload_request	1230	engine_newPayloadV5	2026-09-05T01:53:51.158251169Z	51283	0x5f5a547c6f41a0932ff5c4ac0bc0fb1c08b90f2589bfc157b6d166a487c1a931	0	0	empty	
300	newPayload_request	1233	engine_newPayloadV5	2026-09-05T01:54:01.120211509Z	51387	0x3eae0c93fc3bbe4b36bd3ec4cdfb400c46ccf644f7a8f29722eb0019fbfbe66f	0	0	empty	
300	newPayload_request	1238	engine_newPayloadV5	2026-09-05T01:54:12.713170239Z	51577	0xf9453c09a4ccb2abbafe9863e27f4e5ce6c6c1530734e0621f1c2a7f32b77e12	0	0	empty	
300	newPayload_request	1243	engine_newPayloadV5	2026-09-05T01:54:24.777228468Z	51769	0x4f7379efb95841edec74c7ba25b7f6036578f53460e82e2bb86f17ed0d614599	0	0	empty	
300	newPayload_request	1248	engine_newPayloadV5	2026-09-05T01:54:36.912017430Z	51960	0xdf16588575f4ed61752102439c98bf62bb0178f4947021e0ae4c13a37607b6ae	0	0	empty	
300	newPayload_request	1250	engine_newPayloadV5	2026-09-05T01:54:48.986871774Z	52052	0x522ef978ed992b2ea39641644a86d05e57bc225d427c1d7386a7b5e09969614c	0	0	empty	
300	newPayload_request	1253	engine_newPayloadV5	2026-09-05T01:55:00.862153193Z	52156	0xcb88248de10dd8ac73c090b1f7fc27078b22ff14d9bdb833908086cafa7e85b0	0	0	empty	
300	newPayload_request	1261	engine_newPayloadV5	2026-09-05T01:55:15.157276007Z	52464	0xa227662c6d655ec40a7923430de68bf94b67a19553b00d2f6ebbff0325857829	0	0	empty	
300	newPayload_request	1264	engine_newPayloadV5	2026-09-05T01:55:24.937106716Z	52567	0xa8733562d28df14ca911f4d63918166849db7de94cafbdffecf7a3e257aaa8db	0	0	empty	
300	newPayload_request	1269	engine_newPayloadV5	2026-09-05T01:55:37.039373493Z	52758	0xf02f6dfa5623382ea92d3eef9324bc4540239637bb8ff03c6896a174c69213e7	0	0	empty	
300	newPayload_request	1291	engine_newPayloadV5	2026-09-05T01:59:08.011696084Z	53700	0x90aa442d59845de2c9acc6d3803b28ba3eafedf6c3bc74643919d45d8a364e4c	0	0	empty	
300	newPayload_request	1309	engine_newPayloadV5	2026-09-05T02:00:03.965392620Z	54419	0x318bd807e9cda913db54f3f936fff7f2fb6006908f8b69ddb8ce7f8285154b97	0	0	empty	
300	newPayload_request	1319	engine_newPayloadV5	2026-09-05T02:02:00.796538830Z	54871	0xbb8c15a0d727d4373343c9791602834b0489bf59a4975841dae486341c2fe9c8	0	0	empty	
300	newPayload_request	1334	engine_newPayloadV5	2026-09-05T02:03:32.338037575Z	55503	0xe095e4a96bdd28454006c6e0bbdbc3ccf9ae15ebfb479a9a24441b5e9d37df18	0	0	empty	
400	newPayload_request	376	engine_newPayloadV5	2026-09-05T00:08:23.436855851Z	16764	0xb9b2eade724f5129b730a0bbcc1df80cbf7b6537e1d6e79a709564ef44ae3849	0	0	empty	
400	newPayload_request	380	engine_newPayloadV5	2026-09-05T00:08:28.646484803Z	16913	0x9a84c87c8779a41cccc6a5fed314173497f614edf137a877f1811cf558204f72	0	0	empty	
400	newPayload_request	725	engine_newPayloadV5	2026-09-05T01:33:01.734881176Z	32302	0xdf777d7bd39c8da50222382357a2f2865c9967c5ef99f6918bdcf09fa6b81ab8	0	0	empty	
400	newPayload_request	733	engine_newPayloadV5	2026-09-05T01:33:18.824690331Z	32597	0x03b9534aa3563550aba40988bca50462b89c35fb5d9a8a78bb68f04641dfd5d3	0	0	empty	
400	newPayload_request	737	engine_newPayloadV5	2026-09-05T01:33:26.839776639Z	32746	0x43e25c037fafe64d8b38d248d67afdfdf015e4223008dd2fa6dcadadde3958a4	0	0	empty	
400	newPayload_request	741	engine_newPayloadV5	2026-09-05T01:33:46.948234601Z	32896	0xbe1dd5493e36852931fa81246ce051cc3ef5fe2233f33e49c39537a6cce71f1f	0	0	empty	
400	newPayload_request	745	engine_newPayloadV5	2026-09-05T01:34:06.388470585Z	33048	0x12535ebc42752fc497d6c920e2035fd053437a13c8aa2a3bc9e606af323f7ac3	0	0	empty	
400	newPayload_request	752	engine_newPayloadV5	2026-09-05T01:34:13.071558022Z	33296	0xd94ef5650b52359e89cd73e002950d7b0182e165f653327fa127c494056f32c4	0	0	empty	
400	newPayload_request	758	engine_newPayloadV5	2026-09-05T01:34:24.937927970Z	33522	0x7c666cef5cdedf65a733da480b4643355396d48e4f56c312507a09c741ac393c	0	0	empty	
400	newPayload_request	763	engine_newPayloadV5	2026-09-05T01:34:36.996740849Z	33713	0x31cfcb4ca92961dc340c7039b82eb95b712d7e2cf3f7782cf56bb0e0fee9a663	0	0	empty	
400	newPayload_request	765	engine_newPayloadV5	2026-09-05T01:34:48.753037397Z	33787	0xa218f67f6444c9a1c45ae32bc8f4742bf83dba769c8aef58aa820a175f5735a0	0	0	empty	
400	newPayload_request	772	engine_newPayloadV5	2026-09-05T01:35:00.685088519Z	34049	0xeb892eb2aa511cf2dc49d7f1e191ee205377e893d8ad3560b745df7d5bfdc12b	0	0	empty	
400	newPayload_request	777	engine_newPayloadV5	2026-09-05T01:35:13.385831592Z	34240	0xece62d89c063989aaef8a4d8f3b10d0298fee935de2da9e91c87ba8a6cee5d91	0	0	empty	
400	newPayload_request	782	engine_newPayloadV5	2026-09-05T01:35:24.699680012Z	34431	0x5521990a7414bd7b867977623332c490f9fe9810706eddbdce02f514bc08f719	0	0	empty	
400	newPayload_request	787	engine_newPayloadV5	2026-09-05T01:35:36.808656288Z	34622	0x78f969458d4a00ebd5d8d885b590b69889db5955f4700d8f00ae3d0aaf73f77c	0	0	empty	
400	newPayload_request	792	engine_newPayloadV5	2026-09-05T01:35:48.856174843Z	34813	0xcc3a083b59ab916873615e3c040ac8d6352fcb51fa971e8c740f67925fe39338	0	0	empty	
400	newPayload_request	798	engine_newPayloadV5	2026-09-05T01:36:01.249911704Z	35034	0xbd177e00545b6ebcc779bc307541a3c9fb74e679cfea2fa1d07a55bf2c8cddc5	0	0	empty	
400	newPayload_request	800	engine_newPayloadV5	2026-09-05T01:36:13.002183144Z	35108	0x6485148e5b372601351a7ff4a77fc50084fe1f4535f5f952e653a7a8885065ea	0	0	empty	
400	newPayload_request	807	engine_newPayloadV5	2026-09-05T01:36:25.909481250Z	35369	0xcfcbf45a630f3f659591dae28c404785995fe838fb144d777bb9d29965ebf7fc	0	0	empty	
400	newPayload_request	812	engine_newPayloadV5	2026-09-05T01:36:39.877383618Z	35560	0xb8f4577d10af3ead1fde4187b78a8ee0e6ca97fb30c393ea31ac9e23fba124e9	0	0	empty	
400	newPayload_request	817	engine_newPayloadV5	2026-09-05T01:36:52.523963779Z	35751	0x616503d1bdf73198057f37ccb830cb21a9d55e7ea57e763e16253b05f9e2f7fa	0	0	empty	
400	newPayload_request	823	engine_newPayloadV5	2026-09-05T01:37:02.194779620Z	35972	0xb10c6c1a530e3965a6dd4050c2a04c4c6e5755392df3c0340e4bcce7fd5decba	0	0	empty	
400	newPayload_request	826	engine_newPayloadV5	2026-09-05T01:37:13.065487689Z	36093	0x246b5edbc8976296f771cc7ae82f6f619fc9912f1be89584cb092d4807e50bd4	0	0	empty	
400	newPayload_request	831	engine_newPayloadV5	2026-09-05T01:37:26.250816340Z	36283	0x925d53eb6594633897c6989aa756e4ecc6bad81d414041a0e76c87ba7e721761	0	0	empty	
400	newPayload_request	834	engine_newPayloadV5	2026-09-05T01:37:37.053672327Z	36387	0x16fc2b531d39eedc51ab0f56fd78922d7ecf5e6f7faecde992df595bdccc2f65	0	0	empty	
400	newPayload_request	841	engine_newPayloadV5	2026-09-05T01:37:51.274369774Z	36648	0x9f6ee5a594badeda72efdfef738511682f5b93bc96a9d774db6a2379daccef82	0	0	empty	
400	newPayload_request	847	engine_newPayloadV5	2026-09-05T01:38:01.260456959Z	36869	0x5ceb996376f990fb6f844aee5565cb3f1b06a4ecdc9fc4acfc1622f64a15391c	0	0	empty	
400	newPayload_request	850	engine_newPayloadV5	2026-09-05T01:38:13.168302029Z	36990	0xe320f5f9fe2dd9313f1224f1396a2a5c2ce00f5636647720645f7bc81303e2af	0	0	empty	
400	newPayload_request	855	engine_newPayloadV5	2026-09-05T01:38:25.737908181Z	37181	0x73eef28bee32efdbe793ddb0afbdaa52a30e0d8e22f8c43c730178301eff2225	0	0	empty	
400	newPayload_request	860	engine_newPayloadV5	2026-09-05T01:38:36.992200467Z	37372	0xd98a1d9ab7d953cb760b6ea59ff603783461b81bade3ff64cb5f6f18a314bd7f	0	0	empty	
400	newPayload_request	865	engine_newPayloadV5	2026-09-05T01:38:50.070155004Z	37563	0x4c5ec42b3bf21c60a791f575983cf7ac034012b5fe462bc188f44510bf60f78c	0	0	empty	
400	newPayload_request	871	engine_newPayloadV5	2026-09-05T01:39:03.738855035Z	37784	0x04f4340417af45df2521cb2d720097c38c774a07b48c741b4d9815eb0698d5ca	0	0	empty	
400	newPayload_request	874	engine_newPayloadV5	2026-09-05T01:39:14.137820777Z	37887	0x4142010bdf78ed77c6eedd7f49bd0decf756d48b5529573a7d35aad709367880	0	0	empty	
400	newPayload_request	879	engine_newPayloadV5	2026-09-05T01:39:24.902316103Z	38078	0x2f944ddae38001bcbe660c656e09ca924cc1bf60ccf02759fc0b2adb67a5d707	0	0	empty	
400	newPayload_request	884	engine_newPayloadV5	2026-09-05T01:39:37.191554812Z	38269	0x55c261f510c23680f00d5b644acddf8616138a0419da5228aef4b636e07e2e95	0	0	empty	
400	newPayload_request	889	engine_newPayloadV5	2026-09-05T01:39:49.176342105Z	38460	0x4e2cbf793ec3295cc8da6667c5894e6630e6ff011a5bca347af9a44365903cd8	0	0	empty	
400	newPayload_request	894	engine_newPayloadV5	2026-09-05T01:40:03.812238558Z	38652	0xd7a89c6687b305575b8ba5cb3e1b75908c50b88d725893af722ee222546c2361	0	0	empty	
400	newPayload_request	899	engine_newPayloadV5	2026-09-05T01:40:13.469893799Z	38843	0x3f042afbc20f852eab43e0ef53e35cb685c862858adefe99e082ab6722174852	0	0	empty	
400	newPayload_request	902	engine_newPayloadV5	2026-09-05T01:40:25.086389820Z	38946	0x881f01c4163841899fbdc4e017a2d198976bc42b29906baa22630b467b1243dc	0	0	empty	
400	newPayload_request	907	engine_newPayloadV5	2026-09-05T01:40:37.826280079Z	39137	0x9f7655662d8ef5e35477f0b2b8e73972dea2ed4fcef954aff24ae3f32a5e954d	0	0	empty	
400	newPayload_request	913	engine_newPayloadV5	2026-09-05T01:40:49.417036738Z	39357	0xf995d42db9fddd12af2761b5cc59c1be7960eb7d19da4f8f8d1d33c00f9e7a4b	0	0	empty	
400	newPayload_request	918	engine_newPayloadV5	2026-09-05T01:41:02.850301144Z	39549	0x245f92010cf74b18d00e7f51c64bdf94da07cb43e62e3fdcb64d089449ed5dbe	0	0	empty	
400	newPayload_request	923	engine_newPayloadV5	2026-09-05T01:41:13.404779205Z	39740	0xab4db72d03316e0bd6e1dd7e9a785b9d2d9f9829642d138ff42f025d57618b72	0	0	empty	
400	newPayload_request	928	engine_newPayloadV5	2026-09-05T01:41:25.984377016Z	39931	0xd706a23b4079cc74de79fbf4f95d4f191879753c3d0b7ba4ea5290ca1a750bf5	0	0	empty	
400	newPayload_request	933	engine_newPayloadV5	2026-09-05T01:41:36.968652225Z	40122	0x25f757b80623caa82e7c8964329488a178c59731c93efc6a6c136c75feda2f35	0	0	empty	
400	newPayload_request	938	engine_newPayloadV5	2026-09-05T01:41:50.665012250Z	40313	0x80c043e1e273c963720ce30e17c19afa6c3bff78aeee0478d8d5ed50574ace9b	0	0	empty	
400	newPayload_request	940	engine_newPayloadV5	2026-09-05T01:42:01.837657335Z	40388	0x2df1779fceddb43c3623bd4d0bc486be91621686362c46459fbc970cbe76a742	0	0	empty	
400	newPayload_request	947	engine_newPayloadV5	2026-09-05T01:42:13.389967135Z	40649	0x9cc50b677092aa30ee580f31ced4bd9ad1e6825d53d45b0c6501e4bac2285ce8	0	0	empty	
400	newPayload_request	953	engine_newPayloadV5	2026-09-05T01:42:26.862166954Z	40869	0x33cbd19dd23ef5c2da3141dfa8f594ffdb004d5d6a7dbc61345a3bfe78f54aeb	0	0	empty	
400	newPayload_request	958	engine_newPayloadV5	2026-09-05T01:42:37.025247835Z	41060	0x0a005e5f3659a168dc4e947fdb754aabe14202fe900ac13b336203a1948d6710	0	0	empty	
400	newPayload_request	963	engine_newPayloadV5	2026-09-05T01:42:50.603418573Z	41251	0xb7e34025246673da1e4220de864d0f61cd73ff95fe349323cd166152895807cf	0	0	empty	
400	newPayload_request	968	engine_newPayloadV5	2026-09-05T01:43:03.966946610Z	41443	0x6b770d61ffd59bcce18ab5956af6d3f6f369560739c50417ab1b13b9e36c9b9b	0	0	empty	
400	newPayload_request	971	engine_newPayloadV5	2026-09-05T01:43:13.170194259Z	41546	0x13caf61c02ae853d2311d6001c47b5e268dd40eac3af0aac7e98895c7bfac097	0	0	empty	
400	newPayload_request	976	engine_newPayloadV5	2026-09-05T01:43:25.150544971Z	41737	0x9329e7bd4ffba11c0cfbb62400785736137925bbb67c8c5d869969bff878b0f7	0	0	empty	
400	newPayload_request	982	engine_newPayloadV5	2026-09-05T01:43:44.197056996Z	41975	0xa68a7f4ca273d2212c15d7930c942f624632765b4c5a4ab89f0a4d891a957f92	0	0	empty	
400	newPayload_request	986	engine_newPayloadV5	2026-09-05T01:43:49.355389575Z	42107	0xa83ef3d3fb1e04acfbfaec458f5d07fd5c97c68c8958e9bfb5766eb84e7225e7	0	0	empty	
400	newPayload_request	992	engine_newPayloadV5	2026-09-05T01:44:05.119066424Z	42328	0x08d4724856f36b54d143b02949666a9676008a99192f9ba6a79a2a061dc06948	0	0	empty	
400	newPayload_request	998	engine_newPayloadV5	2026-09-05T01:44:14.575604619Z	42547	0xda1c1b4ad382a753e2814a71c14396f072ffbe1c6f7f37dd6327f684b67bffb9	0	0	empty	
400	newPayload_request	1001	engine_newPayloadV5	2026-09-05T01:44:24.951100054Z	42669	0xb63315cde41db14fae1a6d93f0c9912115694e892a06462549472059c1308147	0	0	empty	
400	newPayload_request	1003	engine_newPayloadV5	2026-09-05T01:44:37.030592650Z	42743	0x4ba57fb3110598fa4557b722b73542d1927072f237a4e2d20be6ab44c1ac60f8	0	0	empty	
400	newPayload_request	1011	engine_newPayloadV5	2026-09-05T01:44:54.463366778Z	43051	0xee30f8b77827a6eecf3cce03373a9be6fe5a594f9e87ce50d96057f08865d871	0	0	empty	
400	newPayload_request	1015	engine_newPayloadV5	2026-09-05T01:45:04.925710855Z	43184	0x19131163243a34acd438fc7b7df490e2bc3581d011c5bf960b5a6e769b0fc02e	0	0	empty	
400	newPayload_request	1021	engine_newPayloadV5	2026-09-05T01:45:13.937384357Z	43404	0xa1ee4b78dec5a13a4d3bb3ef3e8a3a271145615df45233ca17d5a4af2f334727	0	0	empty	
400	newPayload_request	1024	engine_newPayloadV5	2026-09-05T01:45:25.070363477Z	43524	0x673f5cde1640a66a6acbf5f9fa07cf0f0223f6c7a41f93ffb6de23426b1783c1	0	0	empty	
400	newPayload_request	1030	engine_newPayloadV5	2026-09-05T01:45:40.860981493Z	43745	0xe78411fcea356edbb7d2e305907a20b2a9265a56132a3179587bc8ff4b02dd7f	0	0	empty	
400	newPayload_request	1036	engine_newPayloadV5	2026-09-05T01:45:49.505894756Z	43965	0xa41b5ce27ea9579248012bc6aaddc9600545322ea40586d6b36c48ae42be6384	0	0	empty	
400	newPayload_request	1038	engine_newPayloadV5	2026-09-05T01:46:01.284699882Z	44040	0x97e5c064d2b203b45279582591c4d32e1cff16c9d68ea9ad08880865cbcee620	0	0	empty	
400	newPayload_request	1044	engine_newPayloadV5	2026-09-05T01:46:16.341249950Z	44278	0x935782051769f5e444cb5225c89b26406d333f00517cfdd8bbe2b2e9362eae13	0	0	empty	
400	newPayload_request	1047	engine_newPayloadV5	2026-09-05T01:46:26.930277821Z	44381	0xe2bafb7da2266ac9396fb9950b4072494f86231442de452daf0da78d85042e8d	0	0	empty	
400	newPayload_request	1053	engine_newPayloadV5	2026-09-05T01:46:36.980603999Z	44601	0xd1c7516ed123baf1b82b8777388075789ed578a6b49c01d6b7f4be797a5bfd2e	0	0	empty	
400	newPayload_request	1056	engine_newPayloadV5	2026-09-05T01:46:48.865731716Z	44722	0x86157fa4483f3c812ac7b642bc59a0830b33a299298d268979743a88bef26538	0	0	empty	
400	newPayload_request	1061	engine_newPayloadV5	2026-09-05T01:47:00.892905432Z	44913	0xccff6b4846579f40f936f6cfc85426be79bab204041e1c19aa1868dddb7ebef2	0	0	empty	
400	newPayload_request	1067	engine_newPayloadV5	2026-09-05T01:47:13.122304907Z	45134	0xdbe5494fba53347f23e77b38c786df103784fa850fa50e2616a6576af52afec8	0	0	empty	
400	newPayload_request	1069	engine_newPayloadV5	2026-09-05T01:47:25.871332899Z	45208	0xb9ed6ba24cf9a6fb2da974e4a7cb92fdebaeadd6d95370a1f9303293495b1229	0	0	empty	
400	newPayload_request	1076	engine_newPayloadV5	2026-09-05T01:47:37.585925331Z	45469	0xe207023239fb575d63ea6d47590a3d0887ad25028ace4e9d57acf268feb03843	0	0	empty	
400	newPayload_request	1081	engine_newPayloadV5	2026-09-05T01:47:48.861379218Z	45660	0xe60f3b71e4793b1bd51d3247015f67ed9b8fc66f96ca66636b780ee9d374a28a	0	0	empty	
400	newPayload_request	1086	engine_newPayloadV5	2026-09-05T01:48:01.125691683Z	45852	0x0e467b861259f1f93cf39307e1aeb8d223597d183c37b5677cf4445aad0f480b	0	0	empty	
400	newPayload_request	1091	engine_newPayloadV5	2026-09-05T01:48:12.857867838Z	46043	0x7bc9a7a1fda4ac14627d7765dfffe6edbdaedef95a4a3ccdf67e73aed59ef738	0	0	empty	
400	newPayload_request	1096	engine_newPayloadV5	2026-09-05T01:48:25.659008129Z	46234	0xa2cbbc8ef09bb0c4d6905cb8fb06f957f3b531bad2d6fceea7cf2b3f9a08ffc8	0	0	empty	
400	newPayload_request	1101	engine_newPayloadV5	2026-09-05T01:48:37.220422366Z	46425	0xdbcf51653cd94aa2c920a79f5b5bcc1b19b49383f70e20bab40cf76053c00195	0	0	empty	
400	newPayload_request	1104	engine_newPayloadV5	2026-09-05T01:48:49.045473334Z	46528	0x946a201744ae66f3fedc230ce77d88aed503b89175f9aa2ac37c0d134024eded	0	0	empty	
400	newPayload_request	1111	engine_newPayloadV5	2026-09-05T01:49:00.898331275Z	46790	0x131a9cc2905b35e16365b0f2e190796433e2b894103705541e897412375ab3ec	0	0	empty	
400	newPayload_request	1116	engine_newPayloadV5	2026-09-05T01:49:14.481359801Z	46981	0xb15e604fe0fb64d5a9ab6f70c760c0d28c1e213e0cb9d720ba8fa24e158211bb	0	0	empty	
400	newPayload_request	1121	engine_newPayloadV5	2026-09-05T01:49:28.259101712Z	47172	0xff94488fc6025cc072f9a94c7ebae908bfd6cb6850ab6a867812d8feaaf29f33	0	0	empty	
400	newPayload_request	1127	engine_newPayloadV5	2026-09-05T01:49:37.166912293Z	47392	0xdb3c8eae971ab2b3bc6c04b6214f6389a760cf20b4709597ee3ad4ec016f96bc	0	0	empty	
400	newPayload_request	1130	engine_newPayloadV5	2026-09-05T01:49:49.228560389Z	47513	0x18ed4b65350beb1d1bfc4ff33e2c639e1021d5e3d279b2732c7fe84f00e5ed48	0	0	empty	
400	newPayload_request	1135	engine_newPayloadV5	2026-09-05T01:50:04.600909649Z	47705	0x960c16195572c20331cf903a1a0cbf3fc618cac0dd0152c04b2249fe5f318018	0	0	empty	
400	newPayload_request	1140	engine_newPayloadV5	2026-09-05T01:50:16.987782713Z	47884	0xbf5ffd46f682078618e84ac3c0eca6d675eff9c1786ce936eb510ce48288a9b4	0	0	empty	
400	newPayload_request	1143	engine_newPayloadV5	2026-09-05T01:50:25.099223584Z	47987	0xfbd155685ca5023cf55710dcdef19954103f398eef84d339e56bdf3deaaed3c2	0	0	empty	
400	newPayload_request	1148	engine_newPayloadV5	2026-09-05T01:50:36.865874893Z	48178	0x5af4761cc933ee4293660dc4b6b8bd355ad653b04aee555f14c0af59c9472169	0	0	empty	
400	newPayload_request	1153	engine_newPayloadV5	2026-09-05T01:50:49.043299541Z	48368	0x2ccbd517803e0f13061b601a4ce4f2c2a0dd6ed7b5084dd74f140ddccf74e10b	0	0	empty	
400	newPayload_request	1158	engine_newPayloadV5	2026-09-05T01:51:04.020605082Z	48561	0xdd365867a1c41eee415986064777264d8d4a6dc39b3bd5c2fd7c28e46b345fd9	0	0	empty	
400	newPayload_request	1164	engine_newPayloadV5	2026-09-05T01:51:13.283675859Z	48781	0x32336115dd6600c5a47233a07a4ed697e3431f533a38090fad42ea620ceea910	0	0	empty	
400	newPayload_request	1167	engine_newPayloadV5	2026-09-05T01:51:25.407197635Z	48902	0x931683cba8723bbcaab3d1f942f990e1b6ffe1e7a12a93d93d5474966718733c	0	0	empty	
400	newPayload_request	1169	engine_newPayloadV5	2026-09-05T01:51:37.423915734Z	48976	0xe7eb34e8ddd5db27c245cf01bab95a4f6c85718ca8be5e21bdc166e12f389c72	0	0	empty	
400	newPayload_request	1176	engine_newPayloadV5	2026-09-05T01:51:48.903159322Z	49237	0x4605354653950925dde75cdd48a2786966938c883187a557ca1a4012842d9832	0	0	empty	
400	newPayload_request	1182	engine_newPayloadV5	2026-09-05T01:52:03.792548456Z	49458	0x3d8b7508ed7d7dd30a991d82e367295879edf4c5da0deefa53bd489a5d118040	0	0	empty	
400	newPayload_request	1188	engine_newPayloadV5	2026-09-05T01:52:12.990564554Z	49678	0xe2a8961bf8e44215297d00a290b2ed7677c73f1ca09ee937e6f8c61d0ac21a3b	0	0	empty	
400	newPayload_request	1193	engine_newPayloadV5	2026-09-05T01:52:25.115639546Z	49875	0x52841dc1c142521e074f0c8a86cd9d3c8f147e90ad92e29c89076e6949f6cee3	0	0	empty	
400	newPayload_request	1198	engine_newPayloadV5	2026-09-05T01:52:39.939327653Z	50066	0xd7945abb59fe9e4f1071b7cde0345c3dfc986a18c0a983d0f55243c7c540c8b0	0	0	empty	
400	newPayload_request	1204	engine_newPayloadV5	2026-09-05T01:52:49.445230746Z	50286	0x6f602f634396f597815fadf837999d2fa07fc0d22d887248890de710112b845a	0	0	empty	
400	newPayload_request	1206	engine_newPayloadV5	2026-09-05T01:53:01.068829174Z	50361	0x5c42bd0df362d9caffd65dd4cc3278ba735632daab4a5b31550e059ec7ba2fd8	0	0	empty	
400	newPayload_request	1211	engine_newPayloadV5	2026-09-05T01:53:13.905939694Z	50552	0x1c9360dd7a98342d9a7bc558a92c65c86eaac468e92095dc72df683666c70589	0	0	empty	
400	newPayload_request	1216	engine_newPayloadV5	2026-09-05T01:53:25.801284276Z	50743	0x0227c072d885d5ada797b550b33d2a5f6f48171db603df6c4a2135e0ea5718a6	0	0	empty	
400	newPayload_request	1222	engine_newPayloadV5	2026-09-05T01:53:39.178348724Z	50963	0xc9aba8d094258d36231406c60f7a32ed5d2f3b98a2d4c944032974c49e9e7eac	0	0	empty	
400	newPayload_request	1228	engine_newPayloadV5	2026-09-05T01:53:51.205078625Z	51183	0x5f5a547c6f41a0932ff5c4ac0bc0fb1c08b90f2589bfc157b6d166a487c1a931	0	0	empty	
400	newPayload_request	1232	engine_newPayloadV5	2026-09-05T01:54:01.148562559Z	51334	0x3eae0c93fc3bbe4b36bd3ec4cdfb400c46ccf644f7a8f29722eb0019fbfbe66f	0	0	empty	
400	newPayload_request	1235	engine_newPayloadV5	2026-09-05T01:54:12.757535043Z	51455	0xf9453c09a4ccb2abbafe9863e27f4e5ce6c6c1530734e0621f1c2a7f32b77e12	0	0	empty	
400	newPayload_request	1237	engine_newPayloadV5	2026-09-05T01:54:24.817126957Z	51529	0x4f7379efb95841edec74c7ba25b7f6036578f53460e82e2bb86f17ed0d614599	0	0	empty	
400	newPayload_request	1244	engine_newPayloadV5	2026-09-05T01:54:36.887609381Z	51790	0xdf16588575f4ed61752102439c98bf62bb0178f4947021e0ae4c13a37607b6ae	0	0	empty	
400	newPayload_request	1246	engine_newPayloadV5	2026-09-05T01:54:49.335798651Z	51882	0x522ef978ed992b2ea39641644a86d05e57bc225d427c1d7386a7b5e09969614c	0	0	empty	
400	newPayload_request	1251	engine_newPayloadV5	2026-09-05T01:55:00.843933860Z	52074	0xcb88248de10dd8ac73c090b1f7fc27078b22ff14d9bdb833908086cafa7e85b0	0	0	empty	
400	newPayload_request	1257	engine_newPayloadV5	2026-09-05T01:55:15.249489805Z	52294	0xa227662c6d655ec40a7923430de68bf94b67a19553b00d2f6ebbff0325857829	0	0	empty	
400	newPayload_request	1263	engine_newPayloadV5	2026-09-05T01:55:25.055186681Z	52514	0xa8733562d28df14ca911f4d63918166849db7de94cafbdffecf7a3e257aaa8db	0	0	empty	
400	newPayload_request	1266	engine_newPayloadV5	2026-09-05T01:55:37.053601085Z	52635	0xf02f6dfa5623382ea92d3eef9324bc4540239637bb8ff03c6896a174c69213e7	0	0	empty	
400	newPayload_request	1288	engine_newPayloadV5	2026-09-05T01:59:39.910296654Z	53601	0x57f752474c9841feeb9f8c055a5591a9be3532f5ebc0233f1b48da7a30c15483	0	0	empty	
400	newPayload_request	1308	engine_newPayloadV5	2026-09-05T02:03:31.840571272Z	54489	0xbb8c15a0d727d4373343c9791602834b0489bf59a4975841dae486341c2fe9c8	0	0	empty	
400	newPayload_request	1310	engine_newPayloadV5	2026-09-05T02:03:33.382754951Z	54580	0xe095e4a96bdd28454006c6e0bbdbc3ccf9ae15ebfb479a9a24441b5e9d37df18	0	0	empty	
500	newPayload_request	374	engine_newPayloadV5	2026-09-05T00:08:23.491046068Z	16688	0xb9b2eade724f5129b730a0bbcc1df80cbf7b6537e1d6e79a709564ef44ae3849	0	0	empty	
500	newPayload_request	380	engine_newPayloadV5	2026-09-05T00:08:28.653122843Z	16913	0x9a84c87c8779a41cccc6a5fed314173497f614edf137a877f1811cf558204f72	0	0	empty	
500	newPayload_request	725	engine_newPayloadV5	2026-09-05T01:33:01.763871249Z	32301	0xdf777d7bd39c8da50222382357a2f2865c9967c5ef99f6918bdcf09fa6b81ab8	0	0	empty	
500	newPayload_request	731	engine_newPayloadV5	2026-09-05T01:33:18.835418427Z	32521	0x03b9534aa3563550aba40988bca50462b89c35fb5d9a8a78bb68f04641dfd5d3	0	0	empty	
500	newPayload_request	735	engine_newPayloadV5	2026-09-05T01:33:26.834728061Z	32670	0x43e25c037fafe64d8b38d248d67afdfdf015e4223008dd2fa6dcadadde3958a4	0	0	empty	
500	newPayload_request	741	engine_newPayloadV5	2026-09-05T01:33:46.946712499Z	32890	0xbe1dd5493e36852931fa81246ce051cc3ef5fe2233f33e49c39537a6cce71f1f	0	0	empty	
500	newPayload_request	746	engine_newPayloadV5	2026-09-05T01:34:06.391409787Z	33089	0x12535ebc42752fc497d6c920e2035fd053437a13c8aa2a3bc9e606af323f7ac3	0	0	empty	
500	newPayload_request	750	engine_newPayloadV5	2026-09-05T01:34:12.916644756Z	33220	0xd94ef5650b52359e89cd73e002950d7b0182e165f653327fa127c494056f32c4	0	0	empty	
500	newPayload_request	754	engine_newPayloadV5	2026-09-05T01:34:24.889609186Z	33370	0x7c666cef5cdedf65a733da480b4643355396d48e4f56c312507a09c741ac393c	0	0	empty	
500	newPayload_request	759	engine_newPayloadV5	2026-09-05T01:34:36.881345227Z	33560	0x31cfcb4ca92961dc340c7039b82eb95b712d7e2cf3f7782cf56bb0e0fee9a663	0	0	empty	
500	newPayload_request	764	engine_newPayloadV5	2026-09-05T01:34:48.730669408Z	33752	0xa218f67f6444c9a1c45ae32bc8f4742bf83dba769c8aef58aa820a175f5735a0	0	0	empty	
500	newPayload_request	769	engine_newPayloadV5	2026-09-05T01:35:00.632995275Z	33943	0xeb892eb2aa511cf2dc49d7f1e191ee205377e893d8ad3560b745df7d5bfdc12b	0	0	empty	
500	newPayload_request	774	engine_newPayloadV5	2026-09-05T01:35:13.389955299Z	34135	0xece62d89c063989aaef8a4d8f3b10d0298fee935de2da9e91c87ba8a6cee5d91	0	0	empty	
500	newPayload_request	776	engine_newPayloadV5	2026-09-05T01:35:24.444139964Z	34209	0x5521990a7414bd7b867977623332c490f9fe9810706eddbdce02f514bc08f719	0	0	empty	
500	newPayload_request	783	engine_newPayloadV5	2026-09-05T01:35:36.633114769Z	34470	0x78f969458d4a00ebd5d8d885b590b69889db5955f4700d8f00ae3d0aaf73f77c	0	0	empty	
500	newPayload_request	788	engine_newPayloadV5	2026-09-05T01:35:48.757041614Z	34661	0xcc3a083b59ab916873615e3c040ac8d6352fcb51fa971e8c740f67925fe39338	0	0	empty	
500	newPayload_request	794	engine_newPayloadV5	2026-09-05T01:36:01.126193472Z	34881	0xbd177e00545b6ebcc779bc307541a3c9fb74e679cfea2fa1d07a55bf2c8cddc5	0	0	empty	
500	newPayload_request	799	engine_newPayloadV5	2026-09-05T01:36:12.833806252Z	35073	0x6485148e5b372601351a7ff4a77fc50084fe1f4535f5f952e653a7a8885065ea	0	0	empty	
500	newPayload_request	804	engine_newPayloadV5	2026-09-05T01:36:25.907539838Z	35264	0xcfcbf45a630f3f659591dae28c404785995fe838fb144d777bb9d29965ebf7fc	0	0	empty	
500	newPayload_request	809	engine_newPayloadV5	2026-09-05T01:36:39.887790593Z	35455	0xb8f4577d10af3ead1fde4187b78a8ee0e6ca97fb30c393ea31ac9e23fba124e9	0	0	empty	
500	newPayload_request	814	engine_newPayloadV5	2026-09-05T01:36:52.529066359Z	35646	0x616503d1bdf73198057f37ccb830cb21a9d55e7ea57e763e16253b05f9e2f7fa	0	0	empty	
500	newPayload_request	817	engine_newPayloadV5	2026-09-05T01:37:02.200381616Z	35749	0xb10c6c1a530e3965a6dd4050c2a04c4c6e5755392df3c0340e4bcce7fd5decba	0	0	empty	
500	newPayload_request	822	engine_newPayloadV5	2026-09-05T01:37:13.016294634Z	35941	0x246b5edbc8976296f771cc7ae82f6f619fc9912f1be89584cb092d4807e50bd4	0	0	empty	
500	newPayload_request	827	engine_newPayloadV5	2026-09-05T01:37:26.237777134Z	36132	0x925d53eb6594633897c6989aa756e4ecc6bad81d414041a0e76c87ba7e721761	0	0	empty	
500	newPayload_request	833	engine_newPayloadV5	2026-09-05T01:37:36.876816132Z	36352	0x16fc2b531d39eedc51ab0f56fd78922d7ecf5e6f7faecde992df595bdccc2f65	0	0	empty	
500	newPayload_request	838	engine_newPayloadV5	2026-09-05T01:37:51.267408838Z	36543	0x9f6ee5a594badeda72efdfef738511682f5b93bc96a9d774db6a2379daccef82	0	0	empty	
500	newPayload_request	842	engine_newPayloadV5	2026-09-05T01:38:01.250243184Z	36693	0x5ceb996376f990fb6f844aee5565cb3f1b06a4ecdc9fc4acfc1622f64a15391c	0	0	empty	
500	newPayload_request	844	engine_newPayloadV5	2026-09-05T01:38:13.137522773Z	36768	0xe320f5f9fe2dd9313f1224f1396a2a5c2ce00f5636647720645f7bc81303e2af	0	0	empty	
500	newPayload_request	851	engine_newPayloadV5	2026-09-05T01:38:25.742373073Z	37029	0x73eef28bee32efdbe793ddb0afbdaa52a30e0d8e22f8c43c730178301eff2225	0	0	empty	
500	newPayload_request	856	engine_newPayloadV5	2026-09-05T01:38:36.968561153Z	37220	0xd98a1d9ab7d953cb760b6ea59ff603783461b81bade3ff64cb5f6f18a314bd7f	0	0	empty	
500	newPayload_request	861	engine_newPayloadV5	2026-09-05T01:38:50.060719393Z	37411	0x4c5ec42b3bf21c60a791f575983cf7ac034012b5fe462bc188f44510bf60f78c	0	0	empty	
500	newPayload_request	866	engine_newPayloadV5	2026-09-05T01:39:03.663765422Z	37602	0x04f4340417af45df2521cb2d720097c38c774a07b48c741b4d9815eb0698d5ca	0	0	empty	
500	newPayload_request	873	engine_newPayloadV5	2026-09-05T01:39:14.140341568Z	37852	0x4142010bdf78ed77c6eedd7f49bd0decf756d48b5529573a7d35aad709367880	0	0	empty	
500	newPayload_request	876	engine_newPayloadV5	2026-09-05T01:39:24.765582515Z	37973	0x2f944ddae38001bcbe660c656e09ca924cc1bf60ccf02759fc0b2adb67a5d707	0	0	empty	
500	newPayload_request	878	engine_newPayloadV5	2026-09-05T01:39:37.135739133Z	38047	0x55c261f510c23680f00d5b644acddf8616138a0419da5228aef4b636e07e2e95	0	0	empty	
500	newPayload_request	885	engine_newPayloadV5	2026-09-05T01:39:48.910815974Z	38308	0x4e2cbf793ec3295cc8da6667c5894e6630e6ff011a5bca347af9a44365903cd8	0	0	empty	
500	newPayload_request	890	engine_newPayloadV5	2026-09-05T01:40:03.832034233Z	38499	0xd7a89c6687b305575b8ba5cb3e1b75908c50b88d725893af722ee222546c2361	0	0	empty	
500	newPayload_request	895	engine_newPayloadV5	2026-09-05T01:40:13.185216508Z	38691	0x3f042afbc20f852eab43e0ef53e35cb685c862858adefe99e082ab6722174852	0	0	empty	
500	newPayload_request	901	engine_newPayloadV5	2026-09-05T01:40:25.029438461Z	38911	0x881f01c4163841899fbdc4e017a2d198976bc42b29906baa22630b467b1243dc	0	0	empty	
500	newPayload_request	904	engine_newPayloadV5	2026-09-05T01:40:37.823325210Z	39032	0x9f7655662d8ef5e35477f0b2b8e73972dea2ed4fcef954aff24ae3f32a5e954d	0	0	empty	
500	newPayload_request	910	engine_newPayloadV5	2026-09-05T01:40:49.411425087Z	39252	0xf995d42db9fddd12af2761b5cc59c1be7960eb7d19da4f8f8d1d33c00f9e7a4b	0	0	empty	
500	newPayload_request	915	engine_newPayloadV5	2026-09-05T01:41:02.855167714Z	39443	0x245f92010cf74b18d00e7f51c64bdf94da07cb43e62e3fdcb64d089449ed5dbe	0	0	empty	
500	newPayload_request	917	engine_newPayloadV5	2026-09-05T01:41:13.409123306Z	39518	0xab4db72d03316e0bd6e1dd7e9a785b9d2d9f9829642d138ff42f025d57618b72	0	0	empty	
500	newPayload_request	924	engine_newPayloadV5	2026-09-05T01:41:25.979487028Z	39779	0xd706a23b4079cc74de79fbf4f95d4f191879753c3d0b7ba4ea5290ca1a750bf5	0	0	empty	
500	newPayload_request	929	engine_newPayloadV5	2026-09-05T01:41:36.888258386Z	39970	0x25f757b80623caa82e7c8964329488a178c59731c93efc6a6c136c75feda2f35	0	0	empty	
500	newPayload_request	934	engine_newPayloadV5	2026-09-05T01:41:50.657052363Z	40161	0x80c043e1e273c963720ce30e17c19afa6c3bff78aeee0478d8d5ed50574ace9b	0	0	empty	
500	newPayload_request	939	engine_newPayloadV5	2026-09-05T01:42:01.834894901Z	40352	0x2df1779fceddb43c3623bd4d0bc486be91621686362c46459fbc970cbe76a742	0	0	empty	
500	newPayload_request	944	engine_newPayloadV5	2026-09-05T01:42:12.858848368Z	40544	0x9cc50b677092aa30ee580f31ced4bd9ad1e6825d53d45b0c6501e4bac2285ce8	0	0	empty	
500	newPayload_request	950	engine_newPayloadV5	2026-09-05T01:42:26.873441572Z	40764	0x33cbd19dd23ef5c2da3141dfa8f594ffdb004d5d6a7dbc61345a3bfe78f54aeb	0	0	empty	
500	newPayload_request	952	engine_newPayloadV5	2026-09-05T01:42:36.885628705Z	40838	0x0a005e5f3659a168dc4e947fdb754aabe14202fe900ac13b336203a1948d6710	0	0	empty	
500	newPayload_request	959	engine_newPayloadV5	2026-09-05T01:42:50.614036225Z	41099	0xb7e34025246673da1e4220de864d0f61cd73ff95fe349323cd166152895807cf	0	0	empty	
500	newPayload_request	964	engine_newPayloadV5	2026-09-05T01:43:03.961656249Z	41290	0x6b770d61ffd59bcce18ab5956af6d3f6f369560739c50417ab1b13b9e36c9b9b	0	0	empty	
500	newPayload_request	970	engine_newPayloadV5	2026-09-05T01:43:13.069133140Z	41511	0x13caf61c02ae853d2311d6001c47b5e268dd40eac3af0aac7e98895c7bfac097	0	0	empty	
500	newPayload_request	973	engine_newPayloadV5	2026-09-05T01:43:25.077371985Z	41631	0x9329e7bd4ffba11c0cfbb62400785736137925bbb67c8c5d869969bff878b0f7	0	0	empty	
500	newPayload_request	978	engine_newPayloadV5	2026-09-05T01:43:44.168214488Z	41823	0xa68a7f4ca273d2212c15d7930c942f624632765b4c5a4ab89f0a4d891a957f92	0	0	empty	
500	newPayload_request	982	engine_newPayloadV5	2026-09-05T01:43:49.238557175Z	41955	0xa83ef3d3fb1e04acfbfaec458f5d07fd5c97c68c8958e9bfb5766eb84e7225e7	0	0	empty	
500	newPayload_request	989	engine_newPayloadV5	2026-09-05T01:44:05.116751618Z	42222	0x08d4724856f36b54d143b02949666a9676008a99192f9ba6a79a2a061dc06948	0	0	empty	
500	newPayload_request	992	engine_newPayloadV5	2026-09-05T01:44:14.565580564Z	42325	0xda1c1b4ad382a753e2814a71c14396f072ffbe1c6f7f37dd6327f684b67bffb9	0	0	empty	
500	newPayload_request	997	engine_newPayloadV5	2026-09-05T01:44:24.670499700Z	42517	0xb63315cde41db14fae1a6d93f0c9912115694e892a06462549472059c1308147	0	0	empty	
500	newPayload_request	1002	engine_newPayloadV5	2026-09-05T01:44:37.018445351Z	42708	0x4ba57fb3110598fa4557b722b73542d1927072f237a4e2d20be6ab44c1ac60f8	0	0	empty	
500	newPayload_request	1007	engine_newPayloadV5	2026-09-05T01:44:54.468047710Z	42899	0xee30f8b77827a6eecf3cce03373a9be6fe5a594f9e87ce50d96057f08865d871	0	0	empty	
500	newPayload_request	1012	engine_newPayloadV5	2026-09-05T01:45:04.797943171Z	43078	0x19131163243a34acd438fc7b7df490e2bc3581d011c5bf960b5a6e769b0fc02e	0	0	empty	
500	newPayload_request	1015	engine_newPayloadV5	2026-09-05T01:45:13.939804722Z	43182	0xa1ee4b78dec5a13a4d3bb3ef3e8a3a271145615df45233ca17d5a4af2f334727	0	0	empty	
500	newPayload_request	1020	engine_newPayloadV5	2026-09-05T01:45:24.958670026Z	43372	0x673f5cde1640a66a6acbf5f9fa07cf0f0223f6c7a41f93ffb6de23426b1783c1	0	0	empty	
500	newPayload_request	1026	engine_newPayloadV5	2026-09-05T01:45:40.866405064Z	43593	0xe78411fcea356edbb7d2e305907a20b2a9265a56132a3179587bc8ff4b02dd7f	0	0	empty	
500	newPayload_request	1032	engine_newPayloadV5	2026-09-05T01:45:49.273086286Z	43813	0xa41b5ce27ea9579248012bc6aaddc9600545322ea40586d6b36c48ae42be6384	0	0	empty	
500	newPayload_request	1035	engine_newPayloadV5	2026-09-05T01:46:01.214718326Z	43934	0x97e5c064d2b203b45279582591c4d32e1cff16c9d68ea9ad08880865cbcee620	0	0	empty	
500	newPayload_request	1040	engine_newPayloadV5	2026-09-05T01:46:16.347921161Z	44126	0x935782051769f5e444cb5225c89b26406d333f00517cfdd8bbe2b2e9362eae13	0	0	empty	
500	newPayload_request	1044	engine_newPayloadV5	2026-09-05T01:46:26.903939724Z	44276	0xe2bafb7da2266ac9396fb9950b4072494f86231442de452daf0da78d85042e8d	0	0	empty	
500	newPayload_request	1047	engine_newPayloadV5	2026-09-05T01:46:36.727921427Z	44379	0xd1c7516ed123baf1b82b8777388075789ed578a6b49c01d6b7f4be797a5bfd2e	0	0	empty	
500	newPayload_request	1052	engine_newPayloadV5	2026-09-05T01:46:48.725970183Z	44569	0x86157fa4483f3c812ac7b642bc59a0830b33a299298d268979743a88bef26538	0	0	empty	
500	newPayload_request	1057	engine_newPayloadV5	2026-09-05T01:47:00.750568350Z	44761	0xccff6b4846579f40f936f6cfc85426be79bab204041e1c19aa1868dddb7ebef2	0	0	empty	
500	newPayload_request	1063	engine_newPayloadV5	2026-09-05T01:47:13.080518985Z	44982	0xdbe5494fba53347f23e77b38c786df103784fa850fa50e2616a6576af52afec8	0	0	empty	
500	newPayload_request	1068	engine_newPayloadV5	2026-09-05T01:47:25.855951996Z	45173	0xb9ed6ba24cf9a6fb2da974e4a7cb92fdebaeadd6d95370a1f9303293495b1229	0	0	empty	
500	newPayload_request	1073	engine_newPayloadV5	2026-09-05T01:47:37.583932530Z	45364	0xe207023239fb575d63ea6d47590a3d0887ad25028ace4e9d57acf268feb03843	0	0	empty	
500	newPayload_request	1078	engine_newPayloadV5	2026-09-05T01:47:48.767567582Z	45555	0xe60f3b71e4793b1bd51d3247015f67ed9b8fc66f96ca66636b780ee9d374a28a	0	0	empty	
500	newPayload_request	1080	engine_newPayloadV5	2026-09-05T01:48:00.984434205Z	45629	0x0e467b861259f1f93cf39307e1aeb8d223597d183c37b5677cf4445aad0f480b	0	0	empty	
500	newPayload_request	1087	engine_newPayloadV5	2026-09-05T01:48:12.781080511Z	45891	0x7bc9a7a1fda4ac14627d7765dfffe6edbdaedef95a4a3ccdf67e73aed59ef738	0	0	empty	
500	newPayload_request	1092	engine_newPayloadV5	2026-09-05T01:48:25.665756603Z	46082	0xa2cbbc8ef09bb0c4d6905cb8fb06f957f3b531bad2d6fceea7cf2b3f9a08ffc8	0	0	empty	
500	newPayload_request	1097	engine_newPayloadV5	2026-09-05T01:48:37.231541233Z	46273	0xdbcf51653cd94aa2c920a79f5b5bcc1b19b49383f70e20bab40cf76053c00195	0	0	empty	
500	newPayload_request	1103	engine_newPayloadV5	2026-09-05T01:48:48.836090317Z	46493	0x946a201744ae66f3fedc230ce77d88aed503b89175f9aa2ac37c0d134024eded	0	0	empty	
500	newPayload_request	1108	engine_newPayloadV5	2026-09-05T01:49:00.746096695Z	46684	0x131a9cc2905b35e16365b0f2e190796433e2b894103705541e897412375ab3ec	0	0	empty	
500	newPayload_request	1113	engine_newPayloadV5	2026-09-05T01:49:14.489477691Z	46876	0xb15e604fe0fb64d5a9ab6f70c760c0d28c1e213e0cb9d720ba8fa24e158211bb	0	0	empty	
500	newPayload_request	1118	engine_newPayloadV5	2026-09-05T01:49:28.251909865Z	47067	0xff94488fc6025cc072f9a94c7ebae908bfd6cb6850ab6a867812d8feaaf29f33	0	0	empty	
500	newPayload_request	1121	engine_newPayloadV5	2026-09-05T01:49:37.058808670Z	47170	0xdb3c8eae971ab2b3bc6c04b6214f6389a760cf20b4709597ee3ad4ec016f96bc	0	0	empty	
500	newPayload_request	1126	engine_newPayloadV5	2026-09-05T01:49:49.152309243Z	47361	0x18ed4b65350beb1d1bfc4ff33e2c639e1021d5e3d279b2732c7fe84f00e5ed48	0	0	empty	
500	newPayload_request	1131	engine_newPayloadV5	2026-09-05T01:50:04.405952629Z	47552	0x960c16195572c20331cf903a1a0cbf3fc618cac0dd0152c04b2249fe5f318018	0	0	empty	
500	newPayload_request	1137	engine_newPayloadV5	2026-09-05T01:50:16.993155415Z	47773	0xbf5ffd46f682078618e84ac3c0eca6d675eff9c1786ce936eb510ce48288a9b4	0	0	empty	
500	newPayload_request	1142	engine_newPayloadV5	2026-09-05T01:50:25.043352012Z	47952	0xfbd155685ca5023cf55710dcdef19954103f398eef84d339e56bdf3deaaed3c2	0	0	empty	
500	newPayload_request	1145	engine_newPayloadV5	2026-09-05T01:50:36.751113073Z	48073	0x5af4761cc933ee4293660dc4b6b8bd355ad653b04aee555f14c0af59c9472169	0	0	empty	
500	newPayload_request	1147	engine_newPayloadV5	2026-09-05T01:50:49.030665792Z	48146	0x2ccbd517803e0f13061b601a4ce4f2c2a0dd6ed7b5084dd74f140ddccf74e10b	0	0	empty	
500	newPayload_request	1154	engine_newPayloadV5	2026-09-05T01:51:04.014660771Z	48408	0xdd365867a1c41eee415986064777264d8d4a6dc39b3bd5c2fd7c28e46b345fd9	0	0	empty	
500	newPayload_request	1160	engine_newPayloadV5	2026-09-05T01:51:12.881036185Z	48629	0x32336115dd6600c5a47233a07a4ed697e3431f533a38090fad42ea620ceea910	0	0	empty	
500	newPayload_request	1163	engine_newPayloadV5	2026-09-05T01:51:25.397852085Z	48750	0x931683cba8723bbcaab3d1f942f990e1b6ffe1e7a12a93d93d5474966718733c	0	0	empty	
500	newPayload_request	1168	engine_newPayloadV5	2026-09-05T01:51:37.424703187Z	48941	0xe7eb34e8ddd5db27c245cf01bab95a4f6c85718ca8be5e21bdc166e12f389c72	0	0	empty	
500	newPayload_request	1173	engine_newPayloadV5	2026-09-05T01:51:48.647273910Z	49132	0x4605354653950925dde75cdd48a2786966938c883187a557ca1a4012842d9832	0	0	empty	
500	newPayload_request	1179	engine_newPayloadV5	2026-09-05T01:52:03.798482122Z	49352	0x3d8b7508ed7d7dd30a991d82e367295879edf4c5da0deefa53bd489a5d118040	0	0	empty	
500	newPayload_request	1182	engine_newPayloadV5	2026-09-05T01:52:13.004153084Z	49456	0xe2a8961bf8e44215297d00a290b2ed7677c73f1ca09ee937e6f8c61d0ac21a3b	0	0	empty	
500	newPayload_request	1187	engine_newPayloadV5	2026-09-05T01:52:24.977790998Z	49647	0x52841dc1c142521e074f0c8a86cd9d3c8f147e90ad92e29c89076e6949f6cee3	0	0	empty	
500	newPayload_request	1192	engine_newPayloadV5	2026-09-05T01:52:39.943369125Z	49838	0xd7945abb59fe9e4f1071b7cde0345c3dfc986a18c0a983d0f55243c7c540c8b0	0	0	empty	
500	newPayload_request	1198	engine_newPayloadV5	2026-09-05T01:52:49.413649520Z	50058	0x6f602f634396f597815fadf837999d2fa07fc0d22d887248890de710112b845a	0	0	empty	
500	newPayload_request	1201	engine_newPayloadV5	2026-09-05T01:53:00.856528260Z	50179	0x5c42bd0df362d9caffd65dd4cc3278ba735632daab4a5b31550e059ec7ba2fd8	0	0	empty	
500	newPayload_request	1206	engine_newPayloadV5	2026-09-05T01:53:13.902252920Z	50371	0x1c9360dd7a98342d9a7bc558a92c65c86eaac468e92095dc72df683666c70589	0	0	empty	
500	newPayload_request	1211	engine_newPayloadV5	2026-09-05T01:53:25.798088540Z	50562	0x0227c072d885d5ada797b550b33d2a5f6f48171db603df6c4a2135e0ea5718a6	0	0	empty	
500	newPayload_request	1217	engine_newPayloadV5	2026-09-05T01:53:39.178034310Z	50782	0xc9aba8d094258d36231406c60f7a32ed5d2f3b98a2d4c944032974c49e9e7eac	0	0	empty	
500	newPayload_request	1220	engine_newPayloadV5	2026-09-05T01:53:51.212376721Z	50885	0x5f5a547c6f41a0932ff5c4ac0bc0fb1c08b90f2589bfc157b6d166a487c1a931	0	0	empty	
500	newPayload_request	1226	engine_newPayloadV5	2026-09-05T01:54:01.174260740Z	51105	0x3eae0c93fc3bbe4b36bd3ec4cdfb400c46ccf644f7a8f29722eb0019fbfbe66f	0	0	empty	
500	newPayload_request	1229	engine_newPayloadV5	2026-09-05T01:54:12.669071628Z	51227	0xf9453c09a4ccb2abbafe9863e27f4e5ce6c6c1530734e0621f1c2a7f32b77e12	0	0	empty	
500	newPayload_request	1234	engine_newPayloadV5	2026-09-05T01:54:24.661788805Z	51417	0x4f7379efb95841edec74c7ba25b7f6036578f53460e82e2bb86f17ed0d614599	0	0	empty	
500	newPayload_request	1239	engine_newPayloadV5	2026-09-05T01:54:36.809978405Z	51609	0xdf16588575f4ed61752102439c98bf62bb0178f4947021e0ae4c13a37607b6ae	0	0	empty	
500	newPayload_request	1241	engine_newPayloadV5	2026-09-05T01:54:48.973069446Z	51701	0x522ef978ed992b2ea39641644a86d05e57bc225d427c1d7386a7b5e09969614c	0	0	empty	
500	newPayload_request	1243	engine_newPayloadV5	2026-09-05T01:55:00.711594548Z	51775	0xcb88248de10dd8ac73c090b1f7fc27078b22ff14d9bdb833908086cafa7e85b0	0	0	empty	
500	newPayload_request	1251	engine_newPayloadV5	2026-09-05T01:55:15.213699304Z	52066	0xa227662c6d655ec40a7923430de68bf94b67a19553b00d2f6ebbff0325857829	0	0	empty	
500	newPayload_request	1257	engine_newPayloadV5	2026-09-05T01:55:24.873925981Z	52286	0xa8733562d28df14ca911f4d63918166849db7de94cafbdffecf7a3e257aaa8db	0	0	empty	
500	newPayload_request	1260	engine_newPayloadV5	2026-09-05T01:55:36.962235125Z	52407	0xf02f6dfa5623382ea92d3eef9324bc4540239637bb8ff03c6896a174c69213e7	0	0	empty	
500	newPayload_request	1282	engine_newPayloadV5	2026-09-05T01:59:13.585819101Z	53349	0x90aa442d59845de2c9acc6d3803b28ba3eafedf6c3bc74643919d45d8a364e4c	0	0	empty	
500	newPayload_request	1297	engine_newPayloadV5	2026-09-05T02:01:49.481948540Z	54018	0xcbbe26bd8c349fe51e2269f67d34a09b7ef459f38fb4e2261d1a33e0956c6294	0	0	empty	
500	newPayload_request	1306	engine_newPayloadV5	2026-09-05T02:03:30.787577489Z	54423	0xe095e4a96bdd28454006c6e0bbdbc3ccf9ae15ebfb479a9a24441b5e9d37df18	0	0	empty	
500	newPayload_request	1307	engine_newPayloadV5	2026-09-05T02:03:31.085746841Z	54467	0xbb8c15a0d727d4373343c9791602834b0489bf59a4975841dae486341c2fe9c8	0	0	empty	
700	newPayload_request	373	engine_newPayloadV5	2026-09-05T00:08:24.418150876Z	16641	0xb9b2eade724f5129b730a0bbcc1df80cbf7b6537e1d6e79a709564ef44ae3849	0	0	empty	
700	newPayload_request	375	engine_newPayloadV5	2026-09-05T00:08:28.651879700Z	16732	0x9a84c87c8779a41cccc6a5fed314173497f614edf137a877f1811cf558204f72	0	0	empty	
700	newPayload_request	721	engine_newPayloadV5	2026-09-05T01:33:01.711785439Z	32167	0xdf777d7bd39c8da50222382357a2f2865c9967c5ef99f6918bdcf09fa6b81ab8	0	0	empty	
700	newPayload_request	727	engine_newPayloadV5	2026-09-05T01:33:18.811287978Z	32386	0x03b9534aa3563550aba40988bca50462b89c35fb5d9a8a78bb68f04641dfd5d3	0	0	empty	
700	newPayload_request	731	engine_newPayloadV5	2026-09-05T01:33:26.846955717Z	32536	0x43e25c037fafe64d8b38d248d67afdfdf015e4223008dd2fa6dcadadde3958a4	0	0	empty	
700	newPayload_request	737	engine_newPayloadV5	2026-09-05T01:33:47.010577628Z	32756	0xbe1dd5493e36852931fa81246ce051cc3ef5fe2233f33e49c39537a6cce71f1f	0	0	empty	
700	newPayload_request	742	engine_newPayloadV5	2026-09-05T01:34:06.431567364Z	32954	0x12535ebc42752fc497d6c920e2035fd053437a13c8aa2a3bc9e606af323f7ac3	0	0	empty	
700	newPayload_request	746	engine_newPayloadV5	2026-09-05T01:34:12.958542305Z	33085	0xd94ef5650b52359e89cd73e002950d7b0182e165f653327fa127c494056f32c4	0	0	empty	
700	newPayload_request	749	engine_newPayloadV5	2026-09-05T01:34:24.964700990Z	33207	0x7c666cef5cdedf65a733da480b4643355396d48e4f56c312507a09c741ac393c	0	0	empty	
700	newPayload_request	754	engine_newPayloadV5	2026-09-05T01:34:36.922571157Z	33397	0x31cfcb4ca92961dc340c7039b82eb95b712d7e2cf3f7782cf56bb0e0fee9a663	0	0	empty	
700	newPayload_request	760	engine_newPayloadV5	2026-09-05T01:34:48.796790447Z	33618	0xa218f67f6444c9a1c45ae32bc8f4742bf83dba769c8aef58aa820a175f5735a0	0	0	empty	
700	newPayload_request	765	engine_newPayloadV5	2026-09-05T01:35:00.644952492Z	33809	0xeb892eb2aa511cf2dc49d7f1e191ee205377e893d8ad3560b745df7d5bfdc12b	0	0	empty	
700	newPayload_request	770	engine_newPayloadV5	2026-09-05T01:35:13.315232674Z	34000	0xece62d89c063989aaef8a4d8f3b10d0298fee935de2da9e91c87ba8a6cee5d91	0	0	empty	
700	newPayload_request	772	engine_newPayloadV5	2026-09-05T01:35:24.527449856Z	34075	0x5521990a7414bd7b867977623332c490f9fe9810706eddbdce02f514bc08f719	0	0	empty	
700	newPayload_request	779	engine_newPayloadV5	2026-09-05T01:35:36.649055774Z	34336	0x78f969458d4a00ebd5d8d885b590b69889db5955f4700d8f00ae3d0aaf73f77c	0	0	empty	
700	newPayload_request	784	engine_newPayloadV5	2026-09-05T01:35:48.780102922Z	34527	0xcc3a083b59ab916873615e3c040ac8d6352fcb51fa971e8c740f67925fe39338	0	0	empty	
700	newPayload_request	789	engine_newPayloadV5	2026-09-05T01:36:01.175752837Z	34718	0xbd177e00545b6ebcc779bc307541a3c9fb74e679cfea2fa1d07a55bf2c8cddc5	0	0	empty	
700	newPayload_request	794	engine_newPayloadV5	2026-09-05T01:36:12.835751338Z	34909	0x6485148e5b372601351a7ff4a77fc50084fe1f4535f5f952e653a7a8885065ea	0	0	empty	
700	newPayload_request	800	engine_newPayloadV5	2026-09-05T01:36:25.947460262Z	35130	0xcfcbf45a630f3f659591dae28c404785995fe838fb144d777bb9d29965ebf7fc	0	0	empty	
700	newPayload_request	805	engine_newPayloadV5	2026-09-05T01:36:39.806993203Z	35321	0xb8f4577d10af3ead1fde4187b78a8ee0e6ca97fb30c393ea31ac9e23fba124e9	0	0	empty	
700	newPayload_request	810	engine_newPayloadV5	2026-09-05T01:36:52.447988000Z	35512	0x616503d1bdf73198057f37ccb830cb21a9d55e7ea57e763e16253b05f9e2f7fa	0	0	empty	
700	newPayload_request	813	engine_newPayloadV5	2026-09-05T01:37:02.129209300Z	35615	0xb10c6c1a530e3965a6dd4050c2a04c4c6e5755392df3c0340e4bcce7fd5decba	0	0	empty	
700	newPayload_request	818	engine_newPayloadV5	2026-09-05T01:37:13.085689260Z	35806	0x246b5edbc8976296f771cc7ae82f6f619fc9912f1be89584cb092d4807e50bd4	0	0	empty	
700	newPayload_request	823	engine_newPayloadV5	2026-09-05T01:37:26.285645111Z	35997	0x925d53eb6594633897c6989aa756e4ecc6bad81d414041a0e76c87ba7e721761	0	0	empty	
700	newPayload_request	828	engine_newPayloadV5	2026-09-05T01:37:36.931978442Z	36189	0x16fc2b531d39eedc51ab0f56fd78922d7ecf5e6f7faecde992df595bdccc2f65	0	0	empty	
700	newPayload_request	834	engine_newPayloadV5	2026-09-05T01:37:51.329222220Z	36409	0x9f6ee5a594badeda72efdfef738511682f5b93bc96a9d774db6a2379daccef82	0	0	empty	
700	newPayload_request	840	engine_newPayloadV5	2026-09-05T01:38:01.251830468Z	36629	0x5ceb996376f990fb6f844aee5565cb3f1b06a4ecdc9fc4acfc1622f64a15391c	0	0	empty	
700	newPayload_request	842	engine_newPayloadV5	2026-09-05T01:38:13.073794708Z	36703	0xe320f5f9fe2dd9313f1224f1396a2a5c2ce00f5636647720645f7bc81303e2af	0	0	empty	
700	newPayload_request	847	engine_newPayloadV5	2026-09-05T01:38:25.743999492Z	36895	0x73eef28bee32efdbe793ddb0afbdaa52a30e0d8e22f8c43c730178301eff2225	0	0	empty	
700	newPayload_request	852	engine_newPayloadV5	2026-09-05T01:38:36.967321659Z	37086	0xd98a1d9ab7d953cb760b6ea59ff603783461b81bade3ff64cb5f6f18a314bd7f	0	0	empty	
700	newPayload_request	857	engine_newPayloadV5	2026-09-05T01:38:50.131280614Z	37277	0x4c5ec42b3bf21c60a791f575983cf7ac034012b5fe462bc188f44510bf60f78c	0	0	empty	
700	newPayload_request	862	engine_newPayloadV5	2026-09-05T01:39:03.740835067Z	37468	0x04f4340417af45df2521cb2d720097c38c774a07b48c741b4d9815eb0698d5ca	0	0	empty	
700	newPayload_request	868	engine_newPayloadV5	2026-09-05T01:39:14.140417132Z	37688	0x4142010bdf78ed77c6eedd7f49bd0decf756d48b5529573a7d35aad709367880	0	0	empty	
700	newPayload_request	871	engine_newPayloadV5	2026-09-05T01:39:24.839031813Z	37810	0x2f944ddae38001bcbe660c656e09ca924cc1bf60ccf02759fc0b2adb67a5d707	0	0	empty	
700	newPayload_request	874	engine_newPayloadV5	2026-09-05T01:39:37.090792025Z	37912	0x55c261f510c23680f00d5b644acddf8616138a0419da5228aef4b636e07e2e95	0	0	empty	
700	newPayload_request	881	engine_newPayloadV5	2026-09-05T01:39:48.985688887Z	38174	0x4e2cbf793ec3295cc8da6667c5894e6630e6ff011a5bca347af9a44365903cd8	0	0	empty	
700	newPayload_request	886	engine_newPayloadV5	2026-09-05T01:40:03.741144709Z	38365	0xd7a89c6687b305575b8ba5cb3e1b75908c50b88d725893af722ee222546c2361	0	0	empty	
700	newPayload_request	891	engine_newPayloadV5	2026-09-05T01:40:13.312881609Z	38556	0x3f042afbc20f852eab43e0ef53e35cb685c862858adefe99e082ab6722174852	0	0	empty	
700	newPayload_request	897	engine_newPayloadV5	2026-09-05T01:40:25.020027414Z	38777	0x881f01c4163841899fbdc4e017a2d198976bc42b29906baa22630b467b1243dc	0	0	empty	
700	newPayload_request	900	engine_newPayloadV5	2026-09-05T01:40:37.752613234Z	38898	0x9f7655662d8ef5e35477f0b2b8e73972dea2ed4fcef954aff24ae3f32a5e954d	0	0	empty	
700	newPayload_request	905	engine_newPayloadV5	2026-09-05T01:40:49.457550211Z	39089	0xf995d42db9fddd12af2761b5cc59c1be7960eb7d19da4f8f8d1d33c00f9e7a4b	0	0	empty	
700	newPayload_request	911	engine_newPayloadV5	2026-09-05T01:41:02.771828855Z	39309	0x245f92010cf74b18d00e7f51c64bdf94da07cb43e62e3fdcb64d089449ed5dbe	0	0	empty	
700	newPayload_request	913	engine_newPayloadV5	2026-09-05T01:41:13.329526489Z	39383	0xab4db72d03316e0bd6e1dd7e9a785b9d2d9f9829642d138ff42f025d57618b72	0	0	empty	
700	newPayload_request	920	engine_newPayloadV5	2026-09-05T01:41:26.042003875Z	39645	0xd706a23b4079cc74de79fbf4f95d4f191879753c3d0b7ba4ea5290ca1a750bf5	0	0	empty	
700	newPayload_request	925	engine_newPayloadV5	2026-09-05T01:41:36.903964578Z	39835	0x25f757b80623caa82e7c8964329488a178c59731c93efc6a6c136c75feda2f35	0	0	empty	
700	newPayload_request	930	engine_newPayloadV5	2026-09-05T01:41:50.701581771Z	40027	0x80c043e1e273c963720ce30e17c19afa6c3bff78aeee0478d8d5ed50574ace9b	0	0	empty	
700	newPayload_request	935	engine_newPayloadV5	2026-09-05T01:42:01.896996195Z	40218	0x2df1779fceddb43c3623bd4d0bc486be91621686362c46459fbc970cbe76a742	0	0	empty	
700	newPayload_request	940	engine_newPayloadV5	2026-09-05T01:42:12.860974551Z	40409	0x9cc50b677092aa30ee580f31ced4bd9ad1e6825d53d45b0c6501e4bac2285ce8	0	0	empty	
700	newPayload_request	945	engine_newPayloadV5	2026-09-05T01:42:26.789607649Z	40601	0x33cbd19dd23ef5c2da3141dfa8f594ffdb004d5d6a7dbc61345a3bfe78f54aeb	0	0	empty	
700	newPayload_request	947	engine_newPayloadV5	2026-09-05T01:42:36.858367851Z	40675	0x0a005e5f3659a168dc4e947fdb754aabe14202fe900ac13b336203a1948d6710	0	0	empty	
700	newPayload_request	955	engine_newPayloadV5	2026-09-05T01:42:50.539852501Z	40965	0xb7e34025246673da1e4220de864d0f61cd73ff95fe349323cd166152895807cf	0	0	empty	
700	newPayload_request	960	engine_newPayloadV5	2026-09-05T01:43:04.035880957Z	41156	0x6b770d61ffd59bcce18ab5956af6d3f6f369560739c50417ab1b13b9e36c9b9b	0	0	empty	
700	newPayload_request	966	engine_newPayloadV5	2026-09-05T01:43:13.065231687Z	41376	0x13caf61c02ae853d2311d6001c47b5e268dd40eac3af0aac7e98895c7bfac097	0	0	empty	
700	newPayload_request	969	engine_newPayloadV5	2026-09-05T01:43:25.034141030Z	41498	0x9329e7bd4ffba11c0cfbb62400785736137925bbb67c8c5d869969bff878b0f7	0	0	empty	
700	newPayload_request	974	engine_newPayloadV5	2026-09-05T01:43:44.168777639Z	41689	0xa68a7f4ca273d2212c15d7930c942f624632765b4c5a4ab89f0a4d891a957f92	0	0	empty	
700	newPayload_request	979	engine_newPayloadV5	2026-09-05T01:43:49.374972082Z	41868	0xa83ef3d3fb1e04acfbfaec458f5d07fd5c97c68c8958e9bfb5766eb84e7225e7	0	0	empty	
700	newPayload_request	984	engine_newPayloadV5	2026-09-05T01:44:05.118871242Z	42059	0x08d4724856f36b54d143b02949666a9676008a99192f9ba6a79a2a061dc06948	0	0	empty	
700	newPayload_request	988	engine_newPayloadV5	2026-09-05T01:44:14.648857125Z	42190	0xda1c1b4ad382a753e2814a71c14396f072ffbe1c6f7f37dd6327f684b67bffb9	0	0	empty	
700	newPayload_request	993	engine_newPayloadV5	2026-09-05T01:44:24.842363970Z	42383	0xb63315cde41db14fae1a6d93f0c9912115694e892a06462549472059c1308147	0	0	empty	
700	newPayload_request	998	engine_newPayloadV5	2026-09-05T01:44:36.936153604Z	42573	0x4ba57fb3110598fa4557b722b73542d1927072f237a4e2d20be6ab44c1ac60f8	0	0	empty	
700	newPayload_request	1003	engine_newPayloadV5	2026-09-05T01:44:54.454006538Z	42765	0xee30f8b77827a6eecf3cce03373a9be6fe5a594f9e87ce50d96057f08865d871	0	0	empty	
700	newPayload_request	1008	engine_newPayloadV5	2026-09-05T01:45:04.856531968Z	42944	0x19131163243a34acd438fc7b7df490e2bc3581d011c5bf960b5a6e769b0fc02e	0	0	empty	
700	newPayload_request	1012	engine_newPayloadV5	2026-09-05T01:45:13.861036256Z	43094	0xa1ee4b78dec5a13a4d3bb3ef3e8a3a271145615df45233ca17d5a4af2f334727	0	0	empty	
700	newPayload_request	1014	engine_newPayloadV5	2026-09-05T01:45:24.996442677Z	43168	0x673f5cde1640a66a6acbf5f9fa07cf0f0223f6c7a41f93ffb6de23426b1783c1	0	0	empty	
700	newPayload_request	1021	engine_newPayloadV5	2026-09-05T01:45:40.773782092Z	43430	0xe78411fcea356edbb7d2e305907a20b2a9265a56132a3179587bc8ff4b02dd7f	0	0	empty	
700	newPayload_request	1027	engine_newPayloadV5	2026-09-05T01:45:49.193144540Z	43650	0xa41b5ce27ea9579248012bc6aaddc9600545322ea40586d6b36c48ae42be6384	0	0	empty	
700	newPayload_request	1031	engine_newPayloadV5	2026-09-05T01:46:01.328793350Z	43800	0x97e5c064d2b203b45279582591c4d32e1cff16c9d68ea9ad08880865cbcee620	0	0	empty	
700	newPayload_request	1036	engine_newPayloadV5	2026-09-05T01:46:16.417748615Z	43991	0x935782051769f5e444cb5225c89b26406d333f00517cfdd8bbe2b2e9362eae13	0	0	empty	
700	newPayload_request	1042	engine_newPayloadV5	2026-09-05T01:46:26.863543718Z	44212	0xe2bafb7da2266ac9396fb9950b4072494f86231442de452daf0da78d85042e8d	0	0	empty	
700	newPayload_request	1045	engine_newPayloadV5	2026-09-05T01:46:36.837684441Z	44315	0xd1c7516ed123baf1b82b8777388075789ed578a6b49c01d6b7f4be797a5bfd2e	0	0	empty	
700	newPayload_request	1048	engine_newPayloadV5	2026-09-05T01:46:48.726726790Z	44436	0x86157fa4483f3c812ac7b642bc59a0830b33a299298d268979743a88bef26538	0	0	empty	
700	newPayload_request	1053	engine_newPayloadV5	2026-09-05T01:47:00.809152885Z	44627	0xccff6b4846579f40f936f6cfc85426be79bab204041e1c19aa1868dddb7ebef2	0	0	empty	
700	newPayload_request	1058	engine_newPayloadV5	2026-09-05T01:47:12.993107508Z	44818	0xdbe5494fba53347f23e77b38c786df103784fa850fa50e2616a6576af52afec8	0	0	empty	
700	newPayload_request	1064	engine_newPayloadV5	2026-09-05T01:47:25.906018603Z	45039	0xb9ed6ba24cf9a6fb2da974e4a7cb92fdebaeadd6d95370a1f9303293495b1229	0	0	empty	
700	newPayload_request	1069	engine_newPayloadV5	2026-09-05T01:47:37.492161805Z	45230	0xe207023239fb575d63ea6d47590a3d0887ad25028ace4e9d57acf268feb03843	0	0	empty	
700	newPayload_request	1074	engine_newPayloadV5	2026-09-05T01:47:48.845564583Z	45421	0xe60f3b71e4793b1bd51d3247015f67ed9b8fc66f96ca66636b780ee9d374a28a	0	0	empty	
700	newPayload_request	1076	engine_newPayloadV5	2026-09-05T01:48:01.043661719Z	45495	0x0e467b861259f1f93cf39307e1aeb8d223597d183c37b5677cf4445aad0f480b	0	0	empty	
700	newPayload_request	1083	engine_newPayloadV5	2026-09-05T01:48:12.843742282Z	45756	0x7bc9a7a1fda4ac14627d7765dfffe6edbdaedef95a4a3ccdf67e73aed59ef738	0	0	empty	
700	newPayload_request	1088	engine_newPayloadV5	2026-09-05T01:48:25.593690987Z	45948	0xa2cbbc8ef09bb0c4d6905cb8fb06f957f3b531bad2d6fceea7cf2b3f9a08ffc8	0	0	empty	
700	newPayload_request	1093	engine_newPayloadV5	2026-09-05T01:48:37.213570756Z	46139	0xdbcf51653cd94aa2c920a79f5b5bcc1b19b49383f70e20bab40cf76053c00195	0	0	empty	
700	newPayload_request	1098	engine_newPayloadV5	2026-09-05T01:48:48.898770380Z	46330	0x946a201744ae66f3fedc230ce77d88aed503b89175f9aa2ac37c0d134024eded	0	0	empty	
700	newPayload_request	1103	engine_newPayloadV5	2026-09-05T01:49:00.806312913Z	46521	0x131a9cc2905b35e16365b0f2e190796433e2b894103705541e897412375ab3ec	0	0	empty	
700	newPayload_request	1109	engine_newPayloadV5	2026-09-05T01:49:14.415890641Z	46741	0xb15e604fe0fb64d5a9ab6f70c760c0d28c1e213e0cb9d720ba8fa24e158211bb	0	0	empty	
700	newPayload_request	1114	engine_newPayloadV5	2026-09-05T01:49:28.296096681Z	46933	0xff94488fc6025cc072f9a94c7ebae908bfd6cb6850ab6a867812d8feaaf29f33	0	0	empty	
700	newPayload_request	1117	engine_newPayloadV5	2026-09-05T01:49:37.235178060Z	47036	0xdb3c8eae971ab2b3bc6c04b6214f6389a760cf20b4709597ee3ad4ec016f96bc	0	0	empty	
700	newPayload_request	1122	engine_newPayloadV5	2026-09-05T01:49:49.075234986Z	47227	0x18ed4b65350beb1d1bfc4ff33e2c639e1021d5e3d279b2732c7fe84f00e5ed48	0	0	empty	
700	newPayload_request	1127	engine_newPayloadV5	2026-09-05T01:50:04.475615705Z	47418	0x960c16195572c20331cf903a1a0cbf3fc618cac0dd0152c04b2249fe5f318018	0	0	empty	
700	newPayload_request	1133	engine_newPayloadV5	2026-09-05T01:50:17.041616557Z	47638	0xbf5ffd46f682078618e84ac3c0eca6d675eff9c1786ce936eb510ce48288a9b4	0	0	empty	
700	newPayload_request	1137	engine_newPayloadV5	2026-09-05T01:50:24.946746732Z	47789	0xfbd155685ca5023cf55710dcdef19954103f398eef84d339e56bdf3deaaed3c2	0	0	empty	
700	newPayload_request	1140	engine_newPayloadV5	2026-09-05T01:50:36.758887529Z	47909	0x5af4761cc933ee4293660dc4b6b8bd355ad653b04aee555f14c0af59c9472169	0	0	empty	
700	newPayload_request	1143	engine_newPayloadV5	2026-09-05T01:50:49.088724528Z	48013	0x2ccbd517803e0f13061b601a4ce4f2c2a0dd6ed7b5084dd74f140ddccf74e10b	0	0	empty	
700	newPayload_request	1151	engine_newPayloadV5	2026-09-05T01:51:04.057385955Z	48321	0xdd365867a1c41eee415986064777264d8d4a6dc39b3bd5c2fd7c28e46b345fd9	0	0	empty	
700	newPayload_request	1154	engine_newPayloadV5	2026-09-05T01:51:13.004586095Z	48424	0x32336115dd6600c5a47233a07a4ed697e3431f533a38090fad42ea620ceea910	0	0	empty	
700	newPayload_request	1159	engine_newPayloadV5	2026-09-05T01:51:25.464348983Z	48616	0x931683cba8723bbcaab3d1f942f990e1b6ffe1e7a12a93d93d5474966718733c	0	0	empty	
700	newPayload_request	1164	engine_newPayloadV5	2026-09-05T01:51:37.429732930Z	48806	0xe7eb34e8ddd5db27c245cf01bab95a4f6c85718ca8be5e21bdc166e12f389c72	0	0	empty	
700	newPayload_request	1169	engine_newPayloadV5	2026-09-05T01:51:48.696703788Z	48998	0x4605354653950925dde75cdd48a2786966938c883187a557ca1a4012842d9832	0	0	empty	
700	newPayload_request	1174	engine_newPayloadV5	2026-09-05T01:52:03.716947671Z	49189	0x3d8b7508ed7d7dd30a991d82e367295879edf4c5da0deefa53bd489a5d118040	0	0	empty	
700	newPayload_request	1177	engine_newPayloadV5	2026-09-05T01:52:13.091859166Z	49292	0xe2a8961bf8e44215297d00a290b2ed7677c73f1ca09ee937e6f8c61d0ac21a3b	0	0	empty	
700	newPayload_request	1183	engine_newPayloadV5	2026-09-05T01:52:25.034660262Z	49513	0x52841dc1c142521e074f0c8a86cd9d3c8f147e90ad92e29c89076e6949f6cee3	0	0	empty	
700	newPayload_request	1188	engine_newPayloadV5	2026-09-05T01:52:40.014550940Z	49704	0xd7945abb59fe9e4f1071b7cde0345c3dfc986a18c0a983d0f55243c7c540c8b0	0	0	empty	
700	newPayload_request	1194	engine_newPayloadV5	2026-09-05T01:52:49.488393001Z	49924	0x6f602f634396f597815fadf837999d2fa07fc0d22d887248890de710112b845a	0	0	empty	
700	newPayload_request	1197	engine_newPayloadV5	2026-09-05T01:53:00.839304437Z	50045	0x5c42bd0df362d9caffd65dd4cc3278ba735632daab4a5b31550e059ec7ba2fd8	0	0	empty	
700	newPayload_request	1202	engine_newPayloadV5	2026-09-05T01:53:13.979761232Z	50236	0x1c9360dd7a98342d9a7bc558a92c65c86eaac468e92095dc72df683666c70589	0	0	empty	
700	newPayload_request	1207	engine_newPayloadV5	2026-09-05T01:53:25.866998122Z	50428	0x0227c072d885d5ada797b550b33d2a5f6f48171db603df6c4a2135e0ea5718a6	0	0	empty	
700	newPayload_request	1212	engine_newPayloadV5	2026-09-05T01:53:39.106909782Z	50619	0xc9aba8d094258d36231406c60f7a32ed5d2f3b98a2d4c944032974c49e9e7eac	0	0	empty	
700	newPayload_request	1216	engine_newPayloadV5	2026-09-05T01:53:51.133351336Z	50751	0x5f5a547c6f41a0932ff5c4ac0bc0fb1c08b90f2589bfc157b6d166a487c1a931	0	0	empty	
700	newPayload_request	1222	engine_newPayloadV5	2026-09-05T01:54:01.133887259Z	50971	0x3eae0c93fc3bbe4b36bd3ec4cdfb400c46ccf644f7a8f29722eb0019fbfbe66f	0	0	empty	
700	newPayload_request	1225	engine_newPayloadV5	2026-09-05T01:54:12.593638069Z	51091	0xf9453c09a4ccb2abbafe9863e27f4e5ce6c6c1530734e0621f1c2a7f32b77e12	0	0	empty	
700	newPayload_request	1230	engine_newPayloadV5	2026-09-05T01:54:24.716750225Z	51284	0x4f7379efb95841edec74c7ba25b7f6036578f53460e82e2bb86f17ed0d614599	0	0	empty	
700	newPayload_request	1235	engine_newPayloadV5	2026-09-05T01:54:36.897567114Z	51475	0xdf16588575f4ed61752102439c98bf62bb0178f4947021e0ae4c13a37607b6ae	0	0	empty	
700	newPayload_request	1237	engine_newPayloadV5	2026-09-05T01:54:48.960853843Z	51567	0x522ef978ed992b2ea39641644a86d05e57bc225d427c1d7386a7b5e09969614c	0	0	empty	
700	newPayload_request	1239	engine_newPayloadV5	2026-09-05T01:55:00.773876406Z	51641	0xcb88248de10dd8ac73c090b1f7fc27078b22ff14d9bdb833908086cafa7e85b0	0	0	empty	
700	newPayload_request	1246	engine_newPayloadV5	2026-09-05T01:55:15.155370764Z	51902	0xa227662c6d655ec40a7923430de68bf94b67a19553b00d2f6ebbff0325857829	0	0	empty	
700	newPayload_request	1252	engine_newPayloadV5	2026-09-05T01:55:24.970832652Z	52123	0xa8733562d28df14ca911f4d63918166849db7de94cafbdffecf7a3e257aaa8db	0	0	empty	
700	newPayload_request	1256	engine_newPayloadV5	2026-09-05T01:55:37.018613910Z	52273	0xf02f6dfa5623382ea92d3eef9324bc4540239637bb8ff03c6896a174c69213e7	0	0	empty	
700	newPayload_request	1277	engine_newPayloadV5	2026-09-05T01:58:46.624558535Z	53167	0x7a939fc457b71ea84db117e232635ec2c199d61db80dd71015e25c605b8c3f36	0	0	empty	
700	newPayload_request	1289	engine_newPayloadV5	2026-09-05T01:59:02.720041108Z	53638	0xca51c559bde8ffe6bcd0a3b21b560d8f2c6e5789189e8be4378e6484ba0fa690	0	0	empty	
700	newPayload_request	1304	engine_newPayloadV5	2026-09-05T02:02:00.595559051Z	54309	0xbb8c15a0d727d4373343c9791602834b0489bf59a4975841dae486341c2fe9c8	0	0	empty	
700	newPayload_request	1313	engine_newPayloadV5	2026-09-05T02:03:33.593563930Z	54714	0xe095e4a96bdd28454006c6e0bbdbc3ccf9ae15ebfb479a9a24441b5e9d37df18	0	0	empty	
900	newPayload_request	370	engine_newPayloadV5	2026-09-05T00:08:23.531518504Z	16517	0xb9b2eade724f5129b730a0bbcc1df80cbf7b6537e1d6e79a709564ef44ae3849	0	0	empty	
900	newPayload_request	376	engine_newPayloadV5	2026-09-05T00:08:29.027072040Z	16736	0x9a84c87c8779a41cccc6a5fed314173497f614edf137a877f1811cf558204f72	0	0	empty	
900	newPayload_request	721	engine_newPayloadV5	2026-09-05T01:33:02.062097281Z	32149	0xdf777d7bd39c8da50222382357a2f2865c9967c5ef99f6918bdcf09fa6b81ab8	0	0	empty	
900	newPayload_request	725	engine_newPayloadV5	2026-09-05T01:33:18.895633384Z	32298	0x03b9534aa3563550aba40988bca50462b89c35fb5d9a8a78bb68f04641dfd5d3	0	0	empty	
900	newPayload_request	732	engine_newPayloadV5	2026-09-05T01:33:26.911360413Z	32546	0x43e25c037fafe64d8b38d248d67afdfdf015e4223008dd2fa6dcadadde3958a4	0	0	empty	
900	newPayload_request	736	engine_newPayloadV5	2026-09-05T01:33:47.088683499Z	32697	0xbe1dd5493e36852931fa81246ce051cc3ef5fe2233f33e49c39537a6cce71f1f	0	0	empty	
900	newPayload_request	740	engine_newPayloadV5	2026-09-05T01:34:06.439852306Z	32848	0x12535ebc42752fc497d6c920e2035fd053437a13c8aa2a3bc9e606af323f7ac3	0	0	empty	
900	newPayload_request	747	engine_newPayloadV5	2026-09-05T01:34:13.425023294Z	33096	0xd94ef5650b52359e89cd73e002950d7b0182e165f653327fa127c494056f32c4	0	0	empty	
900	newPayload_request	750	engine_newPayloadV5	2026-09-05T01:34:25.425741781Z	33217	0x7c666cef5cdedf65a733da480b4643355396d48e4f56c312507a09c741ac393c	0	0	empty	
900	newPayload_request	755	engine_newPayloadV5	2026-09-05T01:34:37.490485307Z	33407	0x31cfcb4ca92961dc340c7039b82eb95b712d7e2cf3f7782cf56bb0e0fee9a663	0	0	empty	
900	newPayload_request	759	engine_newPayloadV5	2026-09-05T01:34:48.934239179Z	33559	0xa218f67f6444c9a1c45ae32bc8f4742bf83dba769c8aef58aa820a175f5735a0	0	0	empty	
900	newPayload_request	769	engine_newPayloadV5	2026-09-05T01:35:00.817456085Z	33925	0xeb892eb2aa511cf2dc49d7f1e191ee205377e893d8ad3560b745df7d5bfdc12b	0	0	empty	
900	newPayload_request	774	engine_newPayloadV5	2026-09-05T01:35:13.648452826Z	34116	0xece62d89c063989aaef8a4d8f3b10d0298fee935de2da9e91c87ba8a6cee5d91	0	0	empty	
900	newPayload_request	779	engine_newPayloadV5	2026-09-05T01:35:24.795199841Z	34307	0x5521990a7414bd7b867977623332c490f9fe9810706eddbdce02f514bc08f719	0	0	empty	
900	newPayload_request	784	engine_newPayloadV5	2026-09-05T01:35:36.715861982Z	34498	0x78f969458d4a00ebd5d8d885b590b69889db5955f4700d8f00ae3d0aaf73f77c	0	0	empty	
900	newPayload_request	789	engine_newPayloadV5	2026-09-05T01:35:49.021234874Z	34690	0xcc3a083b59ab916873615e3c040ac8d6352fcb51fa971e8c740f67925fe39338	0	0	empty	
900	newPayload_request	794	engine_newPayloadV5	2026-09-05T01:36:01.554206348Z	34881	0xbd177e00545b6ebcc779bc307541a3c9fb74e679cfea2fa1d07a55bf2c8cddc5	0	0	empty	
900	newPayload_request	796	engine_newPayloadV5	2026-09-05T01:36:13.119334206Z	34955	0x6485148e5b372601351a7ff4a77fc50084fe1f4535f5f952e653a7a8885065ea	0	0	empty	
900	newPayload_request	803	engine_newPayloadV5	2026-09-05T01:36:25.951373534Z	35216	0xcfcbf45a630f3f659591dae28c404785995fe838fb144d777bb9d29965ebf7fc	0	0	empty	
900	newPayload_request	809	engine_newPayloadV5	2026-09-05T01:36:39.896164987Z	35436	0xb8f4577d10af3ead1fde4187b78a8ee0e6ca97fb30c393ea31ac9e23fba124e9	0	0	empty	
900	newPayload_request	814	engine_newPayloadV5	2026-09-05T01:36:52.374770264Z	35628	0x616503d1bdf73198057f37ccb830cb21a9d55e7ea57e763e16253b05f9e2f7fa	0	0	empty	
900	newPayload_request	820	engine_newPayloadV5	2026-09-05T01:37:02.201492284Z	35848	0xb10c6c1a530e3965a6dd4050c2a04c4c6e5755392df3c0340e4bcce7fd5decba	0	0	empty	
900	newPayload_request	823	engine_newPayloadV5	2026-09-05T01:37:13.353719569Z	35969	0x246b5edbc8976296f771cc7ae82f6f619fc9912f1be89584cb092d4807e50bd4	0	0	empty	
900	newPayload_request	828	engine_newPayloadV5	2026-09-05T01:37:26.296536782Z	36160	0x925d53eb6594633897c6989aa756e4ecc6bad81d414041a0e76c87ba7e721761	0	0	empty	
900	newPayload_request	830	engine_newPayloadV5	2026-09-05T01:37:37.474523075Z	36234	0x16fc2b531d39eedc51ab0f56fd78922d7ecf5e6f7faecde992df595bdccc2f65	0	0	empty	
900	newPayload_request	837	engine_newPayloadV5	2026-09-05T01:37:51.478944558Z	36496	0x9f6ee5a594badeda72efdfef738511682f5b93bc96a9d774db6a2379daccef82	0	0	empty	
900	newPayload_request	843	engine_newPayloadV5	2026-09-05T01:38:02.312365919Z	36716	0x5ceb996376f990fb6f844aee5565cb3f1b06a4ecdc9fc4acfc1622f64a15391c	0	0	empty	
900	newPayload_request	847	engine_newPayloadV5	2026-09-05T01:38:13.844995103Z	36866	0xe320f5f9fe2dd9313f1224f1396a2a5c2ce00f5636647720645f7bc81303e2af	0	0	empty	
900	newPayload_request	852	engine_newPayloadV5	2026-09-05T01:38:26.064225698Z	37057	0x73eef28bee32efdbe793ddb0afbdaa52a30e0d8e22f8c43c730178301eff2225	0	0	empty	
900	newPayload_request	857	engine_newPayloadV5	2026-09-05T01:38:37.635035474Z	37248	0xd98a1d9ab7d953cb760b6ea59ff603783461b81bade3ff64cb5f6f18a314bd7f	0	0	empty	
900	newPayload_request	862	engine_newPayloadV5	2026-09-05T01:38:50.212831126Z	37440	0x4c5ec42b3bf21c60a791f575983cf7ac034012b5fe462bc188f44510bf60f78c	0	0	empty	
900	newPayload_request	867	engine_newPayloadV5	2026-09-05T01:39:04.062154017Z	37631	0x04f4340417af45df2521cb2d720097c38c774a07b48c741b4d9815eb0698d5ca	0	0	empty	
900	newPayload_request	870	engine_newPayloadV5	2026-09-05T01:39:14.222965098Z	37734	0x4142010bdf78ed77c6eedd7f49bd0decf756d48b5529573a7d35aad709367880	0	0	empty	
900	newPayload_request	875	engine_newPayloadV5	2026-09-05T01:39:25.078000088Z	37925	0x2f944ddae38001bcbe660c656e09ca924cc1bf60ccf02759fc0b2adb67a5d707	0	0	empty	
900	newPayload_request	880	engine_newPayloadV5	2026-09-05T01:39:37.889874125Z	38116	0x55c261f510c23680f00d5b644acddf8616138a0419da5228aef4b636e07e2e95	0	0	empty	
900	newPayload_request	886	engine_newPayloadV5	2026-09-05T01:39:49.482935873Z	38337	0x4e2cbf793ec3295cc8da6667c5894e6630e6ff011a5bca347af9a44365903cd8	0	0	empty	
900	newPayload_request	891	engine_newPayloadV5	2026-09-05T01:40:03.819569179Z	38528	0xd7a89c6687b305575b8ba5cb3e1b75908c50b88d725893af722ee222546c2361	0	0	empty	
900	newPayload_request	896	engine_newPayloadV5	2026-09-05T01:40:13.913165796Z	38719	0x3f042afbc20f852eab43e0ef53e35cb685c862858adefe99e082ab6722174852	0	0	empty	
900	newPayload_request	899	engine_newPayloadV5	2026-09-05T01:40:25.684248133Z	38822	0x881f01c4163841899fbdc4e017a2d198976bc42b29906baa22630b467b1243dc	0	0	empty	
900	newPayload_request	904	engine_newPayloadV5	2026-09-05T01:40:37.834896458Z	39012	0x9f7655662d8ef5e35477f0b2b8e73972dea2ed4fcef954aff24ae3f32a5e954d	0	0	empty	
900	newPayload_request	909	engine_newPayloadV5	2026-09-05T01:40:49.699738658Z	39205	0xf995d42db9fddd12af2761b5cc59c1be7960eb7d19da4f8f8d1d33c00f9e7a4b	0	0	empty	
900	newPayload_request	914	engine_newPayloadV5	2026-09-05T01:41:02.698512593Z	39396	0x245f92010cf74b18d00e7f51c64bdf94da07cb43e62e3fdcb64d089449ed5dbe	0	0	empty	
900	newPayload_request	919	engine_newPayloadV5	2026-09-05T01:41:13.420604545Z	39587	0xab4db72d03316e0bd6e1dd7e9a785b9d2d9f9829642d138ff42f025d57618b72	0	0	empty	
900	newPayload_request	925	engine_newPayloadV5	2026-09-05T01:41:26.123376451Z	39807	0xd706a23b4079cc74de79fbf4f95d4f191879753c3d0b7ba4ea5290ca1a750bf5	0	0	empty	
900	newPayload_request	930	engine_newPayloadV5	2026-09-05T01:41:37.576773378Z	39998	0x25f757b80623caa82e7c8964329488a178c59731c93efc6a6c136c75feda2f35	0	0	empty	
900	newPayload_request	932	engine_newPayloadV5	2026-09-05T01:41:50.700115134Z	40073	0x80c043e1e273c963720ce30e17c19afa6c3bff78aeee0478d8d5ed50574ace9b	0	0	empty	
900	newPayload_request	939	engine_newPayloadV5	2026-09-05T01:42:02.001177146Z	40334	0x2df1779fceddb43c3623bd4d0bc486be91621686362c46459fbc970cbe76a742	0	0	empty	
900	newPayload_request	944	engine_newPayloadV5	2026-09-05T01:42:13.279117299Z	40525	0x9cc50b677092aa30ee580f31ced4bd9ad1e6825d53d45b0c6501e4bac2285ce8	0	0	empty	
900	newPayload_request	949	engine_newPayloadV5	2026-09-05T01:42:26.934833998Z	40716	0x33cbd19dd23ef5c2da3141dfa8f594ffdb004d5d6a7dbc61345a3bfe78f54aeb	0	0	empty	
900	newPayload_request	954	engine_newPayloadV5	2026-09-05T01:42:37.046636177Z	40907	0x0a005e5f3659a168dc4e947fdb754aabe14202fe900ac13b336203a1948d6710	0	0	empty	
900	newPayload_request	959	engine_newPayloadV5	2026-09-05T01:42:50.611862411Z	41099	0xb7e34025246673da1e4220de864d0f61cd73ff95fe349323cd166152895807cf	0	0	empty	
900	newPayload_request	965	engine_newPayloadV5	2026-09-05T01:43:04.165566493Z	41319	0x6b770d61ffd59bcce18ab5956af6d3f6f369560739c50417ab1b13b9e36c9b9b	0	0	empty	
900	newPayload_request	968	engine_newPayloadV5	2026-09-05T01:43:13.547393796Z	41422	0x13caf61c02ae853d2311d6001c47b5e268dd40eac3af0aac7e98895c7bfac097	0	0	empty	
900	newPayload_request	973	engine_newPayloadV5	2026-09-05T01:43:25.143752351Z	41613	0x9329e7bd4ffba11c0cfbb62400785736137925bbb67c8c5d869969bff878b0f7	0	0	empty	
900	newPayload_request	979	engine_newPayloadV5	2026-09-05T01:43:44.244598703Z	41852	0xa68a7f4ca273d2212c15d7930c942f624632765b4c5a4ab89f0a4d891a957f92	0	0	empty	
900	newPayload_request	983	engine_newPayloadV5	2026-09-05T01:43:49.656042807Z	41984	0xa83ef3d3fb1e04acfbfaec458f5d07fd5c97c68c8958e9bfb5766eb84e7225e7	0	0	empty	
900	newPayload_request	988	engine_newPayloadV5	2026-09-05T01:44:05.191616838Z	42175	0x08d4724856f36b54d143b02949666a9676008a99192f9ba6a79a2a061dc06948	0	0	empty	
900	newPayload_request	994	engine_newPayloadV5	2026-09-05T01:44:14.716317706Z	42394	0xda1c1b4ad382a753e2814a71c14396f072ffbe1c6f7f37dd6327f684b67bffb9	0	0	empty	
900	newPayload_request	997	engine_newPayloadV5	2026-09-05T01:44:25.186305337Z	42516	0xb63315cde41db14fae1a6d93f0c9912115694e892a06462549472059c1308147	0	0	empty	
900	newPayload_request	1000	engine_newPayloadV5	2026-09-05T01:44:37.046099270Z	42618	0x4ba57fb3110598fa4557b722b73542d1927072f237a4e2d20be6ab44c1ac60f8	0	0	empty	
900	newPayload_request	1008	engine_newPayloadV5	2026-09-05T01:44:54.521162572Z	42928	0xee30f8b77827a6eecf3cce03373a9be6fe5a594f9e87ce50d96057f08865d871	0	0	empty	
900	newPayload_request	1012	engine_newPayloadV5	2026-09-05T01:45:05.088054559Z	43060	0x19131163243a34acd438fc7b7df490e2bc3581d011c5bf960b5a6e769b0fc02e	0	0	empty	
900	newPayload_request	1018	engine_newPayloadV5	2026-09-05T01:45:14.019991828Z	43280	0xa1ee4b78dec5a13a4d3bb3ef3e8a3a271145615df45233ca17d5a4af2f334727	0	0	empty	
900	newPayload_request	1021	engine_newPayloadV5	2026-09-05T01:45:25.640933633Z	43400	0x673f5cde1640a66a6acbf5f9fa07cf0f0223f6c7a41f93ffb6de23426b1783c1	0	0	empty	
900	newPayload_request	1026	engine_newPayloadV5	2026-09-05T01:45:40.732307749Z	43592	0xe78411fcea356edbb7d2e305907a20b2a9265a56132a3179587bc8ff4b02dd7f	0	0	empty	
900	newPayload_request	1030	engine_newPayloadV5	2026-09-05T01:45:49.493734225Z	43743	0xa41b5ce27ea9579248012bc6aaddc9600545322ea40586d6b36c48ae42be6384	0	0	empty	
900	newPayload_request	1032	engine_newPayloadV5	2026-09-05T01:46:01.432310993Z	43817	0x97e5c064d2b203b45279582591c4d32e1cff16c9d68ea9ad08880865cbcee620	0	0	empty	
900	newPayload_request	1040	engine_newPayloadV5	2026-09-05T01:46:16.488552444Z	44107	0x935782051769f5e444cb5225c89b26406d333f00517cfdd8bbe2b2e9362eae13	0	0	empty	
900	newPayload_request	1046	engine_newPayloadV5	2026-09-05T01:46:26.923595740Z	44327	0xe2bafb7da2266ac9396fb9950b4072494f86231442de452daf0da78d85042e8d	0	0	empty	
900	newPayload_request	1050	engine_newPayloadV5	2026-09-05T01:46:37.340507401Z	44477	0xd1c7516ed123baf1b82b8777388075789ed578a6b49c01d6b7f4be797a5bfd2e	0	0	empty	
900	newPayload_request	1053	engine_newPayloadV5	2026-09-05T01:46:48.843139772Z	44599	0x86157fa4483f3c812ac7b642bc59a0830b33a299298d268979743a88bef26538	0	0	empty	
900	newPayload_request	1058	engine_newPayloadV5	2026-09-05T01:47:01.092709381Z	44790	0xccff6b4846579f40f936f6cfc85426be79bab204041e1c19aa1868dddb7ebef2	0	0	empty	
900	newPayload_request	1063	engine_newPayloadV5	2026-09-05T01:47:13.145066212Z	44981	0xdbe5494fba53347f23e77b38c786df103784fa850fa50e2616a6576af52afec8	0	0	empty	
900	newPayload_request	1065	engine_newPayloadV5	2026-09-05T01:47:25.907838460Z	45055	0xb9ed6ba24cf9a6fb2da974e4a7cb92fdebaeadd6d95370a1f9303293495b1229	0	0	empty	
900	newPayload_request	1072	engine_newPayloadV5	2026-09-05T01:47:37.693282123Z	45316	0xe207023239fb575d63ea6d47590a3d0887ad25028ace4e9d57acf268feb03843	0	0	empty	
900	newPayload_request	1078	engine_newPayloadV5	2026-09-05T01:47:49.085247089Z	45537	0xe60f3b71e4793b1bd51d3247015f67ed9b8fc66f96ca66636b780ee9d374a28a	0	0	empty	
900	newPayload_request	1083	engine_newPayloadV5	2026-09-05T01:48:02.368174601Z	45728	0x0e467b861259f1f93cf39307e1aeb8d223597d183c37b5677cf4445aad0f480b	0	0	empty	
900	newPayload_request	1088	engine_newPayloadV5	2026-09-05T01:48:13.150161841Z	45919	0x7bc9a7a1fda4ac14627d7765dfffe6edbdaedef95a4a3ccdf67e73aed59ef738	0	0	empty	
900	newPayload_request	1093	engine_newPayloadV5	2026-09-05T01:48:25.665919077Z	46110	0xa2cbbc8ef09bb0c4d6905cb8fb06f957f3b531bad2d6fceea7cf2b3f9a08ffc8	0	0	empty	
900	newPayload_request	1098	engine_newPayloadV5	2026-09-05T01:48:37.479840550Z	46301	0xdbcf51653cd94aa2c920a79f5b5bcc1b19b49383f70e20bab40cf76053c00195	0	0	empty	
900	newPayload_request	1100	engine_newPayloadV5	2026-09-05T01:48:49.410257280Z	46376	0x946a201744ae66f3fedc230ce77d88aed503b89175f9aa2ac37c0d134024eded	0	0	empty	
900	newPayload_request	1107	engine_newPayloadV5	2026-09-05T01:49:01.434151978Z	46637	0x131a9cc2905b35e16365b0f2e190796433e2b894103705541e897412375ab3ec	0	0	empty	
900	newPayload_request	1112	engine_newPayloadV5	2026-09-05T01:49:14.492062692Z	46828	0xb15e604fe0fb64d5a9ab6f70c760c0d28c1e213e0cb9d720ba8fa24e158211bb	0	0	empty	
900	newPayload_request	1118	engine_newPayloadV5	2026-09-05T01:49:28.298555753Z	47048	0xff94488fc6025cc072f9a94c7ebae908bfd6cb6850ab6a867812d8feaaf29f33	0	0	empty	
900	newPayload_request	1124	engine_newPayloadV5	2026-09-05T01:49:38.183706072Z	47268	0xdb3c8eae971ab2b3bc6c04b6214f6389a760cf20b4709597ee3ad4ec016f96bc	0	0	empty	
900	newPayload_request	1127	engine_newPayloadV5	2026-09-05T01:49:49.162118305Z	47390	0x18ed4b65350beb1d1bfc4ff33e2c639e1021d5e3d279b2732c7fe84f00e5ed48	0	0	empty	
900	newPayload_request	1132	engine_newPayloadV5	2026-09-05T01:50:04.669081022Z	47581	0x960c16195572c20331cf903a1a0cbf3fc618cac0dd0152c04b2249fe5f318018	0	0	empty	
900	newPayload_request	1136	engine_newPayloadV5	2026-09-05T01:50:17.202451400Z	47731	0xbf5ffd46f682078618e84ac3c0eca6d675eff9c1786ce936eb510ce48288a9b4	0	0	empty	
900	newPayload_request	1139	engine_newPayloadV5	2026-09-05T01:50:25.913558098Z	47834	0xfbd155685ca5023cf55710dcdef19954103f398eef84d339e56bdf3deaaed3c2	0	0	empty	
900	newPayload_request	1144	engine_newPayloadV5	2026-09-05T01:50:37.483623801Z	48024	0x5af4761cc933ee4293660dc4b6b8bd355ad653b04aee555f14c0af59c9472169	0	0	empty	
900	newPayload_request	1149	engine_newPayloadV5	2026-09-05T01:50:49.392791983Z	48217	0x2ccbd517803e0f13061b601a4ce4f2c2a0dd6ed7b5084dd74f140ddccf74e10b	0	0	empty	
900	newPayload_request	1155	engine_newPayloadV5	2026-09-05T01:51:04.059057460Z	48437	0xdd365867a1c41eee415986064777264d8d4a6dc39b3bd5c2fd7c28e46b345fd9	0	0	empty	
900	newPayload_request	1161	engine_newPayloadV5	2026-09-05T01:51:13.817902442Z	48657	0x32336115dd6600c5a47233a07a4ed697e3431f533a38090fad42ea620ceea910	0	0	empty	
900	newPayload_request	1164	engine_newPayloadV5	2026-09-05T01:51:25.546957348Z	48778	0x931683cba8723bbcaab3d1f942f990e1b6ffe1e7a12a93d93d5474966718733c	0	0	empty	
900	newPayload_request	1166	engine_newPayloadV5	2026-09-05T01:51:37.869641362Z	48851	0xe7eb34e8ddd5db27c245cf01bab95a4f6c85718ca8be5e21bdc166e12f389c72	0	0	empty	
900	newPayload_request	1173	engine_newPayloadV5	2026-09-05T01:51:48.954858492Z	49114	0x4605354653950925dde75cdd48a2786966938c883187a557ca1a4012842d9832	0	0	empty	
900	newPayload_request	1178	engine_newPayloadV5	2026-09-05T01:52:03.798696071Z	49305	0x3d8b7508ed7d7dd30a991d82e367295879edf4c5da0deefa53bd489a5d118040	0	0	empty	
900	newPayload_request	1184	engine_newPayloadV5	2026-09-05T01:52:14.306987935Z	49525	0xe2a8961bf8e44215297d00a290b2ed7677c73f1ca09ee937e6f8c61d0ac21a3b	0	0	empty	
900	newPayload_request	1187	engine_newPayloadV5	2026-09-05T01:52:25.220753188Z	49646	0x52841dc1c142521e074f0c8a86cd9d3c8f147e90ad92e29c89076e6949f6cee3	0	0	empty	
900	newPayload_request	1193	engine_newPayloadV5	2026-09-05T01:52:40.090198707Z	49866	0xd7945abb59fe9e4f1071b7cde0345c3dfc986a18c0a983d0f55243c7c540c8b0	0	0	empty	
900	newPayload_request	1197	engine_newPayloadV5	2026-09-05T01:52:49.617788046Z	50017	0x6f602f634396f597815fadf837999d2fa07fc0d22d887248890de710112b845a	0	0	empty	
900	newPayload_request	1199	engine_newPayloadV5	2026-09-05T01:53:01.063670525Z	50091	0x5c42bd0df362d9caffd65dd4cc3278ba735632daab4a5b31550e059ec7ba2fd8	0	0	empty	
900	newPayload_request	1206	engine_newPayloadV5	2026-09-05T01:53:14.049577117Z	50352	0x1c9360dd7a98342d9a7bc558a92c65c86eaac468e92095dc72df683666c70589	0	0	empty	
900	newPayload_request	1211	engine_newPayloadV5	2026-09-05T01:53:25.943266972Z	50543	0x0227c072d885d5ada797b550b33d2a5f6f48171db603df6c4a2135e0ea5718a6	0	0	empty	
900	newPayload_request	1216	engine_newPayloadV5	2026-09-05T01:53:39.173800561Z	50734	0xc9aba8d094258d36231406c60f7a32ed5d2f3b98a2d4c944032974c49e9e7eac	0	0	empty	
900	newPayload_request	1222	engine_newPayloadV5	2026-09-05T01:53:51.212246928Z	50955	0x5f5a547c6f41a0932ff5c4ac0bc0fb1c08b90f2589bfc157b6d166a487c1a931	0	0	empty	
900	newPayload_request	1226	engine_newPayloadV5	2026-09-05T01:54:01.840677645Z	51105	0x3eae0c93fc3bbe4b36bd3ec4cdfb400c46ccf644f7a8f29722eb0019fbfbe66f	0	0	empty	
900	newPayload_request	1229	engine_newPayloadV5	2026-09-05T01:54:12.620842420Z	51207	0xf9453c09a4ccb2abbafe9863e27f4e5ce6c6c1530734e0621f1c2a7f32b77e12	0	0	empty	
900	newPayload_request	1234	engine_newPayloadV5	2026-09-05T01:54:24.814875743Z	51399	0x4f7379efb95841edec74c7ba25b7f6036578f53460e82e2bb86f17ed0d614599	0	0	empty	
900	newPayload_request	1239	engine_newPayloadV5	2026-09-05T01:54:37.121330191Z	51590	0xdf16588575f4ed61752102439c98bf62bb0178f4947021e0ae4c13a37607b6ae	0	0	empty	
900	newPayload_request	1241	engine_newPayloadV5	2026-09-05T01:54:49.314505434Z	51683	0x522ef978ed992b2ea39641644a86d05e57bc225d427c1d7386a7b5e09969614c	0	0	empty	
900	newPayload_request	1246	engine_newPayloadV5	2026-09-05T01:55:00.820824561Z	51874	0xcb88248de10dd8ac73c090b1f7fc27078b22ff14d9bdb833908086cafa7e85b0	0	0	empty	
900	newPayload_request	1251	engine_newPayloadV5	2026-09-05T01:55:15.172854613Z	52065	0xa227662c6d655ec40a7923430de68bf94b67a19553b00d2f6ebbff0325857829	0	0	empty	
900	newPayload_request	1257	engine_newPayloadV5	2026-09-05T01:55:26.305538810Z	52285	0xa8733562d28df14ca911f4d63918166849db7de94cafbdffecf7a3e257aaa8db	0	0	empty	
900	newPayload_request	1260	engine_newPayloadV5	2026-09-05T01:55:37.195442530Z	52406	0xf02f6dfa5623382ea92d3eef9324bc4540239637bb8ff03c6896a174c69213e7	0	0	empty	
900	newPayload_request	1280	engine_newPayloadV5	2026-09-05T01:59:01.774785384Z	53260	0xca51c559bde8ffe6bcd0a3b21b560d8f2c6e5789189e8be4378e6484ba0fa690	0	0	empty	
900	newPayload_request	1285	engine_newPayloadV5	2026-09-05T02:00:01.192232847Z	53494	0x318bd807e9cda913db54f3f936fff7f2fb6006908f8b69ddb8ce7f8285154b97	0	0	empty	
900	newPayload_request	1296	engine_newPayloadV5	2026-09-05T02:02:01.191745819Z	53993	0xbb8c15a0d727d4373343c9791602834b0489bf59a4975841dae486341c2fe9c8	0	0	empty	
900	newPayload_request	1307	engine_newPayloadV5	2026-09-05T02:03:33.599802278Z	54473	0xe095e4a96bdd28454006c6e0bbdbc3ccf9ae15ebfb479a9a24441b5e9d37df18	0	0	empty	
1	payloadBody_response	1487	engine_getPayloadBodiesByHashV2	2026-09-05T02:02:28.649202542Z	62708	0xbb8c15a0d727d4373343c9791602834b0489bf59a4975841dae486341c2fe9c8	0		empty	
1	payloadBody_response	1489	engine_getPayloadBodiesByHashV2	2026-09-05T02:02:28.880896864Z	62797	0xbb8c15a0d727d4373343c9791602834b0489bf59a4975841dae486341c2fe9c8	0		empty	
1	payloadBody_response	1503	engine_getPayloadBodiesByHashV2	2026-09-05T02:03:52.175489929Z	63358	0x6d40f0009b6b5f89173c31a34ccfab2cfa2c23037bd145dc607fd75425839086	0		empty	
2	payloadBody_response	1427	engine_getPayloadBodiesByHashV2	2026-09-05T02:00:37.874869682Z	59953	0x324c17fa4c6794523db3c6ab7a4cf5c2cc84db2b76b46f691fdcc9be04161252	0		empty	
2	payloadBody_response	1430	engine_getPayloadBodiesByHashV2	2026-09-05T02:00:38.531859849Z	60080	0x324c17fa4c6794523db3c6ab7a4cf5c2cc84db2b76b46f691fdcc9be04161252	0		empty	
2	payloadBody_response	1431	engine_getPayloadBodiesByHashV2	2026-09-05T02:00:38.563552667Z	60118	0x324c17fa4c6794523db3c6ab7a4cf5c2cc84db2b76b46f691fdcc9be04161252	0		empty	
2	payloadBody_response	1433	engine_getPayloadBodiesByHashV2	2026-09-05T02:00:39.802665506Z	60194	0x324c17fa4c6794523db3c6ab7a4cf5c2cc84db2b76b46f691fdcc9be04161252	0		empty	
2	payloadBody_response	1436	engine_getPayloadBodiesByHashV2	2026-09-05T02:00:40.927388016Z	60308	0x324c17fa4c6794523db3c6ab7a4cf5c2cc84db2b76b46f691fdcc9be04161252	0		empty	
2	payloadBody_response	1437	engine_getPayloadBodiesByHashV2	2026-09-05T02:00:45.169876149Z	60346	0x324c17fa4c6794523db3c6ab7a4cf5c2cc84db2b76b46f691fdcc9be04161252	0		empty	
2	payloadBody_response	1439	engine_getPayloadBodiesByHashV2	2026-09-05T02:00:45.326892819Z	60460	0x324c17fa4c6794523db3c6ab7a4cf5c2cc84db2b76b46f691fdcc9be04161252	0		empty	
2	payloadBody_response	1443	engine_getPayloadBodiesByHashV2	2026-09-05T02:00:46.339694961Z	60583	0x324c17fa4c6794523db3c6ab7a4cf5c2cc84db2b76b46f691fdcc9be04161252	0		empty	
2	payloadBody_response	1445	engine_getPayloadBodiesByHashV2	2026-09-05T02:00:46.694416946Z	60621	0x324c17fa4c6794523db3c6ab7a4cf5c2cc84db2b76b46f691fdcc9be04161252	0		empty	
2	payloadBody_response	1447	engine_getPayloadBodiesByHashV2	2026-09-05T02:00:46.911637790Z	60735	0x324c17fa4c6794523db3c6ab7a4cf5c2cc84db2b76b46f691fdcc9be04161252	0		empty	
2	payloadBody_response	1507	engine_getPayloadBodiesByHashV2	2026-09-05T02:11:38.982051692Z	63406	0x10947cedb1e4ce6247a406966e2e32e1d76d6ff656ca26db67fa5119c38e69c6	0		empty	
3	payloadBody_response	1404	engine_getPayloadBodiesByHashV2	2026-09-05T01:56:55.986593649Z	58957	0x2aab31134bdd0de41e97c92495d7b2d1229d1d5aacbb7325b2f6d22f6bc98bde	0		empty	
3	payloadBody_response	1407	engine_getPayloadBodiesByHashV2	2026-09-05T01:56:57.457722765Z	59084	0x2aab31134bdd0de41e97c92495d7b2d1229d1d5aacbb7325b2f6d22f6bc98bde	0		empty	
3	payloadBody_response	1408	engine_getPayloadBodiesByHashV2	2026-09-05T01:56:57.887830543Z	59160	0x2aab31134bdd0de41e97c92495d7b2d1229d1d5aacbb7325b2f6d22f6bc98bde	0		empty	
3	payloadBody_response	1410	engine_getPayloadBodiesByHashV2	2026-09-05T01:56:58.616690431Z	59198	0x2aab31134bdd0de41e97c92495d7b2d1229d1d5aacbb7325b2f6d22f6bc98bde	0		empty	
3	payloadBody_response	1412	engine_getPayloadBodiesByHashV2	2026-09-05T01:56:59.436734529Z	59312	0x2aab31134bdd0de41e97c92495d7b2d1229d1d5aacbb7325b2f6d22f6bc98bde	0		empty	
3	payloadBody_response	1425	engine_getPayloadBodiesByHashV2	2026-09-05T01:58:56.629558516Z	59836	0xca51c559bde8ffe6bcd0a3b21b560d8f2c6e5789189e8be4378e6484ba0fa690	0		empty	
3	payloadBody_response	1427	engine_getPayloadBodiesByHashV2	2026-09-05T01:58:58.454607661Z	59925	0xca51c559bde8ffe6bcd0a3b21b560d8f2c6e5789189e8be4378e6484ba0fa690	0		empty	
3	payloadBody_response	1429	engine_getPayloadBodiesByHashV2	2026-09-05T01:58:59.662967700Z	60001	0xca51c559bde8ffe6bcd0a3b21b560d8f2c6e5789189e8be4378e6484ba0fa690	0		empty	
3	payloadBody_response	1432	engine_getPayloadBodiesByHashV2	2026-09-05T01:59:00.571186741Z	60077	0xca51c559bde8ffe6bcd0a3b21b560d8f2c6e5789189e8be4378e6484ba0fa690	0		empty	
50	payloadBody_response	741	engine_getPayloadBodiesByHashV2	2026-09-05T01:33:51.036221321Z	32937	0xbe1dd5493e36852931fa81246ce051cc3ef5fe2233f33e49c39537a6cce71f1f	0		empty	
50	payloadBody_response	743	engine_getPayloadBodiesByHashV2	2026-09-05T01:33:54.339106706Z	33014	0xbe1dd5493e36852931fa81246ce051cc3ef5fe2233f33e49c39537a6cce71f1f	0		empty	
50	payloadBody_response	1301	engine_getPayloadBodiesByHashV2	2026-09-05T02:02:29.429937391Z	54245	0xbb8c15a0d727d4373343c9791602834b0489bf59a4975841dae486341c2fe9c8	0		empty	
50	payloadBody_response	1309	engine_getPayloadBodiesByHashV2	2026-09-05T02:03:29.209347843Z	54574	0xbb8c15a0d727d4373343c9791602834b0489bf59a4975841dae486341c2fe9c8	0		empty	
150	payloadBody_response	1236	engine_getPayloadBodiesByHashV2	2026-09-05T01:54:49.292026680Z	51562	0x522ef978ed992b2ea39641644a86d05e57bc225d427c1d7386a7b5e09969614c	0		empty	
150	payloadBody_response	1283	engine_getPayloadBodiesByHashV2	2026-09-05T01:59:59.177104019Z	53475	0x318bd807e9cda913db54f3f936fff7f2fb6006908f8b69ddb8ce7f8285154b97	0		empty	
150	payloadBody_response	1286	engine_getPayloadBodiesByHashV2	2026-09-05T01:59:59.211199547Z	53602	0x318bd807e9cda913db54f3f936fff7f2fb6006908f8b69ddb8ce7f8285154b97	0		empty	
150	payloadBody_response	1287	engine_getPayloadBodiesByHashV2	2026-09-05T01:59:59.542582623Z	53640	0x318bd807e9cda913db54f3f936fff7f2fb6006908f8b69ddb8ce7f8285154b97	0		empty	
150	payloadBody_response	1289	engine_getPayloadBodiesByHashV2	2026-09-05T02:00:00.473509947Z	53703	0x318bd807e9cda913db54f3f936fff7f2fb6006908f8b69ddb8ce7f8285154b97	0		empty	
150	payloadBody_response	1304	engine_getPayloadBodiesByHashV2	2026-09-05T02:02:28.860593019Z	54372	0xbb8c15a0d727d4373343c9791602834b0489bf59a4975841dae486341c2fe9c8	0		empty	
150	payloadBody_response	1311	engine_getPayloadBodiesByHashV2	2026-09-05T02:03:29.820343995Z	54667	0xbb8c15a0d727d4373343c9791602834b0489bf59a4975841dae486341c2fe9c8	0		empty	
151	payloadBody_response	871	engine_getPayloadBodiesByHashV2	2026-09-05T01:39:18.125305917Z	37837	0x4142010bdf78ed77c6eedd7f49bd0decf756d48b5529573a7d35aad709367880	0		empty	
201	payloadBody_response	742	engine_getPayloadBodiesByHashV2	2026-09-05T01:33:54.326048396Z	32949	0x43e25c037fafe64d8b38d248d67afdfdf015e4223008dd2fa6dcadadde3958a4	0		empty	
201	payloadBody_response	748	engine_getPayloadBodiesByHashV2	2026-09-05T01:34:06.452470207Z	33175	0x12535ebc42752fc497d6c920e2035fd053437a13c8aa2a3bc9e606af323f7ac3	0		empty	
201	payloadBody_response	1290	engine_getPayloadBodiesByHashV2	2026-09-05T01:59:56.845996355Z	53716	0x318bd807e9cda913db54f3f936fff7f2fb6006908f8b69ddb8ce7f8285154b97	0		empty	
201	payloadBody_response	1292	engine_getPayloadBodiesByHashV2	2026-09-05T01:59:57.183647609Z	53805	0x318bd807e9cda913db54f3f936fff7f2fb6006908f8b69ddb8ce7f8285154b97	0		empty	
201	payloadBody_response	1295	engine_getPayloadBodiesByHashV2	2026-09-05T01:59:57.976037262Z	53919	0x318bd807e9cda913db54f3f936fff7f2fb6006908f8b69ddb8ce7f8285154b97	0		empty	
201	payloadBody_response	1296	engine_getPayloadBodiesByHashV2	2026-09-05T01:59:57.984842544Z	53995	0x318bd807e9cda913db54f3f936fff7f2fb6006908f8b69ddb8ce7f8285154b97	0		empty	
201	payloadBody_response	1299	engine_getPayloadBodiesByHashV2	2026-09-05T01:59:58.517004676Z	54071	0x318bd807e9cda913db54f3f936fff7f2fb6006908f8b69ddb8ce7f8285154b97	0		empty	
201	payloadBody_response	1300	engine_getPayloadBodiesByHashV2	2026-09-05T01:59:58.839493058Z	54147	0x318bd807e9cda913db54f3f936fff7f2fb6006908f8b69ddb8ce7f8285154b97	0		empty	
201	payloadBody_response	1303	engine_getPayloadBodiesByHashV2	2026-09-05T01:59:58.964968156Z	54185	0x318bd807e9cda913db54f3f936fff7f2fb6006908f8b69ddb8ce7f8285154b97	0		empty	
300	payloadBody_response	726	engine_getPayloadBodiesByHashV2	2026-09-05T01:33:03.057824816Z	32358	0xdf777d7bd39c8da50222382357a2f2865c9967c5ef99f6918bdcf09fa6b81ab8	0		empty	
300	payloadBody_response	734	engine_getPayloadBodiesByHashV2	2026-09-05T01:33:18.846543003Z	32666	0x03b9534aa3563550aba40988bca50462b89c35fb5d9a8a78bb68f04641dfd5d3	0		empty	
300	payloadBody_response	781	engine_getPayloadBodiesByHashV2	2026-09-05T01:35:24.724617381Z	34417	0x5521990a7414bd7b867977623332c490f9fe9810706eddbdce02f514bc08f719	0		empty	
300	payloadBody_response	880	engine_getPayloadBodiesByHashV2	2026-09-05T01:39:14.310548296Z	38136	0x4142010bdf78ed77c6eedd7f49bd0decf756d48b5529573a7d35aad709367880	0		empty	
300	payloadBody_response	885	engine_getPayloadBodiesByHashV2	2026-09-05T01:39:25.092749717Z	38333	0x2f944ddae38001bcbe660c656e09ca924cc1bf60ccf02759fc0b2adb67a5d707	0		empty	
300	payloadBody_response	1292	engine_getPayloadBodiesByHashV2	2026-09-05T01:59:08.472628676Z	53756	0x90aa442d59845de2c9acc6d3803b28ba3eafedf6c3bc74643919d45d8a364e4c	0		empty	
300	payloadBody_response	1294	engine_getPayloadBodiesByHashV2	2026-09-05T01:59:10.383198508Z	53832	0x90aa442d59845de2c9acc6d3803b28ba3eafedf6c3bc74643919d45d8a364e4c	0		empty	
300	payloadBody_response	1297	engine_getPayloadBodiesByHashV2	2026-09-05T01:59:10.534554332Z	53959	0x90aa442d59845de2c9acc6d3803b28ba3eafedf6c3bc74643919d45d8a364e4c	0		empty	
300	payloadBody_response	1298	engine_getPayloadBodiesByHashV2	2026-09-05T01:59:10.717007561Z	53997	0x90aa442d59845de2c9acc6d3803b28ba3eafedf6c3bc74643919d45d8a364e4c	0		empty	
300	payloadBody_response	1300	engine_getPayloadBodiesByHashV2	2026-09-05T01:59:11.082031612Z	54073	0x90aa442d59845de2c9acc6d3803b28ba3eafedf6c3bc74643919d45d8a364e4c	0		empty	
300	payloadBody_response	1302	engine_getPayloadBodiesByHashV2	2026-09-05T01:59:11.335709109Z	54149	0x90aa442d59845de2c9acc6d3803b28ba3eafedf6c3bc74643919d45d8a364e4c	0		empty	
300	payloadBody_response	1322	engine_getPayloadBodiesByHashV2	2026-09-05T02:02:28.076553028Z	55021	0xbb8c15a0d727d4373343c9791602834b0489bf59a4975841dae486341c2fe9c8	0		empty	
300	payloadBody_response	1330	engine_getPayloadBodiesByHashV2	2026-09-05T02:03:29.672041536Z	55363	0xbb8c15a0d727d4373343c9791602834b0489bf59a4975841dae486341c2fe9c8	0		empty	
300	payloadBody_response	1332	engine_getPayloadBodiesByHashV2	2026-09-05T02:03:29.747425017Z	55452	0xbb8c15a0d727d4373343c9791602834b0489bf59a4975841dae486341c2fe9c8	0		empty	
400	payloadBody_response	727	engine_getPayloadBodiesByHashV2	2026-09-05T01:33:08.411980742Z	32387	0xdf777d7bd39c8da50222382357a2f2865c9967c5ef99f6918bdcf09fa6b81ab8	0		empty	
400	payloadBody_response	754	engine_getPayloadBodiesByHashV2	2026-09-05T01:34:13.971394370Z	33381	0x12535ebc42752fc497d6c920e2035fd053437a13c8aa2a3bc9e606af323f7ac3	0		empty	
400	payloadBody_response	1190	engine_getPayloadBodiesByHashV2	2026-09-05T01:52:13.073016862Z	49763	0xe2a8961bf8e44215297d00a290b2ed7677c73f1ca09ee937e6f8c61d0ac21a3b	0		empty	
500	payloadBody_response	377	engine_getPayloadBodiesByHashV2	2026-09-05T00:08:23.599635940Z	16773	0xb9b2eade724f5129b730a0bbcc1df80cbf7b6537e1d6e79a709564ef44ae3849	0		empty	
700	payloadBody_response	1278	engine_getPayloadBodiesByHashV2	2026-09-05T01:58:48.080537425Z	53223	0x7a939fc457b71ea84db117e232635ec2c199d61db80dd71015e25c605b8c3f36	0		empty	
700	payloadBody_response	1281	engine_getPayloadBodiesByHashV2	2026-09-05T01:58:48.091887442Z	53350	0x7a939fc457b71ea84db117e232635ec2c199d61db80dd71015e25c605b8c3f36	0		empty	
700	payloadBody_response	1283	engine_getPayloadBodiesByHashV2	2026-09-05T01:58:48.156372683Z	53426	0x7a939fc457b71ea84db117e232635ec2c199d61db80dd71015e25c605b8c3f36	0		empty	
700	payloadBody_response	1284	engine_getPayloadBodiesByHashV2	2026-09-05T01:58:48.396780418Z	53464	0x7a939fc457b71ea84db117e232635ec2c199d61db80dd71015e25c605b8c3f36	0		empty	
700	payloadBody_response	1286	engine_getPayloadBodiesByHashV2	2026-09-05T01:58:49.403777328Z	53540	0x7a939fc457b71ea84db117e232635ec2c199d61db80dd71015e25c605b8c3f36	0		empty	
900	payloadBody_response	757	engine_getPayloadBodiesByHashV2	2026-09-05T01:34:37.839652597Z	33493	0x31cfcb4ca92961dc340c7039b82eb95b712d7e2cf3f7782cf56bb0e0fee9a663	0		empty	
900	payloadBody_response	761	engine_getPayloadBodiesByHashV2	2026-09-05T01:34:48.959342530Z	33644	0xa218f67f6444c9a1c45ae32bc8f4742bf83dba769c8aef58aa820a175f5735a0	0		empty	
900	payloadBody_response	1304	engine_getPayloadBodiesByHashV2	2026-09-05T02:03:29.532584482Z	54362	0xbb8c15a0d727d4373343c9791602834b0489bf59a4975841dae486341c2fe9c8	0		empty	
