node	source	kind	timestamp	line	identifier	slot	tx_count	gas_used	text
3	execution.log	execution_txs_field	2026-09-05T01:33:28.332274467Z	91	df777d..b81ab8		0		"INFO [09-05|01:33:28.331] Imported new potential chain segment     number=1 hash=df777d..b81ab8 blocks=1 txs=0 mgas=0.000 elapsed=""823.4µs""   mgasps=0.000 triediffs=4.98KiB triedirty=0.00B"
3	execution.log	execution_txs_field	2026-09-05T01:33:33.599015634Z	94	0		0		"INFO [09-05|01:33:33.598] Indexed transactions                     blocks=2 txs=0 tail=0 elapsed=""68.365µs"""
3	execution.log	execution_txs_field	2026-09-05T01:33:34.729865202Z	95	03b953..dfd5d3		0		INFO [09-05|01:33:34.729] Imported new potential chain segment     number=1 hash=03b953..dfd5d3 blocks=1 txs=0 mgas=0.000 elapsed=1.061ms     mgasps=0.000 triediffs=9.95KiB triedirty=0.00B
3	execution.log	execution_txs_field	2026-09-05T01:33:51.234514181Z	96	be1dd5..e71f1f		0		INFO [09-05|01:33:51.234] Imported new potential chain segment     number=2 hash=be1dd5..e71f1f blocks=1 txs=0 mgas=0.000 elapsed=1.452ms     mgasps=0.000 triediffs=12.97KiB triedirty=0.00B
3	execution.log	execution_txs_field	2026-09-05T01:33:55.525568029Z	100	43e25c..3958a4		0		INFO [09-05|01:33:55.525] Imported new potential chain segment     number=2 hash=43e25c..3958a4 blocks=1 txs=0 mgas=0.000 elapsed=1.176ms     mgasps=0.000 triediffs=16.00KiB triedirty=0.00B
3	execution.log	execution_txs_field	2026-09-05T01:34:18.841480243Z	106	12535e..3f7ac3		0		"INFO [09-05|01:34:18.841] Imported new potential chain segment     number=2 hash=12535e..3f7ac3 blocks=1 txs=0 mgas=0.000 elapsed=""721.617µs"" mgasps=0.000 triediffs=19.11KiB triedirty=0.00B"
3	execution.log	execution_txs_field	2026-09-05T01:34:24.085694036Z	108	d94ef5..6f32c4		0		INFO [09-05|01:34:24.085] Imported new potential chain segment     number=2 hash=d94ef5..6f32c4 blocks=1 txs=0 mgas=0.000 elapsed=1.035ms     mgasps=0.000 triediffs=22.31KiB triedirty=0.00B
3	execution.log	execution_txs_field	2026-09-05T01:34:34.165530390Z	111	7c666c..ac393c		0		INFO [09-05|01:34:34.165] Imported new potential chain segment     number=3 hash=7c666c..ac393c blocks=1 txs=0 mgas=0.000 elapsed=1.175ms     mgasps=0.000 triediffs=25.41KiB triedirty=0.00B
3	execution.log	execution_txs_field	2026-09-05T01:34:37.325938113Z	114	31cfcb..e9a663		0		INFO [09-05|01:34:37.325] Imported new potential chain segment     number=4 hash=31cfcb..e9a663 blocks=1 txs=0 mgas=0.000 elapsed=1.348ms     mgasps=0.000 triediffs=28.46KiB triedirty=0.00B
3	execution.log	execution_txs_field	2026-09-05T01:34:48.818751342Z	117	a218f6..5735a0		0		INFO [09-05|01:34:48.817] Imported new potential chain segment     number=5 hash=a218f6..5735a0 blocks=1 txs=0 mgas=0.000 elapsed=1.438ms     mgasps=0.000 triediffs=31.76KiB triedirty=0.00B
3	execution.log	execution_txs_field	2026-09-05T01:35:00.680318394Z	120	eb892e..fdc12b		0		INFO [09-05|01:35:00.678] Imported new potential chain segment     number=6 hash=eb892e..fdc12b blocks=1 txs=0 mgas=0.000 elapsed=1.212ms     mgasps=0.000 triediffs=35.27KiB triedirty=0.00B
3	execution.log	execution_txs_field	2026-09-05T01:35:13.795635716Z	123	ece62d..ee5d91		0		INFO [09-05|01:35:13.795] Imported new potential chain segment     number=7 hash=ece62d..ee5d91 blocks=1 txs=0 mgas=0.000 elapsed=1.482ms     mgasps=0.000 triediffs=38.77KiB triedirty=0.00B
3	execution.log	execution_txs_field	2026-09-05T01:35:24.373234033Z	126	552199..08f719		0		"INFO [09-05|01:35:24.373] Imported new potential chain segment     number=8 hash=552199..08f719 blocks=1 txs=0 mgas=0.000 elapsed=""942.68µs""  mgasps=0.000 triediffs=42.04KiB triedirty=0.00B"
3	execution.log	execution_txs_field	2026-09-05T01:35:36.704520250Z	129	78f969..73f77c		0		INFO [09-05|01:35:36.703] Imported new potential chain segment     number=9 hash=78f969..73f77c blocks=1 txs=0 mgas=0.000 elapsed=1.316ms     mgasps=0.000 triediffs=45.59KiB triedirty=0.00B
3	execution.log	execution_txs_field	2026-09-05T01:35:48.967270308Z	132	cc3a08..e39338		0		"INFO [09-05|01:35:48.967] Imported new potential chain segment     number=10 hash=cc3a08..e39338 blocks=1 txs=0 mgas=0.000 elapsed=""983.525µs"" mgasps=0.000 triediffs=49.55KiB triedirty=0.00B"
3	execution.log	execution_txs_field	2026-09-05T01:36:01.316449762Z	135	bd177e..8cddc5		0		INFO [09-05|01:36:01.310] Imported new potential chain segment     number=11 hash=bd177e..8cddc5 blocks=1 txs=0 mgas=0.000 elapsed=1.033ms     mgasps=0.000 triediffs=53.38KiB triedirty=0.00B
3	execution.log	execution_txs_field	2026-09-05T01:36:12.850468866Z	138	648514..5065ea		0		INFO [09-05|01:36:12.850] Imported new potential chain segment     number=12 hash=648514..5065ea blocks=1 txs=0 mgas=0.000 elapsed=1.194ms     mgasps=0.000 triediffs=57.16KiB triedirty=0.00B
3	execution.log	execution_txs_field	2026-09-05T01:36:26.121324173Z	141	cfcbf4..ebf7fc		0		INFO [09-05|01:36:26.121] Imported new potential chain segment     number=13 hash=cfcbf4..ebf7fc blocks=1 txs=0 mgas=0.000 elapsed=5.422ms     mgasps=0.000 triediffs=61.05KiB triedirty=0.00B
3	execution.log	execution_txs_field	2026-09-05T01:36:39.923898439Z	143	b8f457..a124e9		0		INFO [09-05|01:36:39.923] Imported new potential chain segment     number=14 hash=b8f457..a124e9 blocks=1 txs=0 mgas=0.000 elapsed=2.202ms     mgasps=0.000 triediffs=64.90KiB triedirty=0.00B
3	execution.log	execution_txs_field	2026-09-05T01:36:52.559471912Z	145	616503..e2f7fa		0		INFO [09-05|01:36:52.559] Imported new potential chain segment     number=15 hash=616503..e2f7fa blocks=1 txs=0 mgas=0.000 elapsed=1.292ms     mgasps=0.000 triediffs=69.00KiB triedirty=0.00B
3	execution.log	execution_txs_field	2026-09-05T01:37:02.372833148Z	149	b10c6c..5decba		0		INFO [09-05|01:37:02.372] Imported new potential chain segment     number=15 hash=b10c6c..5decba blocks=1 txs=0 mgas=0.000 elapsed=1.139ms     mgasps=0.000 triediffs=72.95KiB triedirty=0.00B
3	execution.log	execution_txs_field	2026-09-05T01:37:13.085588004Z	151	246b5e..e50bd4		0		INFO [09-05|01:37:13.085] Imported new potential chain segment     number=16 hash=246b5e..e50bd4 blocks=1 txs=0 mgas=0.000 elapsed=1.083ms     mgasps=0.000 triediffs=77.08KiB triedirty=0.00B
3	execution.log	execution_txs_field	2026-09-05T01:37:26.697617175Z	153	925d53..721761		0		INFO [09-05|01:37:26.697] Imported new potential chain segment     number=17 hash=925d53..721761 blocks=1 txs=0 mgas=0.000 elapsed=1.148ms     mgasps=0.000 triediffs=80.99KiB triedirty=0.00B
3	execution.log	execution_txs_field	2026-09-05T01:37:36.853871944Z	155	16fc2b..cc2f65		0		INFO [09-05|01:37:36.853] Imported new potential chain segment     number=18 hash=16fc2b..cc2f65 blocks=1 txs=0 mgas=0.000 elapsed=1.052ms     mgasps=0.000 triediffs=85.08KiB triedirty=0.00B
3	execution.log	execution_txs_field	2026-09-05T01:37:51.372751767Z	157	9f6ee5..ccef82		0		"INFO [09-05|01:37:51.372] Imported new potential chain segment     number=19 hash=9f6ee5..ccef82 blocks=1 txs=0 mgas=0.000 elapsed=""954.997µs"" mgasps=0.000 triediffs=89.32KiB triedirty=0.00B"
3	execution.log	execution_txs_field	2026-09-05T01:38:01.484806900Z	161	5ceb99..15391c		0		INFO [09-05|01:38:01.482] Imported new potential chain segment     number=19 hash=5ceb99..15391c blocks=1 txs=0 mgas=0.000 elapsed=1.355ms     mgasps=0.000 triediffs=93.62KiB triedirty=0.00B
3	execution.log	execution_txs_field	2026-09-05T01:38:13.223908093Z	163	e320f5..03e2af		0		INFO [09-05|01:38:13.223] Imported new potential chain segment     number=20 hash=e320f5..03e2af blocks=1 txs=0 mgas=0.000 elapsed=1.469ms     mgasps=0.000 triediffs=97.78KiB triedirty=0.00B
3	execution.log	execution_txs_field	2026-09-05T01:38:25.943383041Z	165	73eef2..ff2225		0		INFO [09-05|01:38:25.943] Imported new potential chain segment     number=21 hash=73eef2..ff2225 blocks=1 txs=0 mgas=0.000 elapsed=1.346ms     mgasps=0.000 triediffs=101.83KiB triedirty=0.00B
3	execution.log	execution_txs_field	2026-09-05T01:38:39.422018950Z	167	d98a1d..14bd7f		0		"INFO [09-05|01:38:39.421] Imported new potential chain segment     number=22 hash=d98a1d..14bd7f blocks=1 txs=0 mgas=0.000 elapsed=""791.808µs"" mgasps=0.000 triediffs=106.18KiB triedirty=0.00B"
3	execution.log	execution_txs_field	2026-09-05T01:38:50.172763808Z	169	4c5ec4..60f78c		0		INFO [09-05|01:38:50.170] Imported new potential chain segment     number=23 hash=4c5ec4..60f78c blocks=1 txs=0 mgas=0.000 elapsed=1.150ms     mgasps=0.000 triediffs=110.25KiB triedirty=0.00B
3	execution.log	execution_txs_field	2026-09-05T01:39:03.761163612Z	171	04f434..98d5ca		0		INFO [09-05|01:39:03.760] Imported new potential chain segment     number=24 hash=04f434..98d5ca blocks=1 txs=0 mgas=0.000 elapsed=1.004ms     mgasps=0.000 triediffs=114.63KiB triedirty=0.00B
3	execution.log	execution_txs_field	2026-09-05T01:39:15.405459614Z	175	414201..367880		0		INFO [09-05|01:39:15.405] Imported new potential chain segment     number=24 hash=414201..367880 blocks=1 txs=0 mgas=0.000 elapsed=2.116ms     mgasps=0.000 triediffs=119.06KiB triedirty=0.00B
3	execution.log	execution_txs_field	2026-09-05T01:39:24.723784133Z	177	2f944d..a5d707		0		INFO [09-05|01:39:24.723] Imported new potential chain segment     number=25 hash=2f944d..a5d707 blocks=1 txs=0 mgas=0.000 elapsed=1.535ms     mgasps=0.000 triediffs=123.38KiB triedirty=0.00B
3	execution.log	execution_txs_field	2026-09-05T01:39:37.653852008Z	179	55c261..7e2e95		0		INFO [09-05|01:39:37.653] Imported new potential chain segment     number=26 hash=55c261..7e2e95 blocks=1 txs=0 mgas=0.000 elapsed=5.177ms     mgasps=0.000 triediffs=127.57KiB triedirty=0.00B
3	execution.log	execution_txs_field	2026-09-05T01:39:49.075561831Z	181	4e2cbf..903cd8		0		INFO [09-05|01:39:49.074] Imported new potential chain segment     number=27 hash=4e2cbf..903cd8 blocks=1 txs=0 mgas=0.000 elapsed=1.257ms     mgasps=0.000 triediffs=131.73KiB triedirty=0.00B
3	execution.log	execution_txs_field	2026-09-05T01:40:03.843782004Z	183	d7a89c..6c2361		0		INFO [09-05|01:40:03.843] Imported new potential chain segment     number=28 hash=d7a89c..6c2361 blocks=1 txs=0 mgas=0.000 elapsed=1.027ms     mgasps=0.000 triediffs=135.91KiB triedirty=0.00B
3	execution.log	execution_txs_field	2026-09-05T01:40:15.154519345Z	185	3f042a..174852		0		INFO [09-05|01:40:15.154] Imported new potential chain segment     number=29 hash=3f042a..174852 blocks=1 txs=0 mgas=0.000 elapsed=1.123ms     mgasps=0.000 triediffs=140.21KiB triedirty=0.00B
3	execution.log	execution_txs_field	2026-09-05T01:40:25.254851563Z	189	881f01..1243dc		0		INFO [09-05|01:40:25.254] Imported new potential chain segment     number=29 hash=881f01..1243dc blocks=1 txs=0 mgas=0.000 elapsed=1.220ms     mgasps=0.000 triediffs=144.51KiB triedirty=0.00B
3	execution.log	execution_txs_field	2026-09-05T01:40:38.065870529Z	191	9f7655..5e954d		0		INFO [09-05|01:40:38.065] Imported new potential chain segment     number=30 hash=9f7655..5e954d blocks=1 txs=0 mgas=0.000 elapsed=1.174ms     mgasps=0.000 triediffs=148.63KiB triedirty=0.00B
3	execution.log	execution_txs_field	2026-09-05T01:40:49.488658734Z	193	f995d4..9e7a4b		0		INFO [09-05|01:40:49.487] Imported new potential chain segment     number=31 hash=f995d4..9e7a4b blocks=1 txs=0 mgas=0.000 elapsed=1.917ms     mgasps=0.000 triediffs=152.91KiB triedirty=0.00B
3	execution.log	execution_txs_field	2026-09-05T01:41:02.886093578Z	195	245f92..ed5dbe		0		INFO [09-05|01:41:02.885] Imported new potential chain segment     number=32 hash=245f92..ed5dbe blocks=1 txs=0 mgas=0.000 elapsed=2.259ms     mgasps=0.000 triediffs=157.23KiB triedirty=0.00B
3	execution.log	execution_txs_field	2026-09-05T01:41:14.167245147Z	197	ab4db7..618b72		0		INFO [09-05|01:41:14.166] Imported new potential chain segment     number=33 hash=ab4db7..618b72 blocks=1 txs=0 mgas=0.000 elapsed=1.332ms     mgasps=0.000 triediffs=161.44KiB triedirty=0.00B
3	execution.log	execution_txs_field	2026-09-05T01:41:26.124372027Z	199	d706a2..750bf5		0		INFO [09-05|01:41:26.124] Imported new potential chain segment     number=34 hash=d706a2..750bf5 blocks=1 txs=0 mgas=0.000 elapsed=1.303ms     mgasps=0.000 triediffs=166.04KiB triedirty=0.00B
3	execution.log	execution_txs_field	2026-09-05T01:41:37.698332555Z	201	25f757..da2f35		0		INFO [09-05|01:41:37.698] Imported new potential chain segment     number=35 hash=25f757..da2f35 blocks=1 txs=0 mgas=0.000 elapsed=1.674ms     mgasps=0.000 triediffs=170.49KiB triedirty=0.00B
3	execution.log	execution_txs_field	2026-09-05T01:41:50.592463024Z	203	80c043..4ace9b		0		INFO [09-05|01:41:50.592] Imported new potential chain segment     number=36 hash=80c043..4ace9b blocks=1 txs=0 mgas=0.000 elapsed=1.309ms     mgasps=0.000 triediffs=174.88KiB triedirty=0.00B
3	execution.log	execution_txs_field	2026-09-05T01:42:02.099011441Z	205	2df177..76a742		0		INFO [09-05|01:42:02.098] Imported new potential chain segment     number=37 hash=2df177..76a742 blocks=1 txs=0 mgas=0.000 elapsed=1.661ms     mgasps=0.000 triediffs=179.54KiB triedirty=0.00B
3	execution.log	execution_txs_field	2026-09-05T01:42:13.014763765Z	207	9cc50b..285ce8		0		INFO [09-05|01:42:13.014] Imported new potential chain segment     number=38 hash=9cc50b..285ce8 blocks=1 txs=0 mgas=0.000 elapsed=1.057ms     mgasps=0.000 triediffs=183.85KiB triedirty=0.00B
3	execution.log	execution_txs_field	2026-09-05T01:42:26.947063897Z	209	33cbd1..f54aeb		0		INFO [09-05|01:42:26.946] Imported new potential chain segment     number=39 hash=33cbd1..f54aeb blocks=1 txs=0 mgas=0.000 elapsed=1.260ms     mgasps=0.000 triediffs=188.15KiB triedirty=0.00B
3	execution.log	execution_txs_field	2026-09-05T01:42:37.097129058Z	211	0a005e..8d6710		0		INFO [09-05|01:42:37.096] Imported new potential chain segment     number=40 hash=0a005e..8d6710 blocks=1 txs=0 mgas=0.000 elapsed=2.174ms     mgasps=0.000 triediffs=192.49KiB triedirty=0.00B
3	execution.log	execution_txs_field	2026-09-05T01:42:50.666424328Z	213	b7e340..5807cf		0		INFO [09-05|01:42:50.664] Imported new potential chain segment     number=41 hash=b7e340..5807cf blocks=1 txs=0 mgas=0.000 elapsed=1.320ms     mgasps=0.000 triediffs=196.62KiB triedirty=0.00B
3	execution.log	execution_txs_field	2026-09-05T01:43:04.048688952Z	215	6b770d..6c9b9b		0		INFO [09-05|01:43:04.048] Imported new potential chain segment     number=42 hash=6b770d..6c9b9b blocks=1 txs=0 mgas=0.000 elapsed=1.021ms     mgasps=0.000 triediffs=200.95KiB triedirty=0.00B
3	execution.log	execution_txs_field	2026-09-05T01:43:13.526841232Z	219	13caf6..fac097		0		INFO [09-05|01:43:13.526] Imported new potential chain segment     number=42 hash=13caf6..fac097 blocks=1 txs=0 mgas=0.000 elapsed=1.705ms     mgasps=0.000 triediffs=205.34KiB triedirty=0.00B
3	execution.log	execution_txs_field	2026-09-05T01:43:26.248519179Z	221	9329e7..78b0f7		0		INFO [09-05|01:43:26.248] Imported new potential chain segment     number=43 hash=9329e7..78b0f7 blocks=1 txs=0 mgas=0.000 elapsed=1.701ms     mgasps=0.000 triediffs=209.67KiB triedirty=0.00B
3	execution.log	execution_txs_field	2026-09-05T01:43:44.235198373Z	223	a68a7f..957f92		0		"INFO [09-05|01:43:44.235] Imported new potential chain segment     number=44 hash=a68a7f..957f92 blocks=1 txs=0 mgas=0.000 elapsed=""933.564µs"" mgasps=0.000 triediffs=214.10KiB triedirty=0.00B"
3	execution.log	execution_txs_field	2026-09-05T01:43:49.628420552Z	227	a83ef3..7225e7		0		INFO [09-05|01:43:49.627] Imported new potential chain segment     number=44 hash=a83ef3..7225e7 blocks=1 txs=0 mgas=0.000 elapsed=1.204ms     mgasps=0.000 triediffs=218.60KiB triedirty=0.00B
3	execution.log	execution_txs_field	2026-09-05T01:44:05.182546589Z	229	08d472..c06948		0		INFO [09-05|01:44:05.182] Imported new potential chain segment     number=45 hash=08d472..c06948 blocks=1 txs=0 mgas=0.000 elapsed=1.032ms     mgasps=0.000 triediffs=223.24KiB triedirty=0.00B
3	execution.log	execution_txs_field	2026-09-05T01:44:15.010996313Z	233	da1c1b..7bffb9		0		INFO [09-05|01:44:15.010] Imported new potential chain segment     number=45 hash=da1c1b..7bffb9 blocks=1 txs=0 mgas=0.000 elapsed=1.354ms     mgasps=0.000 triediffs=227.75KiB triedirty=0.00B
3	execution.log	execution_txs_field	2026-09-05T01:44:24.909614113Z	235	b63315..308147		0		INFO [09-05|01:44:24.909] Imported new potential chain segment     number=46 hash=b63315..308147 blocks=1 txs=0 mgas=0.000 elapsed=1.059ms     mgasps=0.000 triediffs=232.02KiB triedirty=0.00B
3	execution.log	execution_txs_field	2026-09-05T01:44:37.174805183Z	237	4ba57f..ac60f8		0		INFO [09-05|01:44:37.174] Imported new potential chain segment     number=47 hash=4ba57f..ac60f8 blocks=1 txs=0 mgas=0.000 elapsed=1.493ms     mgasps=0.000 triediffs=236.47KiB triedirty=0.00B
3	execution.log	execution_txs_field	2026-09-05T01:44:54.530874856Z	239	ee30f8..65d871		0		INFO [09-05|01:44:54.530] Imported new potential chain segment     number=48 hash=ee30f8..65d871 blocks=1 txs=0 mgas=0.000 elapsed=1.124ms     mgasps=0.000 triediffs=240.93KiB triedirty=0.00B
3	execution.log	execution_txs_field	2026-09-05T01:45:04.734224553Z	243	191311..0fc02e		0		INFO [09-05|01:45:04.734] Imported new potential chain segment     number=48 hash=191311..0fc02e blocks=1 txs=0 mgas=0.000 elapsed=1.148ms     mgasps=0.000 triediffs=245.29KiB triedirty=0.00B
3	execution.log	execution_txs_field	2026-09-05T01:45:14.313335304Z	247	a1ee4b..334727		0		INFO [09-05|01:45:14.313] Imported new potential chain segment     number=48 hash=a1ee4b..334727 blocks=1 txs=0 mgas=0.000 elapsed=1.309ms     mgasps=0.000 triediffs=249.47KiB triedirty=0.00B
3	execution.log	execution_txs_field	2026-09-05T01:45:25.006821066Z	249	673f5c..1783c1		0		INFO [09-05|01:45:25.006] Imported new potential chain segment     number=49 hash=673f5c..1783c1 blocks=1 txs=0 mgas=0.000 elapsed=1.434ms     mgasps=0.000 triediffs=253.86KiB triedirty=0.00B
3	execution.log	execution_txs_field	2026-09-05T01:45:40.875257494Z	251	e78411..02dd7f		0		"INFO [09-05|01:45:40.874] Imported new potential chain segment     number=50 hash=e78411..02dd7f blocks=1 txs=0 mgas=0.000 elapsed=""906.677µs"" mgasps=0.000 triediffs=258.35KiB triedirty=0.00B"
3	execution.log	execution_txs_field	2026-09-05T01:45:49.405018438Z	255	a41b5c..be6384		0		INFO [09-05|01:45:49.404] Imported new potential chain segment     number=50 hash=a41b5c..be6384 blocks=1 txs=0 mgas=0.000 elapsed=2.856ms     mgasps=0.000 triediffs=262.80KiB triedirty=0.00B
3	execution.log	execution_txs_field	2026-09-05T01:46:01.484174323Z	257	97e5c0..cee620		0		INFO [09-05|01:46:01.483] Imported new potential chain segment     number=51 hash=97e5c0..cee620 blocks=1 txs=0 mgas=0.000 elapsed=1.250ms     mgasps=0.000 triediffs=267.60KiB triedirty=0.00B
3	execution.log	execution_txs_field	2026-09-05T01:46:16.408758831Z	259	935782..2eae13		0		INFO [09-05|01:46:16.408] Imported new potential chain segment     number=52 hash=935782..2eae13 blocks=1 txs=0 mgas=0.000 elapsed=1.028ms     mgasps=0.000 triediffs=271.93KiB triedirty=0.00B
3	execution.log	execution_txs_field	2026-09-05T01:46:27.062299745Z	263	e2bafb..042e8d		0		INFO [09-05|01:46:27.062] Imported new potential chain segment     number=52 hash=e2bafb..042e8d blocks=1 txs=0 mgas=0.000 elapsed=1.303ms     mgasps=0.000 triediffs=276.42KiB triedirty=0.00B
3	execution.log	execution_txs_field	2026-09-05T01:46:36.864563618Z	267	d1c751..5bfd2e		0		INFO [09-05|01:46:36.864] Imported new potential chain segment     number=52 hash=d1c751..5bfd2e blocks=1 txs=0 mgas=0.000 elapsed=1.895ms     mgasps=0.000 triediffs=281.03KiB triedirty=0.00B
3	execution.log	execution_txs_field	2026-09-05T01:46:48.793294006Z	269	86157f..f26538		0		INFO [09-05|01:46:48.793] Imported new potential chain segment     number=53 hash=86157f..f26538 blocks=1 txs=0 mgas=0.000 elapsed=1.103ms     mgasps=0.000 triediffs=285.61KiB triedirty=0.00B
3	execution.log	execution_txs_field	2026-09-05T01:47:00.823346995Z	271	ccff6b..7ebef2		0		INFO [09-05|01:47:00.822] Imported new potential chain segment     number=54 hash=ccff6b..7ebef2 blocks=1 txs=0 mgas=0.000 elapsed=1.300ms     mgasps=0.000 triediffs=290.28KiB triedirty=0.00B
3	execution.log	execution_txs_field	2026-09-05T01:47:13.219137439Z	273	dbe549..2afec8		0		INFO [09-05|01:47:13.218] Imported new potential chain segment     number=55 hash=dbe549..2afec8 blocks=1 txs=0 mgas=0.000 elapsed=1.216ms     mgasps=0.000 triediffs=294.89KiB triedirty=0.00B
3	execution.log	execution_txs_field	2026-09-05T01:47:25.972694864Z	275	b9ed6b..5b1229		0		INFO [09-05|01:47:25.972] Imported new potential chain segment     number=56 hash=b9ed6b..5b1229 blocks=1 txs=0 mgas=0.000 elapsed=1.425ms     mgasps=0.000 triediffs=299.47KiB triedirty=0.00B
3	execution.log	execution_txs_field	2026-09-05T01:47:37.678228932Z	277	e20702..b03843		0		INFO [09-05|01:47:37.675] Imported new potential chain segment     number=57 hash=e20702..b03843 blocks=1 txs=0 mgas=0.000 elapsed=1.412ms     mgasps=0.000 triediffs=303.96KiB triedirty=0.00B
3	execution.log	execution_txs_field	2026-09-05T01:47:48.931720329Z	279	e60f3b..74a28a		0		INFO [09-05|01:47:48.931] Imported new potential chain segment     number=58 hash=e60f3b..74a28a blocks=1 txs=0 mgas=0.000 elapsed=1.007ms     mgasps=0.000 triediffs=308.66KiB triedirty=0.00B
3	execution.log	execution_txs_field	2026-09-05T01:48:01.124346863Z	281	0e467b..0f480b		0		INFO [09-05|01:48:01.124] Imported new potential chain segment     number=59 hash=0e467b..0f480b blocks=1 txs=0 mgas=0.000 elapsed=5.556ms     mgasps=0.000 triediffs=313.03KiB triedirty=0.00B
3	execution.log	execution_txs_field	2026-09-05T01:48:12.733045109Z	283	7bc9a7..9ef738		0		INFO [09-05|01:48:12.731] Imported new potential chain segment     number=60 hash=7bc9a7..9ef738 blocks=1 txs=0 mgas=0.000 elapsed=1.198ms     mgasps=0.000 triediffs=317.63KiB triedirty=0.00B
3	execution.log	execution_txs_field	2026-09-05T01:48:25.708949965Z	285	a2cbbc..08ffc8		0		INFO [09-05|01:48:25.708] Imported new potential chain segment     number=61 hash=a2cbbc..08ffc8 blocks=1 txs=0 mgas=0.000 elapsed=3.522ms     mgasps=0.000 triediffs=322.32KiB triedirty=0.00B
3	execution.log	execution_txs_field	2026-09-05T01:48:38.030091801Z	287	dbcf51..c00195		0		INFO [09-05|01:48:38.029] Imported new potential chain segment     number=62 hash=dbcf51..c00195 blocks=1 txs=0 mgas=0.000 elapsed=2.881ms     mgasps=0.000 triediffs=326.72KiB triedirty=0.00B
3	execution.log	execution_txs_field	2026-09-05T01:48:48.974108090Z	289	946a20..24eded		0		INFO [09-05|01:48:48.971] Imported new potential chain segment     number=63 hash=946a20..24eded blocks=1 txs=0 mgas=0.000 elapsed=1.598ms     mgasps=0.000 triediffs=331.80KiB triedirty=0.00B
3	execution.log	execution_txs_field	2026-09-05T01:49:00.960599946Z	291	131a9c..5ab3ec		0		INFO [09-05|01:49:00.960] Imported new potential chain segment     number=64 hash=131a9c..5ab3ec blocks=1 txs=0 mgas=0.000 elapsed=1.792ms     mgasps=0.000 triediffs=336.84KiB triedirty=0.00B
3	execution.log	execution_txs_field	2026-09-05T01:49:14.526521083Z	293	b15e60..8211bb		0		INFO [09-05|01:49:14.526] Imported new potential chain segment     number=65 hash=b15e60..8211bb blocks=1 txs=0 mgas=0.000 elapsed=1.554ms     mgasps=0.000 triediffs=341.40KiB triedirty=0.00B
3	execution.log	execution_txs_field	2026-09-05T01:49:28.185218243Z	295	ff9448..f29f33		0		INFO [09-05|01:49:28.185] Imported new potential chain segment     number=66 hash=ff9448..f29f33 blocks=1 txs=0 mgas=0.000 elapsed=2.943ms     mgasps=0.000 triediffs=346.28KiB triedirty=0.00B
3	execution.log	execution_txs_field	2026-09-05T01:49:37.278680404Z	299	db3c8e..6f96bc		0		INFO [09-05|01:49:37.277] Imported new potential chain segment     number=66 hash=db3c8e..6f96bc blocks=1 txs=0 mgas=0.000 elapsed=1.596ms     mgasps=0.000 triediffs=350.83KiB triedirty=0.00B
3	execution.log	execution_txs_field	2026-09-05T01:49:49.204327203Z	301	18ed4b..e5ed48		0		INFO [09-05|01:49:49.201] Imported new potential chain segment     number=67 hash=18ed4b..e5ed48 blocks=1 txs=0 mgas=0.000 elapsed=1.848ms     mgasps=0.000 triediffs=355.65KiB triedirty=0.00B
3	execution.log	execution_txs_field	2026-09-05T01:50:04.471591589Z	303	960c16..318018		0		INFO [09-05|01:50:04.469] Imported new potential chain segment     number=68 hash=960c16..318018 blocks=1 txs=0 mgas=0.000 elapsed=3.859ms     mgasps=0.000 triediffs=360.20KiB triedirty=0.00B
3	execution.log	execution_txs_field	2026-09-05T01:50:17.046084961Z	307	bf5ffd..88a9b4		0		INFO [09-05|01:50:17.045] Imported new potential chain segment     number=68 hash=bf5ffd..88a9b4 blocks=1 txs=0 mgas=0.000 elapsed=1.415ms     mgasps=0.000 triediffs=364.84KiB triedirty=0.00B
3	execution.log	execution_txs_field	2026-09-05T01:50:25.222350368Z	311	fbd155..aed3c2		0		INFO [09-05|01:50:25.221] Imported new potential chain segment     number=68 hash=fbd155..aed3c2 blocks=1 txs=0 mgas=0.000 elapsed=2.016ms     mgasps=0.000 triediffs=369.36KiB triedirty=0.00B
3	execution.log	execution_txs_field	2026-09-05T01:50:36.832929096Z	313	5af476..472169		0		INFO [09-05|01:50:36.832] Imported new potential chain segment     number=69 hash=5af476..472169 blocks=1 txs=0 mgas=0.000 elapsed=1.719ms     mgasps=0.000 triediffs=373.72KiB triedirty=0.00B
3	execution.log	execution_txs_field	2026-09-05T01:50:49.245516600Z	315	2ccbd5..74e10b		0		INFO [09-05|01:50:49.245] Imported new potential chain segment     number=70 hash=2ccbd5..74e10b blocks=1 txs=0 mgas=0.000 elapsed=5.063ms     mgasps=0.000 triediffs=378.46KiB triedirty=0.00B
3	execution.log	execution_txs_field	2026-09-05T01:51:03.941153165Z	317	dd3658..345fd9		0		INFO [09-05|01:51:03.941] Imported new potential chain segment     number=71 hash=dd3658..345fd9 blocks=1 txs=0 mgas=0.000 elapsed=1.022ms     mgasps=0.000 triediffs=383.13KiB triedirty=0.00B
3	execution.log	execution_txs_field	2026-09-05T01:51:16.164837361Z	321	323361..eea910		0		INFO [09-05|01:51:16.164] Imported new potential chain segment     number=71 hash=323361..eea910 blocks=1 txs=0 mgas=0.000 elapsed=1.014ms     mgasps=0.000 triediffs=387.32KiB triedirty=0.00B
3	execution.log	execution_txs_field	2026-09-05T01:51:26.135810213Z	323	931683..18733c		0		INFO [09-05|01:51:26.135] Imported new potential chain segment     number=72 hash=931683..18733c blocks=1 txs=0 mgas=0.000 elapsed=1.589ms     mgasps=0.000 triediffs=392.21KiB triedirty=0.00B
3	execution.log	execution_txs_field	2026-09-05T01:51:37.740633634Z	325	e7eb34..389c72		0		INFO [09-05|01:51:37.740] Imported new potential chain segment     number=73 hash=e7eb34..389c72 blocks=1 txs=0 mgas=0.000 elapsed=1.437ms     mgasps=0.000 triediffs=396.95KiB triedirty=0.00B
3	execution.log	execution_txs_field	2026-09-05T01:51:48.739034405Z	327	460535..2d9832		0		INFO [09-05|01:51:48.737] Imported new potential chain segment     number=74 hash=460535..2d9832 blocks=1 txs=0 mgas=0.000 elapsed=1.774ms     mgasps=0.000 triediffs=402.11KiB triedirty=0.00B
3	execution.log	execution_txs_field	2026-09-05T01:52:03.830037471Z	329	3d8b75..118040		0		INFO [09-05|01:52:03.829] Imported new potential chain segment     number=75 hash=3d8b75..118040 blocks=1 txs=0 mgas=0.000 elapsed=1.097ms     mgasps=0.000 triediffs=406.67KiB triedirty=0.00B
3	execution.log	execution_txs_field	2026-09-05T01:52:13.765446946Z	333	e2a896..c21a3b		0		INFO [09-05|01:52:13.765] Imported new potential chain segment     number=75 hash=e2a896..c21a3b blocks=1 txs=0 mgas=0.000 elapsed=1.468ms     mgasps=0.000 triediffs=411.41KiB triedirty=0.00B
3	execution.log	execution_txs_field	2026-09-05T01:52:25.044886755Z	335	52841d..f6cee3		0		INFO [09-05|01:52:25.044] Imported new potential chain segment     number=76 hash=52841d..f6cee3 blocks=1 txs=0 mgas=0.000 elapsed=3.037ms     mgasps=0.000 triediffs=415.86KiB triedirty=0.00B
3	execution.log	execution_txs_field	2026-09-05T01:52:40.002969408Z	337	d7945a..40c8b0		0		INFO [09-05|01:52:40.002] Imported new potential chain segment     number=77 hash=d7945a..40c8b0 blocks=1 txs=0 mgas=0.000 elapsed=1.047ms     mgasps=0.000 triediffs=420.72KiB triedirty=0.00B
3	execution.log	execution_txs_field	2026-09-05T01:52:51.221004507Z	341	6f602f..2b845a		0		INFO [09-05|01:52:51.220] Imported new potential chain segment     number=77 hash=6f602f..2b845a blocks=1 txs=0 mgas=0.000 elapsed=1.569ms     mgasps=0.000 triediffs=425.34KiB triedirty=0.00B
3	execution.log	execution_txs_field	2026-09-05T01:53:00.886266070Z	343	5c42bd..ba2fd8		0		INFO [09-05|01:53:00.885] Imported new potential chain segment     number=78 hash=5c42bd..ba2fd8 blocks=1 txs=0 mgas=0.000 elapsed=1.133ms     mgasps=0.000 triediffs=430.04KiB triedirty=0.00B
3	execution.log	execution_txs_field	2026-09-05T01:53:14.079196991Z	345	1c9360..c70589		0		INFO [09-05|01:53:14.078] Imported new potential chain segment     number=79 hash=1c9360..c70589 blocks=1 txs=0 mgas=0.000 elapsed=2.457ms     mgasps=0.000 triediffs=434.92KiB triedirty=0.00B
3	execution.log	execution_txs_field	2026-09-05T01:53:26.117845654Z	347	0227c0..5718a6		0		INFO [09-05|01:53:26.117] Imported new potential chain segment     number=80 hash=0227c0..5718a6 blocks=1 txs=0 mgas=0.000 elapsed=5.194ms     mgasps=0.000 triediffs=439.88KiB triedirty=0.00B
3	execution.log	execution_txs_field	2026-09-05T01:53:39.214602599Z	349	c9aba8..9e7eac		0		INFO [09-05|01:53:39.214] Imported new potential chain segment     number=81 hash=c9aba8..9e7eac blocks=1 txs=0 mgas=0.000 elapsed=1.116ms     mgasps=0.000 triediffs=444.52KiB triedirty=0.00B
3	execution.log	execution_txs_field	2026-09-05T01:53:51.330221631Z	353	5f5a54..c1a931		0		INFO [09-05|01:53:51.329] Imported new potential chain segment     number=81 hash=5f5a54..c1a931 blocks=1 txs=0 mgas=0.000 elapsed=1.721ms     mgasps=0.000 triediffs=449.62KiB triedirty=0.00B
3	execution.log	execution_txs_field	2026-09-05T01:54:01.298734160Z	357	3eae0c..fbe66f		0		INFO [09-05|01:54:01.298] Imported new potential chain segment     number=81 hash=3eae0c..fbe66f blocks=1 txs=0 mgas=0.000 elapsed=1.273ms     mgasps=0.000 triediffs=454.47KiB triedirty=0.00B
3	execution.log	execution_txs_field	2026-09-05T01:54:12.762703562Z	359	f9453c..b77e12		0		INFO [09-05|01:54:12.762] Imported new potential chain segment     number=82 hash=f9453c..b77e12 blocks=1 txs=0 mgas=0.000 elapsed=3.298ms     mgasps=0.000 triediffs=459.08KiB triedirty=0.00B
3	execution.log	execution_txs_field	2026-09-05T01:54:24.700390100Z	361	4f7379..614599		0		INFO [09-05|01:54:24.700] Imported new potential chain segment     number=83 hash=4f7379..614599 blocks=1 txs=0 mgas=0.000 elapsed=1.277ms     mgasps=0.000 triediffs=463.91KiB triedirty=0.00B
3	execution.log	execution_txs_field	2026-09-05T01:54:36.900030154Z	363	df1658..07b6ae		0		INFO [09-05|01:54:36.899] Imported new potential chain segment     number=76 hash=df1658..07b6ae blocks=1 txs=0 mgas=0.000 elapsed=3.745ms     mgasps=0.000 triediffs=468.82KiB triedirty=0.00B
3	execution.log	execution_txs_field	2026-09-05T01:54:49.310333535Z	364	522ef9..69614c		0		INFO [09-05|01:54:49.310] Imported new potential chain segment     number=84 hash=522ef9..69614c blocks=1 txs=0 mgas=0.000 elapsed=1.688ms     mgasps=0.000 triediffs=473.46KiB triedirty=0.00B
3	execution.log	execution_txs_field	2026-09-05T01:55:00.684099230Z	366	cb8824..7e85b0		0		INFO [09-05|01:55:00.683] Imported new potential chain segment     number=85 hash=cb8824..7e85b0 blocks=1 txs=0 mgas=0.000 elapsed=2.615ms     mgasps=0.000 triediffs=477.89KiB triedirty=0.00B
3	execution.log	execution_txs_field	2026-09-05T01:55:15.240911794Z	368	a22766..857829		0		INFO [09-05|01:55:15.240] Imported new potential chain segment     number=86 hash=a22766..857829 blocks=1 txs=0 mgas=0.000 elapsed=1.294ms     mgasps=0.000 triediffs=482.53KiB triedirty=0.00B
3	execution.log	execution_txs_field	2026-09-05T01:55:24.853707268Z	372	a87335..aaa8db		0		INFO [09-05|01:55:24.852] Imported new potential chain segment     number=86 hash=a87335..aaa8db blocks=1 txs=0 mgas=0.000 elapsed=1.312ms     mgasps=0.000 triediffs=487.30KiB triedirty=0.00B
3	execution.log	execution_txs_field	2026-09-05T01:55:37.197172686Z	374	f02f6d..9213e7		0		INFO [09-05|01:55:37.196] Imported new potential chain segment     number=87 hash=f02f6d..9213e7 blocks=1 txs=0 mgas=0.000 elapsed=3.379ms     mgasps=0.000 triediffs=492.08KiB triedirty=0.00B
3	execution.log	execution_txs_field	2026-09-05T01:56:39.016915332Z	379	2aab31..c98bde		0		"INFO [09-05|01:56:39.015] Updated payload                          id=0x043a338251a596e6 number=81 hash=2aab31..c98bde txs=0 withdrawals=0 gas=0 fees=0 root=ddbc89..0258aa elapsed=""641.558µs"" balhash=0x71dddff4ca31c4bf8d412354072d18a0f747b34d7e32f402cf86c615e6954004"
3	execution.log	execution_txs_field	2026-09-05T01:56:53.821616866Z	381	2aab31..c98bde		0		"INFO [09-05|01:56:53.821] Imported new potential chain segment     number=81 hash=2aab31..c98bde blocks=1 txs=0 mgas=0.000 elapsed=""881.712µs"" mgasps=0.000 triediffs=496.90KiB triedirty=0.00B"
3	execution.log	execution_txs_field	2026-09-05T01:58:56.584332877Z	383	ca51c5..0fa690		0		INFO [09-05|01:58:56.584] Imported new potential chain segment     number=81 hash=ca51c5..0fa690 blocks=1 txs=0 mgas=0.000 elapsed=1.346ms     mgasps=0.000 triediffs=501.82KiB triedirty=0.00B
3	execution.log	execution_txs_field	2026-09-05T01:59:36.929232198Z	384	57f752..c15483		0		INFO [09-05|01:59:36.929] Imported new potential chain segment     number=81 hash=57f752..c15483 blocks=1 txs=0 mgas=0.000 elapsed=1.332ms     mgasps=0.000 triediffs=506.68KiB triedirty=0.00B
3	execution.log	execution_txs_field	2026-09-05T02:02:28.617898355Z	386	bb8c15..2fe9c8		0		INFO [09-05|02:02:28.617] Imported new potential chain segment     number=81 hash=bb8c15..2fe9c8 blocks=1 txs=0 mgas=0.000 elapsed=5.183ms     mgasps=0.000 triediffs=511.51KiB triedirty=0.00B
3	execution.log	execution_txs_field	2026-09-05T02:03:32.628696818Z	387	e095e4..37df18		0		"INFO [09-05|02:03:32.628] Imported new potential chain segment     number=77 hash=e095e4..37df18 blocks=1 txs=0 mgas=0.000 elapsed=""990.497µs"" mgasps=0.000 triediffs=516.19KiB triedirty=0.00B"
2	execution.log	execution_txs_field	2026-09-05T01:33:10.761473574Z	91	df777d..b81ab8		0		"INFO [09-05|01:33:10.761] Imported new potential chain segment     number=1 hash=df777d..b81ab8 blocks=1 txs=0 mgas=0.000 elapsed=""981.437µs"" mgasps=0.000 triediffs=4.98KiB triedirty=0.00B"
2	execution.log	execution_txs_field	2026-09-05T01:33:12.879819638Z	94	0		0		INFO [09-05|01:33:12.877] Indexed transactions                     blocks=2 txs=0 tail=0 elapsed=1.786ms
2	execution.log	execution_txs_field	2026-09-05T01:33:27.006975267Z	95	03b953..dfd5d3		0		"INFO [09-05|01:33:27.006] Imported new potential chain segment     number=1 hash=03b953..dfd5d3 blocks=1 txs=0 mgas=0.000 elapsed=""953.607µs"" mgasps=0.000 triediffs=9.95KiB triedirty=0.00B"
2	execution.log	execution_txs_field	2026-09-05T01:33:31.871482857Z	96	43e25c..3958a4		0		"INFO [09-05|01:33:31.871] Imported new potential chain segment     number=2 hash=43e25c..3958a4 blocks=1 txs=0 mgas=0.000 elapsed=""828.187µs"" mgasps=0.000 triediffs=12.97KiB triedirty=0.00B"
2	execution.log	execution_txs_field	2026-09-05T01:33:51.010467818Z	102	be1dd5..e71f1f		0		"INFO [09-05|01:33:51.010] Imported new potential chain segment     number=2 hash=be1dd5..e71f1f blocks=1 txs=0 mgas=0.000 elapsed=""878.451µs"" mgasps=0.000 triediffs=16.00KiB triedirty=0.00B"
2	execution.log	execution_txs_field	2026-09-05T01:34:06.413682821Z	103	12535e..3f7ac3		0		"INFO [09-05|01:34:06.411] Imported new potential chain segment     number=2 hash=12535e..3f7ac3 blocks=1 txs=0 mgas=0.000 elapsed=""798.157µs"" mgasps=0.000 triediffs=19.11KiB triedirty=0.00B"
2	execution.log	execution_txs_field	2026-09-05T01:34:13.081957478Z	109	d94ef5..6f32c4		0		INFO [09-05|01:34:13.081] Imported new potential chain segment     number=2 hash=d94ef5..6f32c4 blocks=1 txs=0 mgas=0.000 elapsed=1.314ms     mgasps=0.000 triediffs=22.31KiB triedirty=0.00B
2	execution.log	execution_txs_field	2026-09-05T01:34:25.046387290Z	112	7c666c..ac393c		0		INFO [09-05|01:34:25.046] Imported new potential chain segment     number=3 hash=7c666c..ac393c blocks=1 txs=0 mgas=0.000 elapsed=8.536ms     mgasps=0.000 triediffs=25.41KiB triedirty=0.00B
2	execution.log	execution_txs_field	2026-09-05T01:34:36.926203514Z	115	31cfcb..e9a663		0		"INFO [09-05|01:34:36.926] Imported new potential chain segment     number=4 hash=31cfcb..e9a663 blocks=1 txs=0 mgas=0.000 elapsed=""785.523µs"" mgasps=0.000 triediffs=28.46KiB triedirty=0.00B"
2	execution.log	execution_txs_field	2026-09-05T01:34:48.924373142Z	118	a218f6..5735a0		0		"INFO [09-05|01:34:48.924] Imported new potential chain segment     number=5 hash=a218f6..5735a0 blocks=1 txs=0 mgas=0.000 elapsed=""901.729µs"" mgasps=0.000 triediffs=31.76KiB triedirty=0.00B"
2	execution.log	execution_txs_field	2026-09-05T01:35:00.680108376Z	121	eb892e..fdc12b		0		INFO [09-05|01:35:00.679] Imported new potential chain segment     number=6 hash=eb892e..fdc12b blocks=1 txs=0 mgas=0.000 elapsed=1.266ms     mgasps=0.000 triediffs=35.27KiB triedirty=0.00B
2	execution.log	execution_txs_field	2026-09-05T01:35:13.530791288Z	124	ece62d..ee5d91		0		INFO [09-05|01:35:13.530] Imported new potential chain segment     number=7 hash=ece62d..ee5d91 blocks=1 txs=0 mgas=0.000 elapsed=1.321ms     mgasps=0.000 triediffs=38.77KiB triedirty=0.00B
2	execution.log	execution_txs_field	2026-09-05T01:35:24.445635103Z	127	552199..08f719		0		INFO [09-05|01:35:24.445] Imported new potential chain segment     number=8 hash=552199..08f719 blocks=1 txs=0 mgas=0.000 elapsed=6.796ms     mgasps=0.000 triediffs=42.04KiB triedirty=0.00B
2	execution.log	execution_txs_field	2026-09-05T01:35:36.771838410Z	130	78f969..73f77c		0		INFO [09-05|01:35:36.771] Imported new potential chain segment     number=9 hash=78f969..73f77c blocks=1 txs=0 mgas=0.000 elapsed=1.271ms     mgasps=0.000 triediffs=45.59KiB triedirty=0.00B
2	execution.log	execution_txs_field	2026-09-05T01:35:48.764608983Z	133	cc3a08..e39338		0		INFO [09-05|01:35:48.764] Imported new potential chain segment     number=10 hash=cc3a08..e39338 blocks=1 txs=0 mgas=0.000 elapsed=1.018ms     mgasps=0.000 triediffs=49.55KiB triedirty=0.00B
2	execution.log	execution_txs_field	2026-09-05T01:36:01.123402377Z	136	bd177e..8cddc5		0		"INFO [09-05|01:36:01.122] Imported new potential chain segment     number=11 hash=bd177e..8cddc5 blocks=1 txs=0 mgas=0.000 elapsed=""913.431µs"" mgasps=0.000 triediffs=53.38KiB triedirty=0.00B"
2	execution.log	execution_txs_field	2026-09-05T01:36:12.869834633Z	139	648514..5065ea		0		"INFO [09-05|01:36:12.869] Imported new potential chain segment     number=12 hash=648514..5065ea blocks=1 txs=0 mgas=0.000 elapsed=""969.767µs"" mgasps=0.000 triediffs=57.16KiB triedirty=0.00B"
2	execution.log	execution_txs_field	2026-09-05T01:36:26.002209130Z	142	cfcbf4..ebf7fc		0		"INFO [09-05|01:36:26.001] Imported new potential chain segment     number=13 hash=cfcbf4..ebf7fc blocks=1 txs=0 mgas=0.000 elapsed=""955.898µs"" mgasps=0.000 triediffs=61.05KiB triedirty=0.00B"
2	execution.log	execution_txs_field	2026-09-05T01:36:39.897812841Z	144	b8f457..a124e9		0		"INFO [09-05|01:36:39.897] Imported new potential chain segment     number=14 hash=b8f457..a124e9 blocks=1 txs=0 mgas=0.000 elapsed=""870.619µs"" mgasps=0.000 triediffs=64.90KiB triedirty=0.00B"
2	execution.log	execution_txs_field	2026-09-05T01:36:52.532502073Z	146	616503..e2f7fa		0		INFO [09-05|01:36:52.532] Imported new potential chain segment     number=15 hash=616503..e2f7fa blocks=1 txs=0 mgas=0.000 elapsed=1.097ms     mgasps=0.000 triediffs=69.00KiB triedirty=0.00B
2	execution.log	execution_txs_field	2026-09-05T01:37:02.211935668Z	150	b10c6c..5decba		0		INFO [09-05|01:37:02.211] Imported new potential chain segment     number=15 hash=b10c6c..5decba blocks=1 txs=0 mgas=0.000 elapsed=1.405ms     mgasps=0.000 triediffs=72.95KiB triedirty=0.00B
2	execution.log	execution_txs_field	2026-09-05T01:37:13.005381332Z	152	246b5e..e50bd4		0		"INFO [09-05|01:37:13.005] Imported new potential chain segment     number=16 hash=246b5e..e50bd4 blocks=1 txs=0 mgas=0.000 elapsed=""949.951µs"" mgasps=0.000 triediffs=77.08KiB triedirty=0.00B"
2	execution.log	execution_txs_field	2026-09-05T01:37:26.344850823Z	154	925d53..721761		0		"INFO [09-05|01:37:26.344] Imported new potential chain segment     number=17 hash=925d53..721761 blocks=1 txs=0 mgas=0.000 elapsed=""990.266µs"" mgasps=0.000 triediffs=80.99KiB triedirty=0.00B"
2	execution.log	execution_txs_field	2026-09-05T01:37:36.883650386Z	156	16fc2b..cc2f65		0		INFO [09-05|01:37:36.883] Imported new potential chain segment     number=18 hash=16fc2b..cc2f65 blocks=1 txs=0 mgas=0.000 elapsed=1.092ms     mgasps=0.000 triediffs=85.08KiB triedirty=0.00B
2	execution.log	execution_txs_field	2026-09-05T01:37:51.364109438Z	158	9f6ee5..ccef82		0		"INFO [09-05|01:37:51.363] Imported new potential chain segment     number=19 hash=9f6ee5..ccef82 blocks=1 txs=0 mgas=0.000 elapsed=""886.353µs"" mgasps=0.000 triediffs=89.32KiB triedirty=0.00B"
2	execution.log	execution_txs_field	2026-09-05T01:38:01.446480915Z	162	5ceb99..15391c		0		INFO [09-05|01:38:01.446] Imported new potential chain segment     number=19 hash=5ceb99..15391c blocks=1 txs=0 mgas=0.000 elapsed=1.830ms     mgasps=0.000 triediffs=93.62KiB triedirty=0.00B
2	execution.log	execution_txs_field	2026-09-05T01:38:13.251527478Z	164	e320f5..03e2af		0		"INFO [09-05|01:38:13.251] Imported new potential chain segment     number=20 hash=e320f5..03e2af blocks=1 txs=0 mgas=0.000 elapsed=""725.995µs"" mgasps=0.000 triediffs=97.78KiB triedirty=0.00B"
2	execution.log	execution_txs_field	2026-09-05T01:38:25.769319635Z	166	73eef2..ff2225		0		"INFO [09-05|01:38:25.769] Imported new potential chain segment     number=21 hash=73eef2..ff2225 blocks=1 txs=0 mgas=0.000 elapsed=""990.182µs"" mgasps=0.000 triediffs=101.83KiB triedirty=0.00B"
2	execution.log	execution_txs_field	2026-09-05T01:38:37.024852582Z	168	d98a1d..14bd7f		0		INFO [09-05|01:38:37.024] Imported new potential chain segment     number=22 hash=d98a1d..14bd7f blocks=1 txs=0 mgas=0.000 elapsed=1.230ms     mgasps=0.000 triediffs=106.18KiB triedirty=0.00B
2	execution.log	execution_txs_field	2026-09-05T01:38:50.182018701Z	170	4c5ec4..60f78c		0		INFO [09-05|01:38:50.181] Imported new potential chain segment     number=23 hash=4c5ec4..60f78c blocks=1 txs=0 mgas=0.000 elapsed=1.841ms     mgasps=0.000 triediffs=110.25KiB triedirty=0.00B
2	execution.log	execution_txs_field	2026-09-05T01:39:03.720603460Z	172	04f434..98d5ca		0		INFO [09-05|01:39:03.720] Imported new potential chain segment     number=24 hash=04f434..98d5ca blocks=1 txs=0 mgas=0.000 elapsed=1.176ms     mgasps=0.000 triediffs=114.63KiB triedirty=0.00B
2	execution.log	execution_txs_field	2026-09-05T01:39:14.086393128Z	176	414201..367880		0		INFO [09-05|01:39:14.085] Imported new potential chain segment     number=24 hash=414201..367880 blocks=1 txs=0 mgas=0.000 elapsed=1.222ms     mgasps=0.000 triediffs=119.06KiB triedirty=0.00B
2	execution.log	execution_txs_field	2026-09-05T01:39:24.783665943Z	178	2f944d..a5d707		0		INFO [09-05|01:39:24.783] Imported new potential chain segment     number=25 hash=2f944d..a5d707 blocks=1 txs=0 mgas=0.000 elapsed=1.030ms     mgasps=0.000 triediffs=123.38KiB triedirty=0.00B
2	execution.log	execution_txs_field	2026-09-05T01:39:37.278728913Z	180	55c261..7e2e95		0		"INFO [09-05|01:39:37.278] Imported new potential chain segment     number=26 hash=55c261..7e2e95 blocks=1 txs=0 mgas=0.000 elapsed=""920.788µs"" mgasps=0.000 triediffs=127.57KiB triedirty=0.00B"
2	execution.log	execution_txs_field	2026-09-05T01:39:48.966958689Z	182	4e2cbf..903cd8		0		INFO [09-05|01:39:48.966] Imported new potential chain segment     number=27 hash=4e2cbf..903cd8 blocks=1 txs=0 mgas=0.000 elapsed=1.142ms     mgasps=0.000 triediffs=131.73KiB triedirty=0.00B
2	execution.log	execution_txs_field	2026-09-05T01:40:03.826600991Z	184	d7a89c..6c2361		0		"INFO [09-05|01:40:03.826] Imported new potential chain segment     number=28 hash=d7a89c..6c2361 blocks=1 txs=0 mgas=0.000 elapsed=""998.849µs"" mgasps=0.000 triediffs=135.91KiB triedirty=0.00B"
2	execution.log	execution_txs_field	2026-09-05T01:40:13.461691246Z	186	3f042a..174852		0		INFO [09-05|01:40:13.461] Imported new potential chain segment     number=29 hash=3f042a..174852 blocks=1 txs=0 mgas=0.000 elapsed=1.433ms     mgasps=0.000 triediffs=140.21KiB triedirty=0.00B
2	execution.log	execution_txs_field	2026-09-05T01:40:25.900925523Z	190	881f01..1243dc		0		"INFO [09-05|01:40:25.899] Imported new potential chain segment     number=29 hash=881f01..1243dc blocks=1 txs=0 mgas=0.000 elapsed=""761.924µs"" mgasps=0.000 triediffs=144.51KiB triedirty=0.00B"
2	execution.log	execution_txs_field	2026-09-05T01:40:37.842095976Z	192	9f7655..5e954d		0		INFO [09-05|01:40:37.841] Imported new potential chain segment     number=30 hash=9f7655..5e954d blocks=1 txs=0 mgas=0.000 elapsed=1.422ms     mgasps=0.000 triediffs=148.63KiB triedirty=0.00B
2	execution.log	execution_txs_field	2026-09-05T01:40:49.613529824Z	194	f995d4..9e7a4b		0		INFO [09-05|01:40:49.613] Imported new potential chain segment     number=31 hash=f995d4..9e7a4b blocks=1 txs=0 mgas=0.000 elapsed=1.101ms     mgasps=0.000 triediffs=152.91KiB triedirty=0.00B
2	execution.log	execution_txs_field	2026-09-05T01:41:02.864112896Z	196	245f92..ed5dbe		0		INFO [09-05|01:41:02.863] Imported new potential chain segment     number=32 hash=245f92..ed5dbe blocks=1 txs=0 mgas=0.000 elapsed=1.163ms     mgasps=0.000 triediffs=157.23KiB triedirty=0.00B
2	execution.log	execution_txs_field	2026-09-05T01:41:13.526429652Z	198	ab4db7..618b72		0		INFO [09-05|01:41:13.526] Imported new potential chain segment     number=33 hash=ab4db7..618b72 blocks=1 txs=0 mgas=0.000 elapsed=1.049ms     mgasps=0.000 triediffs=161.44KiB triedirty=0.00B
2	execution.log	execution_txs_field	2026-09-05T01:41:26.072845956Z	200	d706a2..750bf5		0		"INFO [09-05|01:41:26.071] Imported new potential chain segment     number=34 hash=d706a2..750bf5 blocks=1 txs=0 mgas=0.000 elapsed=""917.548µs"" mgasps=0.000 triediffs=166.04KiB triedirty=0.00B"
2	execution.log	execution_txs_field	2026-09-05T01:41:37.266621856Z	202	25f757..da2f35		0		"INFO [09-05|01:41:37.266] Imported new potential chain segment     number=35 hash=25f757..da2f35 blocks=1 txs=0 mgas=0.000 elapsed=""935.387µs"" mgasps=0.000 triediffs=170.49KiB triedirty=0.00B"
2	execution.log	execution_txs_field	2026-09-05T01:41:50.615591328Z	204	80c043..4ace9b		0		"INFO [09-05|01:41:50.614] Imported new potential chain segment     number=36 hash=80c043..4ace9b blocks=1 txs=0 mgas=0.000 elapsed=""963.854µs"" mgasps=0.000 triediffs=174.88KiB triedirty=0.00B"
2	execution.log	execution_txs_field	2026-09-05T01:42:01.910290922Z	206	2df177..76a742		0		INFO [09-05|01:42:01.910] Imported new potential chain segment     number=37 hash=2df177..76a742 blocks=1 txs=0 mgas=0.000 elapsed=1.957ms     mgasps=0.000 triediffs=179.54KiB triedirty=0.00B
2	execution.log	execution_txs_field	2026-09-05T01:42:12.965427833Z	208	9cc50b..285ce8		0		INFO [09-05|01:42:12.965] Imported new potential chain segment     number=38 hash=9cc50b..285ce8 blocks=1 txs=0 mgas=0.000 elapsed=2.799ms     mgasps=0.000 triediffs=183.85KiB triedirty=0.00B
2	execution.log	execution_txs_field	2026-09-05T01:42:26.904479966Z	210	33cbd1..f54aeb		0		INFO [09-05|01:42:26.904] Imported new potential chain segment     number=39 hash=33cbd1..f54aeb blocks=1 txs=0 mgas=0.000 elapsed=1.193ms     mgasps=0.000 triediffs=188.15KiB triedirty=0.00B
2	execution.log	execution_txs_field	2026-09-05T01:42:36.864394567Z	212	0a005e..8d6710		0		INFO [09-05|01:42:36.864] Imported new potential chain segment     number=40 hash=0a005e..8d6710 blocks=1 txs=0 mgas=0.000 elapsed=1.739ms     mgasps=0.000 triediffs=192.49KiB triedirty=0.00B
2	execution.log	execution_txs_field	2026-09-05T01:42:50.726073351Z	214	b7e340..5807cf		0		INFO [09-05|01:42:50.725] Imported new potential chain segment     number=41 hash=b7e340..5807cf blocks=1 txs=0 mgas=0.000 elapsed=1.815ms     mgasps=0.000 triediffs=196.62KiB triedirty=0.00B
2	execution.log	execution_txs_field	2026-09-05T01:43:04.109459941Z	216	6b770d..6c9b9b		0		INFO [09-05|01:43:04.108] Imported new potential chain segment     number=42 hash=6b770d..6c9b9b blocks=1 txs=0 mgas=0.000 elapsed=1.250ms     mgasps=0.000 triediffs=200.95KiB triedirty=0.00B
2	execution.log	execution_txs_field	2026-09-05T01:43:15.478274730Z	220	13caf6..fac097		0		INFO [09-05|01:43:15.478] Imported new potential chain segment     number=42 hash=13caf6..fac097 blocks=1 txs=0 mgas=0.000 elapsed=1.098ms     mgasps=0.000 triediffs=205.34KiB triedirty=0.00B
2	execution.log	execution_txs_field	2026-09-05T01:43:25.162333525Z	222	9329e7..78b0f7		0		INFO [09-05|01:43:25.162] Imported new potential chain segment     number=43 hash=9329e7..78b0f7 blocks=1 txs=0 mgas=0.000 elapsed=2.682ms     mgasps=0.000 triediffs=209.67KiB triedirty=0.00B
2	execution.log	execution_txs_field	2026-09-05T01:43:44.252765343Z	224	a68a7f..957f92		0		INFO [09-05|01:43:44.252] Imported new potential chain segment     number=44 hash=a68a7f..957f92 blocks=1 txs=0 mgas=0.000 elapsed=3.218ms     mgasps=0.000 triediffs=214.10KiB triedirty=0.00B
2	execution.log	execution_txs_field	2026-09-05T01:43:49.430195519Z	228	a83ef3..7225e7		0		INFO [09-05|01:43:49.430] Imported new potential chain segment     number=44 hash=a83ef3..7225e7 blocks=1 txs=0 mgas=0.000 elapsed=1.138ms     mgasps=0.000 triediffs=218.60KiB triedirty=0.00B
2	execution.log	execution_txs_field	2026-09-05T01:44:05.199375047Z	230	08d472..c06948		0		INFO [09-05|01:44:05.199] Imported new potential chain segment     number=45 hash=08d472..c06948 blocks=1 txs=0 mgas=0.000 elapsed=1.129ms     mgasps=0.000 triediffs=223.24KiB triedirty=0.00B
2	execution.log	execution_txs_field	2026-09-05T01:44:14.670882513Z	234	da1c1b..7bffb9		0		"INFO [09-05|01:44:14.670] Imported new potential chain segment     number=45 hash=da1c1b..7bffb9 blocks=1 txs=0 mgas=0.000 elapsed=""982.47µs""  mgasps=0.000 triediffs=227.75KiB triedirty=0.00B"
2	execution.log	execution_txs_field	2026-09-05T01:44:24.839154446Z	236	b63315..308147		0		"INFO [09-05|01:44:24.838] Imported new potential chain segment     number=46 hash=b63315..308147 blocks=1 txs=0 mgas=0.000 elapsed=""752.041µs"" mgasps=0.000 triediffs=232.02KiB triedirty=0.00B"
2	execution.log	execution_txs_field	2026-09-05T01:44:37.054895912Z	238	4ba57f..ac60f8		0		INFO [09-05|01:44:37.054] Imported new potential chain segment     number=47 hash=4ba57f..ac60f8 blocks=1 txs=0 mgas=0.000 elapsed=5.443ms     mgasps=0.000 triediffs=236.47KiB triedirty=0.00B
2	execution.log	execution_txs_field	2026-09-05T01:44:54.537695642Z	240	ee30f8..65d871		0		"INFO [09-05|01:44:54.537] Imported new potential chain segment     number=48 hash=ee30f8..65d871 blocks=1 txs=0 mgas=0.000 elapsed=""871.932µs"" mgasps=0.000 triediffs=240.93KiB triedirty=0.00B"
2	execution.log	execution_txs_field	2026-09-05T01:45:04.754782832Z	244	191311..0fc02e		0		INFO [09-05|01:45:04.754] Imported new potential chain segment     number=48 hash=191311..0fc02e blocks=1 txs=0 mgas=0.000 elapsed=1.273ms     mgasps=0.000 triediffs=245.29KiB triedirty=0.00B
2	execution.log	execution_txs_field	2026-09-05T01:45:14.115385557Z	248	a1ee4b..334727		0		INFO [09-05|01:45:14.115] Imported new potential chain segment     number=48 hash=a1ee4b..334727 blocks=1 txs=0 mgas=0.000 elapsed=1.536ms     mgasps=0.000 triediffs=249.47KiB triedirty=0.00B
2	execution.log	execution_txs_field	2026-09-05T01:45:25.130649885Z	250	673f5c..1783c1		0		"INFO [09-05|01:45:25.130] Imported new potential chain segment     number=49 hash=673f5c..1783c1 blocks=1 txs=0 mgas=0.000 elapsed=""849.127µs"" mgasps=0.000 triediffs=253.86KiB triedirty=0.00B"
2	execution.log	execution_txs_field	2026-09-05T01:45:40.860229484Z	252	e78411..02dd7f		0		INFO [09-05|01:45:40.860] Imported new potential chain segment     number=50 hash=e78411..02dd7f blocks=1 txs=0 mgas=0.000 elapsed=1.136ms     mgasps=0.000 triediffs=258.35KiB triedirty=0.00B
2	execution.log	execution_txs_field	2026-09-05T01:45:49.300737614Z	256	a41b5c..be6384		0		INFO [09-05|01:45:49.300] Imported new potential chain segment     number=50 hash=a41b5c..be6384 blocks=1 txs=0 mgas=0.000 elapsed=1.870ms     mgasps=0.000 triediffs=262.80KiB triedirty=0.00B
2	execution.log	execution_txs_field	2026-09-05T01:46:01.285278957Z	258	97e5c0..cee620		0		INFO [09-05|01:46:01.284] Imported new potential chain segment     number=51 hash=97e5c0..cee620 blocks=1 txs=0 mgas=0.000 elapsed=1.263ms     mgasps=0.000 triediffs=267.60KiB triedirty=0.00B
2	execution.log	execution_txs_field	2026-09-05T01:46:16.423170596Z	260	935782..2eae13		0		"INFO [09-05|01:46:16.422] Imported new potential chain segment     number=52 hash=935782..2eae13 blocks=1 txs=0 mgas=0.000 elapsed=""943.955µs"" mgasps=0.000 triediffs=271.93KiB triedirty=0.00B"
2	execution.log	execution_txs_field	2026-09-05T01:46:27.075108665Z	264	e2bafb..042e8d		0		INFO [09-05|01:46:27.074] Imported new potential chain segment     number=52 hash=e2bafb..042e8d blocks=1 txs=0 mgas=0.000 elapsed=1.073ms     mgasps=0.000 triediffs=276.42KiB triedirty=0.00B
2	execution.log	execution_txs_field	2026-09-05T01:46:36.784406105Z	268	d1c751..5bfd2e		0		INFO [09-05|01:46:36.783] Imported new potential chain segment     number=52 hash=d1c751..5bfd2e blocks=1 txs=0 mgas=0.000 elapsed=2.569ms     mgasps=0.000 triediffs=281.03KiB triedirty=0.00B
2	execution.log	execution_txs_field	2026-09-05T01:46:48.676067648Z	270	86157f..f26538		0		INFO [09-05|01:46:48.675] Imported new potential chain segment     number=53 hash=86157f..f26538 blocks=1 txs=0 mgas=0.000 elapsed=2.103ms     mgasps=0.000 triediffs=285.61KiB triedirty=0.00B
2	execution.log	execution_txs_field	2026-09-05T01:47:00.797012406Z	272	ccff6b..7ebef2		0		INFO [09-05|01:47:00.796] Imported new potential chain segment     number=54 hash=ccff6b..7ebef2 blocks=1 txs=0 mgas=0.000 elapsed=2.697ms     mgasps=0.000 triediffs=290.28KiB triedirty=0.00B
2	execution.log	execution_txs_field	2026-09-05T01:47:13.168259073Z	274	dbe549..2afec8		0		INFO [09-05|01:47:13.168] Imported new potential chain segment     number=55 hash=dbe549..2afec8 blocks=1 txs=0 mgas=0.000 elapsed=1.393ms     mgasps=0.000 triediffs=294.89KiB triedirty=0.00B
2	execution.log	execution_txs_field	2026-09-05T01:47:25.826796627Z	276	b9ed6b..5b1229		0		INFO [09-05|01:47:25.826] Imported new potential chain segment     number=56 hash=b9ed6b..5b1229 blocks=1 txs=0 mgas=0.000 elapsed=1.607ms     mgasps=0.000 triediffs=299.47KiB triedirty=0.00B
2	execution.log	execution_txs_field	2026-09-05T01:47:37.706442616Z	278	e20702..b03843		0		INFO [09-05|01:47:37.706] Imported new potential chain segment     number=57 hash=e20702..b03843 blocks=1 txs=0 mgas=0.000 elapsed=2.139ms     mgasps=0.000 triediffs=303.96KiB triedirty=0.00B
2	execution.log	execution_txs_field	2026-09-05T01:47:48.948094647Z	280	e60f3b..74a28a		0		INFO [09-05|01:47:48.947] Imported new potential chain segment     number=58 hash=e60f3b..74a28a blocks=1 txs=0 mgas=0.000 elapsed=1.067ms     mgasps=0.000 triediffs=308.66KiB triedirty=0.00B
2	execution.log	execution_txs_field	2026-09-05T01:48:01.061294022Z	282	0e467b..0f480b		0		INFO [09-05|01:48:01.061] Imported new potential chain segment     number=59 hash=0e467b..0f480b blocks=1 txs=0 mgas=0.000 elapsed=1.346ms     mgasps=0.000 triediffs=313.03KiB triedirty=0.00B
2	execution.log	execution_txs_field	2026-09-05T01:48:12.940847675Z	284	7bc9a7..9ef738		0		INFO [09-05|01:48:12.940] Imported new potential chain segment     number=60 hash=7bc9a7..9ef738 blocks=1 txs=0 mgas=0.000 elapsed=1.127ms     mgasps=0.000 triediffs=317.63KiB triedirty=0.00B
2	execution.log	execution_txs_field	2026-09-05T01:48:25.759396668Z	286	a2cbbc..08ffc8		0		INFO [09-05|01:48:25.757] Imported new potential chain segment     number=61 hash=a2cbbc..08ffc8 blocks=1 txs=0 mgas=0.000 elapsed=1.432ms     mgasps=0.000 triediffs=322.32KiB triedirty=0.00B
2	execution.log	execution_txs_field	2026-09-05T01:48:37.590959986Z	288	dbcf51..c00195		0		INFO [09-05|01:48:37.590] Imported new potential chain segment     number=62 hash=dbcf51..c00195 blocks=1 txs=0 mgas=0.000 elapsed=1.278ms     mgasps=0.000 triediffs=326.72KiB triedirty=0.00B
2	execution.log	execution_txs_field	2026-09-05T01:48:49.853125290Z	290	946a20..24eded		0		INFO [09-05|01:48:49.852] Imported new potential chain segment     number=63 hash=946a20..24eded blocks=1 txs=0 mgas=0.000 elapsed=1.238ms     mgasps=0.000 triediffs=331.80KiB triedirty=0.00B
2	execution.log	execution_txs_field	2026-09-05T01:49:00.821457148Z	292	131a9c..5ab3ec		0		INFO [09-05|01:49:00.821] Imported new potential chain segment     number=64 hash=131a9c..5ab3ec blocks=1 txs=0 mgas=0.000 elapsed=1.326ms     mgasps=0.000 triediffs=336.84KiB triedirty=0.00B
2	execution.log	execution_txs_field	2026-09-05T01:49:14.615696541Z	294	b15e60..8211bb		0		INFO [09-05|01:49:14.615] Imported new potential chain segment     number=65 hash=b15e60..8211bb blocks=1 txs=0 mgas=0.000 elapsed=1.041ms     mgasps=0.000 triediffs=341.40KiB triedirty=0.00B
2	execution.log	execution_txs_field	2026-09-05T01:49:28.207477127Z	296	ff9448..f29f33		0		INFO [09-05|01:49:28.207] Imported new potential chain segment     number=66 hash=ff9448..f29f33 blocks=1 txs=0 mgas=0.000 elapsed=1.253ms     mgasps=0.000 triediffs=346.28KiB triedirty=0.00B
2	execution.log	execution_txs_field	2026-09-05T01:49:37.336007696Z	300	db3c8e..6f96bc		0		INFO [09-05|01:49:37.335] Imported new potential chain segment     number=66 hash=db3c8e..6f96bc blocks=1 txs=0 mgas=0.000 elapsed=1.484ms     mgasps=0.000 triediffs=350.83KiB triedirty=0.00B
2	execution.log	execution_txs_field	2026-09-05T01:49:49.176884610Z	302	18ed4b..e5ed48		0		INFO [09-05|01:49:49.176] Imported new potential chain segment     number=67 hash=18ed4b..e5ed48 blocks=1 txs=0 mgas=0.000 elapsed=1.771ms     mgasps=0.000 triediffs=355.65KiB triedirty=0.00B
2	execution.log	execution_txs_field	2026-09-05T01:50:04.481492509Z	304	960c16..318018		0		INFO [09-05|01:50:04.481] Imported new potential chain segment     number=68 hash=960c16..318018 blocks=1 txs=0 mgas=0.000 elapsed=2.695ms     mgasps=0.000 triediffs=360.20KiB triedirty=0.00B
2	execution.log	execution_txs_field	2026-09-05T01:50:17.121067415Z	308	bf5ffd..88a9b4		0		INFO [09-05|01:50:17.120] Imported new potential chain segment     number=68 hash=bf5ffd..88a9b4 blocks=1 txs=0 mgas=0.000 elapsed=1.074ms     mgasps=0.000 triediffs=364.84KiB triedirty=0.00B
2	execution.log	execution_txs_field	2026-09-05T01:50:25.127528754Z	312	fbd155..aed3c2		0		INFO [09-05|01:50:25.127] Imported new potential chain segment     number=68 hash=fbd155..aed3c2 blocks=1 txs=0 mgas=0.000 elapsed=1.077ms     mgasps=0.000 triediffs=369.36KiB triedirty=0.00B
2	execution.log	execution_txs_field	2026-09-05T01:50:36.764459080Z	314	5af476..472169		0		INFO [09-05|01:50:36.764] Imported new potential chain segment     number=69 hash=5af476..472169 blocks=1 txs=0 mgas=0.000 elapsed=1.191ms     mgasps=0.000 triediffs=373.72KiB triedirty=0.00B
2	execution.log	execution_txs_field	2026-09-05T01:50:49.396856560Z	316	2ccbd5..74e10b		0		INFO [09-05|01:50:49.396] Imported new potential chain segment     number=70 hash=2ccbd5..74e10b blocks=1 txs=0 mgas=0.000 elapsed=1.514ms     mgasps=0.000 triediffs=378.46KiB triedirty=0.00B
2	execution.log	execution_txs_field	2026-09-05T01:51:03.971210926Z	318	dd3658..345fd9		0		INFO [09-05|01:51:03.971] Imported new potential chain segment     number=71 hash=dd3658..345fd9 blocks=1 txs=0 mgas=0.000 elapsed=1.255ms     mgasps=0.000 triediffs=383.13KiB triedirty=0.00B
2	execution.log	execution_txs_field	2026-09-05T01:51:13.126321423Z	322	323361..eea910		0		INFO [09-05|01:51:13.126] Imported new potential chain segment     number=71 hash=323361..eea910 blocks=1 txs=0 mgas=0.000 elapsed=3.534ms     mgasps=0.000 triediffs=387.32KiB triedirty=0.00B
2	execution.log	execution_txs_field	2026-09-05T01:51:25.481280949Z	324	931683..18733c		0		INFO [09-05|01:51:25.481] Imported new potential chain segment     number=72 hash=931683..18733c blocks=1 txs=0 mgas=0.000 elapsed=1.266ms     mgasps=0.000 triediffs=392.21KiB triedirty=0.00B
2	execution.log	execution_txs_field	2026-09-05T01:51:37.355202276Z	326	e7eb34..389c72		0		INFO [09-05|01:51:37.354] Imported new potential chain segment     number=73 hash=e7eb34..389c72 blocks=1 txs=0 mgas=0.000 elapsed=1.123ms     mgasps=0.000 triediffs=396.95KiB triedirty=0.00B
2	execution.log	execution_txs_field	2026-09-05T01:51:48.807406164Z	328	460535..2d9832		0		INFO [09-05|01:51:48.807] Imported new potential chain segment     number=74 hash=460535..2d9832 blocks=1 txs=0 mgas=0.000 elapsed=2.758ms     mgasps=0.000 triediffs=402.11KiB triedirty=0.00B
2	execution.log	execution_txs_field	2026-09-05T01:52:03.798515298Z	330	3d8b75..118040		0		INFO [09-05|01:52:03.798] Imported new potential chain segment     number=75 hash=3d8b75..118040 blocks=1 txs=0 mgas=0.000 elapsed=1.231ms     mgasps=0.000 triediffs=406.67KiB triedirty=0.00B
2	execution.log	execution_txs_field	2026-09-05T01:52:13.089918492Z	334	e2a896..c21a3b		0		INFO [09-05|01:52:13.089] Imported new potential chain segment     number=75 hash=e2a896..c21a3b blocks=1 txs=0 mgas=0.000 elapsed=1.221ms     mgasps=0.000 triediffs=411.41KiB triedirty=0.00B
2	execution.log	execution_txs_field	2026-09-05T01:52:25.202156909Z	336	52841d..f6cee3		0		INFO [09-05|01:52:25.201] Imported new potential chain segment     number=76 hash=52841d..f6cee3 blocks=1 txs=0 mgas=0.000 elapsed=1.027ms     mgasps=0.000 triediffs=415.86KiB triedirty=0.00B
2	execution.log	execution_txs_field	2026-09-05T01:52:40.044886161Z	338	d7945a..40c8b0		0		INFO [09-05|01:52:40.043] Imported new potential chain segment     number=77 hash=d7945a..40c8b0 blocks=1 txs=0 mgas=0.000 elapsed=5.469ms     mgasps=0.000 triediffs=420.72KiB triedirty=0.00B
2	execution.log	execution_txs_field	2026-09-05T01:52:49.556036781Z	342	6f602f..2b845a		0		INFO [09-05|01:52:49.555] Imported new potential chain segment     number=77 hash=6f602f..2b845a blocks=1 txs=0 mgas=0.000 elapsed=1.378ms     mgasps=0.000 triediffs=425.34KiB triedirty=0.00B
2	execution.log	execution_txs_field	2026-09-05T01:53:00.883933737Z	344	5c42bd..ba2fd8		0		INFO [09-05|01:53:00.883] Imported new potential chain segment     number=78 hash=5c42bd..ba2fd8 blocks=1 txs=0 mgas=0.000 elapsed=1.768ms     mgasps=0.000 triediffs=430.04KiB triedirty=0.00B
2	execution.log	execution_txs_field	2026-09-05T01:53:13.999890973Z	346	1c9360..c70589		0		INFO [09-05|01:53:13.999] Imported new potential chain segment     number=79 hash=1c9360..c70589 blocks=1 txs=0 mgas=0.000 elapsed=1.409ms     mgasps=0.000 triediffs=434.92KiB triedirty=0.00B
2	execution.log	execution_txs_field	2026-09-05T01:53:26.050418215Z	348	0227c0..5718a6		0		INFO [09-05|01:53:26.050] Imported new potential chain segment     number=80 hash=0227c0..5718a6 blocks=1 txs=0 mgas=0.000 elapsed=1.186ms     mgasps=0.000 triediffs=439.88KiB triedirty=0.00B
2	execution.log	execution_txs_field	2026-09-05T01:53:39.193324366Z	350	c9aba8..9e7eac		0		INFO [09-05|01:53:39.193] Imported new potential chain segment     number=81 hash=c9aba8..9e7eac blocks=1 txs=0 mgas=0.000 elapsed=1.149ms     mgasps=0.000 triediffs=444.52KiB triedirty=0.00B
2	execution.log	execution_txs_field	2026-09-05T01:53:51.237997248Z	354	5f5a54..c1a931		0		INFO [09-05|01:53:51.237] Imported new potential chain segment     number=81 hash=5f5a54..c1a931 blocks=1 txs=0 mgas=0.000 elapsed=1.286ms     mgasps=0.000 triediffs=449.62KiB triedirty=0.00B
2	execution.log	execution_txs_field	2026-09-05T01:54:01.060678775Z	358	3eae0c..fbe66f		0		INFO [09-05|01:54:01.060] Imported new potential chain segment     number=81 hash=3eae0c..fbe66f blocks=1 txs=0 mgas=0.000 elapsed=2.004ms     mgasps=0.000 triediffs=454.47KiB triedirty=0.00B
2	execution.log	execution_txs_field	2026-09-05T01:54:12.695267675Z	360	f9453c..b77e12		0		INFO [09-05|01:54:12.695] Imported new potential chain segment     number=82 hash=f9453c..b77e12 blocks=1 txs=0 mgas=0.000 elapsed=1.213ms     mgasps=0.000 triediffs=459.08KiB triedirty=0.00B
2	execution.log	execution_txs_field	2026-09-05T01:54:24.702926437Z	362	4f7379..614599		0		INFO [09-05|01:54:24.702] Imported new potential chain segment     number=83 hash=4f7379..614599 blocks=1 txs=0 mgas=0.000 elapsed=1.846ms     mgasps=0.000 triediffs=463.91KiB triedirty=0.00B
2	execution.log	execution_txs_field	2026-09-05T01:54:36.977859244Z	364	df1658..07b6ae		0		"INFO [09-05|01:54:36.977] Imported new potential chain segment     number=76 hash=df1658..07b6ae blocks=1 txs=0 mgas=0.000 elapsed=""830.929µs"" mgasps=0.000 triediffs=468.82KiB triedirty=0.00B"
2	execution.log	execution_txs_field	2026-09-05T01:54:49.118560366Z	365	522ef9..69614c		0		"INFO [09-05|01:54:49.118] Imported new potential chain segment     number=84 hash=522ef9..69614c blocks=1 txs=0 mgas=0.000 elapsed=""985.774µs"" mgasps=0.000 triediffs=473.46KiB triedirty=0.00B"
2	execution.log	execution_txs_field	2026-09-05T01:55:00.687087368Z	367	cb8824..7e85b0		0		INFO [09-05|01:55:00.686] Imported new potential chain segment     number=85 hash=cb8824..7e85b0 blocks=1 txs=0 mgas=0.000 elapsed=1.334ms     mgasps=0.000 triediffs=477.89KiB triedirty=0.00B
2	execution.log	execution_txs_field	2026-09-05T01:55:15.237972599Z	369	a22766..857829		0		INFO [09-05|01:55:15.237] Imported new potential chain segment     number=86 hash=a22766..857829 blocks=1 txs=0 mgas=0.000 elapsed=1.237ms     mgasps=0.000 triediffs=482.53KiB triedirty=0.00B
2	execution.log	execution_txs_field	2026-09-05T01:55:24.872887692Z	373	a87335..aaa8db		0		"INFO [09-05|01:55:24.872] Imported new potential chain segment     number=86 hash=a87335..aaa8db blocks=1 txs=0 mgas=0.000 elapsed=""889.512µs"" mgasps=0.000 triediffs=487.30KiB triedirty=0.00B"
2	execution.log	execution_txs_field	2026-09-05T01:55:37.233660450Z	375	f02f6d..9213e7		0		INFO [09-05|01:55:37.233] Imported new potential chain segment     number=87 hash=f02f6d..9213e7 blocks=1 txs=0 mgas=0.000 elapsed=1.403ms     mgasps=0.000 triediffs=492.08KiB triedirty=0.00B
2	execution.log	execution_txs_field	2026-09-05T01:59:01.516037477Z	380	ca51c5..0fa690		0		INFO [09-05|01:59:01.515] Imported new potential chain segment     number=81 hash=ca51c5..0fa690 blocks=1 txs=0 mgas=0.000 elapsed=1.389ms     mgasps=0.000 triediffs=497.00KiB triedirty=0.00B
2	execution.log	execution_txs_field	2026-09-05T02:00:27.024937090Z	382	324c17..161252		0		"INFO [09-05|02:00:27.024] Updated payload                          id=0x04e1fab5f70400b0 number=81 hash=324c17..161252 txs=0 withdrawals=0 gas=0 fees=0 root=bd35a4..02295d elapsed=""717.734µs"" balhash=0xecd57cbae3cac14c285cca1a3b974006e075cc66256f9b854b91507c8177ba10"
2	execution.log	execution_txs_field	2026-09-05T02:00:37.448642549Z	384	324c17..161252		0		INFO [09-05|02:00:37.448] Imported new potential chain segment     number=81 hash=324c17..161252 blocks=1 txs=0 mgas=0.000 elapsed=2.024ms     mgasps=0.000 triediffs=501.95KiB triedirty=0.00B
2	execution.log	execution_txs_field	2026-09-05T02:02:28.878105415Z	385	bb8c15..2fe9c8		0		INFO [09-05|02:02:28.877] Imported new potential chain segment     number=81 hash=bb8c15..2fe9c8 blocks=1 txs=0 mgas=0.000 elapsed=1.005ms     mgasps=0.000 triediffs=506.77KiB triedirty=0.00B
2	execution.log	execution_txs_field	2026-09-05T02:03:33.112004475Z	386	e095e4..37df18		0		INFO [09-05|02:03:33.111] Imported new potential chain segment     number=77 hash=e095e4..37df18 blocks=1 txs=0 mgas=0.000 elapsed=1.559ms     mgasps=0.000 triediffs=511.45KiB triedirty=0.00B
2	execution.log	execution_txs_field	2026-09-05T02:11:27.050876873Z	390	10947c..8e69c6		0		"INFO [09-05|02:11:27.050] Updated payload                          id=0x042f81c74765d6e8 number=81 hash=10947c..8e69c6 txs=0 withdrawals=0 gas=0 fees=0 root=15f09f..d262f4 elapsed=""865.73µs""  balhash=0xfac2ec0dd3ffec8475c2be9a4bb2f139b0069e507e945681bed27f9c2372b643"
2	execution.log	execution_txs_field	2026-09-05T02:11:38.243373619Z	392	10947c..8e69c6		0		INFO [09-05|02:11:38.242] Imported new potential chain segment     number=81 hash=10947c..8e69c6 blocks=1 txs=0 mgas=0.000 elapsed=2.539ms     mgasps=0.000 triediffs=516.09KiB triedirty=0.00B
151	execution.log	execution_txs_field	2026-09-05T01:33:12.849227871Z	98	df777d..b81ab8		0		INFO [09-05|01:33:12.848] Imported new potential chain segment     number=1 hash=df777d..b81ab8 blocks=1 txs=0 mgas=0.000 elapsed=1.912ms     mgasps=0.000 triediffs=4.98KiB triedirty=0.00B
151	execution.log	execution_txs_field	2026-09-05T01:33:14.226271035Z	100	0		0		"INFO [09-05|01:33:14.223] Indexed transactions                     blocks=2 txs=0 tail=0 elapsed=""70.859µs"""
151	execution.log	execution_txs_field	2026-09-05T01:33:22.532018251Z	103	03b953..dfd5d3		0		INFO [09-05|01:33:22.531] Imported new potential chain segment     number=1 hash=03b953..dfd5d3 blocks=1 txs=0 mgas=0.000 elapsed=1.068ms     mgasps=0.000 triediffs=9.95KiB triedirty=0.00B
151	execution.log	execution_txs_field	2026-09-05T01:33:34.146038557Z	110	43e25c..3958a4		0		INFO [09-05|01:33:34.145] Imported new potential chain segment     number=2 hash=43e25c..3958a4 blocks=1 txs=0 mgas=0.000 elapsed=1.219ms     mgasps=0.000 triediffs=12.97KiB triedirty=0.00B
151	execution.log	execution_txs_field	2026-09-05T01:33:53.505327367Z	118	be1dd5..e71f1f		0		INFO [09-05|01:33:53.505] Imported new potential chain segment     number=2 hash=be1dd5..e71f1f blocks=1 txs=0 mgas=0.000 elapsed=1.054ms     mgasps=0.000 triediffs=16.00KiB triedirty=0.00B
151	execution.log	execution_txs_field	2026-09-05T01:34:15.012720213Z	125	12535e..3f7ac3		0		INFO [09-05|01:34:15.012] Imported new potential chain segment     number=2 hash=12535e..3f7ac3 blocks=1 txs=0 mgas=0.000 elapsed=1.075ms     mgasps=0.000 triediffs=19.11KiB triedirty=0.00B
151	execution.log	execution_txs_field	2026-09-05T01:34:17.714021881Z	127	d94ef5..6f32c4		0		INFO [09-05|01:34:17.713] Imported new potential chain segment     number=2 hash=d94ef5..6f32c4 blocks=1 txs=0 mgas=0.000 elapsed=1.102ms     mgasps=0.000 triediffs=22.31KiB triedirty=0.00B
151	execution.log	execution_txs_field	2026-09-05T01:34:25.763134397Z	131	7c666c..ac393c		0		INFO [09-05|01:34:25.762] Imported new potential chain segment     number=3 hash=7c666c..ac393c blocks=1 txs=0 mgas=0.000 elapsed=4.872ms     mgasps=0.000 triediffs=25.41KiB triedirty=0.00B
151	execution.log	execution_txs_field	2026-09-05T01:34:37.318278641Z	134	31cfcb..e9a663		0		"INFO [09-05|01:34:37.316] Imported new potential chain segment     number=4 hash=31cfcb..e9a663 blocks=1 txs=0 mgas=0.000 elapsed=""956.128µs"" mgasps=0.000 triediffs=28.46KiB triedirty=0.00B"
151	execution.log	execution_txs_field	2026-09-05T01:34:49.294259728Z	137	a218f6..5735a0		0		INFO [09-05|01:34:49.292] Imported new potential chain segment     number=5 hash=a218f6..5735a0 blocks=1 txs=0 mgas=0.000 elapsed=1.772ms     mgasps=0.000 triediffs=31.76KiB triedirty=0.00B
151	execution.log	execution_txs_field	2026-09-05T01:35:01.166379570Z	140	eb892e..fdc12b		0		INFO [09-05|01:35:01.163] Imported new potential chain segment     number=6 hash=eb892e..fdc12b blocks=1 txs=0 mgas=0.000 elapsed=1.323ms     mgasps=0.000 triediffs=35.27KiB triedirty=0.00B
151	execution.log	execution_txs_field	2026-09-05T01:35:13.817278409Z	143	ece62d..ee5d91		0		INFO [09-05|01:35:13.817] Imported new potential chain segment     number=7 hash=ece62d..ee5d91 blocks=1 txs=0 mgas=0.000 elapsed=1.263ms     mgasps=0.000 triediffs=38.77KiB triedirty=0.00B
151	execution.log	execution_txs_field	2026-09-05T01:35:25.506235858Z	146	552199..08f719		0		INFO [09-05|01:35:25.504] Imported new potential chain segment     number=8 hash=552199..08f719 blocks=1 txs=0 mgas=0.000 elapsed=1.612ms     mgasps=0.000 triediffs=42.04KiB triedirty=0.00B
151	execution.log	execution_txs_field	2026-09-05T01:35:37.130512248Z	149	78f969..73f77c		0		INFO [09-05|01:35:37.128] Imported new potential chain segment     number=9 hash=78f969..73f77c blocks=1 txs=0 mgas=0.000 elapsed=1.429ms     mgasps=0.000 triediffs=45.59KiB triedirty=0.00B
151	execution.log	execution_txs_field	2026-09-05T01:35:49.298458635Z	152	cc3a08..e39338		0		INFO [09-05|01:35:49.298] Imported new potential chain segment     number=10 hash=cc3a08..e39338 blocks=1 txs=0 mgas=0.000 elapsed=1.326ms     mgasps=0.000 triediffs=49.55KiB triedirty=0.00B
151	execution.log	execution_txs_field	2026-09-05T01:36:01.904223850Z	155	bd177e..8cddc5		0		INFO [09-05|01:36:01.901] Imported new potential chain segment     number=11 hash=bd177e..8cddc5 blocks=1 txs=0 mgas=0.000 elapsed=1.803ms     mgasps=0.000 triediffs=53.38KiB triedirty=0.00B
151	execution.log	execution_txs_field	2026-09-05T01:36:13.742657570Z	158	648514..5065ea		0		INFO [09-05|01:36:13.742] Imported new potential chain segment     number=12 hash=648514..5065ea blocks=1 txs=0 mgas=0.000 elapsed=1.508ms     mgasps=0.000 triediffs=57.16KiB triedirty=0.00B
151	execution.log	execution_txs_field	2026-09-05T01:36:26.952248645Z	161	cfcbf4..ebf7fc		0		"INFO [09-05|01:36:26.952] Imported new potential chain segment     number=13 hash=cfcbf4..ebf7fc blocks=1 txs=0 mgas=0.000 elapsed=""943.587µs"" mgasps=0.000 triediffs=61.05KiB triedirty=0.00B"
151	execution.log	execution_txs_field	2026-09-05T01:36:40.322739883Z	163	b8f457..a124e9		0		"INFO [09-05|01:36:40.322] Imported new potential chain segment     number=14 hash=b8f457..a124e9 blocks=1 txs=0 mgas=0.000 elapsed=""943.161µs"" mgasps=0.000 triediffs=64.90KiB triedirty=0.00B"
151	execution.log	execution_txs_field	2026-09-05T01:36:52.686326695Z	165	616503..e2f7fa		0		"INFO [09-05|01:36:52.686] Imported new potential chain segment     number=15 hash=616503..e2f7fa blocks=1 txs=0 mgas=0.000 elapsed=""857.354µs"" mgasps=0.000 triediffs=69.00KiB triedirty=0.00B"
151	execution.log	execution_txs_field	2026-09-05T01:37:02.860239447Z	169	b10c6c..5decba		0		INFO [09-05|01:37:02.860] Imported new potential chain segment     number=15 hash=b10c6c..5decba blocks=1 txs=0 mgas=0.000 elapsed=1.018ms     mgasps=0.000 triediffs=72.95KiB triedirty=0.00B
151	execution.log	execution_txs_field	2026-09-05T01:37:13.884444651Z	171	246b5e..e50bd4		0		INFO [09-05|01:37:13.883] Imported new potential chain segment     number=16 hash=246b5e..e50bd4 blocks=1 txs=0 mgas=0.000 elapsed=1.427ms     mgasps=0.000 triediffs=77.08KiB triedirty=0.00B
151	execution.log	execution_txs_field	2026-09-05T01:37:26.500327732Z	173	925d53..721761		0		"INFO [09-05|01:37:26.499] Imported new potential chain segment     number=17 hash=925d53..721761 blocks=1 txs=0 mgas=0.000 elapsed=""993.291µs"" mgasps=0.000 triediffs=80.99KiB triedirty=0.00B"
151	execution.log	execution_txs_field	2026-09-05T01:37:37.516678120Z	175	16fc2b..cc2f65		0		INFO [09-05|01:37:37.515] Imported new potential chain segment     number=18 hash=16fc2b..cc2f65 blocks=1 txs=0 mgas=0.000 elapsed=1.078ms     mgasps=0.000 triediffs=85.08KiB triedirty=0.00B
151	execution.log	execution_txs_field	2026-09-05T01:37:51.747551863Z	177	9f6ee5..ccef82		0		INFO [09-05|01:37:51.747] Imported new potential chain segment     number=19 hash=9f6ee5..ccef82 blocks=1 txs=0 mgas=0.000 elapsed=1.050ms     mgasps=0.000 triediffs=89.32KiB triedirty=0.00B
151	execution.log	execution_txs_field	2026-09-05T01:38:02.434566542Z	181	5ceb99..15391c		0		INFO [09-05|01:38:02.434] Imported new potential chain segment     number=19 hash=5ceb99..15391c blocks=1 txs=0 mgas=0.000 elapsed=1.292ms     mgasps=0.000 triediffs=93.62KiB triedirty=0.00B
151	execution.log	execution_txs_field	2026-09-05T01:38:14.550043200Z	183	e320f5..03e2af		0		INFO [09-05|01:38:14.549] Imported new potential chain segment     number=20 hash=e320f5..03e2af blocks=1 txs=0 mgas=0.000 elapsed=1.127ms     mgasps=0.000 triediffs=97.78KiB triedirty=0.00B
151	execution.log	execution_txs_field	2026-09-05T01:38:26.300613344Z	185	73eef2..ff2225		0		INFO [09-05|01:38:26.300] Imported new potential chain segment     number=21 hash=73eef2..ff2225 blocks=1 txs=0 mgas=0.000 elapsed=1.339ms     mgasps=0.000 triediffs=101.83KiB triedirty=0.00B
151	execution.log	execution_txs_field	2026-09-05T01:38:37.592131469Z	187	d98a1d..14bd7f		0		INFO [09-05|01:38:37.591] Imported new potential chain segment     number=22 hash=d98a1d..14bd7f blocks=1 txs=0 mgas=0.000 elapsed=1.151ms     mgasps=0.000 triediffs=106.18KiB triedirty=0.00B
151	execution.log	execution_txs_field	2026-09-05T01:38:50.782735139Z	189	4c5ec4..60f78c		0		INFO [09-05|01:38:50.781] Imported new potential chain segment     number=23 hash=4c5ec4..60f78c blocks=1 txs=0 mgas=0.000 elapsed=3.548ms     mgasps=0.000 triediffs=110.25KiB triedirty=0.00B
151	execution.log	execution_txs_field	2026-09-05T01:39:03.859476435Z	191	04f434..98d5ca		0		INFO [09-05|01:39:03.859] Imported new potential chain segment     number=24 hash=04f434..98d5ca blocks=1 txs=0 mgas=0.000 elapsed=1.144ms     mgasps=0.000 triediffs=114.63KiB triedirty=0.00B
151	execution.log	execution_txs_field	2026-09-05T01:39:16.432155615Z	195	414201..367880		0		INFO [09-05|01:39:16.431] Imported new potential chain segment     number=24 hash=414201..367880 blocks=1 txs=0 mgas=0.000 elapsed=1.528ms     mgasps=0.000 triediffs=119.06KiB triedirty=0.00B
151	execution.log	execution_txs_field	2026-09-05T01:39:25.833655564Z	197	2f944d..a5d707		0		INFO [09-05|01:39:25.833] Imported new potential chain segment     number=25 hash=2f944d..a5d707 blocks=1 txs=0 mgas=0.000 elapsed=1.271ms     mgasps=0.000 triediffs=123.38KiB triedirty=0.00B
151	execution.log	execution_txs_field	2026-09-05T01:39:38.056689783Z	199	55c261..7e2e95		0		INFO [09-05|01:39:38.056] Imported new potential chain segment     number=26 hash=55c261..7e2e95 blocks=1 txs=0 mgas=0.000 elapsed=1.308ms     mgasps=0.000 triediffs=127.57KiB triedirty=0.00B
151	execution.log	execution_txs_field	2026-09-05T01:39:49.364544149Z	201	4e2cbf..903cd8		0		INFO [09-05|01:39:49.363] Imported new potential chain segment     number=27 hash=4e2cbf..903cd8 blocks=1 txs=0 mgas=0.000 elapsed=1.399ms     mgasps=0.000 triediffs=131.73KiB triedirty=0.00B
151	execution.log	execution_txs_field	2026-09-05T01:40:03.975915757Z	203	d7a89c..6c2361		0		INFO [09-05|01:40:03.975] Imported new potential chain segment     number=28 hash=d7a89c..6c2361 blocks=1 txs=0 mgas=0.000 elapsed=1.163ms     mgasps=0.000 triediffs=135.91KiB triedirty=0.00B
151	execution.log	execution_txs_field	2026-09-05T01:40:14.176783822Z	205	3f042a..174852		0		INFO [09-05|01:40:14.176] Imported new potential chain segment     number=29 hash=3f042a..174852 blocks=1 txs=0 mgas=0.000 elapsed=1.596ms     mgasps=0.000 triediffs=140.21KiB triedirty=0.00B
151	execution.log	execution_txs_field	2026-09-05T01:40:26.252467776Z	209	881f01..1243dc		0		INFO [09-05|01:40:26.252] Imported new potential chain segment     number=29 hash=881f01..1243dc blocks=1 txs=0 mgas=0.000 elapsed=1.229ms     mgasps=0.000 triediffs=144.51KiB triedirty=0.00B
151	execution.log	execution_txs_field	2026-09-05T01:40:38.739318564Z	211	9f7655..5e954d		0		INFO [09-05|01:40:38.739] Imported new potential chain segment     number=30 hash=9f7655..5e954d blocks=1 txs=0 mgas=0.000 elapsed=1.087ms     mgasps=0.000 triediffs=148.63KiB triedirty=0.00B
151	execution.log	execution_txs_field	2026-09-05T01:40:50.403352594Z	213	f995d4..9e7a4b		0		INFO [09-05|01:40:50.403] Imported new potential chain segment     number=31 hash=f995d4..9e7a4b blocks=1 txs=0 mgas=0.000 elapsed=1.261ms     mgasps=0.000 triediffs=152.91KiB triedirty=0.00B
151	execution.log	execution_txs_field	2026-09-05T01:41:02.738998883Z	215	245f92..ed5dbe		0		INFO [09-05|01:41:02.738] Imported new potential chain segment     number=32 hash=245f92..ed5dbe blocks=1 txs=0 mgas=0.000 elapsed=1.207ms     mgasps=0.000 triediffs=157.23KiB triedirty=0.00B
151	execution.log	execution_txs_field	2026-09-05T01:41:15.049166369Z	217	ab4db7..618b72		0		INFO [09-05|01:41:15.048] Imported new potential chain segment     number=33 hash=ab4db7..618b72 blocks=1 txs=0 mgas=0.000 elapsed=1.488ms     mgasps=0.000 triediffs=161.44KiB triedirty=0.00B
151	execution.log	execution_txs_field	2026-09-05T01:41:26.719376959Z	219	d706a2..750bf5		0		"INFO [09-05|01:41:26.719] Imported new potential chain segment     number=34 hash=d706a2..750bf5 blocks=1 txs=0 mgas=0.000 elapsed=""975.285µs"" mgasps=0.000 triediffs=166.04KiB triedirty=0.00B"
151	execution.log	execution_txs_field	2026-09-05T01:41:38.365464395Z	221	25f757..da2f35		0		INFO [09-05|01:41:38.364] Imported new potential chain segment     number=35 hash=25f757..da2f35 blocks=1 txs=0 mgas=0.000 elapsed=1.064ms     mgasps=0.000 triediffs=170.49KiB triedirty=0.00B
151	execution.log	execution_txs_field	2026-09-05T01:41:51.131721392Z	223	80c043..4ace9b		0		"INFO [09-05|01:41:51.131] Imported new potential chain segment     number=36 hash=80c043..4ace9b blocks=1 txs=0 mgas=0.000 elapsed=""914.452µs"" mgasps=0.000 triediffs=174.88KiB triedirty=0.00B"
151	execution.log	execution_txs_field	2026-09-05T01:42:02.667092781Z	225	2df177..76a742		0		INFO [09-05|01:42:02.666] Imported new potential chain segment     number=37 hash=2df177..76a742 blocks=1 txs=0 mgas=0.000 elapsed=1.200ms     mgasps=0.000 triediffs=179.54KiB triedirty=0.00B
151	execution.log	execution_txs_field	2026-09-05T01:42:15.078813541Z	227	9cc50b..285ce8		0		INFO [09-05|01:42:15.078] Imported new potential chain segment     number=38 hash=9cc50b..285ce8 blocks=1 txs=0 mgas=0.000 elapsed=1.103ms     mgasps=0.000 triediffs=183.85KiB triedirty=0.00B
151	execution.log	execution_txs_field	2026-09-05T01:42:27.523120405Z	229	33cbd1..f54aeb		0		INFO [09-05|01:42:27.522] Imported new potential chain segment     number=39 hash=33cbd1..f54aeb blocks=1 txs=0 mgas=0.000 elapsed=1.100ms     mgasps=0.000 triediffs=188.15KiB triedirty=0.00B
151	execution.log	execution_txs_field	2026-09-05T01:42:40.430220938Z	231	0a005e..8d6710		0		"INFO [09-05|01:42:40.430] Imported new potential chain segment     number=40 hash=0a005e..8d6710 blocks=1 txs=0 mgas=0.000 elapsed=""923.15µs""  mgasps=0.000 triediffs=192.49KiB triedirty=0.00B"
151	execution.log	execution_txs_field	2026-09-05T01:42:51.077796113Z	233	b7e340..5807cf		0		INFO [09-05|01:42:51.077] Imported new potential chain segment     number=41 hash=b7e340..5807cf blocks=1 txs=0 mgas=0.000 elapsed=5.810ms     mgasps=0.000 triediffs=196.62KiB triedirty=0.00B
151	execution.log	execution_txs_field	2026-09-05T01:43:04.368863069Z	235	6b770d..6c9b9b		0		INFO [09-05|01:43:04.368] Imported new potential chain segment     number=42 hash=6b770d..6c9b9b blocks=1 txs=0 mgas=0.000 elapsed=1.347ms     mgasps=0.000 triediffs=200.95KiB triedirty=0.00B
151	execution.log	execution_txs_field	2026-09-05T01:43:15.043436559Z	239	13caf6..fac097		0		INFO [09-05|01:43:15.043] Imported new potential chain segment     number=42 hash=13caf6..fac097 blocks=1 txs=0 mgas=0.000 elapsed=1.378ms     mgasps=0.000 triediffs=205.34KiB triedirty=0.00B
151	execution.log	execution_txs_field	2026-09-05T01:43:26.730215601Z	241	9329e7..78b0f7		0		INFO [09-05|01:43:26.729] Imported new potential chain segment     number=43 hash=9329e7..78b0f7 blocks=1 txs=0 mgas=0.000 elapsed=1.036ms     mgasps=0.000 triediffs=209.67KiB triedirty=0.00B
151	execution.log	execution_txs_field	2026-09-05T01:43:44.411404973Z	243	a68a7f..957f92		0		"INFO [09-05|01:43:44.411] Imported new potential chain segment     number=44 hash=a68a7f..957f92 blocks=1 txs=0 mgas=0.000 elapsed=""804.405µs"" mgasps=0.000 triediffs=214.10KiB triedirty=0.00B"
151	execution.log	execution_txs_field	2026-09-05T01:43:51.110857594Z	247	a83ef3..7225e7		0		INFO [09-05|01:43:51.110] Imported new potential chain segment     number=44 hash=a83ef3..7225e7 blocks=1 txs=0 mgas=0.000 elapsed=1.137ms     mgasps=0.000 triediffs=218.60KiB triedirty=0.00B
151	execution.log	execution_txs_field	2026-09-05T01:44:05.498220142Z	249	08d472..c06948		0		"INFO [09-05|01:44:05.498] Imported new potential chain segment     number=45 hash=08d472..c06948 blocks=1 txs=0 mgas=0.000 elapsed=""873.434µs"" mgasps=0.000 triediffs=223.24KiB triedirty=0.00B"
151	execution.log	execution_txs_field	2026-09-05T01:44:15.382308718Z	253	da1c1b..7bffb9		0		INFO [09-05|01:44:15.382] Imported new potential chain segment     number=45 hash=da1c1b..7bffb9 blocks=1 txs=0 mgas=0.000 elapsed=1.795ms     mgasps=0.000 triediffs=227.75KiB triedirty=0.00B
151	execution.log	execution_txs_field	2026-09-05T01:44:26.062786634Z	255	b63315..308147		0		INFO [09-05|01:44:26.062] Imported new potential chain segment     number=46 hash=b63315..308147 blocks=1 txs=0 mgas=0.000 elapsed=1.241ms     mgasps=0.000 triediffs=232.02KiB triedirty=0.00B
151	execution.log	execution_txs_field	2026-09-05T01:44:37.786992362Z	257	4ba57f..ac60f8		0		INFO [09-05|01:44:37.786] Imported new potential chain segment     number=47 hash=4ba57f..ac60f8 blocks=1 txs=0 mgas=0.000 elapsed=3.384ms     mgasps=0.000 triediffs=236.47KiB triedirty=0.00B
151	execution.log	execution_txs_field	2026-09-05T01:44:54.528179970Z	259	ee30f8..65d871		0		INFO [09-05|01:44:54.527] Imported new potential chain segment     number=48 hash=ee30f8..65d871 blocks=1 txs=0 mgas=0.000 elapsed=1.195ms     mgasps=0.000 triediffs=240.93KiB triedirty=0.00B
151	execution.log	execution_txs_field	2026-09-05T01:45:05.027295215Z	263	191311..0fc02e		0		INFO [09-05|01:45:05.027] Imported new potential chain segment     number=48 hash=191311..0fc02e blocks=1 txs=0 mgas=0.000 elapsed=1.033ms     mgasps=0.000 triediffs=245.29KiB triedirty=0.00B
151	execution.log	execution_txs_field	2026-09-05T01:45:14.099366556Z	267	a1ee4b..334727		0		INFO [09-05|01:45:14.099] Imported new potential chain segment     number=48 hash=a1ee4b..334727 blocks=1 txs=0 mgas=0.000 elapsed=4.778ms     mgasps=0.000 triediffs=249.47KiB triedirty=0.00B
151	execution.log	execution_txs_field	2026-09-05T01:45:25.356414692Z	269	673f5c..1783c1		0		INFO [09-05|01:45:25.356] Imported new potential chain segment     number=49 hash=673f5c..1783c1 blocks=1 txs=0 mgas=0.000 elapsed=1.395ms     mgasps=0.000 triediffs=253.86KiB triedirty=0.00B
151	execution.log	execution_txs_field	2026-09-05T01:45:40.825914831Z	271	e78411..02dd7f		0		"INFO [09-05|01:45:40.825] Imported new potential chain segment     number=50 hash=e78411..02dd7f blocks=1 txs=0 mgas=0.000 elapsed=""912.266µs"" mgasps=0.000 triediffs=258.35KiB triedirty=0.00B"
151	execution.log	execution_txs_field	2026-09-05T01:45:49.778038773Z	275	a41b5c..be6384		0		INFO [09-05|01:45:49.777] Imported new potential chain segment     number=50 hash=a41b5c..be6384 blocks=1 txs=0 mgas=0.000 elapsed=4.375ms     mgasps=0.000 triediffs=262.80KiB triedirty=0.00B
151	execution.log	execution_txs_field	2026-09-05T01:46:02.036401664Z	277	97e5c0..cee620		0		INFO [09-05|01:46:02.035] Imported new potential chain segment     number=51 hash=97e5c0..cee620 blocks=1 txs=0 mgas=0.000 elapsed=1.641ms     mgasps=0.000 triediffs=267.60KiB triedirty=0.00B
151	execution.log	execution_txs_field	2026-09-05T01:46:16.488959609Z	279	935782..2eae13		0		"INFO [09-05|01:46:16.488] Imported new potential chain segment     number=52 hash=935782..2eae13 blocks=1 txs=0 mgas=0.000 elapsed=""995.767µs"" mgasps=0.000 triediffs=271.93KiB triedirty=0.00B"
151	execution.log	execution_txs_field	2026-09-05T01:46:26.999354574Z	283	e2bafb..042e8d		0		INFO [09-05|01:46:26.999] Imported new potential chain segment     number=52 hash=e2bafb..042e8d blocks=1 txs=0 mgas=0.000 elapsed=1.056ms     mgasps=0.000 triediffs=276.42KiB triedirty=0.00B
151	execution.log	execution_txs_field	2026-09-05T01:46:37.044307230Z	287	d1c751..5bfd2e		0		INFO [09-05|01:46:37.044] Imported new potential chain segment     number=52 hash=d1c751..5bfd2e blocks=1 txs=0 mgas=0.000 elapsed=3.543ms     mgasps=0.000 triediffs=281.03KiB triedirty=0.00B
151	execution.log	execution_txs_field	2026-09-05T01:46:49.077040976Z	289	86157f..f26538		0		INFO [09-05|01:46:49.075] Imported new potential chain segment     number=53 hash=86157f..f26538 blocks=1 txs=0 mgas=0.000 elapsed=1.480ms     mgasps=0.000 triediffs=285.61KiB triedirty=0.00B
151	execution.log	execution_txs_field	2026-09-05T01:47:01.121473016Z	291	ccff6b..7ebef2		0		INFO [09-05|01:47:01.117] Imported new potential chain segment     number=54 hash=ccff6b..7ebef2 blocks=1 txs=0 mgas=0.000 elapsed=1.266ms     mgasps=0.000 triediffs=290.28KiB triedirty=0.00B
151	execution.log	execution_txs_field	2026-09-05T01:47:13.412408378Z	293	dbe549..2afec8		0		INFO [09-05|01:47:13.411] Imported new potential chain segment     number=55 hash=dbe549..2afec8 blocks=1 txs=0 mgas=0.000 elapsed=1.071ms     mgasps=0.000 triediffs=294.89KiB triedirty=0.00B
151	execution.log	execution_txs_field	2026-09-05T01:47:25.929064154Z	295	b9ed6b..5b1229		0		INFO [09-05|01:47:25.928] Imported new potential chain segment     number=56 hash=b9ed6b..5b1229 blocks=1 txs=0 mgas=0.000 elapsed=1.098ms     mgasps=0.000 triediffs=299.47KiB triedirty=0.00B
151	execution.log	execution_txs_field	2026-09-05T01:47:37.796817717Z	297	e20702..b03843		0		INFO [09-05|01:47:37.796] Imported new potential chain segment     number=57 hash=e20702..b03843 blocks=1 txs=0 mgas=0.000 elapsed=1.337ms     mgasps=0.000 triediffs=303.96KiB triedirty=0.00B
151	execution.log	execution_txs_field	2026-09-05T01:47:49.191934436Z	299	e60f3b..74a28a		0		INFO [09-05|01:47:49.183] Imported new potential chain segment     number=58 hash=e60f3b..74a28a blocks=1 txs=0 mgas=0.000 elapsed=2.173ms     mgasps=0.000 triediffs=308.66KiB triedirty=0.00B
151	execution.log	execution_txs_field	2026-09-05T01:48:02.133282421Z	301	0e467b..0f480b		0		INFO [09-05|01:48:02.133] Imported new potential chain segment     number=59 hash=0e467b..0f480b blocks=1 txs=0 mgas=0.000 elapsed=1.582ms     mgasps=0.000 triediffs=313.03KiB triedirty=0.00B
151	execution.log	execution_txs_field	2026-09-05T01:48:13.118331259Z	303	7bc9a7..9ef738		0		INFO [09-05|01:48:13.116] Imported new potential chain segment     number=60 hash=7bc9a7..9ef738 blocks=1 txs=0 mgas=0.000 elapsed=1.413ms     mgasps=0.000 triediffs=317.63KiB triedirty=0.00B
151	execution.log	execution_txs_field	2026-09-05T01:48:26.430578993Z	305	a2cbbc..08ffc8		0		INFO [09-05|01:48:26.430] Imported new potential chain segment     number=61 hash=a2cbbc..08ffc8 blocks=1 txs=0 mgas=0.000 elapsed=1.335ms     mgasps=0.000 triediffs=322.32KiB triedirty=0.00B
151	execution.log	execution_txs_field	2026-09-05T01:48:37.604852501Z	307	dbcf51..c00195		0		INFO [09-05|01:48:37.604] Imported new potential chain segment     number=62 hash=dbcf51..c00195 blocks=1 txs=0 mgas=0.000 elapsed=1.555ms     mgasps=0.000 triediffs=326.72KiB triedirty=0.00B
151	execution.log	execution_txs_field	2026-09-05T01:48:50.385757777Z	309	946a20..24eded		0		INFO [09-05|01:48:50.385] Imported new potential chain segment     number=63 hash=946a20..24eded blocks=1 txs=0 mgas=0.000 elapsed=1.932ms     mgasps=0.000 triediffs=331.80KiB triedirty=0.00B
151	execution.log	execution_txs_field	2026-09-05T01:49:01.042992574Z	311	131a9c..5ab3ec		0		INFO [09-05|01:49:01.042] Imported new potential chain segment     number=64 hash=131a9c..5ab3ec blocks=1 txs=0 mgas=0.000 elapsed=3.182ms     mgasps=0.000 triediffs=336.84KiB triedirty=0.00B
151	execution.log	execution_txs_field	2026-09-05T01:49:14.884561397Z	313	b15e60..8211bb		0		INFO [09-05|01:49:14.884] Imported new potential chain segment     number=65 hash=b15e60..8211bb blocks=1 txs=0 mgas=0.000 elapsed=1.394ms     mgasps=0.000 triediffs=341.40KiB triedirty=0.00B
151	execution.log	execution_txs_field	2026-09-05T01:49:28.342976801Z	315	ff9448..f29f33		0		INFO [09-05|01:49:28.342] Imported new potential chain segment     number=66 hash=ff9448..f29f33 blocks=1 txs=0 mgas=0.000 elapsed=1.228ms     mgasps=0.000 triediffs=346.28KiB triedirty=0.00B
151	execution.log	execution_txs_field	2026-09-05T01:49:37.640524480Z	319	db3c8e..6f96bc		0		INFO [09-05|01:49:37.640] Imported new potential chain segment     number=66 hash=db3c8e..6f96bc blocks=1 txs=0 mgas=0.000 elapsed=1.077ms     mgasps=0.000 triediffs=350.83KiB triedirty=0.00B
151	execution.log	execution_txs_field	2026-09-05T01:49:37.720864461Z	322	18ed4b..e5ed48		0		"INFO [09-05|01:49:37.710] Updated payload                          id=0x04d11f8ff92be23a number=67 hash=18ed4b..e5ed48 txs=0 withdrawals=0 gas=0 fees=0 root=94aff5..c78afc elapsed=""733.689µs"" balhash=0xf0f73bd0a9a6b9c1ffcb42fa6dfca89b0835945bd15563d8b11177a640928c6c"
151	execution.log	execution_txs_field	2026-09-05T01:49:49.010015572Z	324	18ed4b..e5ed48		0		INFO [09-05|01:49:49.009] Imported new potential chain segment     number=67 hash=18ed4b..e5ed48 blocks=1 txs=0 mgas=0.000 elapsed=1.440ms     mgasps=0.000 triediffs=355.65KiB triedirty=0.00B
151	execution.log	execution_txs_field	2026-09-05T01:50:04.664629760Z	326	960c16..318018		0		INFO [09-05|01:50:04.664] Imported new potential chain segment     number=68 hash=960c16..318018 blocks=1 txs=0 mgas=0.000 elapsed=1.230ms     mgasps=0.000 triediffs=360.20KiB triedirty=0.00B
151	execution.log	execution_txs_field	2026-09-05T01:50:17.137415683Z	330	bf5ffd..88a9b4		0		INFO [09-05|01:50:17.137] Imported new potential chain segment     number=68 hash=bf5ffd..88a9b4 blocks=1 txs=0 mgas=0.000 elapsed=1.335ms     mgasps=0.000 triediffs=364.84KiB triedirty=0.00B
151	execution.log	execution_txs_field	2026-09-05T01:50:25.864565169Z	334	fbd155..aed3c2		0		INFO [09-05|01:50:25.864] Imported new potential chain segment     number=68 hash=fbd155..aed3c2 blocks=1 txs=0 mgas=0.000 elapsed=1.526ms     mgasps=0.000 triediffs=369.36KiB triedirty=0.00B
151	execution.log	execution_txs_field	2026-09-05T01:50:37.273912539Z	336	5af476..472169		0		INFO [09-05|01:50:37.273] Imported new potential chain segment     number=69 hash=5af476..472169 blocks=1 txs=0 mgas=0.000 elapsed=1.394ms     mgasps=0.000 triediffs=373.72KiB triedirty=0.00B
151	execution.log	execution_txs_field	2026-09-05T01:50:49.441422861Z	338	2ccbd5..74e10b		0		INFO [09-05|01:50:49.440] Imported new potential chain segment     number=70 hash=2ccbd5..74e10b blocks=1 txs=0 mgas=0.000 elapsed=1.820ms     mgasps=0.000 triediffs=378.46KiB triedirty=0.00B
151	execution.log	execution_txs_field	2026-09-05T01:51:04.066131184Z	340	dd3658..345fd9		0		INFO [09-05|01:51:04.065] Imported new potential chain segment     number=71 hash=dd3658..345fd9 blocks=1 txs=0 mgas=0.000 elapsed=1.262ms     mgasps=0.000 triediffs=383.13KiB triedirty=0.00B
151	execution.log	execution_txs_field	2026-09-05T01:51:13.568004072Z	344	323361..eea910		0		INFO [09-05|01:51:13.567] Imported new potential chain segment     number=71 hash=323361..eea910 blocks=1 txs=0 mgas=0.000 elapsed=1.765ms     mgasps=0.000 triediffs=387.32KiB triedirty=0.00B
151	execution.log	execution_txs_field	2026-09-05T01:51:25.544248496Z	346	931683..18733c		0		INFO [09-05|01:51:25.544] Imported new potential chain segment     number=72 hash=931683..18733c blocks=1 txs=0 mgas=0.000 elapsed=1.437ms     mgasps=0.000 triediffs=392.21KiB triedirty=0.00B
151	execution.log	execution_txs_field	2026-09-05T01:51:37.932966105Z	348	e7eb34..389c72		0		INFO [09-05|01:51:37.932] Imported new potential chain segment     number=73 hash=e7eb34..389c72 blocks=1 txs=0 mgas=0.000 elapsed=1.037ms     mgasps=0.000 triediffs=396.95KiB triedirty=0.00B
151	execution.log	execution_txs_field	2026-09-05T01:51:52.248331242Z	350	460535..2d9832		0		INFO [09-05|01:51:52.248] Imported new potential chain segment     number=74 hash=460535..2d9832 blocks=1 txs=0 mgas=0.000 elapsed=1.263ms     mgasps=0.000 triediffs=402.11KiB triedirty=0.00B
151	execution.log	execution_txs_field	2026-09-05T01:52:03.783253934Z	352	3d8b75..118040		0		INFO [09-05|01:52:03.782] Imported new potential chain segment     number=75 hash=3d8b75..118040 blocks=1 txs=0 mgas=0.000 elapsed=2.178ms     mgasps=0.000 triediffs=406.67KiB triedirty=0.00B
151	execution.log	execution_txs_field	2026-09-05T01:52:14.345105234Z	356	e2a896..c21a3b		0		"INFO [09-05|01:52:14.344] Imported new potential chain segment     number=75 hash=e2a896..c21a3b blocks=1 txs=0 mgas=0.000 elapsed=""810.849µs"" mgasps=0.000 triediffs=411.41KiB triedirty=0.00B"
151	execution.log	execution_txs_field	2026-09-05T01:52:25.760109016Z	358	52841d..f6cee3		0		INFO [09-05|01:52:25.759] Imported new potential chain segment     number=76 hash=52841d..f6cee3 blocks=1 txs=0 mgas=0.000 elapsed=1.287ms     mgasps=0.000 triediffs=415.86KiB triedirty=0.00B
151	execution.log	execution_txs_field	2026-09-05T01:52:40.085273544Z	360	d7945a..40c8b0		0		INFO [09-05|01:52:40.085] Imported new potential chain segment     number=77 hash=d7945a..40c8b0 blocks=1 txs=0 mgas=0.000 elapsed=1.237ms     mgasps=0.000 triediffs=420.72KiB triedirty=0.00B
151	execution.log	execution_txs_field	2026-09-05T01:52:49.576147983Z	364	6f602f..2b845a		0		INFO [09-05|01:52:49.575] Imported new potential chain segment     number=77 hash=6f602f..2b845a blocks=1 txs=0 mgas=0.000 elapsed=1.086ms     mgasps=0.000 triediffs=425.34KiB triedirty=0.00B
151	execution.log	execution_txs_field	2026-09-05T01:53:01.503312562Z	366	5c42bd..ba2fd8		0		INFO [09-05|01:53:01.499] Imported new potential chain segment     number=78 hash=5c42bd..ba2fd8 blocks=1 txs=0 mgas=0.000 elapsed=1.137ms     mgasps=0.000 triediffs=430.04KiB triedirty=0.00B
151	execution.log	execution_txs_field	2026-09-05T01:53:14.061712143Z	368	1c9360..c70589		0		INFO [09-05|01:53:14.061] Imported new potential chain segment     number=79 hash=1c9360..c70589 blocks=1 txs=0 mgas=0.000 elapsed=1.474ms     mgasps=0.000 triediffs=434.92KiB triedirty=0.00B
151	execution.log	execution_txs_field	2026-09-05T01:53:27.358695321Z	370	0227c0..5718a6		0		INFO [09-05|01:53:27.358] Imported new potential chain segment     number=80 hash=0227c0..5718a6 blocks=1 txs=0 mgas=0.000 elapsed=1.578ms     mgasps=0.000 triediffs=439.88KiB triedirty=0.00B
151	execution.log	execution_txs_field	2026-09-05T01:53:39.183168028Z	372	c9aba8..9e7eac		0		INFO [09-05|01:53:39.182] Imported new potential chain segment     number=81 hash=c9aba8..9e7eac blocks=1 txs=0 mgas=0.000 elapsed=1.638ms     mgasps=0.000 triediffs=444.52KiB triedirty=0.00B
151	execution.log	execution_txs_field	2026-09-05T01:53:51.213220900Z	376	5f5a54..c1a931		0		INFO [09-05|01:53:51.212] Imported new potential chain segment     number=81 hash=5f5a54..c1a931 blocks=1 txs=0 mgas=0.000 elapsed=3.259ms     mgasps=0.000 triediffs=449.62KiB triedirty=0.00B
151	execution.log	execution_txs_field	2026-09-05T01:54:02.093852811Z	380	3eae0c..fbe66f		0		INFO [09-05|01:54:02.093] Imported new potential chain segment     number=81 hash=3eae0c..fbe66f blocks=1 txs=0 mgas=0.000 elapsed=1.272ms     mgasps=0.000 triediffs=454.47KiB triedirty=0.00B
151	execution.log	execution_txs_field	2026-09-05T01:54:12.769155655Z	382	f9453c..b77e12		0		INFO [09-05|01:54:12.768] Imported new potential chain segment     number=82 hash=f9453c..b77e12 blocks=1 txs=0 mgas=0.000 elapsed=1.788ms     mgasps=0.000 triediffs=459.08KiB triedirty=0.00B
151	execution.log	execution_txs_field	2026-09-05T01:54:24.963150341Z	384	4f7379..614599		0		INFO [09-05|01:54:24.956] Imported new potential chain segment     number=83 hash=4f7379..614599 blocks=1 txs=0 mgas=0.000 elapsed=1.665ms     mgasps=0.000 triediffs=463.91KiB triedirty=0.00B
151	execution.log	execution_txs_field	2026-09-05T01:54:37.162758225Z	386	df1658..07b6ae		0		INFO [09-05|01:54:37.153] Imported new potential chain segment     number=76 hash=df1658..07b6ae blocks=1 txs=0 mgas=0.000 elapsed=2.488ms     mgasps=0.000 triediffs=468.82KiB triedirty=0.00B
151	execution.log	execution_txs_field	2026-09-05T01:54:51.109336919Z	387	522ef9..69614c		0		"INFO [09-05|01:54:51.109] Imported new potential chain segment     number=84 hash=522ef9..69614c blocks=1 txs=0 mgas=0.000 elapsed=""968.173µs"" mgasps=0.000 triediffs=473.46KiB triedirty=0.00B"
151	execution.log	execution_txs_field	2026-09-05T01:55:00.899012593Z	389	cb8824..7e85b0		0		INFO [09-05|01:55:00.898] Imported new potential chain segment     number=85 hash=cb8824..7e85b0 blocks=1 txs=0 mgas=0.000 elapsed=1.102ms     mgasps=0.000 triediffs=477.89KiB triedirty=0.00B
151	execution.log	execution_txs_field	2026-09-05T01:55:15.156475253Z	391	a22766..857829		0		INFO [09-05|01:55:15.156] Imported new potential chain segment     number=86 hash=a22766..857829 blocks=1 txs=0 mgas=0.000 elapsed=1.329ms     mgasps=0.000 triediffs=482.53KiB triedirty=0.00B
151	execution.log	execution_txs_field	2026-09-05T01:55:25.264793645Z	395	a87335..aaa8db		0		INFO [09-05|01:55:25.261] Imported new potential chain segment     number=86 hash=a87335..aaa8db blocks=1 txs=0 mgas=0.000 elapsed=1.358ms     mgasps=0.000 triediffs=487.30KiB triedirty=0.00B
151	execution.log	execution_txs_field	2026-09-05T01:55:38.745136422Z	397	f02f6d..9213e7		0		INFO [09-05|01:55:38.744] Imported new potential chain segment     number=87 hash=f02f6d..9213e7 blocks=1 txs=0 mgas=0.000 elapsed=1.126ms     mgasps=0.000 triediffs=492.08KiB triedirty=0.00B
151	execution.log	execution_txs_field	2026-09-05T02:02:29.531212990Z	402	bb8c15..2fe9c8		0		INFO [09-05|02:02:29.531] Imported new potential chain segment     number=81 hash=bb8c15..2fe9c8 blocks=1 txs=0 mgas=0.000 elapsed=1.886ms     mgasps=0.000 triediffs=496.91KiB triedirty=0.00B
151	execution.log	execution_txs_field	2026-09-05T02:03:34.960382485Z	403	e095e4..37df18		0		"INFO [09-05|02:03:34.960] Imported new potential chain segment     number=77 hash=e095e4..37df18 blocks=1 txs=0 mgas=0.000 elapsed=""983.812µs"" mgasps=0.000 triediffs=501.59KiB triedirty=0.00B"
1	execution.log	execution_txs_field	2026-09-05T01:33:27.408260094Z	98	df777d..b81ab8		0		INFO [09-05|01:33:27.408] Imported new potential chain segment     number=1 hash=df777d..b81ab8 blocks=1 txs=0 mgas=0.000 elapsed=1.171ms     mgasps=0.000 triediffs=4.98KiB triedirty=0.00B
1	execution.log	execution_txs_field	2026-09-05T01:33:27.622171010Z	100	0		0		"INFO [09-05|01:33:27.622] Indexed transactions                     blocks=2 txs=0 tail=0 elapsed=""68.562µs"""
1	execution.log	execution_txs_field	2026-09-05T01:33:30.566419312Z	102	03b953..dfd5d3		0		INFO [09-05|01:33:30.566] Imported new potential chain segment     number=1 hash=03b953..dfd5d3 blocks=1 txs=0 mgas=0.000 elapsed=1.935ms     mgasps=0.000 triediffs=9.95KiB triedirty=0.00B
1	execution.log	execution_txs_field	2026-09-05T01:33:30.987573870Z	103	43e25c..3958a4		0		"INFO [09-05|01:33:30.981] Imported new potential chain segment     number=2 hash=43e25c..3958a4 blocks=1 txs=0 mgas=0.000 elapsed=""840.171µs"" mgasps=0.000 triediffs=12.97KiB triedirty=0.00B"
1	execution.log	execution_txs_field	2026-09-05T01:34:09.050818261Z	116	12535e..3f7ac3		0		"INFO [09-05|01:34:09.050] Imported new potential chain segment     number=2 hash=12535e..3f7ac3 blocks=1 txs=0 mgas=0.000 elapsed=""891.886µs"" mgasps=0.000 triediffs=16.08KiB triedirty=0.00B"
1	execution.log	execution_txs_field	2026-09-05T01:34:11.183588925Z	120	be1dd5..e71f1f		0		"INFO [09-05|01:34:11.182] Imported new potential chain segment     number=2 hash=be1dd5..e71f1f blocks=1 txs=0 mgas=0.000 elapsed=""756.814µs"" mgasps=0.000 triediffs=19.11KiB triedirty=0.00B"
1	execution.log	execution_txs_field	2026-09-05T01:34:15.583352211Z	125	d94ef5..6f32c4		0		"INFO [09-05|01:34:15.583] Imported new potential chain segment     number=2 hash=d94ef5..6f32c4 blocks=1 txs=0 mgas=0.000 elapsed=""805.505µs"" mgasps=0.000 triediffs=22.31KiB triedirty=0.00B"
1	execution.log	execution_txs_field	2026-09-05T01:34:25.075463003Z	128	7c666c..ac393c		0		INFO [09-05|01:34:25.075] Imported new potential chain segment     number=3 hash=7c666c..ac393c blocks=1 txs=0 mgas=0.000 elapsed=1.359ms     mgasps=0.000 triediffs=25.41KiB triedirty=0.00B
1	execution.log	execution_txs_field	2026-09-05T01:34:37.118956228Z	131	31cfcb..e9a663		0		INFO [09-05|01:34:37.118] Imported new potential chain segment     number=4 hash=31cfcb..e9a663 blocks=1 txs=0 mgas=0.000 elapsed=2.572ms     mgasps=0.000 triediffs=28.46KiB triedirty=0.00B
1	execution.log	execution_txs_field	2026-09-05T01:34:48.855435793Z	134	a218f6..5735a0		0		"INFO [09-05|01:34:48.855] Imported new potential chain segment     number=5 hash=a218f6..5735a0 blocks=1 txs=0 mgas=0.000 elapsed=""832.709µs"" mgasps=0.000 triediffs=31.76KiB triedirty=0.00B"
1	execution.log	execution_txs_field	2026-09-05T01:35:00.679381429Z	137	eb892e..fdc12b		0		INFO [09-05|01:35:00.679] Imported new potential chain segment     number=6 hash=eb892e..fdc12b blocks=1 txs=0 mgas=0.000 elapsed=1.391ms     mgasps=0.000 triediffs=35.27KiB triedirty=0.00B
1	execution.log	execution_txs_field	2026-09-05T01:35:13.564259557Z	140	ece62d..ee5d91		0		"INFO [09-05|01:35:13.564] Imported new potential chain segment     number=7 hash=ece62d..ee5d91 blocks=1 txs=0 mgas=0.000 elapsed=""819.848µs"" mgasps=0.000 triediffs=38.77KiB triedirty=0.00B"
1	execution.log	execution_txs_field	2026-09-05T01:35:24.356121789Z	143	552199..08f719		0		"INFO [09-05|01:35:24.355] Imported new potential chain segment     number=8 hash=552199..08f719 blocks=1 txs=0 mgas=0.000 elapsed=""733.455µs"" mgasps=0.000 triediffs=42.04KiB triedirty=0.00B"
1	execution.log	execution_txs_field	2026-09-05T01:35:36.682835462Z	146	78f969..73f77c		0		"INFO [09-05|01:35:36.682] Imported new potential chain segment     number=9 hash=78f969..73f77c blocks=1 txs=0 mgas=0.000 elapsed=""859.09µs""  mgasps=0.000 triediffs=45.59KiB triedirty=0.00B"
1	execution.log	execution_txs_field	2026-09-05T01:35:48.843818141Z	149	cc3a08..e39338		0		INFO [09-05|01:35:48.842] Imported new potential chain segment     number=10 hash=cc3a08..e39338 blocks=1 txs=0 mgas=0.000 elapsed=1.156ms     mgasps=0.000 triediffs=49.55KiB triedirty=0.00B
1	execution.log	execution_txs_field	2026-09-05T01:36:01.251487421Z	152	bd177e..8cddc5		0		INFO [09-05|01:36:01.251] Imported new potential chain segment     number=11 hash=bd177e..8cddc5 blocks=1 txs=0 mgas=0.000 elapsed=1.838ms     mgasps=0.000 triediffs=53.38KiB triedirty=0.00B
1	execution.log	execution_txs_field	2026-09-05T01:36:12.880445016Z	155	648514..5065ea		0		INFO [09-05|01:36:12.879] Imported new potential chain segment     number=12 hash=648514..5065ea blocks=1 txs=0 mgas=0.000 elapsed=1.029ms     mgasps=0.000 triediffs=57.16KiB triedirty=0.00B
1	execution.log	execution_txs_field	2026-09-05T01:36:26.443038383Z	158	cfcbf4..ebf7fc		0		INFO [09-05|01:36:26.442] Imported new potential chain segment     number=13 hash=cfcbf4..ebf7fc blocks=1 txs=0 mgas=0.000 elapsed=2.208ms     mgasps=0.000 triediffs=61.05KiB triedirty=0.00B
1	execution.log	execution_txs_field	2026-09-05T01:36:39.915488421Z	160	b8f457..a124e9		0		"INFO [09-05|01:36:39.915] Imported new potential chain segment     number=14 hash=b8f457..a124e9 blocks=1 txs=0 mgas=0.000 elapsed=""886.917µs"" mgasps=0.000 triediffs=64.90KiB triedirty=0.00B"
1	execution.log	execution_txs_field	2026-09-05T01:36:52.557318530Z	162	616503..e2f7fa		0		INFO [09-05|01:36:52.557] Imported new potential chain segment     number=15 hash=616503..e2f7fa blocks=1 txs=0 mgas=0.000 elapsed=1.296ms     mgasps=0.000 triediffs=69.00KiB triedirty=0.00B
1	execution.log	execution_txs_field	2026-09-05T01:37:02.383277729Z	166	b10c6c..5decba		0		INFO [09-05|01:37:02.381] Imported new potential chain segment     number=15 hash=b10c6c..5decba blocks=1 txs=0 mgas=0.000 elapsed=1.457ms     mgasps=0.000 triediffs=72.95KiB triedirty=0.00B
1	execution.log	execution_txs_field	2026-09-05T01:37:13.395006309Z	168	246b5e..e50bd4		0		"INFO [09-05|01:37:13.394] Imported new potential chain segment     number=16 hash=246b5e..e50bd4 blocks=1 txs=0 mgas=0.000 elapsed=""930.332µs"" mgasps=0.000 triediffs=77.08KiB triedirty=0.00B"
1	execution.log	execution_txs_field	2026-09-05T01:37:26.657781429Z	170	925d53..721761		0		INFO [09-05|01:37:26.657] Imported new potential chain segment     number=17 hash=925d53..721761 blocks=1 txs=0 mgas=0.000 elapsed=1.103ms     mgasps=0.000 triediffs=80.99KiB triedirty=0.00B
1	execution.log	execution_txs_field	2026-09-05T01:37:37.118514758Z	172	16fc2b..cc2f65		0		INFO [09-05|01:37:37.118] Imported new potential chain segment     number=18 hash=16fc2b..cc2f65 blocks=1 txs=0 mgas=0.000 elapsed=1.420ms     mgasps=0.000 triediffs=85.08KiB triedirty=0.00B
1	execution.log	execution_txs_field	2026-09-05T01:37:51.560491208Z	174	9f6ee5..ccef82		0		INFO [09-05|01:37:51.560] Imported new potential chain segment     number=19 hash=9f6ee5..ccef82 blocks=1 txs=0 mgas=0.000 elapsed=7.831ms     mgasps=0.000 triediffs=89.32KiB triedirty=0.00B
1	execution.log	execution_txs_field	2026-09-05T01:38:01.759231032Z	178	5ceb99..15391c		0		INFO [09-05|01:38:01.759] Imported new potential chain segment     number=19 hash=5ceb99..15391c blocks=1 txs=0 mgas=0.000 elapsed=1.758ms     mgasps=0.000 triediffs=93.62KiB triedirty=0.00B
1	execution.log	execution_txs_field	2026-09-05T01:38:13.489330532Z	180	e320f5..03e2af		0		INFO [09-05|01:38:13.489] Imported new potential chain segment     number=20 hash=e320f5..03e2af blocks=1 txs=0 mgas=0.000 elapsed=1.103ms     mgasps=0.000 triediffs=97.78KiB triedirty=0.00B
1	execution.log	execution_txs_field	2026-09-05T01:38:26.673491122Z	182	73eef2..ff2225		0		INFO [09-05|01:38:26.673] Imported new potential chain segment     number=21 hash=73eef2..ff2225 blocks=1 txs=0 mgas=0.000 elapsed=1.126ms     mgasps=0.000 triediffs=101.83KiB triedirty=0.00B
1	execution.log	execution_txs_field	2026-09-05T01:38:37.611631574Z	184	d98a1d..14bd7f		0		INFO [09-05|01:38:37.609] Imported new potential chain segment     number=22 hash=d98a1d..14bd7f blocks=1 txs=0 mgas=0.000 elapsed=1.311ms     mgasps=0.000 triediffs=106.18KiB triedirty=0.00B
1	execution.log	execution_txs_field	2026-09-05T01:38:50.138937792Z	186	4c5ec4..60f78c		0		INFO [09-05|01:38:50.138] Imported new potential chain segment     number=23 hash=4c5ec4..60f78c blocks=1 txs=0 mgas=0.000 elapsed=1.168ms     mgasps=0.000 triediffs=110.25KiB triedirty=0.00B
1	execution.log	execution_txs_field	2026-09-05T01:39:03.901046017Z	188	04f434..98d5ca		0		INFO [09-05|01:39:03.900] Imported new potential chain segment     number=24 hash=04f434..98d5ca blocks=1 txs=0 mgas=0.000 elapsed=1.234ms     mgasps=0.000 triediffs=114.63KiB triedirty=0.00B
1	execution.log	execution_txs_field	2026-09-05T01:39:14.348900714Z	192	414201..367880		0		INFO [09-05|01:39:14.347] Imported new potential chain segment     number=24 hash=414201..367880 blocks=1 txs=0 mgas=0.000 elapsed=1.108ms     mgasps=0.000 triediffs=119.06KiB triedirty=0.00B
1	execution.log	execution_txs_field	2026-09-05T01:39:26.901057855Z	194	2f944d..a5d707		0		INFO [09-05|01:39:26.900] Imported new potential chain segment     number=25 hash=2f944d..a5d707 blocks=1 txs=0 mgas=0.000 elapsed=1.247ms     mgasps=0.000 triediffs=123.38KiB triedirty=0.00B
1	execution.log	execution_txs_field	2026-09-05T01:39:38.079246535Z	196	55c261..7e2e95		0		INFO [09-05|01:39:38.077] Imported new potential chain segment     number=26 hash=55c261..7e2e95 blocks=1 txs=0 mgas=0.000 elapsed=3.030ms     mgasps=0.000 triediffs=127.57KiB triedirty=0.00B
1	execution.log	execution_txs_field	2026-09-05T01:39:51.076739338Z	198	4e2cbf..903cd8		0		INFO [09-05|01:39:51.074] Imported new potential chain segment     number=27 hash=4e2cbf..903cd8 blocks=1 txs=0 mgas=0.000 elapsed=4.672ms     mgasps=0.000 triediffs=131.73KiB triedirty=0.00B
1	execution.log	execution_txs_field	2026-09-05T01:40:03.850461442Z	200	d7a89c..6c2361		0		INFO [09-05|01:40:03.850] Imported new potential chain segment     number=28 hash=d7a89c..6c2361 blocks=1 txs=0 mgas=0.000 elapsed=1.246ms     mgasps=0.000 triediffs=135.91KiB triedirty=0.00B
1	execution.log	execution_txs_field	2026-09-05T01:40:13.704146646Z	202	3f042a..174852		0		INFO [09-05|01:40:13.703] Imported new potential chain segment     number=29 hash=3f042a..174852 blocks=1 txs=0 mgas=0.000 elapsed=1.117ms     mgasps=0.000 triediffs=140.21KiB triedirty=0.00B
1	execution.log	execution_txs_field	2026-09-05T01:40:25.569812895Z	206	881f01..1243dc		0		INFO [09-05|01:40:25.569] Imported new potential chain segment     number=29 hash=881f01..1243dc blocks=1 txs=0 mgas=0.000 elapsed=1.437ms     mgasps=0.000 triediffs=144.51KiB triedirty=0.00B
1	execution.log	execution_txs_field	2026-09-05T01:40:38.341202507Z	208	9f7655..5e954d		0		INFO [09-05|01:40:38.340] Imported new potential chain segment     number=30 hash=9f7655..5e954d blocks=1 txs=0 mgas=0.000 elapsed=2.091ms     mgasps=0.000 triediffs=148.63KiB triedirty=0.00B
1	execution.log	execution_txs_field	2026-09-05T01:40:49.553696150Z	210	f995d4..9e7a4b		0		INFO [09-05|01:40:49.553] Imported new potential chain segment     number=31 hash=f995d4..9e7a4b blocks=1 txs=0 mgas=0.000 elapsed=1.137ms     mgasps=0.000 triediffs=152.91KiB triedirty=0.00B
1	execution.log	execution_txs_field	2026-09-05T01:41:02.953672564Z	212	245f92..ed5dbe		0		INFO [09-05|01:41:02.953] Imported new potential chain segment     number=32 hash=245f92..ed5dbe blocks=1 txs=0 mgas=0.000 elapsed=1.818ms     mgasps=0.000 triediffs=157.23KiB triedirty=0.00B
1	execution.log	execution_txs_field	2026-09-05T01:41:13.680358886Z	214	ab4db7..618b72		0		"INFO [09-05|01:41:13.680] Imported new potential chain segment     number=33 hash=ab4db7..618b72 blocks=1 txs=0 mgas=0.000 elapsed=""956.922µs"" mgasps=0.000 triediffs=161.44KiB triedirty=0.00B"
1	execution.log	execution_txs_field	2026-09-05T01:41:26.397080744Z	216	d706a2..750bf5		0		INFO [09-05|01:41:26.396] Imported new potential chain segment     number=34 hash=d706a2..750bf5 blocks=1 txs=0 mgas=0.000 elapsed=1.482ms     mgasps=0.000 triediffs=166.04KiB triedirty=0.00B
1	execution.log	execution_txs_field	2026-09-05T01:41:37.532667117Z	218	25f757..da2f35		0		INFO [09-05|01:41:37.532] Imported new potential chain segment     number=35 hash=25f757..da2f35 blocks=1 txs=0 mgas=0.000 elapsed=4.501ms     mgasps=0.000 triediffs=170.49KiB triedirty=0.00B
1	execution.log	execution_txs_field	2026-09-05T01:41:51.817671472Z	220	80c043..4ace9b		0		INFO [09-05|01:41:51.817] Imported new potential chain segment     number=36 hash=80c043..4ace9b blocks=1 txs=0 mgas=0.000 elapsed=1.113ms     mgasps=0.000 triediffs=174.88KiB triedirty=0.00B
1	execution.log	execution_txs_field	2026-09-05T01:42:02.223227023Z	222	2df177..76a742		0		INFO [09-05|01:42:02.219] Imported new potential chain segment     number=37 hash=2df177..76a742 blocks=1 txs=0 mgas=0.000 elapsed=1.237ms     mgasps=0.000 triediffs=179.54KiB triedirty=0.00B
1	execution.log	execution_txs_field	2026-09-05T01:42:13.472718240Z	224	9cc50b..285ce8		0		INFO [09-05|01:42:13.471] Imported new potential chain segment     number=38 hash=9cc50b..285ce8 blocks=1 txs=0 mgas=0.000 elapsed=1.443ms     mgasps=0.000 triediffs=183.85KiB triedirty=0.00B
1	execution.log	execution_txs_field	2026-09-05T01:42:27.179108461Z	226	33cbd1..f54aeb		0		INFO [09-05|01:42:27.178] Imported new potential chain segment     number=39 hash=33cbd1..f54aeb blocks=1 txs=0 mgas=0.000 elapsed=1.316ms     mgasps=0.000 triediffs=188.15KiB triedirty=0.00B
1	execution.log	execution_txs_field	2026-09-05T01:42:37.553542742Z	228	0a005e..8d6710		0		"INFO [09-05|01:42:37.553] Imported new potential chain segment     number=40 hash=0a005e..8d6710 blocks=1 txs=0 mgas=0.000 elapsed=""907.528µs"" mgasps=0.000 triediffs=192.49KiB triedirty=0.00B"
1	execution.log	execution_txs_field	2026-09-05T01:42:50.741203885Z	230	b7e340..5807cf		0		INFO [09-05|01:42:50.740] Imported new potential chain segment     number=41 hash=b7e340..5807cf blocks=1 txs=0 mgas=0.000 elapsed=1.646ms     mgasps=0.000 triediffs=196.62KiB triedirty=0.00B
1	execution.log	execution_txs_field	2026-09-05T01:43:04.059344731Z	232	6b770d..6c9b9b		0		INFO [09-05|01:43:04.059] Imported new potential chain segment     number=42 hash=6b770d..6c9b9b blocks=1 txs=0 mgas=0.000 elapsed=1.252ms     mgasps=0.000 triediffs=200.95KiB triedirty=0.00B
1	execution.log	execution_txs_field	2026-09-05T01:43:13.377620396Z	236	13caf6..fac097		0		INFO [09-05|01:43:13.377] Imported new potential chain segment     number=42 hash=13caf6..fac097 blocks=1 txs=0 mgas=0.000 elapsed=1.289ms     mgasps=0.000 triediffs=205.34KiB triedirty=0.00B
1	execution.log	execution_txs_field	2026-09-05T01:43:29.051581019Z	238	9329e7..78b0f7		0		INFO [09-05|01:43:29.051] Imported new potential chain segment     number=43 hash=9329e7..78b0f7 blocks=1 txs=0 mgas=0.000 elapsed=1.897ms     mgasps=0.000 triediffs=209.67KiB triedirty=0.00B
1	execution.log	execution_txs_field	2026-09-05T01:43:44.236564294Z	240	a68a7f..957f92		0		INFO [09-05|01:43:44.236] Imported new potential chain segment     number=44 hash=a68a7f..957f92 blocks=1 txs=0 mgas=0.000 elapsed=1.060ms     mgasps=0.000 triediffs=214.10KiB triedirty=0.00B
1	execution.log	execution_txs_field	2026-09-05T01:43:49.809485181Z	244	a83ef3..7225e7		0		INFO [09-05|01:43:49.809] Imported new potential chain segment     number=44 hash=a83ef3..7225e7 blocks=1 txs=0 mgas=0.000 elapsed=1.585ms     mgasps=0.000 triediffs=218.60KiB triedirty=0.00B
1	execution.log	execution_txs_field	2026-09-05T01:44:05.182690152Z	246	08d472..c06948		0		INFO [09-05|01:44:05.182] Imported new potential chain segment     number=45 hash=08d472..c06948 blocks=1 txs=0 mgas=0.000 elapsed=1.516ms     mgasps=0.000 triediffs=223.24KiB triedirty=0.00B
1	execution.log	execution_txs_field	2026-09-05T01:44:15.725950567Z	250	da1c1b..7bffb9		0		"INFO [09-05|01:44:15.725] Imported new potential chain segment     number=45 hash=da1c1b..7bffb9 blocks=1 txs=0 mgas=0.000 elapsed=""962.364µs"" mgasps=0.000 triediffs=227.75KiB triedirty=0.00B"
1	execution.log	execution_txs_field	2026-09-05T01:44:24.952014569Z	252	b63315..308147		0		INFO [09-05|01:44:24.951] Imported new potential chain segment     number=46 hash=b63315..308147 blocks=1 txs=0 mgas=0.000 elapsed=1.099ms     mgasps=0.000 triediffs=232.02KiB triedirty=0.00B
1	execution.log	execution_txs_field	2026-09-05T01:44:37.375586339Z	254	4ba57f..ac60f8		0		INFO [09-05|01:44:37.373] Imported new potential chain segment     number=47 hash=4ba57f..ac60f8 blocks=1 txs=0 mgas=0.000 elapsed=1.231ms     mgasps=0.000 triediffs=236.47KiB triedirty=0.00B
1	execution.log	execution_txs_field	2026-09-05T01:44:54.521733013Z	256	ee30f8..65d871		0		INFO [09-05|01:44:54.521] Imported new potential chain segment     number=48 hash=ee30f8..65d871 blocks=1 txs=0 mgas=0.000 elapsed=1.201ms     mgasps=0.000 triediffs=240.93KiB triedirty=0.00B
1	execution.log	execution_txs_field	2026-09-05T01:45:04.747173182Z	260	191311..0fc02e		0		INFO [09-05|01:45:04.746] Imported new potential chain segment     number=48 hash=191311..0fc02e blocks=1 txs=0 mgas=0.000 elapsed=1.461ms     mgasps=0.000 triediffs=245.29KiB triedirty=0.00B
1	execution.log	execution_txs_field	2026-09-05T01:45:15.491813016Z	264	a1ee4b..334727		0		INFO [09-05|01:45:15.491] Imported new potential chain segment     number=48 hash=a1ee4b..334727 blocks=1 txs=0 mgas=0.000 elapsed=2.186ms     mgasps=0.000 triediffs=249.47KiB triedirty=0.00B
1	execution.log	execution_txs_field	2026-09-05T01:45:25.357136047Z	266	673f5c..1783c1		0		INFO [09-05|01:45:25.356] Imported new potential chain segment     number=49 hash=673f5c..1783c1 blocks=1 txs=0 mgas=0.000 elapsed=1.160ms     mgasps=0.000 triediffs=253.86KiB triedirty=0.00B
1	execution.log	execution_txs_field	2026-09-05T01:45:40.926300556Z	268	e78411..02dd7f		0		INFO [09-05|01:45:40.925] Imported new potential chain segment     number=50 hash=e78411..02dd7f blocks=1 txs=0 mgas=0.000 elapsed=1.094ms     mgasps=0.000 triediffs=258.35KiB triedirty=0.00B
1	execution.log	execution_txs_field	2026-09-05T01:45:49.327618148Z	272	a41b5c..be6384		0		INFO [09-05|01:45:49.327] Imported new potential chain segment     number=50 hash=a41b5c..be6384 blocks=1 txs=0 mgas=0.000 elapsed=1.479ms     mgasps=0.000 triediffs=262.80KiB triedirty=0.00B
1	execution.log	execution_txs_field	2026-09-05T01:46:01.550551935Z	274	97e5c0..cee620		0		INFO [09-05|01:46:01.550] Imported new potential chain segment     number=51 hash=97e5c0..cee620 blocks=1 txs=0 mgas=0.000 elapsed=1.488ms     mgasps=0.000 triediffs=267.60KiB triedirty=0.00B
1	execution.log	execution_txs_field	2026-09-05T01:46:16.410460778Z	276	935782..2eae13		0		INFO [09-05|01:46:16.410] Imported new potential chain segment     number=52 hash=935782..2eae13 blocks=1 txs=0 mgas=0.000 elapsed=1.335ms     mgasps=0.000 triediffs=271.93KiB triedirty=0.00B
1	execution.log	execution_txs_field	2026-09-05T01:46:27.913912822Z	280	e2bafb..042e8d		0		INFO [09-05|01:46:27.913] Imported new potential chain segment     number=52 hash=e2bafb..042e8d blocks=1 txs=0 mgas=0.000 elapsed=1.028ms     mgasps=0.000 triediffs=276.42KiB triedirty=0.00B
1	execution.log	execution_txs_field	2026-09-05T01:46:37.311999936Z	284	d1c751..5bfd2e		0		INFO [09-05|01:46:37.311] Imported new potential chain segment     number=52 hash=d1c751..5bfd2e blocks=1 txs=0 mgas=0.000 elapsed=1.084ms     mgasps=0.000 triediffs=281.03KiB triedirty=0.00B
1	execution.log	execution_txs_field	2026-09-05T01:46:48.917078427Z	286	86157f..f26538		0		INFO [09-05|01:46:48.916] Imported new potential chain segment     number=53 hash=86157f..f26538 blocks=1 txs=0 mgas=0.000 elapsed=1.062ms     mgasps=0.000 triediffs=285.61KiB triedirty=0.00B
1	execution.log	execution_txs_field	2026-09-05T01:47:01.356314796Z	288	ccff6b..7ebef2		0		INFO [09-05|01:47:01.356] Imported new potential chain segment     number=54 hash=ccff6b..7ebef2 blocks=1 txs=0 mgas=0.000 elapsed=1.191ms     mgasps=0.000 triediffs=290.28KiB triedirty=0.00B
1	execution.log	execution_txs_field	2026-09-05T01:47:13.691465502Z	290	dbe549..2afec8		0		INFO [09-05|01:47:13.691] Imported new potential chain segment     number=55 hash=dbe549..2afec8 blocks=1 txs=0 mgas=0.000 elapsed=1.062ms     mgasps=0.000 triediffs=294.89KiB triedirty=0.00B
1	execution.log	execution_txs_field	2026-09-05T01:47:26.152760711Z	292	b9ed6b..5b1229		0		INFO [09-05|01:47:26.151] Imported new potential chain segment     number=56 hash=b9ed6b..5b1229 blocks=1 txs=0 mgas=0.000 elapsed=1.483ms     mgasps=0.000 triediffs=299.47KiB triedirty=0.00B
1	execution.log	execution_txs_field	2026-09-05T01:47:37.743515917Z	294	e20702..b03843		0		INFO [09-05|01:47:37.742] Imported new potential chain segment     number=57 hash=e20702..b03843 blocks=1 txs=0 mgas=0.000 elapsed=2.615ms     mgasps=0.000 triediffs=303.96KiB triedirty=0.00B
1	execution.log	execution_txs_field	2026-09-05T01:47:49.329106514Z	296	e60f3b..74a28a		0		"INFO [09-05|01:47:49.328] Imported new potential chain segment     number=58 hash=e60f3b..74a28a blocks=1 txs=0 mgas=0.000 elapsed=""938.169µs"" mgasps=0.000 triediffs=308.66KiB triedirty=0.00B"
1	execution.log	execution_txs_field	2026-09-05T01:48:01.219444711Z	298	0e467b..0f480b		0		INFO [09-05|01:48:01.219] Imported new potential chain segment     number=59 hash=0e467b..0f480b blocks=1 txs=0 mgas=0.000 elapsed=1.349ms     mgasps=0.000 triediffs=313.03KiB triedirty=0.00B
1	execution.log	execution_txs_field	2026-09-05T01:48:14.434260875Z	300	7bc9a7..9ef738		0		INFO [09-05|01:48:14.434] Imported new potential chain segment     number=60 hash=7bc9a7..9ef738 blocks=1 txs=0 mgas=0.000 elapsed=1.226ms     mgasps=0.000 triediffs=317.63KiB triedirty=0.00B
1	execution.log	execution_txs_field	2026-09-05T01:48:25.704911552Z	302	a2cbbc..08ffc8		0		INFO [09-05|01:48:25.704] Imported new potential chain segment     number=61 hash=a2cbbc..08ffc8 blocks=1 txs=0 mgas=0.000 elapsed=2.113ms     mgasps=0.000 triediffs=322.32KiB triedirty=0.00B
1	execution.log	execution_txs_field	2026-09-05T01:48:37.306738317Z	304	dbcf51..c00195		0		"INFO [09-05|01:48:37.305] Imported new potential chain segment     number=62 hash=dbcf51..c00195 blocks=1 txs=0 mgas=0.000 elapsed=""973.186µs"" mgasps=0.000 triediffs=326.72KiB triedirty=0.00B"
1	execution.log	execution_txs_field	2026-09-05T01:48:48.886328942Z	306	946a20..24eded		0		INFO [09-05|01:48:48.886] Imported new potential chain segment     number=63 hash=946a20..24eded blocks=1 txs=0 mgas=0.000 elapsed=1.064ms     mgasps=0.000 triediffs=331.80KiB triedirty=0.00B
1	execution.log	execution_txs_field	2026-09-05T01:49:01.069611148Z	308	131a9c..5ab3ec		0		INFO [09-05|01:49:01.069] Imported new potential chain segment     number=64 hash=131a9c..5ab3ec blocks=1 txs=0 mgas=0.000 elapsed=1.077ms     mgasps=0.000 triediffs=336.84KiB triedirty=0.00B
1	execution.log	execution_txs_field	2026-09-05T01:49:14.579104243Z	310	b15e60..8211bb		0		INFO [09-05|01:49:14.578] Imported new potential chain segment     number=65 hash=b15e60..8211bb blocks=1 txs=0 mgas=0.000 elapsed=1.653ms     mgasps=0.000 triediffs=341.40KiB triedirty=0.00B
1	execution.log	execution_txs_field	2026-09-05T01:49:14.594900197Z	313	ff9448..f29f33		0		"INFO [09-05|01:49:14.593] Updated payload                          id=0x0434aea0d6683b7d number=66 hash=ff9448..f29f33 txs=0 withdrawals=0 gas=0 fees=0 root=3ad47e..0aa924 elapsed=""442.384µs"" balhash=0x62e84972fab6a8c8e3b3f37fdb6e86f934877a2dc3b01397ba0d084f0666a570"
1	execution.log	execution_txs_field	2026-09-05T01:49:28.178673226Z	315	ff9448..f29f33		0		INFO [09-05|01:49:28.178] Imported new potential chain segment     number=66 hash=ff9448..f29f33 blocks=1 txs=0 mgas=0.000 elapsed=1.534ms     mgasps=0.000 triediffs=346.28KiB triedirty=0.00B
1	execution.log	execution_txs_field	2026-09-05T01:49:37.835052624Z	319	db3c8e..6f96bc		0		INFO [09-05|01:49:37.834] Imported new potential chain segment     number=66 hash=db3c8e..6f96bc blocks=1 txs=0 mgas=0.000 elapsed=1.121ms     mgasps=0.000 triediffs=350.83KiB triedirty=0.00B
1	execution.log	execution_txs_field	2026-09-05T01:49:49.545152641Z	321	18ed4b..e5ed48		0		INFO [09-05|01:49:49.545] Imported new potential chain segment     number=67 hash=18ed4b..e5ed48 blocks=1 txs=0 mgas=0.000 elapsed=1.042ms     mgasps=0.000 triediffs=355.65KiB triedirty=0.00B
1	execution.log	execution_txs_field	2026-09-05T01:50:04.464553070Z	323	960c16..318018		0		INFO [09-05|01:50:04.464] Imported new potential chain segment     number=68 hash=960c16..318018 blocks=1 txs=0 mgas=0.000 elapsed=1.094ms     mgasps=0.000 triediffs=360.20KiB triedirty=0.00B
1	execution.log	execution_txs_field	2026-09-05T01:50:17.035524964Z	327	bf5ffd..88a9b4		0		"INFO [09-05|01:50:17.035] Imported new potential chain segment     number=68 hash=bf5ffd..88a9b4 blocks=1 txs=0 mgas=0.000 elapsed=""858.949µs"" mgasps=0.000 triediffs=364.84KiB triedirty=0.00B"
1	execution.log	execution_txs_field	2026-09-05T01:50:25.896696375Z	331	fbd155..aed3c2		0		INFO [09-05|01:50:25.896] Imported new potential chain segment     number=68 hash=fbd155..aed3c2 blocks=1 txs=0 mgas=0.000 elapsed=2.137ms     mgasps=0.000 triediffs=369.36KiB triedirty=0.00B
1	execution.log	execution_txs_field	2026-09-05T01:50:37.086876320Z	333	5af476..472169		0		INFO [09-05|01:50:37.086] Imported new potential chain segment     number=69 hash=5af476..472169 blocks=1 txs=0 mgas=0.000 elapsed=1.646ms     mgasps=0.000 triediffs=373.72KiB triedirty=0.00B
1	execution.log	execution_txs_field	2026-09-05T01:50:49.574929670Z	335	2ccbd5..74e10b		0		INFO [09-05|01:50:49.574] Imported new potential chain segment     number=70 hash=2ccbd5..74e10b blocks=1 txs=0 mgas=0.000 elapsed=1.166ms     mgasps=0.000 triediffs=378.46KiB triedirty=0.00B
1	execution.log	execution_txs_field	2026-09-05T01:50:49.605817589Z	338	dd3658..345fd9		0		INFO [09-05|01:50:49.605] Updated payload                          id=0x047cf8eeda094439 number=71 hash=dd3658..345fd9 txs=0 withdrawals=0 gas=0 fees=0 root=914602..e3c7e4 elapsed=1.941ms     balhash=0x2f3144dfffba32e1737067819a9f6f0b11e3ffc2408edd8ef21640d5cdbb2bcc
1	execution.log	execution_txs_field	2026-09-05T01:51:03.943324756Z	340	dd3658..345fd9		0		INFO [09-05|01:51:03.941] Imported new potential chain segment     number=71 hash=dd3658..345fd9 blocks=1 txs=0 mgas=0.000 elapsed=1.414ms     mgasps=0.000 triediffs=383.13KiB triedirty=0.00B
1	execution.log	execution_txs_field	2026-09-05T01:51:13.197868124Z	344	323361..eea910		0		INFO [09-05|01:51:13.197] Imported new potential chain segment     number=71 hash=323361..eea910 blocks=1 txs=0 mgas=0.000 elapsed=1.113ms     mgasps=0.000 triediffs=387.32KiB triedirty=0.00B
1	execution.log	execution_txs_field	2026-09-05T01:51:25.462679006Z	346	931683..18733c		0		INFO [09-05|01:51:25.462] Imported new potential chain segment     number=72 hash=931683..18733c blocks=1 txs=0 mgas=0.000 elapsed=1.642ms     mgasps=0.000 triediffs=392.21KiB triedirty=0.00B
1	execution.log	execution_txs_field	2026-09-05T01:51:38.049586749Z	348	e7eb34..389c72		0		INFO [09-05|01:51:38.049] Imported new potential chain segment     number=73 hash=e7eb34..389c72 blocks=1 txs=0 mgas=0.000 elapsed=1.356ms     mgasps=0.000 triediffs=396.95KiB triedirty=0.00B
1	execution.log	execution_txs_field	2026-09-05T01:51:49.152122670Z	350	460535..2d9832		0		INFO [09-05|01:51:49.151] Imported new potential chain segment     number=74 hash=460535..2d9832 blocks=1 txs=0 mgas=0.000 elapsed=6.003ms     mgasps=0.000 triediffs=402.11KiB triedirty=0.00B
1	execution.log	execution_txs_field	2026-09-05T01:52:03.865887619Z	352	3d8b75..118040		0		INFO [09-05|01:52:03.865] Imported new potential chain segment     number=75 hash=3d8b75..118040 blocks=1 txs=0 mgas=0.000 elapsed=1.280ms     mgasps=0.000 triediffs=406.67KiB triedirty=0.00B
1	execution.log	execution_txs_field	2026-09-05T01:52:13.558117867Z	356	e2a896..c21a3b		0		INFO [09-05|01:52:13.557] Imported new potential chain segment     number=75 hash=e2a896..c21a3b blocks=1 txs=0 mgas=0.000 elapsed=1.507ms     mgasps=0.000 triediffs=411.41KiB triedirty=0.00B
1	execution.log	execution_txs_field	2026-09-05T01:52:25.675035193Z	358	52841d..f6cee3		0		INFO [09-05|01:52:25.674] Imported new potential chain segment     number=76 hash=52841d..f6cee3 blocks=1 txs=0 mgas=0.000 elapsed=1.457ms     mgasps=0.000 triediffs=415.86KiB triedirty=0.00B
1	execution.log	execution_txs_field	2026-09-05T01:52:40.028554705Z	360	d7945a..40c8b0		0		INFO [09-05|01:52:40.028] Imported new potential chain segment     number=77 hash=d7945a..40c8b0 blocks=1 txs=0 mgas=0.000 elapsed=1.260ms     mgasps=0.000 triediffs=420.72KiB triedirty=0.00B
1	execution.log	execution_txs_field	2026-09-05T01:52:49.594365162Z	364	6f602f..2b845a		0		INFO [09-05|01:52:49.594] Imported new potential chain segment     number=77 hash=6f602f..2b845a blocks=1 txs=0 mgas=0.000 elapsed=1.219ms     mgasps=0.000 triediffs=425.34KiB triedirty=0.00B
1	execution.log	execution_txs_field	2026-09-05T01:53:01.289570267Z	366	5c42bd..ba2fd8		0		INFO [09-05|01:53:01.289] Imported new potential chain segment     number=78 hash=5c42bd..ba2fd8 blocks=1 txs=0 mgas=0.000 elapsed=1.082ms     mgasps=0.000 triediffs=430.04KiB triedirty=0.00B
1	execution.log	execution_txs_field	2026-09-05T01:53:14.627309381Z	368	1c9360..c70589		0		INFO [09-05|01:53:14.627] Imported new potential chain segment     number=79 hash=1c9360..c70589 blocks=1 txs=0 mgas=0.000 elapsed=1.874ms     mgasps=0.000 triediffs=434.92KiB triedirty=0.00B
1	execution.log	execution_txs_field	2026-09-05T01:53:27.280579085Z	370	0227c0..5718a6		0		INFO [09-05|01:53:27.277] Imported new potential chain segment     number=80 hash=0227c0..5718a6 blocks=1 txs=0 mgas=0.000 elapsed=1.439ms     mgasps=0.000 triediffs=439.88KiB triedirty=0.00B
1	execution.log	execution_txs_field	2026-09-05T01:53:39.929499166Z	372	c9aba8..9e7eac		0		INFO [09-05|01:53:39.929] Imported new potential chain segment     number=81 hash=c9aba8..9e7eac blocks=1 txs=0 mgas=0.000 elapsed=1.326ms     mgasps=0.000 triediffs=444.52KiB triedirty=0.00B
1	execution.log	execution_txs_field	2026-09-05T01:53:51.553388535Z	376	5f5a54..c1a931		0		INFO [09-05|01:53:51.553] Imported new potential chain segment     number=81 hash=5f5a54..c1a931 blocks=1 txs=0 mgas=0.000 elapsed=2.098ms     mgasps=0.000 triediffs=449.62KiB triedirty=0.00B
1	execution.log	execution_txs_field	2026-09-05T01:54:01.574426584Z	380	3eae0c..fbe66f		0		INFO [09-05|01:54:01.571] Imported new potential chain segment     number=81 hash=3eae0c..fbe66f blocks=1 txs=0 mgas=0.000 elapsed=2.593ms     mgasps=0.000 triediffs=454.47KiB triedirty=0.00B
1	execution.log	execution_txs_field	2026-09-05T01:54:13.784527512Z	382	f9453c..b77e12		0		INFO [09-05|01:54:13.783] Imported new potential chain segment     number=82 hash=f9453c..b77e12 blocks=1 txs=0 mgas=0.000 elapsed=1.325ms     mgasps=0.000 triediffs=459.08KiB triedirty=0.00B
1	execution.log	execution_txs_field	2026-09-05T01:54:25.059384607Z	384	4f7379..614599		0		INFO [09-05|01:54:25.059] Imported new potential chain segment     number=83 hash=4f7379..614599 blocks=1 txs=0 mgas=0.000 elapsed=1.790ms     mgasps=0.000 triediffs=463.91KiB triedirty=0.00B
1	execution.log	execution_txs_field	2026-09-05T01:54:37.225325725Z	386	df1658..07b6ae		0		INFO [09-05|01:54:37.225] Imported new potential chain segment     number=76 hash=df1658..07b6ae blocks=1 txs=0 mgas=0.000 elapsed=1.058ms     mgasps=0.000 triediffs=468.82KiB triedirty=0.00B
1	execution.log	execution_txs_field	2026-09-05T01:54:49.731406512Z	387	522ef9..69614c		0		INFO [09-05|01:54:49.731] Imported new potential chain segment     number=84 hash=522ef9..69614c blocks=1 txs=0 mgas=0.000 elapsed=5.824ms     mgasps=0.000 triediffs=473.46KiB triedirty=0.00B
1	execution.log	execution_txs_field	2026-09-05T01:55:01.140829565Z	389	cb8824..7e85b0		0		INFO [09-05|01:55:01.140] Imported new potential chain segment     number=85 hash=cb8824..7e85b0 blocks=1 txs=0 mgas=0.000 elapsed=2.335ms     mgasps=0.000 triediffs=477.89KiB triedirty=0.00B
1	execution.log	execution_txs_field	2026-09-05T01:55:15.365544071Z	391	a22766..857829		0		INFO [09-05|01:55:15.364] Imported new potential chain segment     number=86 hash=a22766..857829 blocks=1 txs=0 mgas=0.000 elapsed=2.606ms     mgasps=0.000 triediffs=482.53KiB triedirty=0.00B
1	execution.log	execution_txs_field	2026-09-05T01:55:25.992620300Z	395	a87335..aaa8db		0		INFO [09-05|01:55:25.992] Imported new potential chain segment     number=86 hash=a87335..aaa8db blocks=1 txs=0 mgas=0.000 elapsed=1.711ms     mgasps=0.000 triediffs=487.30KiB triedirty=0.00B
1	execution.log	execution_txs_field	2026-09-05T01:55:37.312351001Z	397	f02f6d..9213e7		0		INFO [09-05|01:55:37.312] Imported new potential chain segment     number=87 hash=f02f6d..9213e7 blocks=1 txs=0 mgas=0.000 elapsed=1.424ms     mgasps=0.000 triediffs=492.08KiB triedirty=0.00B
1	execution.log	execution_txs_field	2026-09-05T01:59:03.682276434Z	402	ca51c5..0fa690		0		INFO [09-05|01:59:03.681] Imported new potential chain segment     number=81 hash=ca51c5..0fa690 blocks=1 txs=0 mgas=0.000 elapsed=1.417ms     mgasps=0.000 triediffs=497.00KiB triedirty=0.00B
1	execution.log	execution_txs_field	2026-09-05T02:00:03.839675912Z	403	318bd8..154b97		0		INFO [09-05|02:00:03.839] Imported new potential chain segment     number=81 hash=318bd8..154b97 blocks=1 txs=0 mgas=0.000 elapsed=3.705ms     mgasps=0.000 triediffs=502.08KiB triedirty=0.00B
1	execution.log	execution_txs_field	2026-09-05T02:01:39.476814212Z	404	ef2e7d..4f0869		0		INFO [09-05|02:01:39.476] Imported new potential chain segment     number=81 hash=ef2e7d..4f0869 blocks=1 txs=0 mgas=0.000 elapsed=1.224ms     mgasps=0.000 triediffs=507.12KiB triedirty=0.00B
1	execution.log	execution_txs_field	2026-09-05T02:02:03.714598485Z	405	bb8c15..2fe9c8		0		INFO [09-05|02:02:03.714] Imported new potential chain segment     number=81 hash=bb8c15..2fe9c8 blocks=1 txs=0 mgas=0.000 elapsed=4.459ms     mgasps=0.000 triediffs=511.95KiB triedirty=0.00B
1	execution.log	execution_txs_field	2026-09-05T02:03:33.831737094Z	406	e095e4..37df18		0		INFO [09-05|02:03:33.831] Imported new potential chain segment     number=77 hash=e095e4..37df18 blocks=1 txs=0 mgas=0.000 elapsed=1.136ms     mgasps=0.000 triediffs=516.62KiB triedirty=0.00B
1	execution.log	execution_txs_field	2026-09-05T02:03:39.025292418Z	408	6d40f0..839086		0		"INFO [09-05|02:03:39.025] Updated payload                          id=0x0417ca260df58e8c number=81 hash=6d40f0..839086 txs=0 withdrawals=0 gas=0 fees=0 root=54abb4..8ca99a elapsed=""566.35µs""  balhash=0x9f14dca2cbe0e3b627a792d3c86ab6844963599da2230b71c97258ac7a02f003"
1	execution.log	execution_txs_field	2026-09-05T02:03:50.930079673Z	410	6d40f0..839086		0		INFO [09-05|02:03:50.929] Imported new potential chain segment     number=81 hash=6d40f0..839086 blocks=1 txs=0 mgas=0.000 elapsed=2.665ms     mgasps=0.000 triediffs=521.30KiB triedirty=0.00B
150	execution.log	execution_txs_field	2026-09-05T01:33:07.383398856Z	84	df777d..b81ab8		0		INFO [09-05|01:33:07.383] Imported new potential chain segment     number=1 hash=df777d..b81ab8 blocks=1 txs=0 mgas=0.000 elapsed=1.179ms     mgasps=0.000 triediffs=4.98KiB triedirty=0.00B
150	execution.log	execution_txs_field	2026-09-05T01:33:07.784173123Z	86	0		0		INFO [09-05|01:33:07.783] Indexed transactions                     blocks=2 txs=0 tail=0 elapsed=5.949ms
150	execution.log	execution_txs_field	2026-09-05T01:33:28.243053638Z	88	03b953..dfd5d3		0		"INFO [09-05|01:33:28.242] Imported new potential chain segment     number=1 hash=03b953..dfd5d3 blocks=1 txs=0 mgas=0.000 elapsed=""927.128µs"" mgasps=0.000 triediffs=9.95KiB triedirty=0.00B"
150	execution.log	execution_txs_field	2026-09-05T01:33:32.457415072Z	89	43e25c..3958a4		0		INFO [09-05|01:33:32.457] Imported new potential chain segment     number=2 hash=43e25c..3958a4 blocks=1 txs=0 mgas=0.000 elapsed=1.138ms     mgasps=0.000 triediffs=12.97KiB triedirty=0.00B
150	execution.log	execution_txs_field	2026-09-05T01:33:50.499746365Z	95	be1dd5..e71f1f		0		"INFO [09-05|01:33:50.499] Imported new potential chain segment     number=2 hash=be1dd5..e71f1f blocks=1 txs=0 mgas=0.000 elapsed=""867.567µs"" mgasps=0.000 triediffs=16.00KiB triedirty=0.00B"
150	execution.log	execution_txs_field	2026-09-05T01:34:06.563018334Z	97	12535e..3f7ac3		0		"INFO [09-05|01:34:06.562] Imported new potential chain segment     number=2 hash=12535e..3f7ac3 blocks=1 txs=0 mgas=0.000 elapsed=""785.599µs"" mgasps=0.000 triediffs=19.11KiB triedirty=0.00B"
150	execution.log	execution_txs_field	2026-09-05T01:34:13.635029205Z	103	d94ef5..6f32c4		0		INFO [09-05|01:34:13.634] Imported new potential chain segment     number=2 hash=d94ef5..6f32c4 blocks=1 txs=0 mgas=0.000 elapsed=1.621ms     mgasps=0.000 triediffs=22.31KiB triedirty=0.00B
150	execution.log	execution_txs_field	2026-09-05T01:34:26.131690254Z	106	7c666c..ac393c		0		"INFO [09-05|01:34:26.131] Imported new potential chain segment     number=3 hash=7c666c..ac393c blocks=1 txs=0 mgas=0.000 elapsed=""876.299µs"" mgasps=0.000 triediffs=25.41KiB triedirty=0.00B"
150	execution.log	execution_txs_field	2026-09-05T01:34:37.940383059Z	109	31cfcb..e9a663		0		INFO [09-05|01:34:37.940] Imported new potential chain segment     number=4 hash=31cfcb..e9a663 blocks=1 txs=0 mgas=0.000 elapsed=2.477ms     mgasps=0.000 triediffs=28.46KiB triedirty=0.00B
150	execution.log	execution_txs_field	2026-09-05T01:34:50.376266761Z	112	a218f6..5735a0		0		INFO [09-05|01:34:50.375] Imported new potential chain segment     number=5 hash=a218f6..5735a0 blocks=1 txs=0 mgas=0.000 elapsed=1.059ms     mgasps=0.000 triediffs=31.76KiB triedirty=0.00B
150	execution.log	execution_txs_field	2026-09-05T01:35:00.966906707Z	115	eb892e..fdc12b		0		INFO [09-05|01:35:00.966] Imported new potential chain segment     number=6 hash=eb892e..fdc12b blocks=1 txs=0 mgas=0.000 elapsed=1.673ms     mgasps=0.000 triediffs=35.27KiB triedirty=0.00B
150	execution.log	execution_txs_field	2026-09-05T01:35:14.595232501Z	118	ece62d..ee5d91		0		"INFO [09-05|01:35:14.595] Imported new potential chain segment     number=7 hash=ece62d..ee5d91 blocks=1 txs=0 mgas=0.000 elapsed=""916.916µs"" mgasps=0.000 triediffs=38.77KiB triedirty=0.00B"
150	execution.log	execution_txs_field	2026-09-05T01:35:25.048798340Z	121	552199..08f719		0		INFO [09-05|01:35:25.048] Imported new potential chain segment     number=8 hash=552199..08f719 blocks=1 txs=0 mgas=0.000 elapsed=1.357ms     mgasps=0.000 triediffs=42.04KiB triedirty=0.00B
150	execution.log	execution_txs_field	2026-09-05T01:35:37.212774888Z	124	78f969..73f77c		0		INFO [09-05|01:35:37.212] Imported new potential chain segment     number=9 hash=78f969..73f77c blocks=1 txs=0 mgas=0.000 elapsed=1.137ms     mgasps=0.000 triediffs=45.59KiB triedirty=0.00B
150	execution.log	execution_txs_field	2026-09-05T01:35:49.264112481Z	127	cc3a08..e39338		0		INFO [09-05|01:35:49.263] Imported new potential chain segment     number=10 hash=cc3a08..e39338 blocks=1 txs=0 mgas=0.000 elapsed=1.140ms     mgasps=0.000 triediffs=49.55KiB triedirty=0.00B
150	execution.log	execution_txs_field	2026-09-05T01:36:01.784764768Z	130	bd177e..8cddc5		0		INFO [09-05|01:36:01.784] Imported new potential chain segment     number=11 hash=bd177e..8cddc5 blocks=1 txs=0 mgas=0.000 elapsed=2.680ms     mgasps=0.000 triediffs=53.38KiB triedirty=0.00B
150	execution.log	execution_txs_field	2026-09-05T01:36:13.320664622Z	133	648514..5065ea		0		INFO [09-05|01:36:13.320] Imported new potential chain segment     number=12 hash=648514..5065ea blocks=1 txs=0 mgas=0.000 elapsed=2.823ms     mgasps=0.000 triediffs=57.16KiB triedirty=0.00B
150	execution.log	execution_txs_field	2026-09-05T01:36:26.998082454Z	136	cfcbf4..ebf7fc		0		INFO [09-05|01:36:26.996] Imported new potential chain segment     number=13 hash=cfcbf4..ebf7fc blocks=1 txs=0 mgas=0.000 elapsed=1.413ms     mgasps=0.000 triediffs=61.05KiB triedirty=0.00B
150	execution.log	execution_txs_field	2026-09-05T01:36:39.893527950Z	138	b8f457..a124e9		0		INFO [09-05|01:36:39.892] Imported new potential chain segment     number=14 hash=b8f457..a124e9 blocks=1 txs=0 mgas=0.000 elapsed=1.059ms     mgasps=0.000 triediffs=64.90KiB triedirty=0.00B
150	execution.log	execution_txs_field	2026-09-05T01:36:52.531701498Z	140	616503..e2f7fa		0		INFO [09-05|01:36:52.531] Imported new potential chain segment     number=15 hash=616503..e2f7fa blocks=1 txs=0 mgas=0.000 elapsed=1.085ms     mgasps=0.000 triediffs=69.00KiB triedirty=0.00B
150	execution.log	execution_txs_field	2026-09-05T01:37:02.991162163Z	144	b10c6c..5decba		0		INFO [09-05|01:37:02.990] Imported new potential chain segment     number=15 hash=b10c6c..5decba blocks=1 txs=0 mgas=0.000 elapsed=1.533ms     mgasps=0.000 triediffs=72.95KiB triedirty=0.00B
150	execution.log	execution_txs_field	2026-09-05T01:37:13.702656062Z	146	246b5e..e50bd4		0		INFO [09-05|01:37:13.702] Imported new potential chain segment     number=16 hash=246b5e..e50bd4 blocks=1 txs=0 mgas=0.000 elapsed=1.406ms     mgasps=0.000 triediffs=77.08KiB triedirty=0.00B
150	execution.log	execution_txs_field	2026-09-05T01:37:26.885799645Z	148	925d53..721761		0		INFO [09-05|01:37:26.885] Imported new potential chain segment     number=17 hash=925d53..721761 blocks=1 txs=0 mgas=0.000 elapsed=1.598ms     mgasps=0.000 triediffs=80.99KiB triedirty=0.00B
150	execution.log	execution_txs_field	2026-09-05T01:37:38.034125542Z	150	16fc2b..cc2f65		0		"INFO [09-05|01:37:38.033] Imported new potential chain segment     number=18 hash=16fc2b..cc2f65 blocks=1 txs=0 mgas=0.000 elapsed=""868.358µs"" mgasps=0.000 triediffs=85.08KiB triedirty=0.00B"
150	execution.log	execution_txs_field	2026-09-05T01:37:51.384138222Z	152	9f6ee5..ccef82		0		INFO [09-05|01:37:51.383] Imported new potential chain segment     number=19 hash=9f6ee5..ccef82 blocks=1 txs=0 mgas=0.000 elapsed=1.323ms     mgasps=0.000 triediffs=89.32KiB triedirty=0.00B
150	execution.log	execution_txs_field	2026-09-05T01:38:02.046722046Z	156	5ceb99..15391c		0		INFO [09-05|01:38:02.046] Imported new potential chain segment     number=19 hash=5ceb99..15391c blocks=1 txs=0 mgas=0.000 elapsed=1.049ms     mgasps=0.000 triediffs=93.62KiB triedirty=0.00B
150	execution.log	execution_txs_field	2026-09-05T01:38:13.604134010Z	158	e320f5..03e2af		0		INFO [09-05|01:38:13.603] Imported new potential chain segment     number=20 hash=e320f5..03e2af blocks=1 txs=0 mgas=0.000 elapsed=1.985ms     mgasps=0.000 triediffs=97.78KiB triedirty=0.00B
150	execution.log	execution_txs_field	2026-09-05T01:38:26.351911447Z	160	73eef2..ff2225		0		INFO [09-05|01:38:26.350] Imported new potential chain segment     number=21 hash=73eef2..ff2225 blocks=1 txs=0 mgas=0.000 elapsed=1.294ms     mgasps=0.000 triediffs=101.83KiB triedirty=0.00B
150	execution.log	execution_txs_field	2026-09-05T01:38:37.875542567Z	162	d98a1d..14bd7f		0		INFO [09-05|01:38:37.874] Imported new potential chain segment     number=22 hash=d98a1d..14bd7f blocks=1 txs=0 mgas=0.000 elapsed=1.022ms     mgasps=0.000 triediffs=106.18KiB triedirty=0.00B
150	execution.log	execution_txs_field	2026-09-05T01:38:50.331936100Z	164	4c5ec4..60f78c		0		INFO [09-05|01:38:50.331] Imported new potential chain segment     number=23 hash=4c5ec4..60f78c blocks=1 txs=0 mgas=0.000 elapsed=1.260ms     mgasps=0.000 triediffs=110.25KiB triedirty=0.00B
150	execution.log	execution_txs_field	2026-09-05T01:39:04.419388663Z	166	04f434..98d5ca		0		INFO [09-05|01:39:04.417] Imported new potential chain segment     number=24 hash=04f434..98d5ca blocks=1 txs=0 mgas=0.000 elapsed=5.592ms     mgasps=0.000 triediffs=114.63KiB triedirty=0.00B
150	execution.log	execution_txs_field	2026-09-05T01:39:15.010992764Z	170	414201..367880		0		INFO [09-05|01:39:15.010] Imported new potential chain segment     number=24 hash=414201..367880 blocks=1 txs=0 mgas=0.000 elapsed=1.028ms     mgasps=0.000 triediffs=119.06KiB triedirty=0.00B
150	execution.log	execution_txs_field	2026-09-05T01:39:25.326178138Z	172	2f944d..a5d707		0		"INFO [09-05|01:39:25.326] Imported new potential chain segment     number=25 hash=2f944d..a5d707 blocks=1 txs=0 mgas=0.000 elapsed=""905.468µs"" mgasps=0.000 triediffs=123.38KiB triedirty=0.00B"
150	execution.log	execution_txs_field	2026-09-05T01:39:37.567059779Z	174	55c261..7e2e95		0		INFO [09-05|01:39:37.566] Imported new potential chain segment     number=26 hash=55c261..7e2e95 blocks=1 txs=0 mgas=0.000 elapsed=1.571ms     mgasps=0.000 triediffs=127.57KiB triedirty=0.00B
150	execution.log	execution_txs_field	2026-09-05T01:39:49.792141637Z	176	4e2cbf..903cd8		0		INFO [09-05|01:39:49.791] Imported new potential chain segment     number=27 hash=4e2cbf..903cd8 blocks=1 txs=0 mgas=0.000 elapsed=1.013ms     mgasps=0.000 triediffs=131.73KiB triedirty=0.00B
150	execution.log	execution_txs_field	2026-09-05T01:40:04.294705071Z	178	d7a89c..6c2361		0		INFO [09-05|01:40:04.294] Imported new potential chain segment     number=28 hash=d7a89c..6c2361 blocks=1 txs=0 mgas=0.000 elapsed=1.441ms     mgasps=0.000 triediffs=135.91KiB triedirty=0.00B
150	execution.log	execution_txs_field	2026-09-05T01:40:14.468404306Z	180	3f042a..174852		0		INFO [09-05|01:40:14.467] Imported new potential chain segment     number=29 hash=3f042a..174852 blocks=1 txs=0 mgas=0.000 elapsed=1.176ms     mgasps=0.000 triediffs=140.21KiB triedirty=0.00B
150	execution.log	execution_txs_field	2026-09-05T01:40:26.386075847Z	184	881f01..1243dc		0		INFO [09-05|01:40:26.380] Imported new potential chain segment     number=29 hash=881f01..1243dc blocks=1 txs=0 mgas=0.000 elapsed=1.327ms     mgasps=0.000 triediffs=144.51KiB triedirty=0.00B
150	execution.log	execution_txs_field	2026-09-05T01:40:38.413541122Z	186	9f7655..5e954d		0		"INFO [09-05|01:40:38.413] Imported new potential chain segment     number=30 hash=9f7655..5e954d blocks=1 txs=0 mgas=0.000 elapsed=""907.796µs"" mgasps=0.000 triediffs=148.63KiB triedirty=0.00B"
150	execution.log	execution_txs_field	2026-09-05T01:40:50.191190180Z	188	f995d4..9e7a4b		0		INFO [09-05|01:40:50.190] Imported new potential chain segment     number=31 hash=f995d4..9e7a4b blocks=1 txs=0 mgas=0.000 elapsed=1.335ms     mgasps=0.000 triediffs=152.91KiB triedirty=0.00B
150	execution.log	execution_txs_field	2026-09-05T01:41:03.107425861Z	190	245f92..ed5dbe		0		INFO [09-05|01:41:03.106] Imported new potential chain segment     number=32 hash=245f92..ed5dbe blocks=1 txs=0 mgas=0.000 elapsed=2.660ms     mgasps=0.000 triediffs=157.23KiB triedirty=0.00B
150	execution.log	execution_txs_field	2026-09-05T01:41:14.163009808Z	192	ab4db7..618b72		0		"INFO [09-05|01:41:14.162] Imported new potential chain segment     number=33 hash=ab4db7..618b72 blocks=1 txs=0 mgas=0.000 elapsed=""894.197µs"" mgasps=0.000 triediffs=161.44KiB triedirty=0.00B"
150	execution.log	execution_txs_field	2026-09-05T01:41:26.388995464Z	194	d706a2..750bf5		0		INFO [09-05|01:41:26.388] Imported new potential chain segment     number=34 hash=d706a2..750bf5 blocks=1 txs=0 mgas=0.000 elapsed=4.128ms     mgasps=0.000 triediffs=166.04KiB triedirty=0.00B
150	execution.log	execution_txs_field	2026-09-05T01:41:38.069434427Z	196	25f757..da2f35		0		INFO [09-05|01:41:38.069] Imported new potential chain segment     number=35 hash=25f757..da2f35 blocks=1 txs=0 mgas=0.000 elapsed=1.069ms     mgasps=0.000 triediffs=170.49KiB triedirty=0.00B
150	execution.log	execution_txs_field	2026-09-05T01:41:50.849440669Z	198	80c043..4ace9b		0		INFO [09-05|01:41:50.849] Imported new potential chain segment     number=36 hash=80c043..4ace9b blocks=1 txs=0 mgas=0.000 elapsed=1.280ms     mgasps=0.000 triediffs=174.88KiB triedirty=0.00B
150	execution.log	execution_txs_field	2026-09-05T01:42:02.674262626Z	200	2df177..76a742		0		INFO [09-05|01:42:02.674] Imported new potential chain segment     number=37 hash=2df177..76a742 blocks=1 txs=0 mgas=0.000 elapsed=1.287ms     mgasps=0.000 triediffs=179.54KiB triedirty=0.00B
150	execution.log	execution_txs_field	2026-09-05T01:42:14.376030819Z	202	9cc50b..285ce8		0		INFO [09-05|01:42:14.375] Imported new potential chain segment     number=38 hash=9cc50b..285ce8 blocks=1 txs=0 mgas=0.000 elapsed=1.254ms     mgasps=0.000 triediffs=183.85KiB triedirty=0.00B
150	execution.log	execution_txs_field	2026-09-05T01:42:26.893538473Z	204	33cbd1..f54aeb		0		INFO [09-05|01:42:26.893] Imported new potential chain segment     number=39 hash=33cbd1..f54aeb blocks=1 txs=0 mgas=0.000 elapsed=1.190ms     mgasps=0.000 triediffs=188.15KiB triedirty=0.00B
150	execution.log	execution_txs_field	2026-09-05T01:42:37.815028342Z	206	0a005e..8d6710		0		INFO [09-05|01:42:37.812] Imported new potential chain segment     number=40 hash=0a005e..8d6710 blocks=1 txs=0 mgas=0.000 elapsed=1.224ms     mgasps=0.000 triediffs=192.49KiB triedirty=0.00B
150	execution.log	execution_txs_field	2026-09-05T01:42:51.179907671Z	208	b7e340..5807cf		0		INFO [09-05|01:42:51.179] Imported new potential chain segment     number=41 hash=b7e340..5807cf blocks=1 txs=0 mgas=0.000 elapsed=1.280ms     mgasps=0.000 triediffs=196.62KiB triedirty=0.00B
150	execution.log	execution_txs_field	2026-09-05T01:43:04.083327414Z	210	6b770d..6c9b9b		0		INFO [09-05|01:43:04.083] Imported new potential chain segment     number=42 hash=6b770d..6c9b9b blocks=1 txs=0 mgas=0.000 elapsed=1.010ms     mgasps=0.000 triediffs=200.95KiB triedirty=0.00B
150	execution.log	execution_txs_field	2026-09-05T01:43:14.448100401Z	214	13caf6..fac097		0		INFO [09-05|01:43:14.447] Imported new potential chain segment     number=42 hash=13caf6..fac097 blocks=1 txs=0 mgas=0.000 elapsed=3.098ms     mgasps=0.000 triediffs=205.34KiB triedirty=0.00B
150	execution.log	execution_txs_field	2026-09-05T01:43:28.884560955Z	216	9329e7..78b0f7		0		INFO [09-05|01:43:28.884] Imported new potential chain segment     number=43 hash=9329e7..78b0f7 blocks=1 txs=0 mgas=0.000 elapsed=1.026ms     mgasps=0.000 triediffs=209.67KiB triedirty=0.00B
150	execution.log	execution_txs_field	2026-09-05T01:43:44.202695455Z	218	a68a7f..957f92		0		INFO [09-05|01:43:44.202] Imported new potential chain segment     number=44 hash=a68a7f..957f92 blocks=1 txs=0 mgas=0.000 elapsed=1.150ms     mgasps=0.000 triediffs=214.10KiB triedirty=0.00B
150	execution.log	execution_txs_field	2026-09-05T01:43:51.183913993Z	222	a83ef3..7225e7		0		INFO [09-05|01:43:51.182] Imported new potential chain segment     number=44 hash=a83ef3..7225e7 blocks=1 txs=0 mgas=0.000 elapsed=1.566ms     mgasps=0.000 triediffs=218.60KiB triedirty=0.00B
150	execution.log	execution_txs_field	2026-09-05T01:44:05.121064530Z	224	08d472..c06948		0		"INFO [09-05|01:44:05.120] Imported new potential chain segment     number=45 hash=08d472..c06948 blocks=1 txs=0 mgas=0.000 elapsed=""927.487µs"" mgasps=0.000 triediffs=223.24KiB triedirty=0.00B"
150	execution.log	execution_txs_field	2026-09-05T01:44:14.880703638Z	228	da1c1b..7bffb9		0		INFO [09-05|01:44:14.880] Imported new potential chain segment     number=45 hash=da1c1b..7bffb9 blocks=1 txs=0 mgas=0.000 elapsed=1.444ms     mgasps=0.000 triediffs=227.75KiB triedirty=0.00B
150	execution.log	execution_txs_field	2026-09-05T01:44:25.179184781Z	230	b63315..308147		0		INFO [09-05|01:44:25.178] Imported new potential chain segment     number=46 hash=b63315..308147 blocks=1 txs=0 mgas=0.000 elapsed=2.953ms     mgasps=0.000 triediffs=232.02KiB triedirty=0.00B
150	execution.log	execution_txs_field	2026-09-05T01:44:38.965782422Z	232	4ba57f..ac60f8		0		INFO [09-05|01:44:38.965] Imported new potential chain segment     number=47 hash=4ba57f..ac60f8 blocks=1 txs=0 mgas=0.000 elapsed=1.954ms     mgasps=0.000 triediffs=236.47KiB triedirty=0.00B
150	execution.log	execution_txs_field	2026-09-05T01:44:54.474295947Z	234	ee30f8..65d871		0		INFO [09-05|01:44:54.474] Imported new potential chain segment     number=48 hash=ee30f8..65d871 blocks=1 txs=0 mgas=0.000 elapsed=1.071ms     mgasps=0.000 triediffs=240.93KiB triedirty=0.00B
150	execution.log	execution_txs_field	2026-09-05T01:45:05.125311894Z	238	191311..0fc02e		0		INFO [09-05|01:45:05.125] Imported new potential chain segment     number=48 hash=191311..0fc02e blocks=1 txs=0 mgas=0.000 elapsed=1.686ms     mgasps=0.000 triediffs=245.29KiB triedirty=0.00B
150	execution.log	execution_txs_field	2026-09-05T01:45:17.181014583Z	242	a1ee4b..334727		0		INFO [09-05|01:45:17.180] Imported new potential chain segment     number=48 hash=a1ee4b..334727 blocks=1 txs=0 mgas=0.000 elapsed=1.172ms     mgasps=0.000 triediffs=249.47KiB triedirty=0.00B
150	execution.log	execution_txs_field	2026-09-05T01:45:25.580554154Z	244	673f5c..1783c1		0		INFO [09-05|01:45:25.580] Imported new potential chain segment     number=49 hash=673f5c..1783c1 blocks=1 txs=0 mgas=0.000 elapsed=1.288ms     mgasps=0.000 triediffs=253.86KiB triedirty=0.00B
150	execution.log	execution_txs_field	2026-09-05T01:45:40.856466383Z	246	e78411..02dd7f		0		INFO [09-05|01:45:40.856] Imported new potential chain segment     number=50 hash=e78411..02dd7f blocks=1 txs=0 mgas=0.000 elapsed=1.179ms     mgasps=0.000 triediffs=258.35KiB triedirty=0.00B
150	execution.log	execution_txs_field	2026-09-05T01:45:49.958029302Z	250	a41b5c..be6384		0		"INFO [09-05|01:45:49.957] Imported new potential chain segment     number=50 hash=a41b5c..be6384 blocks=1 txs=0 mgas=0.000 elapsed=""912.42µs""  mgasps=0.000 triediffs=262.80KiB triedirty=0.00B"
150	execution.log	execution_txs_field	2026-09-05T01:46:01.867369153Z	252	97e5c0..cee620		0		INFO [09-05|01:46:01.867] Imported new potential chain segment     number=51 hash=97e5c0..cee620 blocks=1 txs=0 mgas=0.000 elapsed=1.835ms     mgasps=0.000 triediffs=267.60KiB triedirty=0.00B
150	execution.log	execution_txs_field	2026-09-05T01:46:16.344669918Z	254	935782..2eae13		0		"INFO [09-05|01:46:16.344] Imported new potential chain segment     number=52 hash=935782..2eae13 blocks=1 txs=0 mgas=0.000 elapsed=""831.719µs"" mgasps=0.000 triediffs=271.93KiB triedirty=0.00B"
150	execution.log	execution_txs_field	2026-09-05T01:46:27.335692427Z	258	e2bafb..042e8d		0		INFO [09-05|01:46:27.335] Imported new potential chain segment     number=52 hash=e2bafb..042e8d blocks=1 txs=0 mgas=0.000 elapsed=1.150ms     mgasps=0.000 triediffs=276.42KiB triedirty=0.00B
150	execution.log	execution_txs_field	2026-09-05T01:46:37.286480356Z	262	d1c751..5bfd2e		0		"INFO [09-05|01:46:37.286] Imported new potential chain segment     number=52 hash=d1c751..5bfd2e blocks=1 txs=0 mgas=0.000 elapsed=""899.699µs"" mgasps=0.000 triediffs=281.03KiB triedirty=0.00B"
150	execution.log	execution_txs_field	2026-09-05T01:46:49.778137391Z	264	86157f..f26538		0		INFO [09-05|01:46:49.777] Imported new potential chain segment     number=53 hash=86157f..f26538 blocks=1 txs=0 mgas=0.000 elapsed=1.022ms     mgasps=0.000 triediffs=285.61KiB triedirty=0.00B
150	execution.log	execution_txs_field	2026-09-05T01:47:01.326049011Z	266	ccff6b..7ebef2		0		INFO [09-05|01:47:01.325] Imported new potential chain segment     number=54 hash=ccff6b..7ebef2 blocks=1 txs=0 mgas=0.000 elapsed=2.058ms     mgasps=0.000 triediffs=290.28KiB triedirty=0.00B
150	execution.log	execution_txs_field	2026-09-05T01:47:13.891978755Z	268	dbe549..2afec8		0		"INFO [09-05|01:47:13.891] Imported new potential chain segment     number=55 hash=dbe549..2afec8 blocks=1 txs=0 mgas=0.000 elapsed=""991.662µs"" mgasps=0.000 triediffs=294.89KiB triedirty=0.00B"
150	execution.log	execution_txs_field	2026-09-05T01:47:26.981445908Z	270	b9ed6b..5b1229		0		INFO [09-05|01:47:26.980] Imported new potential chain segment     number=56 hash=b9ed6b..5b1229 blocks=1 txs=0 mgas=0.000 elapsed=1.186ms     mgasps=0.000 triediffs=299.47KiB triedirty=0.00B
150	execution.log	execution_txs_field	2026-09-05T01:47:38.424951493Z	272	e20702..b03843		0		"INFO [09-05|01:47:38.423] Imported new potential chain segment     number=57 hash=e20702..b03843 blocks=1 txs=0 mgas=0.000 elapsed=""943.751µs"" mgasps=0.000 triediffs=303.96KiB triedirty=0.00B"
150	execution.log	execution_txs_field	2026-09-05T01:47:49.725975366Z	274	e60f3b..74a28a		0		INFO [09-05|01:47:49.725] Imported new potential chain segment     number=58 hash=e60f3b..74a28a blocks=1 txs=0 mgas=0.000 elapsed=1.362ms     mgasps=0.000 triediffs=308.66KiB triedirty=0.00B
150	execution.log	execution_txs_field	2026-09-05T01:48:01.707115205Z	276	0e467b..0f480b		0		INFO [09-05|01:48:01.706] Imported new potential chain segment     number=59 hash=0e467b..0f480b blocks=1 txs=0 mgas=0.000 elapsed=5.844ms     mgasps=0.000 triediffs=313.03KiB triedirty=0.00B
150	execution.log	execution_txs_field	2026-09-05T01:48:13.139536263Z	278	7bc9a7..9ef738		0		"INFO [09-05|01:48:13.139] Imported new potential chain segment     number=60 hash=7bc9a7..9ef738 blocks=1 txs=0 mgas=0.000 elapsed=""863.077µs"" mgasps=0.000 triediffs=317.63KiB triedirty=0.00B"
150	execution.log	execution_txs_field	2026-09-05T01:48:26.117854105Z	280	a2cbbc..08ffc8		0		INFO [09-05|01:48:26.117] Imported new potential chain segment     number=61 hash=a2cbbc..08ffc8 blocks=1 txs=0 mgas=0.000 elapsed=1.146ms     mgasps=0.000 triediffs=322.32KiB triedirty=0.00B
150	execution.log	execution_txs_field	2026-09-05T01:48:38.207402312Z	282	dbcf51..c00195		0		INFO [09-05|01:48:38.207] Imported new potential chain segment     number=62 hash=dbcf51..c00195 blocks=1 txs=0 mgas=0.000 elapsed=1.387ms     mgasps=0.000 triediffs=326.72KiB triedirty=0.00B
150	execution.log	execution_txs_field	2026-09-05T01:48:49.451162201Z	284	946a20..24eded		0		INFO [09-05|01:48:49.450] Imported new potential chain segment     number=63 hash=946a20..24eded blocks=1 txs=0 mgas=0.000 elapsed=1.275ms     mgasps=0.000 triediffs=331.80KiB triedirty=0.00B
150	execution.log	execution_txs_field	2026-09-05T01:49:01.667693991Z	286	131a9c..5ab3ec		0		INFO [09-05|01:49:01.667] Imported new potential chain segment     number=64 hash=131a9c..5ab3ec blocks=1 txs=0 mgas=0.000 elapsed=1.764ms     mgasps=0.000 triediffs=336.84KiB triedirty=0.00B
150	execution.log	execution_txs_field	2026-09-05T01:49:14.858455657Z	288	b15e60..8211bb		0		INFO [09-05|01:49:14.858] Imported new potential chain segment     number=65 hash=b15e60..8211bb blocks=1 txs=0 mgas=0.000 elapsed=1.588ms     mgasps=0.000 triediffs=341.40KiB triedirty=0.00B
150	execution.log	execution_txs_field	2026-09-05T01:49:28.264750872Z	290	ff9448..f29f33		0		INFO [09-05|01:49:28.264] Imported new potential chain segment     number=66 hash=ff9448..f29f33 blocks=1 txs=0 mgas=0.000 elapsed=1.055ms     mgasps=0.000 triediffs=346.28KiB triedirty=0.00B
150	execution.log	execution_txs_field	2026-09-05T01:49:37.828996137Z	294	db3c8e..6f96bc		0		"INFO [09-05|01:49:37.828] Imported new potential chain segment     number=66 hash=db3c8e..6f96bc blocks=1 txs=0 mgas=0.000 elapsed=""996.535µs"" mgasps=0.000 triediffs=350.83KiB triedirty=0.00B"
150	execution.log	execution_txs_field	2026-09-05T01:49:50.019332292Z	296	18ed4b..e5ed48		0		"INFO [09-05|01:49:50.019] Imported new potential chain segment     number=67 hash=18ed4b..e5ed48 blocks=1 txs=0 mgas=0.000 elapsed=""883.237µs"" mgasps=0.000 triediffs=355.65KiB triedirty=0.00B"
150	execution.log	execution_txs_field	2026-09-05T01:50:04.797079540Z	298	960c16..318018		0		INFO [09-05|01:50:04.796] Imported new potential chain segment     number=68 hash=960c16..318018 blocks=1 txs=0 mgas=0.000 elapsed=1.283ms     mgasps=0.000 triediffs=360.20KiB triedirty=0.00B
150	execution.log	execution_txs_field	2026-09-05T01:50:16.993298900Z	302	bf5ffd..88a9b4		0		INFO [09-05|01:50:16.993] Imported new potential chain segment     number=68 hash=bf5ffd..88a9b4 blocks=1 txs=0 mgas=0.000 elapsed=1.687ms     mgasps=0.000 triediffs=364.84KiB triedirty=0.00B
150	execution.log	execution_txs_field	2026-09-05T01:50:25.624014273Z	306	fbd155..aed3c2		0		"INFO [09-05|01:50:25.623] Imported new potential chain segment     number=68 hash=fbd155..aed3c2 blocks=1 txs=0 mgas=0.000 elapsed=""982.349µs"" mgasps=0.000 triediffs=369.36KiB triedirty=0.00B"
150	execution.log	execution_txs_field	2026-09-05T01:50:37.058493798Z	308	5af476..472169		0		INFO [09-05|01:50:37.058] Imported new potential chain segment     number=69 hash=5af476..472169 blocks=1 txs=0 mgas=0.000 elapsed=1.268ms     mgasps=0.000 triediffs=373.72KiB triedirty=0.00B
150	execution.log	execution_txs_field	2026-09-05T01:50:49.730778305Z	310	2ccbd5..74e10b		0		INFO [09-05|01:50:49.729] Imported new potential chain segment     number=70 hash=2ccbd5..74e10b blocks=1 txs=0 mgas=0.000 elapsed=1.032ms     mgasps=0.000 triediffs=378.46KiB triedirty=0.00B
150	execution.log	execution_txs_field	2026-09-05T01:51:04.027631388Z	312	dd3658..345fd9		0		INFO [09-05|01:51:04.027] Imported new potential chain segment     number=71 hash=dd3658..345fd9 blocks=1 txs=0 mgas=0.000 elapsed=1.031ms     mgasps=0.000 triediffs=383.13KiB triedirty=0.00B
150	execution.log	execution_txs_field	2026-09-05T01:51:13.274026661Z	316	323361..eea910		0		INFO [09-05|01:51:13.273] Imported new potential chain segment     number=71 hash=323361..eea910 blocks=1 txs=0 mgas=0.000 elapsed=1.203ms     mgasps=0.000 triediffs=387.32KiB triedirty=0.00B
150	execution.log	execution_txs_field	2026-09-05T01:51:25.645877023Z	318	931683..18733c		0		INFO [09-05|01:51:25.645] Imported new potential chain segment     number=72 hash=931683..18733c blocks=1 txs=0 mgas=0.000 elapsed=1.112ms     mgasps=0.000 triediffs=392.21KiB triedirty=0.00B
150	execution.log	execution_txs_field	2026-09-05T01:51:38.027048987Z	320	e7eb34..389c72		0		INFO [09-05|01:51:38.025] Imported new potential chain segment     number=73 hash=e7eb34..389c72 blocks=1 txs=0 mgas=0.000 elapsed=1.028ms     mgasps=0.000 triediffs=396.95KiB triedirty=0.00B
150	execution.log	execution_txs_field	2026-09-05T01:51:49.337092197Z	322	460535..2d9832		0		INFO [09-05|01:51:49.336] Imported new potential chain segment     number=74 hash=460535..2d9832 blocks=1 txs=0 mgas=0.000 elapsed=4.675ms     mgasps=0.000 triediffs=402.11KiB triedirty=0.00B
150	execution.log	execution_txs_field	2026-09-05T01:52:03.792779196Z	324	3d8b75..118040		0		INFO [09-05|01:52:03.792] Imported new potential chain segment     number=75 hash=3d8b75..118040 blocks=1 txs=0 mgas=0.000 elapsed=1.309ms     mgasps=0.000 triediffs=406.67KiB triedirty=0.00B
150	execution.log	execution_txs_field	2026-09-05T01:52:13.275765215Z	328	e2a896..c21a3b		0		INFO [09-05|01:52:13.275] Imported new potential chain segment     number=75 hash=e2a896..c21a3b blocks=1 txs=0 mgas=0.000 elapsed=1.524ms     mgasps=0.000 triediffs=411.41KiB triedirty=0.00B
150	execution.log	execution_txs_field	2026-09-05T01:52:26.447402747Z	330	52841d..f6cee3		0		INFO [09-05|01:52:26.446] Imported new potential chain segment     number=76 hash=52841d..f6cee3 blocks=1 txs=0 mgas=0.000 elapsed=2.185ms     mgasps=0.000 triediffs=415.86KiB triedirty=0.00B
150	execution.log	execution_txs_field	2026-09-05T01:52:39.941709551Z	332	d7945a..40c8b0		0		INFO [09-05|01:52:39.941] Imported new potential chain segment     number=77 hash=d7945a..40c8b0 blocks=1 txs=0 mgas=0.000 elapsed=1.406ms     mgasps=0.000 triediffs=420.72KiB triedirty=0.00B
150	execution.log	execution_txs_field	2026-09-05T01:52:49.808631359Z	336	6f602f..2b845a		0		INFO [09-05|01:52:49.808] Imported new potential chain segment     number=77 hash=6f602f..2b845a blocks=1 txs=0 mgas=0.000 elapsed=2.089ms     mgasps=0.000 triediffs=425.34KiB triedirty=0.00B
150	execution.log	execution_txs_field	2026-09-05T01:53:01.471383771Z	338	5c42bd..ba2fd8		0		INFO [09-05|01:53:01.471] Imported new potential chain segment     number=78 hash=5c42bd..ba2fd8 blocks=1 txs=0 mgas=0.000 elapsed=1.745ms     mgasps=0.000 triediffs=430.04KiB triedirty=0.00B
150	execution.log	execution_txs_field	2026-09-05T01:53:16.178754332Z	340	1c9360..c70589		0		INFO [09-05|01:53:16.178] Imported new potential chain segment     number=79 hash=1c9360..c70589 blocks=1 txs=0 mgas=0.000 elapsed=1.214ms     mgasps=0.000 triediffs=434.92KiB triedirty=0.00B
150	execution.log	execution_txs_field	2026-09-05T01:53:26.280911769Z	342	0227c0..5718a6		0		INFO [09-05|01:53:26.280] Imported new potential chain segment     number=80 hash=0227c0..5718a6 blocks=1 txs=0 mgas=0.000 elapsed=1.224ms     mgasps=0.000 triediffs=439.88KiB triedirty=0.00B
150	execution.log	execution_txs_field	2026-09-05T01:53:39.196995679Z	344	c9aba8..9e7eac		0		INFO [09-05|01:53:39.196] Imported new potential chain segment     number=81 hash=c9aba8..9e7eac blocks=1 txs=0 mgas=0.000 elapsed=2.682ms     mgasps=0.000 triediffs=444.52KiB triedirty=0.00B
150	execution.log	execution_txs_field	2026-09-05T01:53:51.219356185Z	348	5f5a54..c1a931		0		INFO [09-05|01:53:51.219] Imported new potential chain segment     number=81 hash=5f5a54..c1a931 blocks=1 txs=0 mgas=0.000 elapsed=1.319ms     mgasps=0.000 triediffs=449.62KiB triedirty=0.00B
150	execution.log	execution_txs_field	2026-09-05T01:54:02.558645087Z	352	3eae0c..fbe66f		0		INFO [09-05|01:54:02.558] Imported new potential chain segment     number=81 hash=3eae0c..fbe66f blocks=1 txs=0 mgas=0.000 elapsed=1.239ms     mgasps=0.000 triediffs=454.47KiB triedirty=0.00B
150	execution.log	execution_txs_field	2026-09-05T01:54:13.393112740Z	354	f9453c..b77e12		0		INFO [09-05|01:54:13.392] Imported new potential chain segment     number=82 hash=f9453c..b77e12 blocks=1 txs=0 mgas=0.000 elapsed=2.286ms     mgasps=0.000 triediffs=459.08KiB triedirty=0.00B
150	execution.log	execution_txs_field	2026-09-05T01:54:25.288710185Z	356	4f7379..614599		0		INFO [09-05|01:54:25.286] Imported new potential chain segment     number=83 hash=4f7379..614599 blocks=1 txs=0 mgas=0.000 elapsed=1.402ms     mgasps=0.000 triediffs=463.91KiB triedirty=0.00B
150	execution.log	execution_txs_field	2026-09-05T01:54:37.156018779Z	358	df1658..07b6ae		0		"INFO [09-05|01:54:37.155] Imported new potential chain segment     number=76 hash=df1658..07b6ae blocks=1 txs=0 mgas=0.000 elapsed=""986.25µs""  mgasps=0.000 triediffs=468.82KiB triedirty=0.00B"
150	execution.log	execution_txs_field	2026-09-05T01:54:49.190932053Z	359	522ef9..69614c		0		INFO [09-05|01:54:49.187] Imported new potential chain segment     number=84 hash=522ef9..69614c blocks=1 txs=0 mgas=0.000 elapsed=1.138ms     mgasps=0.000 triediffs=473.46KiB triedirty=0.00B
150	execution.log	execution_txs_field	2026-09-05T01:55:01.399240787Z	361	cb8824..7e85b0		0		INFO [09-05|01:55:01.399] Imported new potential chain segment     number=85 hash=cb8824..7e85b0 blocks=1 txs=0 mgas=0.000 elapsed=1.268ms     mgasps=0.000 triediffs=477.89KiB triedirty=0.00B
150	execution.log	execution_txs_field	2026-09-05T01:55:15.377928092Z	363	a22766..857829		0		INFO [09-05|01:55:15.377] Imported new potential chain segment     number=86 hash=a22766..857829 blocks=1 txs=0 mgas=0.000 elapsed=1.301ms     mgasps=0.000 triediffs=482.53KiB triedirty=0.00B
150	execution.log	execution_txs_field	2026-09-05T01:55:25.534852588Z	367	a87335..aaa8db		0		INFO [09-05|01:55:25.534] Imported new potential chain segment     number=86 hash=a87335..aaa8db blocks=1 txs=0 mgas=0.000 elapsed=1.373ms     mgasps=0.000 triediffs=487.30KiB triedirty=0.00B
150	execution.log	execution_txs_field	2026-09-05T01:55:37.323976581Z	369	f02f6d..9213e7		0		INFO [09-05|01:55:37.320] Imported new potential chain segment     number=87 hash=f02f6d..9213e7 blocks=1 txs=0 mgas=0.000 elapsed=5.646ms     mgasps=0.000 triediffs=492.08KiB triedirty=0.00B
150	execution.log	execution_txs_field	2026-09-05T01:59:58.727813126Z	374	318bd8..154b97		0		INFO [09-05|01:59:58.727] Imported new potential chain segment     number=81 hash=318bd8..154b97 blocks=1 txs=0 mgas=0.000 elapsed=1.058ms     mgasps=0.000 triediffs=497.16KiB triedirty=0.00B
150	execution.log	execution_txs_field	2026-09-05T02:02:28.828142738Z	376	bb8c15..2fe9c8		0		INFO [09-05|02:02:28.828] Imported new potential chain segment     number=81 hash=bb8c15..2fe9c8 blocks=1 txs=0 mgas=0.000 elapsed=1.050ms     mgasps=0.000 triediffs=501.99KiB triedirty=0.00B
150	execution.log	execution_txs_field	2026-09-05T02:03:33.968477937Z	377	e095e4..37df18		0		INFO [09-05|02:03:33.968] Imported new potential chain segment     number=77 hash=e095e4..37df18 blocks=1 txs=0 mgas=0.000 elapsed=4.578ms     mgasps=0.000 triediffs=506.67KiB triedirty=0.00B
150	execution.log	execution_txs_field	2026-09-05T02:09:15.584452698Z	380	3d4c39..a079ff		0		INFO [09-05|02:09:15.584] Updated payload                          id=0x04605d3f6ed2045b number=81 hash=3d4c39..a079ff txs=0 withdrawals=0 gas=0 fees=0 root=b4b453..f9f198 elapsed=1.560ms     balhash=0x8e82979a255a03763d4a9338e2210a6a59a3bc8fa8cdba39702afdaf9fce13e8
150	execution.log	execution_txs_field	2026-09-05T02:09:29.960389683Z	382	3d4c39..a079ff		0		INFO [09-05|02:09:29.960] Imported new potential chain segment     number=81 hash=3d4c39..a079ff blocks=1 txs=0 mgas=0.000 elapsed=1.342ms     mgasps=0.000 triediffs=511.53KiB triedirty=0.00B
700	execution.log	execution_txs_field	2026-09-05T01:33:01.713247970Z	92	df777d..b81ab8		0		INFO [09-05|01:33:01.713] Imported new potential chain segment     number=1 hash=df777d..b81ab8 blocks=1 txs=0 mgas=0.000 elapsed=1.550ms     mgasps=0.000 triediffs=4.98KiB triedirty=0.00B
700	execution.log	execution_txs_field	2026-09-05T01:33:01.720401339Z	94	0		0		"INFO [09-05|01:33:01.719] Indexed transactions                     blocks=2 txs=0 tail=0 elapsed=""646.377µs"""
700	execution.log	execution_txs_field	2026-09-05T01:33:18.812588610Z	99	03b953..dfd5d3		0		"INFO [09-05|01:33:18.812] Imported new potential chain segment     number=1 hash=03b953..dfd5d3 blocks=1 txs=0 mgas=0.000 elapsed=""905µs""     mgasps=0.000 triediffs=9.95KiB triedirty=0.00B"
700	execution.log	execution_txs_field	2026-09-05T01:33:26.848850679Z	105	43e25c..3958a4		0		INFO [09-05|01:33:26.848] Imported new potential chain segment     number=2 hash=43e25c..3958a4 blocks=1 txs=0 mgas=0.000 elapsed=1.161ms     mgasps=0.000 triediffs=12.97KiB triedirty=0.00B
700	execution.log	execution_txs_field	2026-09-05T01:33:47.011924936Z	111	be1dd5..e71f1f		0		"INFO [09-05|01:33:47.011] Imported new potential chain segment     number=2 hash=be1dd5..e71f1f blocks=1 txs=0 mgas=0.000 elapsed=""807.042µs"" mgasps=0.000 triediffs=16.00KiB triedirty=0.00B"
700	execution.log	execution_txs_field	2026-09-05T01:34:06.434092917Z	117	12535e..3f7ac3		0		INFO [09-05|01:34:06.433] Imported new potential chain segment     number=2 hash=12535e..3f7ac3 blocks=1 txs=0 mgas=0.000 elapsed=1.804ms     mgasps=0.000 triediffs=19.11KiB triedirty=0.00B
700	execution.log	execution_txs_field	2026-09-05T01:34:12.961088034Z	123	d94ef5..6f32c4		0		INFO [09-05|01:34:12.960] Imported new potential chain segment     number=2 hash=d94ef5..6f32c4 blocks=1 txs=0 mgas=0.000 elapsed=1.714ms     mgasps=0.000 triediffs=22.31KiB triedirty=0.00B
700	execution.log	execution_txs_field	2026-09-05T01:34:24.964527111Z	126	7c666c..ac393c		0		INFO [09-05|01:34:24.963] Imported new potential chain segment     number=3 hash=7c666c..ac393c blocks=1 txs=0 mgas=0.000 elapsed=1.187ms     mgasps=0.000 triediffs=25.41KiB triedirty=0.00B
700	execution.log	execution_txs_field	2026-09-05T01:34:36.926043803Z	129	31cfcb..e9a663		0		INFO [09-05|01:34:36.925] Imported new potential chain segment     number=4 hash=31cfcb..e9a663 blocks=1 txs=0 mgas=0.000 elapsed=3.944ms     mgasps=0.000 triediffs=28.46KiB triedirty=0.00B
700	execution.log	execution_txs_field	2026-09-05T01:34:48.797005766Z	132	a218f6..5735a0		0		INFO [09-05|01:34:48.796] Imported new potential chain segment     number=5 hash=a218f6..5735a0 blocks=1 txs=0 mgas=0.000 elapsed=1.220ms     mgasps=0.000 triediffs=31.76KiB triedirty=0.00B
700	execution.log	execution_txs_field	2026-09-05T01:35:00.645466368Z	135	eb892e..fdc12b		0		"INFO [09-05|01:35:00.645] Imported new potential chain segment     number=6 hash=eb892e..fdc12b blocks=1 txs=0 mgas=0.000 elapsed=""860.899µs"" mgasps=0.000 triediffs=35.27KiB triedirty=0.00B"
700	execution.log	execution_txs_field	2026-09-05T01:35:13.316548687Z	138	ece62d..ee5d91		0		INFO [09-05|01:35:13.316] Imported new potential chain segment     number=7 hash=ece62d..ee5d91 blocks=1 txs=0 mgas=0.000 elapsed=1.180ms     mgasps=0.000 triediffs=38.77KiB triedirty=0.00B
700	execution.log	execution_txs_field	2026-09-05T01:35:24.528002736Z	141	552199..08f719		0		INFO [09-05|01:35:24.527] Imported new potential chain segment     number=8 hash=552199..08f719 blocks=1 txs=0 mgas=0.000 elapsed=1.042ms     mgasps=0.000 triediffs=42.04KiB triedirty=0.00B
700	execution.log	execution_txs_field	2026-09-05T01:35:36.651384962Z	144	78f969..73f77c		0		INFO [09-05|01:35:36.650] Imported new potential chain segment     number=9 hash=78f969..73f77c blocks=1 txs=0 mgas=0.000 elapsed=2.209ms     mgasps=0.000 triediffs=45.59KiB triedirty=0.00B
700	execution.log	execution_txs_field	2026-09-05T01:35:48.780767131Z	147	cc3a08..e39338		0		INFO [09-05|01:35:48.780] Imported new potential chain segment     number=10 hash=cc3a08..e39338 blocks=1 txs=0 mgas=0.000 elapsed=1.285ms     mgasps=0.000 triediffs=49.55KiB triedirty=0.00B
700	execution.log	execution_txs_field	2026-09-05T01:36:01.180285768Z	150	bd177e..8cddc5		0		INFO [09-05|01:36:01.179] Imported new potential chain segment     number=11 hash=bd177e..8cddc5 blocks=1 txs=0 mgas=0.000 elapsed=2.192ms     mgasps=0.000 triediffs=53.38KiB triedirty=0.00B
700	execution.log	execution_txs_field	2026-09-05T01:36:12.837809503Z	153	648514..5065ea		0		INFO [09-05|01:36:12.837] Imported new potential chain segment     number=12 hash=648514..5065ea blocks=1 txs=0 mgas=0.000 elapsed=1.526ms     mgasps=0.000 triediffs=57.16KiB triedirty=0.00B
700	execution.log	execution_txs_field	2026-09-05T01:36:25.949344674Z	156	cfcbf4..ebf7fc		0		INFO [09-05|01:36:25.948] Imported new potential chain segment     number=13 hash=cfcbf4..ebf7fc blocks=1 txs=0 mgas=0.000 elapsed=1.186ms     mgasps=0.000 triediffs=61.05KiB triedirty=0.00B
700	execution.log	execution_txs_field	2026-09-05T01:36:39.807747156Z	158	b8f457..a124e9		0		INFO [09-05|01:36:39.807] Imported new potential chain segment     number=14 hash=b8f457..a124e9 blocks=1 txs=0 mgas=0.000 elapsed=1.196ms     mgasps=0.000 triediffs=64.90KiB triedirty=0.00B
700	execution.log	execution_txs_field	2026-09-05T01:36:52.449337701Z	160	616503..e2f7fa		0		INFO [09-05|01:36:52.449] Imported new potential chain segment     number=15 hash=616503..e2f7fa blocks=1 txs=0 mgas=0.000 elapsed=1.042ms     mgasps=0.000 triediffs=69.00KiB triedirty=0.00B
700	execution.log	execution_txs_field	2026-09-05T01:37:02.131424598Z	164	b10c6c..5decba		0		INFO [09-05|01:37:02.131] Imported new potential chain segment     number=15 hash=b10c6c..5decba blocks=1 txs=0 mgas=0.000 elapsed=1.367ms     mgasps=0.000 triediffs=72.95KiB triedirty=0.00B
700	execution.log	execution_txs_field	2026-09-05T01:37:13.086212986Z	166	246b5e..e50bd4		0		INFO [09-05|01:37:13.086] Imported new potential chain segment     number=16 hash=246b5e..e50bd4 blocks=1 txs=0 mgas=0.000 elapsed=1.657ms     mgasps=0.000 triediffs=77.08KiB triedirty=0.00B
700	execution.log	execution_txs_field	2026-09-05T01:37:26.287373918Z	168	925d53..721761		0		INFO [09-05|01:37:26.287] Imported new potential chain segment     number=17 hash=925d53..721761 blocks=1 txs=0 mgas=0.000 elapsed=1.223ms     mgasps=0.000 triediffs=80.99KiB triedirty=0.00B
700	execution.log	execution_txs_field	2026-09-05T01:37:36.934158924Z	170	16fc2b..cc2f65		0		INFO [09-05|01:37:36.933] Imported new potential chain segment     number=18 hash=16fc2b..cc2f65 blocks=1 txs=0 mgas=0.000 elapsed=1.822ms     mgasps=0.000 triediffs=85.08KiB triedirty=0.00B
700	execution.log	execution_txs_field	2026-09-05T01:37:51.328858236Z	172	9f6ee5..ccef82		0		INFO [09-05|01:37:51.328] Imported new potential chain segment     number=19 hash=9f6ee5..ccef82 blocks=1 txs=0 mgas=0.000 elapsed=1.023ms     mgasps=0.000 triediffs=89.32KiB triedirty=0.00B
700	execution.log	execution_txs_field	2026-09-05T01:38:01.254609438Z	176	5ceb99..15391c		0		INFO [09-05|01:38:01.254] Imported new potential chain segment     number=19 hash=5ceb99..15391c blocks=1 txs=0 mgas=0.000 elapsed=1.205ms     mgasps=0.000 triediffs=93.62KiB triedirty=0.00B
700	execution.log	execution_txs_field	2026-09-05T01:38:13.075596934Z	178	e320f5..03e2af		0		INFO [09-05|01:38:13.075] Imported new potential chain segment     number=20 hash=e320f5..03e2af blocks=1 txs=0 mgas=0.000 elapsed=1.270ms     mgasps=0.000 triediffs=97.78KiB triedirty=0.00B
700	execution.log	execution_txs_field	2026-09-05T01:38:25.745979339Z	180	73eef2..ff2225		0		INFO [09-05|01:38:25.745] Imported new potential chain segment     number=21 hash=73eef2..ff2225 blocks=1 txs=0 mgas=0.000 elapsed=1.237ms     mgasps=0.000 triediffs=101.83KiB triedirty=0.00B
700	execution.log	execution_txs_field	2026-09-05T01:38:36.967467139Z	182	d98a1d..14bd7f		0		INFO [09-05|01:38:36.967] Imported new potential chain segment     number=22 hash=d98a1d..14bd7f blocks=1 txs=0 mgas=0.000 elapsed=1.010ms     mgasps=0.000 triediffs=106.18KiB triedirty=0.00B
700	execution.log	execution_txs_field	2026-09-05T01:38:50.132906457Z	184	4c5ec4..60f78c		0		INFO [09-05|01:38:50.132] Imported new potential chain segment     number=23 hash=4c5ec4..60f78c blocks=1 txs=0 mgas=0.000 elapsed=1.527ms     mgasps=0.000 triediffs=110.25KiB triedirty=0.00B
700	execution.log	execution_txs_field	2026-09-05T01:39:03.743028364Z	186	04f434..98d5ca		0		INFO [09-05|01:39:03.742] Imported new potential chain segment     number=24 hash=04f434..98d5ca blocks=1 txs=0 mgas=0.000 elapsed=1.615ms     mgasps=0.000 triediffs=114.63KiB triedirty=0.00B
700	execution.log	execution_txs_field	2026-09-05T01:39:14.141862996Z	190	414201..367880		0		INFO [09-05|01:39:14.141] Imported new potential chain segment     number=24 hash=414201..367880 blocks=1 txs=0 mgas=0.000 elapsed=1.208ms     mgasps=0.000 triediffs=119.06KiB triedirty=0.00B
700	execution.log	execution_txs_field	2026-09-05T01:39:24.840077099Z	192	2f944d..a5d707		0		INFO [09-05|01:39:24.839] Imported new potential chain segment     number=25 hash=2f944d..a5d707 blocks=1 txs=0 mgas=0.000 elapsed=1.275ms     mgasps=0.000 triediffs=123.38KiB triedirty=0.00B
700	execution.log	execution_txs_field	2026-09-05T01:39:37.092407496Z	194	55c261..7e2e95		0		"INFO [09-05|01:39:37.091] Imported new potential chain segment     number=26 hash=55c261..7e2e95 blocks=1 txs=0 mgas=0.000 elapsed=""879.953µs"" mgasps=0.000 triediffs=127.57KiB triedirty=0.00B"
700	execution.log	execution_txs_field	2026-09-05T01:39:48.985762088Z	196	4e2cbf..903cd8		0		INFO [09-05|01:39:48.983] Imported new potential chain segment     number=27 hash=4e2cbf..903cd8 blocks=1 txs=0 mgas=0.000 elapsed=1.345ms     mgasps=0.000 triediffs=131.73KiB triedirty=0.00B
700	execution.log	execution_txs_field	2026-09-05T01:40:03.743157582Z	198	d7a89c..6c2361		0		INFO [09-05|01:40:03.742] Imported new potential chain segment     number=28 hash=d7a89c..6c2361 blocks=1 txs=0 mgas=0.000 elapsed=1.293ms     mgasps=0.000 triediffs=135.91KiB triedirty=0.00B
700	execution.log	execution_txs_field	2026-09-05T01:40:13.318235766Z	200	3f042a..174852		0		INFO [09-05|01:40:13.318] Imported new potential chain segment     number=29 hash=3f042a..174852 blocks=1 txs=0 mgas=0.000 elapsed=4.783ms     mgasps=0.000 triediffs=140.21KiB triedirty=0.00B
700	execution.log	execution_txs_field	2026-09-05T01:40:25.021908215Z	204	881f01..1243dc		0		INFO [09-05|01:40:25.021] Imported new potential chain segment     number=29 hash=881f01..1243dc blocks=1 txs=0 mgas=0.000 elapsed=1.140ms     mgasps=0.000 triediffs=144.51KiB triedirty=0.00B
700	execution.log	execution_txs_field	2026-09-05T01:40:37.754202546Z	206	9f7655..5e954d		0		INFO [09-05|01:40:37.753] Imported new potential chain segment     number=30 hash=9f7655..5e954d blocks=1 txs=0 mgas=0.000 elapsed=1.680ms     mgasps=0.000 triediffs=148.63KiB triedirty=0.00B
700	execution.log	execution_txs_field	2026-09-05T01:40:49.459437433Z	208	f995d4..9e7a4b		0		INFO [09-05|01:40:49.459] Imported new potential chain segment     number=31 hash=f995d4..9e7a4b blocks=1 txs=0 mgas=0.000 elapsed=1.689ms     mgasps=0.000 triediffs=152.91KiB triedirty=0.00B
700	execution.log	execution_txs_field	2026-09-05T01:41:02.773745581Z	210	245f92..ed5dbe		0		INFO [09-05|01:41:02.773] Imported new potential chain segment     number=32 hash=245f92..ed5dbe blocks=1 txs=0 mgas=0.000 elapsed=1.539ms     mgasps=0.000 triediffs=157.23KiB triedirty=0.00B
700	execution.log	execution_txs_field	2026-09-05T01:41:13.331272342Z	212	ab4db7..618b72		0		INFO [09-05|01:41:13.331] Imported new potential chain segment     number=33 hash=ab4db7..618b72 blocks=1 txs=0 mgas=0.000 elapsed=1.021ms     mgasps=0.000 triediffs=161.44KiB triedirty=0.00B
700	execution.log	execution_txs_field	2026-09-05T01:41:26.043939712Z	214	d706a2..750bf5		0		INFO [09-05|01:41:26.043] Imported new potential chain segment     number=34 hash=d706a2..750bf5 blocks=1 txs=0 mgas=0.000 elapsed=1.375ms     mgasps=0.000 triediffs=166.04KiB triedirty=0.00B
700	execution.log	execution_txs_field	2026-09-05T01:41:36.903862414Z	216	25f757..da2f35		0		INFO [09-05|01:41:36.903] Imported new potential chain segment     number=35 hash=25f757..da2f35 blocks=1 txs=0 mgas=0.000 elapsed=1.281ms     mgasps=0.000 triediffs=170.49KiB triedirty=0.00B
700	execution.log	execution_txs_field	2026-09-05T01:41:50.704466201Z	218	80c043..4ace9b		0		INFO [09-05|01:41:50.704] Imported new potential chain segment     number=36 hash=80c043..4ace9b blocks=1 txs=0 mgas=0.000 elapsed=2.141ms     mgasps=0.000 triediffs=174.88KiB triedirty=0.00B
700	execution.log	execution_txs_field	2026-09-05T01:42:01.897428296Z	220	2df177..76a742		0		INFO [09-05|01:42:01.897] Imported new potential chain segment     number=37 hash=2df177..76a742 blocks=1 txs=0 mgas=0.000 elapsed=1.445ms     mgasps=0.000 triediffs=179.54KiB triedirty=0.00B
700	execution.log	execution_txs_field	2026-09-05T01:42:12.863341276Z	222	9cc50b..285ce8		0		INFO [09-05|01:42:12.863] Imported new potential chain segment     number=38 hash=9cc50b..285ce8 blocks=1 txs=0 mgas=0.000 elapsed=1.396ms     mgasps=0.000 triediffs=183.85KiB triedirty=0.00B
700	execution.log	execution_txs_field	2026-09-05T01:42:26.790439727Z	224	33cbd1..f54aeb		0		INFO [09-05|01:42:26.790] Imported new potential chain segment     number=39 hash=33cbd1..f54aeb blocks=1 txs=0 mgas=0.000 elapsed=1.000ms     mgasps=0.000 triediffs=188.15KiB triedirty=0.00B
700	execution.log	execution_txs_field	2026-09-05T01:42:36.861188356Z	226	0a005e..8d6710		0		INFO [09-05|01:42:36.860] Imported new potential chain segment     number=40 hash=0a005e..8d6710 blocks=1 txs=0 mgas=0.000 elapsed=1.377ms     mgasps=0.000 triediffs=192.49KiB triedirty=0.00B
700	execution.log	execution_txs_field	2026-09-05T01:42:50.541636677Z	228	b7e340..5807cf		0		INFO [09-05|01:42:50.541] Imported new potential chain segment     number=41 hash=b7e340..5807cf blocks=1 txs=0 mgas=0.000 elapsed=1.266ms     mgasps=0.000 triediffs=196.62KiB triedirty=0.00B
700	execution.log	execution_txs_field	2026-09-05T01:43:04.037413935Z	230	6b770d..6c9b9b		0		INFO [09-05|01:43:04.036] Imported new potential chain segment     number=42 hash=6b770d..6c9b9b blocks=1 txs=0 mgas=0.000 elapsed=1.243ms     mgasps=0.000 triediffs=200.95KiB triedirty=0.00B
700	execution.log	execution_txs_field	2026-09-05T01:43:13.067126654Z	234	13caf6..fac097		0		INFO [09-05|01:43:13.066] Imported new potential chain segment     number=42 hash=13caf6..fac097 blocks=1 txs=0 mgas=0.000 elapsed=1.253ms     mgasps=0.000 triediffs=205.34KiB triedirty=0.00B
700	execution.log	execution_txs_field	2026-09-05T01:43:25.036489796Z	236	9329e7..78b0f7		0		INFO [09-05|01:43:25.036] Imported new potential chain segment     number=43 hash=9329e7..78b0f7 blocks=1 txs=0 mgas=0.000 elapsed=1.457ms     mgasps=0.000 triediffs=209.67KiB triedirty=0.00B
700	execution.log	execution_txs_field	2026-09-05T01:43:44.171430078Z	238	a68a7f..957f92		0		INFO [09-05|01:43:44.171] Imported new potential chain segment     number=44 hash=a68a7f..957f92 blocks=1 txs=0 mgas=0.000 elapsed=1.389ms     mgasps=0.000 triediffs=214.10KiB triedirty=0.00B
700	execution.log	execution_txs_field	2026-09-05T01:43:49.374795294Z	242	a83ef3..7225e7		0		INFO [09-05|01:43:49.372] Imported new potential chain segment     number=44 hash=a83ef3..7225e7 blocks=1 txs=0 mgas=0.000 elapsed=1.335ms     mgasps=0.000 triediffs=218.60KiB triedirty=0.00B
700	execution.log	execution_txs_field	2026-09-05T01:44:05.120483977Z	244	08d472..c06948		0		INFO [09-05|01:44:05.120] Imported new potential chain segment     number=45 hash=08d472..c06948 blocks=1 txs=0 mgas=0.000 elapsed=1.086ms     mgasps=0.000 triediffs=223.24KiB triedirty=0.00B
700	execution.log	execution_txs_field	2026-09-05T01:44:14.650448082Z	248	da1c1b..7bffb9		0		INFO [09-05|01:44:14.650] Imported new potential chain segment     number=45 hash=da1c1b..7bffb9 blocks=1 txs=0 mgas=0.000 elapsed=1.361ms     mgasps=0.000 triediffs=227.75KiB triedirty=0.00B
700	execution.log	execution_txs_field	2026-09-05T01:44:24.844568923Z	250	b63315..308147		0		INFO [09-05|01:44:24.844] Imported new potential chain segment     number=46 hash=b63315..308147 blocks=1 txs=0 mgas=0.000 elapsed=1.391ms     mgasps=0.000 triediffs=232.02KiB triedirty=0.00B
700	execution.log	execution_txs_field	2026-09-05T01:44:36.937885619Z	252	4ba57f..ac60f8		0		INFO [09-05|01:44:36.937] Imported new potential chain segment     number=47 hash=4ba57f..ac60f8 blocks=1 txs=0 mgas=0.000 elapsed=1.081ms     mgasps=0.000 triediffs=236.47KiB triedirty=0.00B
700	execution.log	execution_txs_field	2026-09-05T01:44:54.455648312Z	254	ee30f8..65d871		0		INFO [09-05|01:44:54.455] Imported new potential chain segment     number=48 hash=ee30f8..65d871 blocks=1 txs=0 mgas=0.000 elapsed=1.069ms     mgasps=0.000 triediffs=240.93KiB triedirty=0.00B
700	execution.log	execution_txs_field	2026-09-05T01:45:04.857917423Z	258	191311..0fc02e		0		INFO [09-05|01:45:04.857] Imported new potential chain segment     number=48 hash=191311..0fc02e blocks=1 txs=0 mgas=0.000 elapsed=1.372ms     mgasps=0.000 triediffs=245.29KiB triedirty=0.00B
700	execution.log	execution_txs_field	2026-09-05T01:45:13.861226545Z	262	a1ee4b..334727		0		INFO [09-05|01:45:13.861] Imported new potential chain segment     number=48 hash=a1ee4b..334727 blocks=1 txs=0 mgas=0.000 elapsed=2.225ms     mgasps=0.000 triediffs=249.47KiB triedirty=0.00B
700	execution.log	execution_txs_field	2026-09-05T01:45:24.998126170Z	264	673f5c..1783c1		0		INFO [09-05|01:45:24.997] Imported new potential chain segment     number=49 hash=673f5c..1783c1 blocks=1 txs=0 mgas=0.000 elapsed=1.096ms     mgasps=0.000 triediffs=253.86KiB triedirty=0.00B
700	execution.log	execution_txs_field	2026-09-05T01:45:40.774975112Z	266	e78411..02dd7f		0		"INFO [09-05|01:45:40.774] Imported new potential chain segment     number=50 hash=e78411..02dd7f blocks=1 txs=0 mgas=0.000 elapsed=""852.58µs""  mgasps=0.000 triediffs=258.35KiB triedirty=0.00B"
700	execution.log	execution_txs_field	2026-09-05T01:45:49.193971180Z	270	a41b5c..be6384		0		INFO [09-05|01:45:49.193] Imported new potential chain segment     number=50 hash=a41b5c..be6384 blocks=1 txs=0 mgas=0.000 elapsed=1.262ms     mgasps=0.000 triediffs=262.80KiB triedirty=0.00B
700	execution.log	execution_txs_field	2026-09-05T01:46:01.330672129Z	272	97e5c0..cee620		0		INFO [09-05|01:46:01.330] Imported new potential chain segment     number=51 hash=97e5c0..cee620 blocks=1 txs=0 mgas=0.000 elapsed=1.276ms     mgasps=0.000 triediffs=267.60KiB triedirty=0.00B
700	execution.log	execution_txs_field	2026-09-05T01:46:16.418170855Z	274	935782..2eae13		0		INFO [09-05|01:46:16.418] Imported new potential chain segment     number=52 hash=935782..2eae13 blocks=1 txs=0 mgas=0.000 elapsed=1.131ms     mgasps=0.000 triediffs=271.93KiB triedirty=0.00B
700	execution.log	execution_txs_field	2026-09-05T01:46:26.863828685Z	278	e2bafb..042e8d		0		INFO [09-05|01:46:26.863] Imported new potential chain segment     number=52 hash=e2bafb..042e8d blocks=1 txs=0 mgas=0.000 elapsed=1.395ms     mgasps=0.000 triediffs=276.42KiB triedirty=0.00B
700	execution.log	execution_txs_field	2026-09-05T01:46:36.835250601Z	282	d1c751..5bfd2e		0		INFO [09-05|01:46:36.834] Imported new potential chain segment     number=52 hash=d1c751..5bfd2e blocks=1 txs=0 mgas=0.000 elapsed=1.121ms     mgasps=0.000 triediffs=281.03KiB triedirty=0.00B
700	execution.log	execution_txs_field	2026-09-05T01:46:48.728572115Z	284	86157f..f26538		0		INFO [09-05|01:46:48.728] Imported new potential chain segment     number=53 hash=86157f..f26538 blocks=1 txs=0 mgas=0.000 elapsed=1.062ms     mgasps=0.000 triediffs=285.61KiB triedirty=0.00B
700	execution.log	execution_txs_field	2026-09-05T01:47:00.810944287Z	286	ccff6b..7ebef2		0		INFO [09-05|01:47:00.810] Imported new potential chain segment     number=54 hash=ccff6b..7ebef2 blocks=1 txs=0 mgas=0.000 elapsed=1.522ms     mgasps=0.000 triediffs=290.28KiB triedirty=0.00B
700	execution.log	execution_txs_field	2026-09-05T01:47:12.994376567Z	288	dbe549..2afec8		0		INFO [09-05|01:47:12.994] Imported new potential chain segment     number=55 hash=dbe549..2afec8 blocks=1 txs=0 mgas=0.000 elapsed=1.558ms     mgasps=0.000 triediffs=294.89KiB triedirty=0.00B
700	execution.log	execution_txs_field	2026-09-05T01:47:25.907611326Z	290	b9ed6b..5b1229		0		"INFO [09-05|01:47:25.906] Imported new potential chain segment     number=56 hash=b9ed6b..5b1229 blocks=1 txs=0 mgas=0.000 elapsed=""984.067µs"" mgasps=0.000 triediffs=299.47KiB triedirty=0.00B"
700	execution.log	execution_txs_field	2026-09-05T01:47:37.493282137Z	292	e20702..b03843		0		"INFO [09-05|01:47:37.493] Imported new potential chain segment     number=57 hash=e20702..b03843 blocks=1 txs=0 mgas=0.000 elapsed=""841.663µs"" mgasps=0.000 triediffs=303.96KiB triedirty=0.00B"
700	execution.log	execution_txs_field	2026-09-05T01:47:48.843486328Z	294	e60f3b..74a28a		0		"INFO [09-05|01:47:48.843] Imported new potential chain segment     number=58 hash=e60f3b..74a28a blocks=1 txs=0 mgas=0.000 elapsed=""900.687µs"" mgasps=0.000 triediffs=308.66KiB triedirty=0.00B"
700	execution.log	execution_txs_field	2026-09-05T01:48:01.044222861Z	296	0e467b..0f480b		0		"INFO [09-05|01:48:01.043] Imported new potential chain segment     number=59 hash=0e467b..0f480b blocks=1 txs=0 mgas=0.000 elapsed=""837.717µs"" mgasps=0.000 triediffs=313.03KiB triedirty=0.00B"
700	execution.log	execution_txs_field	2026-09-05T01:48:12.845853456Z	298	7bc9a7..9ef738		0		INFO [09-05|01:48:12.845] Imported new potential chain segment     number=60 hash=7bc9a7..9ef738 blocks=1 txs=0 mgas=0.000 elapsed=1.202ms     mgasps=0.000 triediffs=317.63KiB triedirty=0.00B
700	execution.log	execution_txs_field	2026-09-05T01:48:25.595220896Z	300	a2cbbc..08ffc8		0		INFO [09-05|01:48:25.595] Imported new potential chain segment     number=61 hash=a2cbbc..08ffc8 blocks=1 txs=0 mgas=0.000 elapsed=1.122ms     mgasps=0.000 triediffs=322.32KiB triedirty=0.00B
700	execution.log	execution_txs_field	2026-09-05T01:48:37.215226228Z	302	dbcf51..c00195		0		"INFO [09-05|01:48:37.214] Imported new potential chain segment     number=62 hash=dbcf51..c00195 blocks=1 txs=0 mgas=0.000 elapsed=""966.091µs"" mgasps=0.000 triediffs=326.72KiB triedirty=0.00B"
700	execution.log	execution_txs_field	2026-09-05T01:48:48.900091689Z	304	946a20..24eded		0		INFO [09-05|01:48:48.899] Imported new potential chain segment     number=63 hash=946a20..24eded blocks=1 txs=0 mgas=0.000 elapsed=1.070ms     mgasps=0.000 triediffs=331.80KiB triedirty=0.00B
700	execution.log	execution_txs_field	2026-09-05T01:49:00.810843741Z	306	131a9c..5ab3ec		0		INFO [09-05|01:49:00.810] Imported new potential chain segment     number=64 hash=131a9c..5ab3ec blocks=1 txs=0 mgas=0.000 elapsed=3.527ms     mgasps=0.000 triediffs=336.84KiB triedirty=0.00B
700	execution.log	execution_txs_field	2026-09-05T01:49:14.417641093Z	308	b15e60..8211bb		0		INFO [09-05|01:49:14.417] Imported new potential chain segment     number=65 hash=b15e60..8211bb blocks=1 txs=0 mgas=0.000 elapsed=1.463ms     mgasps=0.000 triediffs=341.40KiB triedirty=0.00B
700	execution.log	execution_txs_field	2026-09-05T01:49:28.297822868Z	310	ff9448..f29f33		0		INFO [09-05|01:49:28.297] Imported new potential chain segment     number=66 hash=ff9448..f29f33 blocks=1 txs=0 mgas=0.000 elapsed=1.773ms     mgasps=0.000 triediffs=346.28KiB triedirty=0.00B
700	execution.log	execution_txs_field	2026-09-05T01:49:37.235841786Z	314	db3c8e..6f96bc		0		"INFO [09-05|01:49:37.235] Imported new potential chain segment     number=66 hash=db3c8e..6f96bc blocks=1 txs=0 mgas=0.000 elapsed=""971.392µs"" mgasps=0.000 triediffs=350.83KiB triedirty=0.00B"
700	execution.log	execution_txs_field	2026-09-05T01:49:49.077470699Z	316	18ed4b..e5ed48		0		INFO [09-05|01:49:49.077] Imported new potential chain segment     number=67 hash=18ed4b..e5ed48 blocks=1 txs=0 mgas=0.000 elapsed=1.200ms     mgasps=0.000 triediffs=355.65KiB triedirty=0.00B
700	execution.log	execution_txs_field	2026-09-05T01:50:04.478010925Z	318	960c16..318018		0		INFO [09-05|01:50:04.477] Imported new potential chain segment     number=68 hash=960c16..318018 blocks=1 txs=0 mgas=0.000 elapsed=1.762ms     mgasps=0.000 triediffs=360.20KiB triedirty=0.00B
700	execution.log	execution_txs_field	2026-09-05T01:50:17.043316530Z	322	bf5ffd..88a9b4		0		"INFO [09-05|01:50:17.043] Imported new potential chain segment     number=68 hash=bf5ffd..88a9b4 blocks=1 txs=0 mgas=0.000 elapsed=""968.844µs"" mgasps=0.000 triediffs=364.84KiB triedirty=0.00B"
700	execution.log	execution_txs_field	2026-09-05T01:50:24.948613076Z	326	fbd155..aed3c2		0		INFO [09-05|01:50:24.948] Imported new potential chain segment     number=68 hash=fbd155..aed3c2 blocks=1 txs=0 mgas=0.000 elapsed=1.333ms     mgasps=0.000 triediffs=369.36KiB triedirty=0.00B
700	execution.log	execution_txs_field	2026-09-05T01:50:36.759318236Z	328	5af476..472169		0		"INFO [09-05|01:50:36.758] Imported new potential chain segment     number=69 hash=5af476..472169 blocks=1 txs=0 mgas=0.000 elapsed=""804.117µs"" mgasps=0.000 triediffs=373.72KiB triedirty=0.00B"
700	execution.log	execution_txs_field	2026-09-05T01:50:49.090005425Z	330	2ccbd5..74e10b		0		INFO [09-05|01:50:49.089] Imported new potential chain segment     number=70 hash=2ccbd5..74e10b blocks=1 txs=0 mgas=0.000 elapsed=1.902ms     mgasps=0.000 triediffs=378.46KiB triedirty=0.00B
700	execution.log	execution_txs_field	2026-09-05T01:51:04.059402130Z	332	dd3658..345fd9		0		INFO [09-05|01:51:04.059] Imported new potential chain segment     number=71 hash=dd3658..345fd9 blocks=1 txs=0 mgas=0.000 elapsed=1.441ms     mgasps=0.000 triediffs=383.13KiB triedirty=0.00B
700	execution.log	execution_txs_field	2026-09-05T01:51:13.008511343Z	336	323361..eea910		0		INFO [09-05|01:51:13.008] Imported new potential chain segment     number=71 hash=323361..eea910 blocks=1 txs=0 mgas=0.000 elapsed=3.324ms     mgasps=0.000 triediffs=387.32KiB triedirty=0.00B
700	execution.log	execution_txs_field	2026-09-05T01:51:25.466338153Z	338	931683..18733c		0		INFO [09-05|01:51:25.464] Imported new potential chain segment     number=72 hash=931683..18733c blocks=1 txs=0 mgas=0.000 elapsed=1.334ms     mgasps=0.000 triediffs=392.21KiB triedirty=0.00B
700	execution.log	execution_txs_field	2026-09-05T01:51:37.432209279Z	340	e7eb34..389c72		0		INFO [09-05|01:51:37.431] Imported new potential chain segment     number=73 hash=e7eb34..389c72 blocks=1 txs=0 mgas=0.000 elapsed=2.303ms     mgasps=0.000 triediffs=396.95KiB triedirty=0.00B
700	execution.log	execution_txs_field	2026-09-05T01:51:48.696580436Z	342	460535..2d9832		0		INFO [09-05|01:51:48.696] Imported new potential chain segment     number=74 hash=460535..2d9832 blocks=1 txs=0 mgas=0.000 elapsed=1.867ms     mgasps=0.000 triediffs=402.11KiB triedirty=0.00B
700	execution.log	execution_txs_field	2026-09-05T01:52:03.718139531Z	344	3d8b75..118040		0		"INFO [09-05|01:52:03.718] Imported new potential chain segment     number=75 hash=3d8b75..118040 blocks=1 txs=0 mgas=0.000 elapsed=""959.99µs""  mgasps=0.000 triediffs=406.67KiB triedirty=0.00B"
700	execution.log	execution_txs_field	2026-09-05T01:52:13.093838643Z	348	e2a896..c21a3b		0		INFO [09-05|01:52:13.093] Imported new potential chain segment     number=75 hash=e2a896..c21a3b blocks=1 txs=0 mgas=0.000 elapsed=1.501ms     mgasps=0.000 triediffs=411.41KiB triedirty=0.00B
700	execution.log	execution_txs_field	2026-09-05T01:52:25.037264664Z	350	52841d..f6cee3		0		INFO [09-05|01:52:25.037] Imported new potential chain segment     number=76 hash=52841d..f6cee3 blocks=1 txs=0 mgas=0.000 elapsed=1.822ms     mgasps=0.000 triediffs=415.86KiB triedirty=0.00B
700	execution.log	execution_txs_field	2026-09-05T01:52:40.017031682Z	352	d7945a..40c8b0		0		INFO [09-05|01:52:40.016] Imported new potential chain segment     number=77 hash=d7945a..40c8b0 blocks=1 txs=0 mgas=0.000 elapsed=1.800ms     mgasps=0.000 triediffs=420.72KiB triedirty=0.00B
700	execution.log	execution_txs_field	2026-09-05T01:52:49.490301920Z	356	6f602f..2b845a		0		INFO [09-05|01:52:49.490] Imported new potential chain segment     number=77 hash=6f602f..2b845a blocks=1 txs=0 mgas=0.000 elapsed=1.107ms     mgasps=0.000 triediffs=425.34KiB triedirty=0.00B
700	execution.log	execution_txs_field	2026-09-05T01:53:00.839678441Z	358	5c42bd..ba2fd8		0		INFO [09-05|01:53:00.839] Imported new potential chain segment     number=78 hash=5c42bd..ba2fd8 blocks=1 txs=0 mgas=0.000 elapsed=1.098ms     mgasps=0.000 triediffs=430.04KiB triedirty=0.00B
700	execution.log	execution_txs_field	2026-09-05T01:53:13.980303899Z	360	1c9360..c70589		0		"INFO [09-05|01:53:13.980] Imported new potential chain segment     number=79 hash=1c9360..c70589 blocks=1 txs=0 mgas=0.000 elapsed=""953.217µs"" mgasps=0.000 triediffs=434.92KiB triedirty=0.00B"
700	execution.log	execution_txs_field	2026-09-05T01:53:25.869101125Z	362	0227c0..5718a6		0		INFO [09-05|01:53:25.868] Imported new potential chain segment     number=80 hash=0227c0..5718a6 blocks=1 txs=0 mgas=0.000 elapsed=1.081ms     mgasps=0.000 triediffs=439.88KiB triedirty=0.00B
700	execution.log	execution_txs_field	2026-09-05T01:53:39.108410728Z	364	c9aba8..9e7eac		0		INFO [09-05|01:53:39.108] Imported new potential chain segment     number=81 hash=c9aba8..9e7eac blocks=1 txs=0 mgas=0.000 elapsed=1.092ms     mgasps=0.000 triediffs=444.52KiB triedirty=0.00B
700	execution.log	execution_txs_field	2026-09-05T01:53:51.138744873Z	368	5f5a54..c1a931		0		INFO [09-05|01:53:51.138] Imported new potential chain segment     number=81 hash=5f5a54..c1a931 blocks=1 txs=0 mgas=0.000 elapsed=4.709ms     mgasps=0.000 triediffs=449.62KiB triedirty=0.00B
700	execution.log	execution_txs_field	2026-09-05T01:54:01.133626805Z	372	3eae0c..fbe66f		0		INFO [09-05|01:54:01.133] Imported new potential chain segment     number=81 hash=3eae0c..fbe66f blocks=1 txs=0 mgas=0.000 elapsed=1.805ms     mgasps=0.000 triediffs=454.47KiB triedirty=0.00B
700	execution.log	execution_txs_field	2026-09-05T01:54:12.596560723Z	374	f9453c..b77e12		0		INFO [09-05|01:54:12.596] Imported new potential chain segment     number=82 hash=f9453c..b77e12 blocks=1 txs=0 mgas=0.000 elapsed=2.010ms     mgasps=0.000 triediffs=459.08KiB triedirty=0.00B
700	execution.log	execution_txs_field	2026-09-05T01:54:24.718659910Z	376	4f7379..614599		0		INFO [09-05|01:54:24.718] Imported new potential chain segment     number=83 hash=4f7379..614599 blocks=1 txs=0 mgas=0.000 elapsed=1.443ms     mgasps=0.000 triediffs=463.91KiB triedirty=0.00B
700	execution.log	execution_txs_field	2026-09-05T01:54:36.899372826Z	378	df1658..07b6ae		0		INFO [09-05|01:54:36.899] Imported new potential chain segment     number=76 hash=df1658..07b6ae blocks=1 txs=0 mgas=0.000 elapsed=1.225ms     mgasps=0.000 triediffs=468.82KiB triedirty=0.00B
700	execution.log	execution_txs_field	2026-09-05T01:54:48.963229215Z	379	522ef9..69614c		0		"INFO [09-05|01:54:48.962] Imported new potential chain segment     number=84 hash=522ef9..69614c blocks=1 txs=0 mgas=0.000 elapsed=""974.976µs"" mgasps=0.000 triediffs=473.46KiB triedirty=0.00B"
700	execution.log	execution_txs_field	2026-09-05T01:55:00.782215574Z	381	cb8824..7e85b0		0		INFO [09-05|01:55:00.781] Imported new potential chain segment     number=85 hash=cb8824..7e85b0 blocks=1 txs=0 mgas=0.000 elapsed=6.909ms     mgasps=0.000 triediffs=477.89KiB triedirty=0.00B
700	execution.log	execution_txs_field	2026-09-05T01:55:15.160073241Z	383	a22766..857829		0		INFO [09-05|01:55:15.159] Imported new potential chain segment     number=86 hash=a22766..857829 blocks=1 txs=0 mgas=0.000 elapsed=4.145ms     mgasps=0.000 triediffs=482.53KiB triedirty=0.00B
700	execution.log	execution_txs_field	2026-09-05T01:55:24.972178611Z	387	a87335..aaa8db		0		INFO [09-05|01:55:24.972] Imported new potential chain segment     number=86 hash=a87335..aaa8db blocks=1 txs=0 mgas=0.000 elapsed=1.169ms     mgasps=0.000 triediffs=487.30KiB triedirty=0.00B
700	execution.log	execution_txs_field	2026-09-05T01:55:37.021858311Z	389	f02f6d..9213e7		0		INFO [09-05|01:55:37.021] Imported new potential chain segment     number=87 hash=f02f6d..9213e7 blocks=1 txs=0 mgas=0.000 elapsed=2.175ms     mgasps=0.000 triediffs=492.08KiB triedirty=0.00B
700	execution.log	execution_txs_field	2026-09-05T01:58:46.625709081Z	394	7a939f..8c3f36		0		INFO [09-05|01:58:46.625] Imported new potential chain segment     number=81 hash=7a939f..8c3f36 blocks=1 txs=0 mgas=0.000 elapsed=1.443ms     mgasps=0.000 triediffs=497.15KiB triedirty=0.00B
700	execution.log	execution_txs_field	2026-09-05T01:59:02.722494312Z	395	ca51c5..0fa690		0		INFO [09-05|01:59:02.722] Imported new potential chain segment     number=81 hash=ca51c5..0fa690 blocks=1 txs=0 mgas=0.000 elapsed=2.200ms     mgasps=0.000 triediffs=502.07KiB triedirty=0.00B
700	execution.log	execution_txs_field	2026-09-05T02:02:00.597748141Z	397	bb8c15..2fe9c8		0		INFO [09-05|02:02:00.597] Imported new potential chain segment     number=81 hash=bb8c15..2fe9c8 blocks=1 txs=0 mgas=0.000 elapsed=1.816ms     mgasps=0.000 triediffs=506.90KiB triedirty=0.00B
700	execution.log	execution_txs_field	2026-09-05T02:03:33.595112938Z	398	e095e4..37df18		0		INFO [09-05|02:03:33.594] Imported new potential chain segment     number=77 hash=e095e4..37df18 blocks=1 txs=0 mgas=0.000 elapsed=1.831ms     mgasps=0.000 triediffs=511.58KiB triedirty=0.00B
400	execution.log	execution_txs_field	2026-09-05T01:33:01.736562977Z	89	df777d..b81ab8		0		INFO [09-05|01:33:01.736] Imported new potential chain segment     number=1 hash=df777d..b81ab8 blocks=1 txs=0 mgas=0.000 elapsed=1.294ms     mgasps=0.000 triediffs=4.98KiB triedirty=0.00B
400	execution.log	execution_txs_field	2026-09-05T01:33:01.744159465Z	91	0		0		"INFO [09-05|01:33:01.743] Indexed transactions                     blocks=2 txs=0 tail=0 elapsed=""66.578µs"""
400	execution.log	execution_txs_field	2026-09-05T01:33:18.826538552Z	96	03b953..dfd5d3		0		INFO [09-05|01:33:18.826] Imported new potential chain segment     number=1 hash=03b953..dfd5d3 blocks=1 txs=0 mgas=0.000 elapsed=1.209ms     mgasps=0.000 triediffs=9.95KiB triedirty=0.00B
400	execution.log	execution_txs_field	2026-09-05T01:33:26.841010906Z	102	43e25c..3958a4		0		"INFO [09-05|01:33:26.840] Imported new potential chain segment     number=2 hash=43e25c..3958a4 blocks=1 txs=0 mgas=0.000 elapsed=""789.307µs"" mgasps=0.000 triediffs=12.97KiB triedirty=0.00B"
400	execution.log	execution_txs_field	2026-09-05T01:33:46.949518041Z	108	be1dd5..e71f1f		0		"INFO [09-05|01:33:46.949] Imported new potential chain segment     number=2 hash=be1dd5..e71f1f blocks=1 txs=0 mgas=0.000 elapsed=""908.796µs"" mgasps=0.000 triediffs=16.00KiB triedirty=0.00B"
400	execution.log	execution_txs_field	2026-09-05T01:34:06.390076837Z	114	12535e..3f7ac3		0		"INFO [09-05|01:34:06.389] Imported new potential chain segment     number=2 hash=12535e..3f7ac3 blocks=1 txs=0 mgas=0.000 elapsed=""859.971µs"" mgasps=0.000 triediffs=19.11KiB triedirty=0.00B"
400	execution.log	execution_txs_field	2026-09-05T01:34:13.074240026Z	120	d94ef5..6f32c4		0		INFO [09-05|01:34:13.073] Imported new potential chain segment     number=2 hash=d94ef5..6f32c4 blocks=1 txs=0 mgas=0.000 elapsed=2.104ms     mgasps=0.000 triediffs=22.31KiB triedirty=0.00B
400	execution.log	execution_txs_field	2026-09-05T01:34:24.937939773Z	123	7c666c..ac393c		0		"INFO [09-05|01:34:24.937] Imported new potential chain segment     number=3 hash=7c666c..ac393c blocks=1 txs=0 mgas=0.000 elapsed=""876.514µs"" mgasps=0.000 triediffs=25.41KiB triedirty=0.00B"
400	execution.log	execution_txs_field	2026-09-05T01:34:36.999419258Z	126	31cfcb..e9a663		0		INFO [09-05|01:34:36.999] Imported new potential chain segment     number=4 hash=31cfcb..e9a663 blocks=1 txs=0 mgas=0.000 elapsed=1.597ms     mgasps=0.000 triediffs=28.46KiB triedirty=0.00B
400	execution.log	execution_txs_field	2026-09-05T01:34:48.754228350Z	129	a218f6..5735a0		0		"INFO [09-05|01:34:48.754] Imported new potential chain segment     number=5 hash=a218f6..5735a0 blocks=1 txs=0 mgas=0.000 elapsed=""894.697µs"" mgasps=0.000 triediffs=31.76KiB triedirty=0.00B"
400	execution.log	execution_txs_field	2026-09-05T01:35:00.686411594Z	132	eb892e..fdc12b		0		"INFO [09-05|01:35:00.686] Imported new potential chain segment     number=6 hash=eb892e..fdc12b blocks=1 txs=0 mgas=0.000 elapsed=""976.727µs"" mgasps=0.000 triediffs=35.27KiB triedirty=0.00B"
400	execution.log	execution_txs_field	2026-09-05T01:35:13.387821991Z	135	ece62d..ee5d91		0		INFO [09-05|01:35:13.387] Imported new potential chain segment     number=7 hash=ece62d..ee5d91 blocks=1 txs=0 mgas=0.000 elapsed=1.051ms     mgasps=0.000 triediffs=38.77KiB triedirty=0.00B
400	execution.log	execution_txs_field	2026-09-05T01:35:24.700846656Z	138	552199..08f719		0		"INFO [09-05|01:35:24.700] Imported new potential chain segment     number=8 hash=552199..08f719 blocks=1 txs=0 mgas=0.000 elapsed=""842.85µs""  mgasps=0.000 triediffs=42.04KiB triedirty=0.00B"
400	execution.log	execution_txs_field	2026-09-05T01:35:36.810434644Z	141	78f969..73f77c		0		INFO [09-05|01:35:36.810] Imported new potential chain segment     number=9 hash=78f969..73f77c blocks=1 txs=0 mgas=0.000 elapsed=1.278ms     mgasps=0.000 triediffs=45.59KiB triedirty=0.00B
400	execution.log	execution_txs_field	2026-09-05T01:35:48.857962667Z	144	cc3a08..e39338		0		INFO [09-05|01:35:48.857] Imported new potential chain segment     number=10 hash=cc3a08..e39338 blocks=1 txs=0 mgas=0.000 elapsed=1.200ms     mgasps=0.000 triediffs=49.55KiB triedirty=0.00B
400	execution.log	execution_txs_field	2026-09-05T01:36:01.249911754Z	147	bd177e..8cddc5		0		"INFO [09-05|01:36:01.249] Imported new potential chain segment     number=11 hash=bd177e..8cddc5 blocks=1 txs=0 mgas=0.000 elapsed=""965.06µs""  mgasps=0.000 triediffs=53.38KiB triedirty=0.00B"
400	execution.log	execution_txs_field	2026-09-05T01:36:13.003858927Z	150	648514..5065ea		0		INFO [09-05|01:36:13.003] Imported new potential chain segment     number=12 hash=648514..5065ea blocks=1 txs=0 mgas=0.000 elapsed=1.527ms     mgasps=0.000 triediffs=57.16KiB triedirty=0.00B
400	execution.log	execution_txs_field	2026-09-05T01:36:25.911057274Z	153	cfcbf4..ebf7fc		0		"INFO [09-05|01:36:25.910] Imported new potential chain segment     number=13 hash=cfcbf4..ebf7fc blocks=1 txs=0 mgas=0.000 elapsed=""965.058µs"" mgasps=0.000 triediffs=61.05KiB triedirty=0.00B"
400	execution.log	execution_txs_field	2026-09-05T01:36:39.878369271Z	155	b8f457..a124e9		0		INFO [09-05|01:36:39.878] Imported new potential chain segment     number=14 hash=b8f457..a124e9 blocks=1 txs=0 mgas=0.000 elapsed=1.260ms     mgasps=0.000 triediffs=64.90KiB triedirty=0.00B
400	execution.log	execution_txs_field	2026-09-05T01:36:52.525270314Z	157	616503..e2f7fa		0		"INFO [09-05|01:36:52.525] Imported new potential chain segment     number=15 hash=616503..e2f7fa blocks=1 txs=0 mgas=0.000 elapsed=""895.969µs"" mgasps=0.000 triediffs=69.00KiB triedirty=0.00B"
400	execution.log	execution_txs_field	2026-09-05T01:37:02.196223315Z	161	b10c6c..5decba		0		INFO [09-05|01:37:02.195] Imported new potential chain segment     number=15 hash=b10c6c..5decba blocks=1 txs=0 mgas=0.000 elapsed=1.021ms     mgasps=0.000 triediffs=72.95KiB triedirty=0.00B
400	execution.log	execution_txs_field	2026-09-05T01:37:13.071280045Z	163	246b5e..e50bd4		0		INFO [09-05|01:37:13.071] Imported new potential chain segment     number=16 hash=246b5e..e50bd4 blocks=1 txs=0 mgas=0.000 elapsed=1.169ms     mgasps=0.000 triediffs=77.08KiB triedirty=0.00B
400	execution.log	execution_txs_field	2026-09-05T01:37:26.252333184Z	165	925d53..721761		0		"INFO [09-05|01:37:26.251] Imported new potential chain segment     number=17 hash=925d53..721761 blocks=1 txs=0 mgas=0.000 elapsed=""938.296µs"" mgasps=0.000 triediffs=80.99KiB triedirty=0.00B"
400	execution.log	execution_txs_field	2026-09-05T01:37:37.055221834Z	167	16fc2b..cc2f65		0		"INFO [09-05|01:37:37.055] Imported new potential chain segment     number=18 hash=16fc2b..cc2f65 blocks=1 txs=0 mgas=0.000 elapsed=""982.319µs"" mgasps=0.000 triediffs=85.08KiB triedirty=0.00B"
400	execution.log	execution_txs_field	2026-09-05T01:37:51.275857337Z	169	9f6ee5..ccef82		0		"INFO [09-05|01:37:51.275] Imported new potential chain segment     number=19 hash=9f6ee5..ccef82 blocks=1 txs=0 mgas=0.000 elapsed=""878.004µs"" mgasps=0.000 triediffs=89.32KiB triedirty=0.00B"
400	execution.log	execution_txs_field	2026-09-05T01:38:01.262791932Z	173	5ceb99..15391c		0		INFO [09-05|01:38:01.262] Imported new potential chain segment     number=19 hash=5ceb99..15391c blocks=1 txs=0 mgas=0.000 elapsed=1.377ms     mgasps=0.000 triediffs=93.62KiB triedirty=0.00B
400	execution.log	execution_txs_field	2026-09-05T01:38:13.169881345Z	175	e320f5..03e2af		0		INFO [09-05|01:38:13.169] Imported new potential chain segment     number=20 hash=e320f5..03e2af blocks=1 txs=0 mgas=0.000 elapsed=1.136ms     mgasps=0.000 triediffs=97.78KiB triedirty=0.00B
400	execution.log	execution_txs_field	2026-09-05T01:38:25.738612527Z	177	73eef2..ff2225		0		INFO [09-05|01:38:25.738] Imported new potential chain segment     number=21 hash=73eef2..ff2225 blocks=1 txs=0 mgas=0.000 elapsed=1.312ms     mgasps=0.000 triediffs=101.83KiB triedirty=0.00B
400	execution.log	execution_txs_field	2026-09-05T01:38:36.993895721Z	179	d98a1d..14bd7f		0		INFO [09-05|01:38:36.993] Imported new potential chain segment     number=22 hash=d98a1d..14bd7f blocks=1 txs=0 mgas=0.000 elapsed=1.179ms     mgasps=0.000 triediffs=106.18KiB triedirty=0.00B
400	execution.log	execution_txs_field	2026-09-05T01:38:50.070992532Z	181	4c5ec4..60f78c		0		"INFO [09-05|01:38:50.070] Imported new potential chain segment     number=23 hash=4c5ec4..60f78c blocks=1 txs=0 mgas=0.000 elapsed=""915.263µs"" mgasps=0.000 triediffs=110.25KiB triedirty=0.00B"
400	execution.log	execution_txs_field	2026-09-05T01:39:03.742331450Z	183	04f434..98d5ca		0		INFO [09-05|01:39:03.742] Imported new potential chain segment     number=24 hash=04f434..98d5ca blocks=1 txs=0 mgas=0.000 elapsed=3.315ms     mgasps=0.000 triediffs=114.63KiB triedirty=0.00B
400	execution.log	execution_txs_field	2026-09-05T01:39:14.138916926Z	187	414201..367880		0		"INFO [09-05|01:39:14.138] Imported new potential chain segment     number=24 hash=414201..367880 blocks=1 txs=0 mgas=0.000 elapsed=""830.475µs"" mgasps=0.000 triediffs=119.06KiB triedirty=0.00B"
400	execution.log	execution_txs_field	2026-09-05T01:39:24.904602512Z	189	2f944d..a5d707		0		INFO [09-05|01:39:24.904] Imported new potential chain segment     number=25 hash=2f944d..a5d707 blocks=1 txs=0 mgas=0.000 elapsed=1.865ms     mgasps=0.000 triediffs=123.38KiB triedirty=0.00B
400	execution.log	execution_txs_field	2026-09-05T01:39:37.193116873Z	191	55c261..7e2e95		0		"INFO [09-05|01:39:37.192] Imported new potential chain segment     number=26 hash=55c261..7e2e95 blocks=1 txs=0 mgas=0.000 elapsed=""902.461µs"" mgasps=0.000 triediffs=127.57KiB triedirty=0.00B"
400	execution.log	execution_txs_field	2026-09-05T01:39:49.177680188Z	193	4e2cbf..903cd8		0		"INFO [09-05|01:39:49.177] Imported new potential chain segment     number=27 hash=4e2cbf..903cd8 blocks=1 txs=0 mgas=0.000 elapsed=""950.411µs"" mgasps=0.000 triediffs=131.73KiB triedirty=0.00B"
400	execution.log	execution_txs_field	2026-09-05T01:40:03.815730274Z	195	d7a89c..6c2361		0		INFO [09-05|01:40:03.814] Imported new potential chain segment     number=28 hash=d7a89c..6c2361 blocks=1 txs=0 mgas=0.000 elapsed=2.186ms     mgasps=0.000 triediffs=135.91KiB triedirty=0.00B
400	execution.log	execution_txs_field	2026-09-05T01:40:13.468821776Z	197	3f042a..174852		0		INFO [09-05|01:40:13.468] Imported new potential chain segment     number=29 hash=3f042a..174852 blocks=1 txs=0 mgas=0.000 elapsed=1.325ms     mgasps=0.000 triediffs=140.21KiB triedirty=0.00B
400	execution.log	execution_txs_field	2026-09-05T01:40:25.090766232Z	201	881f01..1243dc		0		INFO [09-05|01:40:25.090] Imported new potential chain segment     number=29 hash=881f01..1243dc blocks=1 txs=0 mgas=0.000 elapsed=3.507ms     mgasps=0.000 triediffs=144.51KiB triedirty=0.00B
400	execution.log	execution_txs_field	2026-09-05T01:40:37.827395204Z	203	9f7655..5e954d		0		"INFO [09-05|01:40:37.827] Imported new potential chain segment     number=30 hash=9f7655..5e954d blocks=1 txs=0 mgas=0.000 elapsed=""797.85µs""  mgasps=0.000 triediffs=148.63KiB triedirty=0.00B"
400	execution.log	execution_txs_field	2026-09-05T01:40:49.418213010Z	205	f995d4..9e7a4b		0		INFO [09-05|01:40:49.418] Imported new potential chain segment     number=31 hash=f995d4..9e7a4b blocks=1 txs=0 mgas=0.000 elapsed=1.184ms     mgasps=0.000 triediffs=152.91KiB triedirty=0.00B
400	execution.log	execution_txs_field	2026-09-05T01:41:02.850896164Z	207	245f92..ed5dbe		0		INFO [09-05|01:41:02.850] Imported new potential chain segment     number=32 hash=245f92..ed5dbe blocks=1 txs=0 mgas=0.000 elapsed=1.054ms     mgasps=0.000 triediffs=157.23KiB triedirty=0.00B
400	execution.log	execution_txs_field	2026-09-05T01:41:13.406263324Z	209	ab4db7..618b72		0		"INFO [09-05|01:41:13.406] Imported new potential chain segment     number=33 hash=ab4db7..618b72 blocks=1 txs=0 mgas=0.000 elapsed=""925.062µs"" mgasps=0.000 triediffs=161.44KiB triedirty=0.00B"
400	execution.log	execution_txs_field	2026-09-05T01:41:25.985508785Z	211	d706a2..750bf5		0		INFO [09-05|01:41:25.985] Imported new potential chain segment     number=34 hash=d706a2..750bf5 blocks=1 txs=0 mgas=0.000 elapsed=2.116ms     mgasps=0.000 triediffs=166.04KiB triedirty=0.00B
400	execution.log	execution_txs_field	2026-09-05T01:41:36.970351947Z	213	25f757..da2f35		0		INFO [09-05|01:41:36.970] Imported new potential chain segment     number=35 hash=25f757..da2f35 blocks=1 txs=0 mgas=0.000 elapsed=1.127ms     mgasps=0.000 triediffs=170.49KiB triedirty=0.00B
400	execution.log	execution_txs_field	2026-09-05T01:41:50.666629178Z	215	80c043..4ace9b		0		"INFO [09-05|01:41:50.666] Imported new potential chain segment     number=36 hash=80c043..4ace9b blocks=1 txs=0 mgas=0.000 elapsed=""937.333µs"" mgasps=0.000 triediffs=174.88KiB triedirty=0.00B"
400	execution.log	execution_txs_field	2026-09-05T01:42:01.841012612Z	217	2df177..76a742		0		INFO [09-05|01:42:01.840] Imported new potential chain segment     number=37 hash=2df177..76a742 blocks=1 txs=0 mgas=0.000 elapsed=1.526ms     mgasps=0.000 triediffs=179.54KiB triedirty=0.00B
400	execution.log	execution_txs_field	2026-09-05T01:42:13.391977620Z	219	9cc50b..285ce8		0		INFO [09-05|01:42:13.391] Imported new potential chain segment     number=38 hash=9cc50b..285ce8 blocks=1 txs=0 mgas=0.000 elapsed=1.296ms     mgasps=0.000 triediffs=183.85KiB triedirty=0.00B
400	execution.log	execution_txs_field	2026-09-05T01:42:26.864416775Z	221	33cbd1..f54aeb		0		INFO [09-05|01:42:26.864] Imported new potential chain segment     number=39 hash=33cbd1..f54aeb blocks=1 txs=0 mgas=0.000 elapsed=1.727ms     mgasps=0.000 triediffs=188.15KiB triedirty=0.00B
400	execution.log	execution_txs_field	2026-09-05T01:42:37.026866218Z	223	0a005e..8d6710		0		INFO [09-05|01:42:37.026] Imported new potential chain segment     number=40 hash=0a005e..8d6710 blocks=1 txs=0 mgas=0.000 elapsed=1.312ms     mgasps=0.000 triediffs=192.49KiB triedirty=0.00B
400	execution.log	execution_txs_field	2026-09-05T01:42:50.605207013Z	225	b7e340..5807cf		0		"INFO [09-05|01:42:50.604] Imported new potential chain segment     number=41 hash=b7e340..5807cf blocks=1 txs=0 mgas=0.000 elapsed=""977.141µs"" mgasps=0.000 triediffs=196.62KiB triedirty=0.00B"
400	execution.log	execution_txs_field	2026-09-05T01:43:03.968500750Z	227	6b770d..6c9b9b		0		INFO [09-05|01:43:03.968] Imported new potential chain segment     number=42 hash=6b770d..6c9b9b blocks=1 txs=0 mgas=0.000 elapsed=1.177ms     mgasps=0.000 triediffs=200.95KiB triedirty=0.00B
400	execution.log	execution_txs_field	2026-09-05T01:43:13.171602041Z	231	13caf6..fac097		0		INFO [09-05|01:43:13.171] Imported new potential chain segment     number=42 hash=13caf6..fac097 blocks=1 txs=0 mgas=0.000 elapsed=1.042ms     mgasps=0.000 triediffs=205.34KiB triedirty=0.00B
400	execution.log	execution_txs_field	2026-09-05T01:43:25.152118428Z	233	9329e7..78b0f7		0		INFO [09-05|01:43:25.151] Imported new potential chain segment     number=43 hash=9329e7..78b0f7 blocks=1 txs=0 mgas=0.000 elapsed=1.122ms     mgasps=0.000 triediffs=209.67KiB triedirty=0.00B
400	execution.log	execution_txs_field	2026-09-05T01:43:44.198773512Z	235	a68a7f..957f92		0		INFO [09-05|01:43:44.198] Imported new potential chain segment     number=44 hash=a68a7f..957f92 blocks=1 txs=0 mgas=0.000 elapsed=1.348ms     mgasps=0.000 triediffs=214.10KiB triedirty=0.00B
400	execution.log	execution_txs_field	2026-09-05T01:43:49.357311189Z	239	a83ef3..7225e7		0		INFO [09-05|01:43:49.357] Imported new potential chain segment     number=44 hash=a83ef3..7225e7 blocks=1 txs=0 mgas=0.000 elapsed=1.152ms     mgasps=0.000 triediffs=218.60KiB triedirty=0.00B
400	execution.log	execution_txs_field	2026-09-05T01:44:05.120944811Z	241	08d472..c06948		0		INFO [09-05|01:44:05.120] Imported new potential chain segment     number=45 hash=08d472..c06948 blocks=1 txs=0 mgas=0.000 elapsed=1.318ms     mgasps=0.000 triediffs=223.24KiB triedirty=0.00B
400	execution.log	execution_txs_field	2026-09-05T01:44:14.576763592Z	245	da1c1b..7bffb9		0		"INFO [09-05|01:44:14.576] Imported new potential chain segment     number=45 hash=da1c1b..7bffb9 blocks=1 txs=0 mgas=0.000 elapsed=""935.39µs""  mgasps=0.000 triediffs=227.75KiB triedirty=0.00B"
400	execution.log	execution_txs_field	2026-09-05T01:44:24.955581366Z	247	b63315..308147		0		INFO [09-05|01:44:24.955] Imported new potential chain segment     number=46 hash=b63315..308147 blocks=1 txs=0 mgas=0.000 elapsed=3.051ms     mgasps=0.000 triediffs=232.02KiB triedirty=0.00B
400	execution.log	execution_txs_field	2026-09-05T01:44:37.034041191Z	249	4ba57f..ac60f8		0		INFO [09-05|01:44:37.033] Imported new potential chain segment     number=47 hash=4ba57f..ac60f8 blocks=1 txs=0 mgas=0.000 elapsed=3.002ms     mgasps=0.000 triediffs=236.47KiB triedirty=0.00B
400	execution.log	execution_txs_field	2026-09-05T01:44:54.465755046Z	251	ee30f8..65d871		0		INFO [09-05|01:44:54.465] Imported new potential chain segment     number=48 hash=ee30f8..65d871 blocks=1 txs=0 mgas=0.000 elapsed=1.268ms     mgasps=0.000 triediffs=240.93KiB triedirty=0.00B
400	execution.log	execution_txs_field	2026-09-05T01:45:04.928314257Z	255	191311..0fc02e		0		INFO [09-05|01:45:04.927] Imported new potential chain segment     number=48 hash=191311..0fc02e blocks=1 txs=0 mgas=0.000 elapsed=1.315ms     mgasps=0.000 triediffs=245.29KiB triedirty=0.00B
400	execution.log	execution_txs_field	2026-09-05T01:45:13.938902797Z	259	a1ee4b..334727		0		INFO [09-05|01:45:13.938] Imported new potential chain segment     number=48 hash=a1ee4b..334727 blocks=1 txs=0 mgas=0.000 elapsed=1.200ms     mgasps=0.000 triediffs=249.47KiB triedirty=0.00B
400	execution.log	execution_txs_field	2026-09-05T01:45:25.073449150Z	261	673f5c..1783c1		0		INFO [09-05|01:45:25.073] Imported new potential chain segment     number=49 hash=673f5c..1783c1 blocks=1 txs=0 mgas=0.000 elapsed=1.481ms     mgasps=0.000 triediffs=253.86KiB triedirty=0.00B
400	execution.log	execution_txs_field	2026-09-05T01:45:40.862650604Z	263	e78411..02dd7f		0		INFO [09-05|01:45:40.862] Imported new potential chain segment     number=50 hash=e78411..02dd7f blocks=1 txs=0 mgas=0.000 elapsed=1.088ms     mgasps=0.000 triediffs=258.35KiB triedirty=0.00B
400	execution.log	execution_txs_field	2026-09-05T01:45:49.506588328Z	267	a41b5c..be6384		0		INFO [09-05|01:45:49.506] Imported new potential chain segment     number=50 hash=a41b5c..be6384 blocks=1 txs=0 mgas=0.000 elapsed=4.449ms     mgasps=0.000 triediffs=262.80KiB triedirty=0.00B
400	execution.log	execution_txs_field	2026-09-05T01:46:01.290704052Z	269	97e5c0..cee620		0		INFO [09-05|01:46:01.290] Imported new potential chain segment     number=51 hash=97e5c0..cee620 blocks=1 txs=0 mgas=0.000 elapsed=5.616ms     mgasps=0.000 triediffs=267.60KiB triedirty=0.00B
400	execution.log	execution_txs_field	2026-09-05T01:46:16.342514411Z	271	935782..2eae13		0		"INFO [09-05|01:46:16.342] Imported new potential chain segment     number=52 hash=935782..2eae13 blocks=1 txs=0 mgas=0.000 elapsed=""871.013µs"" mgasps=0.000 triediffs=271.93KiB triedirty=0.00B"
400	execution.log	execution_txs_field	2026-09-05T01:46:26.931759591Z	275	e2bafb..042e8d		0		INFO [09-05|01:46:26.931] Imported new potential chain segment     number=52 hash=e2bafb..042e8d blocks=1 txs=0 mgas=0.000 elapsed=1.065ms     mgasps=0.000 triediffs=276.42KiB triedirty=0.00B
400	execution.log	execution_txs_field	2026-09-05T01:46:36.981808196Z	279	d1c751..5bfd2e		0		INFO [09-05|01:46:36.981] Imported new potential chain segment     number=52 hash=d1c751..5bfd2e blocks=1 txs=0 mgas=0.000 elapsed=1.095ms     mgasps=0.000 triediffs=281.03KiB triedirty=0.00B
400	execution.log	execution_txs_field	2026-09-05T01:46:48.865413375Z	281	86157f..f26538		0		INFO [09-05|01:46:48.865] Imported new potential chain segment     number=53 hash=86157f..f26538 blocks=1 txs=0 mgas=0.000 elapsed=1.337ms     mgasps=0.000 triediffs=285.61KiB triedirty=0.00B
400	execution.log	execution_txs_field	2026-09-05T01:47:00.898217816Z	283	ccff6b..7ebef2		0		INFO [09-05|01:47:00.897] Imported new potential chain segment     number=54 hash=ccff6b..7ebef2 blocks=1 txs=0 mgas=0.000 elapsed=5.921ms     mgasps=0.000 triediffs=290.28KiB triedirty=0.00B
400	execution.log	execution_txs_field	2026-09-05T01:47:13.125179062Z	285	dbe549..2afec8		0		INFO [09-05|01:47:13.124] Imported new potential chain segment     number=55 hash=dbe549..2afec8 blocks=1 txs=0 mgas=0.000 elapsed=1.487ms     mgasps=0.000 triediffs=294.89KiB triedirty=0.00B
400	execution.log	execution_txs_field	2026-09-05T01:47:25.873244319Z	287	b9ed6b..5b1229		0		INFO [09-05|01:47:25.873] Imported new potential chain segment     number=56 hash=b9ed6b..5b1229 blocks=1 txs=0 mgas=0.000 elapsed=1.098ms     mgasps=0.000 triediffs=299.47KiB triedirty=0.00B
400	execution.log	execution_txs_field	2026-09-05T01:47:37.588424564Z	289	e20702..b03843		0		INFO [09-05|01:47:37.588] Imported new potential chain segment     number=57 hash=e20702..b03843 blocks=1 txs=0 mgas=0.000 elapsed=1.158ms     mgasps=0.000 triediffs=303.96KiB triedirty=0.00B
400	execution.log	execution_txs_field	2026-09-05T01:47:48.869927420Z	291	e60f3b..74a28a		0		INFO [09-05|01:47:48.863] Imported new potential chain segment     number=58 hash=e60f3b..74a28a blocks=1 txs=0 mgas=0.000 elapsed=1.971ms     mgasps=0.000 triediffs=308.66KiB triedirty=0.00B
400	execution.log	execution_txs_field	2026-09-05T01:48:01.127925611Z	293	0e467b..0f480b		0		INFO [09-05|01:48:01.127] Imported new potential chain segment     number=59 hash=0e467b..0f480b blocks=1 txs=0 mgas=0.000 elapsed=1.296ms     mgasps=0.000 triediffs=313.03KiB triedirty=0.00B
400	execution.log	execution_txs_field	2026-09-05T01:48:12.859318650Z	295	7bc9a7..9ef738		0		INFO [09-05|01:48:12.859] Imported new potential chain segment     number=60 hash=7bc9a7..9ef738 blocks=1 txs=0 mgas=0.000 elapsed=1.018ms     mgasps=0.000 triediffs=317.63KiB triedirty=0.00B
400	execution.log	execution_txs_field	2026-09-05T01:48:25.661390370Z	297	a2cbbc..08ffc8		0		INFO [09-05|01:48:25.661] Imported new potential chain segment     number=61 hash=a2cbbc..08ffc8 blocks=1 txs=0 mgas=0.000 elapsed=1.064ms     mgasps=0.000 triediffs=322.32KiB triedirty=0.00B
400	execution.log	execution_txs_field	2026-09-05T01:48:37.221378757Z	299	dbcf51..c00195		0		INFO [09-05|01:48:37.221] Imported new potential chain segment     number=62 hash=dbcf51..c00195 blocks=1 txs=0 mgas=0.000 elapsed=1.465ms     mgasps=0.000 triediffs=326.72KiB triedirty=0.00B
400	execution.log	execution_txs_field	2026-09-05T01:48:49.051973038Z	301	946a20..24eded		0		INFO [09-05|01:48:49.047] Imported new potential chain segment     number=63 hash=946a20..24eded blocks=1 txs=0 mgas=0.000 elapsed=1.507ms     mgasps=0.000 triediffs=331.80KiB triedirty=0.00B
400	execution.log	execution_txs_field	2026-09-05T01:49:00.900587471Z	303	131a9c..5ab3ec		0		INFO [09-05|01:49:00.900] Imported new potential chain segment     number=64 hash=131a9c..5ab3ec blocks=1 txs=0 mgas=0.000 elapsed=1.280ms     mgasps=0.000 triediffs=336.84KiB triedirty=0.00B
400	execution.log	execution_txs_field	2026-09-05T01:49:14.483732770Z	305	b15e60..8211bb		0		INFO [09-05|01:49:14.483] Imported new potential chain segment     number=65 hash=b15e60..8211bb blocks=1 txs=0 mgas=0.000 elapsed=1.165ms     mgasps=0.000 triediffs=341.40KiB triedirty=0.00B
400	execution.log	execution_txs_field	2026-09-05T01:49:28.261329788Z	307	ff9448..f29f33		0		INFO [09-05|01:49:28.261] Imported new potential chain segment     number=66 hash=ff9448..f29f33 blocks=1 txs=0 mgas=0.000 elapsed=1.242ms     mgasps=0.000 triediffs=346.28KiB triedirty=0.00B
400	execution.log	execution_txs_field	2026-09-05T01:49:37.169850135Z	311	db3c8e..6f96bc		0		"INFO [09-05|01:49:37.168] Imported new potential chain segment     number=66 hash=db3c8e..6f96bc blocks=1 txs=0 mgas=0.000 elapsed=""901.055µs"" mgasps=0.000 triediffs=350.83KiB triedirty=0.00B"
400	execution.log	execution_txs_field	2026-09-05T01:49:49.231970703Z	313	18ed4b..e5ed48		0		INFO [09-05|01:49:49.231] Imported new potential chain segment     number=67 hash=18ed4b..e5ed48 blocks=1 txs=0 mgas=0.000 elapsed=2.669ms     mgasps=0.000 triediffs=355.65KiB triedirty=0.00B
400	execution.log	execution_txs_field	2026-09-05T01:50:04.608791126Z	315	960c16..318018		0		INFO [09-05|01:50:04.607] Imported new potential chain segment     number=68 hash=960c16..318018 blocks=1 txs=0 mgas=0.000 elapsed=6.553ms     mgasps=0.000 triediffs=360.20KiB triedirty=0.00B
400	execution.log	execution_txs_field	2026-09-05T01:50:16.989883949Z	319	bf5ffd..88a9b4		0		INFO [09-05|01:50:16.989] Imported new potential chain segment     number=68 hash=bf5ffd..88a9b4 blocks=1 txs=0 mgas=0.000 elapsed=1.550ms     mgasps=0.000 triediffs=364.84KiB triedirty=0.00B
400	execution.log	execution_txs_field	2026-09-05T01:50:25.102651015Z	323	fbd155..aed3c2		0		INFO [09-05|01:50:25.102] Imported new potential chain segment     number=68 hash=fbd155..aed3c2 blocks=1 txs=0 mgas=0.000 elapsed=2.287ms     mgasps=0.000 triediffs=369.36KiB triedirty=0.00B
400	execution.log	execution_txs_field	2026-09-05T01:50:36.869404229Z	325	5af476..472169		0		INFO [09-05|01:50:36.868] Imported new potential chain segment     number=69 hash=5af476..472169 blocks=1 txs=0 mgas=0.000 elapsed=1.073ms     mgasps=0.000 triediffs=373.72KiB triedirty=0.00B
400	execution.log	execution_txs_field	2026-09-05T01:50:49.045943809Z	327	2ccbd5..74e10b		0		INFO [09-05|01:50:49.044] Imported new potential chain segment     number=70 hash=2ccbd5..74e10b blocks=1 txs=0 mgas=0.000 elapsed=1.253ms     mgasps=0.000 triediffs=378.46KiB triedirty=0.00B
400	execution.log	execution_txs_field	2026-09-05T01:51:04.022120678Z	329	dd3658..345fd9		0		INFO [09-05|01:51:04.021] Imported new potential chain segment     number=71 hash=dd3658..345fd9 blocks=1 txs=0 mgas=0.000 elapsed=1.177ms     mgasps=0.000 triediffs=383.13KiB triedirty=0.00B
400	execution.log	execution_txs_field	2026-09-05T01:51:13.289844286Z	333	323361..eea910		0		INFO [09-05|01:51:13.284] Imported new potential chain segment     number=71 hash=323361..eea910 blocks=1 txs=0 mgas=0.000 elapsed=2.071ms     mgasps=0.000 triediffs=387.32KiB triedirty=0.00B
400	execution.log	execution_txs_field	2026-09-05T01:51:25.408497122Z	335	931683..18733c		0		INFO [09-05|01:51:25.408] Imported new potential chain segment     number=72 hash=931683..18733c blocks=1 txs=0 mgas=0.000 elapsed=1.906ms     mgasps=0.000 triediffs=392.21KiB triedirty=0.00B
400	execution.log	execution_txs_field	2026-09-05T01:51:37.425818963Z	337	e7eb34..389c72		0		INFO [09-05|01:51:37.425] Imported new potential chain segment     number=73 hash=e7eb34..389c72 blocks=1 txs=0 mgas=0.000 elapsed=1.578ms     mgasps=0.000 triediffs=396.95KiB triedirty=0.00B
400	execution.log	execution_txs_field	2026-09-05T01:51:48.905830879Z	339	460535..2d9832		0		INFO [09-05|01:51:48.905] Imported new potential chain segment     number=74 hash=460535..2d9832 blocks=1 txs=0 mgas=0.000 elapsed=1.904ms     mgasps=0.000 triediffs=402.11KiB triedirty=0.00B
400	execution.log	execution_txs_field	2026-09-05T01:52:03.794306506Z	341	3d8b75..118040		0		INFO [09-05|01:52:03.794] Imported new potential chain segment     number=75 hash=3d8b75..118040 blocks=1 txs=0 mgas=0.000 elapsed=1.156ms     mgasps=0.000 triediffs=406.67KiB triedirty=0.00B
400	execution.log	execution_txs_field	2026-09-05T01:52:12.993894474Z	345	e2a896..c21a3b		0		INFO [09-05|01:52:12.993] Imported new potential chain segment     number=75 hash=e2a896..c21a3b blocks=1 txs=0 mgas=0.000 elapsed=1.676ms     mgasps=0.000 triediffs=411.41KiB triedirty=0.00B
400	execution.log	execution_txs_field	2026-09-05T01:52:25.120660063Z	347	52841d..f6cee3		0		INFO [09-05|01:52:25.118] Imported new potential chain segment     number=76 hash=52841d..f6cee3 blocks=1 txs=0 mgas=0.000 elapsed=1.373ms     mgasps=0.000 triediffs=415.86KiB triedirty=0.00B
400	execution.log	execution_txs_field	2026-09-05T01:52:39.940586011Z	349	d7945a..40c8b0		0		"INFO [09-05|01:52:39.940] Imported new potential chain segment     number=77 hash=d7945a..40c8b0 blocks=1 txs=0 mgas=0.000 elapsed=""907.264µs"" mgasps=0.000 triediffs=420.72KiB triedirty=0.00B"
400	execution.log	execution_txs_field	2026-09-05T01:52:49.446577385Z	353	6f602f..2b845a		0		INFO [09-05|01:52:49.446] Imported new potential chain segment     number=77 hash=6f602f..2b845a blocks=1 txs=0 mgas=0.000 elapsed=1.055ms     mgasps=0.000 triediffs=425.34KiB triedirty=0.00B
400	execution.log	execution_txs_field	2026-09-05T01:53:01.069758297Z	355	5c42bd..ba2fd8		0		INFO [09-05|01:53:01.068] Imported new potential chain segment     number=78 hash=5c42bd..ba2fd8 blocks=1 txs=0 mgas=0.000 elapsed=1.338ms     mgasps=0.000 triediffs=430.04KiB triedirty=0.00B
400	execution.log	execution_txs_field	2026-09-05T01:53:13.907745598Z	357	1c9360..c70589		0		INFO [09-05|01:53:13.907] Imported new potential chain segment     number=79 hash=1c9360..c70589 blocks=1 txs=0 mgas=0.000 elapsed=1.119ms     mgasps=0.000 triediffs=434.92KiB triedirty=0.00B
400	execution.log	execution_txs_field	2026-09-05T01:53:25.803472887Z	359	0227c0..5718a6		0		INFO [09-05|01:53:25.803] Imported new potential chain segment     number=80 hash=0227c0..5718a6 blocks=1 txs=0 mgas=0.000 elapsed=1.214ms     mgasps=0.000 triediffs=439.88KiB triedirty=0.00B
400	execution.log	execution_txs_field	2026-09-05T01:53:39.180032069Z	361	c9aba8..9e7eac		0		INFO [09-05|01:53:39.179] Imported new potential chain segment     number=81 hash=c9aba8..9e7eac blocks=1 txs=0 mgas=0.000 elapsed=1.415ms     mgasps=0.000 triediffs=444.52KiB triedirty=0.00B
400	execution.log	execution_txs_field	2026-09-05T01:53:51.207009644Z	365	5f5a54..c1a931		0		INFO [09-05|01:53:51.206] Imported new potential chain segment     number=81 hash=5f5a54..c1a931 blocks=1 txs=0 mgas=0.000 elapsed=1.325ms     mgasps=0.000 triediffs=449.62KiB triedirty=0.00B
400	execution.log	execution_txs_field	2026-09-05T01:54:01.149979485Z	369	3eae0c..fbe66f		0		INFO [09-05|01:54:01.149] Imported new potential chain segment     number=81 hash=3eae0c..fbe66f blocks=1 txs=0 mgas=0.000 elapsed=1.122ms     mgasps=0.000 triediffs=454.47KiB triedirty=0.00B
400	execution.log	execution_txs_field	2026-09-05T01:54:12.758623391Z	371	f9453c..b77e12		0		INFO [09-05|01:54:12.758] Imported new potential chain segment     number=82 hash=f9453c..b77e12 blocks=1 txs=0 mgas=0.000 elapsed=1.175ms     mgasps=0.000 triediffs=459.08KiB triedirty=0.00B
400	execution.log	execution_txs_field	2026-09-05T01:54:24.820352590Z	373	4f7379..614599		0		INFO [09-05|01:54:24.819] Imported new potential chain segment     number=83 hash=4f7379..614599 blocks=1 txs=0 mgas=0.000 elapsed=1.847ms     mgasps=0.000 triediffs=463.91KiB triedirty=0.00B
400	execution.log	execution_txs_field	2026-09-05T01:54:36.889850778Z	375	df1658..07b6ae		0		INFO [09-05|01:54:36.887] Imported new potential chain segment     number=76 hash=df1658..07b6ae blocks=1 txs=0 mgas=0.000 elapsed=1.027ms     mgasps=0.000 triediffs=468.82KiB triedirty=0.00B
400	execution.log	execution_txs_field	2026-09-05T01:54:49.336916645Z	376	522ef9..69614c		0		"INFO [09-05|01:54:49.336] Imported new potential chain segment     number=84 hash=522ef9..69614c blocks=1 txs=0 mgas=0.000 elapsed=""889.212µs"" mgasps=0.000 triediffs=473.46KiB triedirty=0.00B"
400	execution.log	execution_txs_field	2026-09-05T01:55:00.845781948Z	378	cb8824..7e85b0		0		INFO [09-05|01:55:00.845] Imported new potential chain segment     number=85 hash=cb8824..7e85b0 blocks=1 txs=0 mgas=0.000 elapsed=1.213ms     mgasps=0.000 triediffs=477.89KiB triedirty=0.00B
400	execution.log	execution_txs_field	2026-09-05T01:55:15.251907058Z	380	a22766..857829		0		INFO [09-05|01:55:15.251] Imported new potential chain segment     number=86 hash=a22766..857829 blocks=1 txs=0 mgas=0.000 elapsed=1.903ms     mgasps=0.000 triediffs=482.53KiB triedirty=0.00B
400	execution.log	execution_txs_field	2026-09-05T01:55:25.057362041Z	384	a87335..aaa8db		0		INFO [09-05|01:55:25.057] Imported new potential chain segment     number=86 hash=a87335..aaa8db blocks=1 txs=0 mgas=0.000 elapsed=1.355ms     mgasps=0.000 triediffs=487.30KiB triedirty=0.00B
400	execution.log	execution_txs_field	2026-09-05T01:55:37.058190674Z	386	f02f6d..9213e7		0		INFO [09-05|01:55:37.057] Imported new potential chain segment     number=87 hash=f02f6d..9213e7 blocks=1 txs=0 mgas=0.000 elapsed=4.150ms     mgasps=0.000 triediffs=492.08KiB triedirty=0.00B
400	execution.log	execution_txs_field	2026-09-05T01:59:39.912704566Z	391	57f752..c15483		0		INFO [09-05|01:59:39.912] Imported new potential chain segment     number=81 hash=57f752..c15483 blocks=1 txs=0 mgas=0.000 elapsed=1.632ms     mgasps=0.000 triediffs=496.94KiB triedirty=0.00B
400	execution.log	execution_txs_field	2026-09-05T02:03:31.842073843Z	393	bb8c15..2fe9c8		0		INFO [09-05|02:03:31.841] Imported new potential chain segment     number=81 hash=bb8c15..2fe9c8 blocks=1 txs=0 mgas=0.000 elapsed=1.000ms     mgasps=0.000 age=1m43s triediffs=501.77KiB triedirty=0.00B
400	execution.log	execution_txs_field	2026-09-05T02:03:33.384582129Z	394	e095e4..37df18		0		INFO [09-05|02:03:33.384] Imported new potential chain segment     number=77 hash=e095e4..37df18 blocks=1 txs=0 mgas=0.000 elapsed=1.241ms     mgasps=0.000 triediffs=506.45KiB triedirty=0.00B
300	execution.log	execution_txs_field	2026-09-05T01:33:01.662857278Z	90	df777d..b81ab8		0		"INFO [09-05|01:33:01.662] Imported new potential chain segment     number=1 hash=df777d..b81ab8 blocks=1 txs=0 mgas=0.000 elapsed=""865.989µs"" mgasps=0.000 triediffs=4.98KiB triedirty=0.00B"
300	execution.log	execution_txs_field	2026-09-05T01:33:01.673356408Z	92	0		0		INFO [09-05|01:33:01.673] Indexed transactions                     blocks=2 txs=0 tail=0 elapsed=1.564ms
300	execution.log	execution_txs_field	2026-09-05T01:33:18.780178268Z	97	03b953..dfd5d3		0		INFO [09-05|01:33:18.778] Imported new potential chain segment     number=1 hash=03b953..dfd5d3 blocks=1 txs=0 mgas=0.000 elapsed=1.149ms     mgasps=0.000 triediffs=9.95KiB triedirty=0.00B
300	execution.log	execution_txs_field	2026-09-05T01:33:26.875666399Z	103	43e25c..3958a4		0		"INFO [09-05|01:33:26.875] Imported new potential chain segment     number=2 hash=43e25c..3958a4 blocks=1 txs=0 mgas=0.000 elapsed=""728.43µs""  mgasps=0.000 triediffs=12.97KiB triedirty=0.00B"
300	execution.log	execution_txs_field	2026-09-05T01:33:46.984455446Z	109	be1dd5..e71f1f		0		INFO [09-05|01:33:46.982] Imported new potential chain segment     number=2 hash=be1dd5..e71f1f blocks=1 txs=0 mgas=0.000 elapsed=1.557ms     mgasps=0.000 triediffs=16.00KiB triedirty=0.00B
300	execution.log	execution_txs_field	2026-09-05T01:34:06.426974921Z	115	12535e..3f7ac3		0		"INFO [09-05|01:34:06.426] Imported new potential chain segment     number=2 hash=12535e..3f7ac3 blocks=1 txs=0 mgas=0.000 elapsed=""787.986µs"" mgasps=0.000 triediffs=19.11KiB triedirty=0.00B"
300	execution.log	execution_txs_field	2026-09-05T01:34:12.944789530Z	121	d94ef5..6f32c4		0		INFO [09-05|01:34:12.944] Imported new potential chain segment     number=2 hash=d94ef5..6f32c4 blocks=1 txs=0 mgas=0.000 elapsed=3.796ms     mgasps=0.000 triediffs=22.31KiB triedirty=0.00B
300	execution.log	execution_txs_field	2026-09-05T01:34:24.943250200Z	124	7c666c..ac393c		0		"INFO [09-05|01:34:24.943] Imported new potential chain segment     number=3 hash=7c666c..ac393c blocks=1 txs=0 mgas=0.000 elapsed=""869.196µs"" mgasps=0.000 triediffs=25.41KiB triedirty=0.00B"
300	execution.log	execution_txs_field	2026-09-05T01:34:36.935573312Z	127	31cfcb..e9a663		0		INFO [09-05|01:34:36.935] Imported new potential chain segment     number=4 hash=31cfcb..e9a663 blocks=1 txs=0 mgas=0.000 elapsed=1.366ms     mgasps=0.000 triediffs=28.46KiB triedirty=0.00B
300	execution.log	execution_txs_field	2026-09-05T01:34:48.801150329Z	130	a218f6..5735a0		0		INFO [09-05|01:34:48.800] Imported new potential chain segment     number=5 hash=a218f6..5735a0 blocks=1 txs=0 mgas=0.000 elapsed=1.050ms     mgasps=0.000 triediffs=31.76KiB triedirty=0.00B
300	execution.log	execution_txs_field	2026-09-05T01:35:00.635485187Z	133	eb892e..fdc12b		0		INFO [09-05|01:35:00.634] Imported new potential chain segment     number=6 hash=eb892e..fdc12b blocks=1 txs=0 mgas=0.000 elapsed=1.149ms     mgasps=0.000 triediffs=35.27KiB triedirty=0.00B
300	execution.log	execution_txs_field	2026-09-05T01:35:13.341683665Z	136	ece62d..ee5d91		0		INFO [09-05|01:35:13.341] Imported new potential chain segment     number=7 hash=ece62d..ee5d91 blocks=1 txs=0 mgas=0.000 elapsed=1.090ms     mgasps=0.000 triediffs=38.77KiB triedirty=0.00B
300	execution.log	execution_txs_field	2026-09-05T01:35:24.555574224Z	139	552199..08f719		0		INFO [09-05|01:35:24.553] Imported new potential chain segment     number=8 hash=552199..08f719 blocks=1 txs=0 mgas=0.000 elapsed=4.040ms     mgasps=0.000 triediffs=42.04KiB triedirty=0.00B
300	execution.log	execution_txs_field	2026-09-05T01:35:36.729307183Z	142	78f969..73f77c		0		INFO [09-05|01:35:36.729] Imported new potential chain segment     number=9 hash=78f969..73f77c blocks=1 txs=0 mgas=0.000 elapsed=7.122ms     mgasps=0.000 triediffs=45.59KiB triedirty=0.00B
300	execution.log	execution_txs_field	2026-09-05T01:35:48.812966577Z	145	cc3a08..e39338		0		INFO [09-05|01:35:48.808] Imported new potential chain segment     number=10 hash=cc3a08..e39338 blocks=1 txs=0 mgas=0.000 elapsed=4.473ms     mgasps=0.000 triediffs=49.55KiB triedirty=0.00B
300	execution.log	execution_txs_field	2026-09-05T01:36:01.181326331Z	148	bd177e..8cddc5		0		INFO [09-05|01:36:01.181] Imported new potential chain segment     number=11 hash=bd177e..8cddc5 blocks=1 txs=0 mgas=0.000 elapsed=3.605ms     mgasps=0.000 triediffs=53.38KiB triedirty=0.00B
300	execution.log	execution_txs_field	2026-09-05T01:36:12.800378405Z	151	648514..5065ea		0		"INFO [09-05|01:36:12.797] Imported new potential chain segment     number=12 hash=648514..5065ea blocks=1 txs=0 mgas=0.000 elapsed=""955.948µs"" mgasps=0.000 triediffs=57.16KiB triedirty=0.00B"
300	execution.log	execution_txs_field	2026-09-05T01:36:25.967754258Z	154	cfcbf4..ebf7fc		0		"INFO [09-05|01:36:25.967] Imported new potential chain segment     number=13 hash=cfcbf4..ebf7fc blocks=1 txs=0 mgas=0.000 elapsed=""820.705µs"" mgasps=0.000 triediffs=61.05KiB triedirty=0.00B"
300	execution.log	execution_txs_field	2026-09-05T01:36:39.830481130Z	156	b8f457..a124e9		0		"INFO [09-05|01:36:39.830] Imported new potential chain segment     number=14 hash=b8f457..a124e9 blocks=1 txs=0 mgas=0.000 elapsed=""805.74µs""  mgasps=0.000 triediffs=64.90KiB triedirty=0.00B"
300	execution.log	execution_txs_field	2026-09-05T01:36:52.474597137Z	158	616503..e2f7fa		0		"INFO [09-05|01:36:52.474] Imported new potential chain segment     number=15 hash=616503..e2f7fa blocks=1 txs=0 mgas=0.000 elapsed=""670.896µs"" mgasps=0.000 triediffs=69.00KiB triedirty=0.00B"
300	execution.log	execution_txs_field	2026-09-05T01:37:02.149948619Z	162	b10c6c..5decba		0		INFO [09-05|01:37:02.149] Imported new potential chain segment     number=15 hash=b10c6c..5decba blocks=1 txs=0 mgas=0.000 elapsed=1.124ms     mgasps=0.000 triediffs=72.95KiB triedirty=0.00B
300	execution.log	execution_txs_field	2026-09-05T01:37:13.179598220Z	164	246b5e..e50bd4		0		INFO [09-05|01:37:13.179] Imported new potential chain segment     number=16 hash=246b5e..e50bd4 blocks=1 txs=0 mgas=0.000 elapsed=1.273ms     mgasps=0.000 triediffs=77.08KiB triedirty=0.00B
300	execution.log	execution_txs_field	2026-09-05T01:37:26.293568115Z	166	925d53..721761		0		INFO [09-05|01:37:26.293] Imported new potential chain segment     number=17 hash=925d53..721761 blocks=1 txs=0 mgas=0.000 elapsed=1.456ms     mgasps=0.000 triediffs=80.99KiB triedirty=0.00B
300	execution.log	execution_txs_field	2026-09-05T01:37:36.994886698Z	168	16fc2b..cc2f65		0		INFO [09-05|01:37:36.994] Imported new potential chain segment     number=18 hash=16fc2b..cc2f65 blocks=1 txs=0 mgas=0.000 elapsed=1.189ms     mgasps=0.000 triediffs=85.08KiB triedirty=0.00B
300	execution.log	execution_txs_field	2026-09-05T01:37:51.294034593Z	170	9f6ee5..ccef82		0		"INFO [09-05|01:37:51.293] Imported new potential chain segment     number=19 hash=9f6ee5..ccef82 blocks=1 txs=0 mgas=0.000 elapsed=""901.858µs"" mgasps=0.000 triediffs=89.32KiB triedirty=0.00B"
300	execution.log	execution_txs_field	2026-09-05T01:38:01.279411933Z	174	5ceb99..15391c		0		"INFO [09-05|01:38:01.279] Imported new potential chain segment     number=19 hash=5ceb99..15391c blocks=1 txs=0 mgas=0.000 elapsed=""880.237µs"" mgasps=0.000 triediffs=93.62KiB triedirty=0.00B"
300	execution.log	execution_txs_field	2026-09-05T01:38:13.117915332Z	176	e320f5..03e2af		0		"INFO [09-05|01:38:13.116] Imported new potential chain segment     number=20 hash=e320f5..03e2af blocks=1 txs=0 mgas=0.000 elapsed=""889.748µs"" mgasps=0.000 triediffs=97.78KiB triedirty=0.00B"
300	execution.log	execution_txs_field	2026-09-05T01:38:25.778713576Z	178	73eef2..ff2225		0		INFO [09-05|01:38:25.778] Imported new potential chain segment     number=21 hash=73eef2..ff2225 blocks=1 txs=0 mgas=0.000 elapsed=1.083ms     mgasps=0.000 triediffs=101.83KiB triedirty=0.00B
300	execution.log	execution_txs_field	2026-09-05T01:38:36.999061991Z	180	d98a1d..14bd7f		0		INFO [09-05|01:38:36.998] Imported new potential chain segment     number=22 hash=d98a1d..14bd7f blocks=1 txs=0 mgas=0.000 elapsed=1.168ms     mgasps=0.000 triediffs=106.18KiB triedirty=0.00B
300	execution.log	execution_txs_field	2026-09-05T01:38:50.103545950Z	182	4c5ec4..60f78c		0		"INFO [09-05|01:38:50.103] Imported new potential chain segment     number=23 hash=4c5ec4..60f78c blocks=1 txs=0 mgas=0.000 elapsed=""772.409µs"" mgasps=0.000 triediffs=110.25KiB triedirty=0.00B"
300	execution.log	execution_txs_field	2026-09-05T01:39:03.657366497Z	184	04f434..98d5ca		0		"INFO [09-05|01:39:03.657] Imported new potential chain segment     number=24 hash=04f434..98d5ca blocks=1 txs=0 mgas=0.000 elapsed=""932.512µs"" mgasps=0.000 triediffs=114.63KiB triedirty=0.00B"
300	execution.log	execution_txs_field	2026-09-05T01:39:14.173481390Z	188	414201..367880		0		"INFO [09-05|01:39:14.173] Imported new potential chain segment     number=24 hash=414201..367880 blocks=1 txs=0 mgas=0.000 elapsed=""844.125µs"" mgasps=0.000 triediffs=119.06KiB triedirty=0.00B"
300	execution.log	execution_txs_field	2026-09-05T01:39:24.927953259Z	190	2f944d..a5d707		0		INFO [09-05|01:39:24.927] Imported new potential chain segment     number=25 hash=2f944d..a5d707 blocks=1 txs=0 mgas=0.000 elapsed=1.164ms     mgasps=0.000 triediffs=123.38KiB triedirty=0.00B
300	execution.log	execution_txs_field	2026-09-05T01:39:37.242623158Z	192	55c261..7e2e95		0		INFO [09-05|01:39:37.240] Imported new potential chain segment     number=26 hash=55c261..7e2e95 blocks=1 txs=0 mgas=0.000 elapsed=1.778ms     mgasps=0.000 triediffs=127.57KiB triedirty=0.00B
300	execution.log	execution_txs_field	2026-09-05T01:39:48.966928500Z	194	4e2cbf..903cd8		0		INFO [09-05|01:39:48.965] Imported new potential chain segment     number=27 hash=4e2cbf..903cd8 blocks=1 txs=0 mgas=0.000 elapsed=1.238ms     mgasps=0.000 triediffs=131.73KiB triedirty=0.00B
300	execution.log	execution_txs_field	2026-09-05T01:40:03.759826114Z	196	d7a89c..6c2361		0		"INFO [09-05|01:40:03.759] Imported new potential chain segment     number=28 hash=d7a89c..6c2361 blocks=1 txs=0 mgas=0.000 elapsed=""918.745µs"" mgasps=0.000 triediffs=135.91KiB triedirty=0.00B"
300	execution.log	execution_txs_field	2026-09-05T01:40:13.241352164Z	198	3f042a..174852		0		INFO [09-05|01:40:13.238] Imported new potential chain segment     number=29 hash=3f042a..174852 blocks=1 txs=0 mgas=0.000 elapsed=1.029ms     mgasps=0.000 triediffs=140.21KiB triedirty=0.00B
300	execution.log	execution_txs_field	2026-09-05T01:40:25.089830010Z	202	881f01..1243dc		0		INFO [09-05|01:40:25.089] Imported new potential chain segment     number=29 hash=881f01..1243dc blocks=1 txs=0 mgas=0.000 elapsed=1.401ms     mgasps=0.000 triediffs=144.51KiB triedirty=0.00B
300	execution.log	execution_txs_field	2026-09-05T01:40:37.776630677Z	204	9f7655..5e954d		0		"INFO [09-05|01:40:37.776] Imported new potential chain segment     number=30 hash=9f7655..5e954d blocks=1 txs=0 mgas=0.000 elapsed=""998.738µs"" mgasps=0.000 triediffs=148.63KiB triedirty=0.00B"
300	execution.log	execution_txs_field	2026-09-05T01:40:49.463169247Z	206	f995d4..9e7a4b		0		INFO [09-05|01:40:49.462] Imported new potential chain segment     number=31 hash=f995d4..9e7a4b blocks=1 txs=0 mgas=0.000 elapsed=2.029ms     mgasps=0.000 triediffs=152.91KiB triedirty=0.00B
300	execution.log	execution_txs_field	2026-09-05T01:41:02.800060196Z	208	245f92..ed5dbe		0		INFO [09-05|01:41:02.799] Imported new potential chain segment     number=32 hash=245f92..ed5dbe blocks=1 txs=0 mgas=0.000 elapsed=1.664ms     mgasps=0.000 triediffs=157.23KiB triedirty=0.00B
300	execution.log	execution_txs_field	2026-09-05T01:41:13.358450419Z	210	ab4db7..618b72		0		"INFO [09-05|01:41:13.357] Imported new potential chain segment     number=33 hash=ab4db7..618b72 blocks=1 txs=0 mgas=0.000 elapsed=""945.074µs"" mgasps=0.000 triediffs=161.44KiB triedirty=0.00B"
300	execution.log	execution_txs_field	2026-09-05T01:41:26.014112109Z	212	d706a2..750bf5		0		INFO [09-05|01:41:26.013] Imported new potential chain segment     number=34 hash=d706a2..750bf5 blocks=1 txs=0 mgas=0.000 elapsed=1.004ms     mgasps=0.000 triediffs=166.04KiB triedirty=0.00B
300	execution.log	execution_txs_field	2026-09-05T01:41:36.937017232Z	214	25f757..da2f35		0		"INFO [09-05|01:41:36.936] Imported new potential chain segment     number=35 hash=25f757..da2f35 blocks=1 txs=0 mgas=0.000 elapsed=""876.275µs"" mgasps=0.000 triediffs=170.49KiB triedirty=0.00B"
300	execution.log	execution_txs_field	2026-09-05T01:41:50.702113404Z	216	80c043..4ace9b		0		INFO [09-05|01:41:50.701] Imported new potential chain segment     number=36 hash=80c043..4ace9b blocks=1 txs=0 mgas=0.000 elapsed=1.037ms     mgasps=0.000 triediffs=174.88KiB triedirty=0.00B
300	execution.log	execution_txs_field	2026-09-05T01:42:01.876025860Z	218	2df177..76a742		0		"INFO [09-05|01:42:01.875] Imported new potential chain segment     number=37 hash=2df177..76a742 blocks=1 txs=0 mgas=0.000 elapsed=""716.415µs"" mgasps=0.000 triediffs=179.54KiB triedirty=0.00B"
300	execution.log	execution_txs_field	2026-09-05T01:42:13.197866898Z	220	9cc50b..285ce8		0		INFO [09-05|01:42:13.197] Imported new potential chain segment     number=38 hash=9cc50b..285ce8 blocks=1 txs=0 mgas=0.000 elapsed=1.065ms     mgasps=0.000 triediffs=183.85KiB triedirty=0.00B
300	execution.log	execution_txs_field	2026-09-05T01:42:26.814392691Z	222	33cbd1..f54aeb		0		"INFO [09-05|01:42:26.814] Imported new potential chain segment     number=39 hash=33cbd1..f54aeb blocks=1 txs=0 mgas=0.000 elapsed=""749.315µs"" mgasps=0.000 triediffs=188.15KiB triedirty=0.00B"
300	execution.log	execution_txs_field	2026-09-05T01:42:36.933289947Z	224	0a005e..8d6710		0		INFO [09-05|01:42:36.927] Imported new potential chain segment     number=40 hash=0a005e..8d6710 blocks=1 txs=0 mgas=0.000 elapsed=1.034ms     mgasps=0.000 triediffs=192.49KiB triedirty=0.00B
300	execution.log	execution_txs_field	2026-09-05T01:42:50.563879941Z	226	b7e340..5807cf		0		"INFO [09-05|01:42:50.563] Imported new potential chain segment     number=41 hash=b7e340..5807cf blocks=1 txs=0 mgas=0.000 elapsed=""978.435µs"" mgasps=0.000 triediffs=196.62KiB triedirty=0.00B"
300	execution.log	execution_txs_field	2026-09-05T01:43:04.005744151Z	228	6b770d..6c9b9b		0		"INFO [09-05|01:43:04.005] Imported new potential chain segment     number=42 hash=6b770d..6c9b9b blocks=1 txs=0 mgas=0.000 elapsed=""838.519µs"" mgasps=0.000 triediffs=200.95KiB triedirty=0.00B"
300	execution.log	execution_txs_field	2026-09-05T01:43:13.087628102Z	232	13caf6..fac097		0		"INFO [09-05|01:43:13.086] Imported new potential chain segment     number=42 hash=13caf6..fac097 blocks=1 txs=0 mgas=0.000 elapsed=""835.459µs"" mgasps=0.000 triediffs=205.34KiB triedirty=0.00B"
300	execution.log	execution_txs_field	2026-09-05T01:43:25.087266634Z	234	9329e7..78b0f7		0		INFO [09-05|01:43:25.083] Imported new potential chain segment     number=43 hash=9329e7..78b0f7 blocks=1 txs=0 mgas=0.000 elapsed=1.490ms     mgasps=0.000 triediffs=209.67KiB triedirty=0.00B
300	execution.log	execution_txs_field	2026-09-05T01:43:44.138627179Z	236	a68a7f..957f92		0		"INFO [09-05|01:43:44.138] Imported new potential chain segment     number=44 hash=a68a7f..957f92 blocks=1 txs=0 mgas=0.000 elapsed=""941.33µs""  mgasps=0.000 triediffs=214.10KiB triedirty=0.00B"
300	execution.log	execution_txs_field	2026-09-05T01:43:49.294121079Z	240	a83ef3..7225e7		0		INFO [09-05|01:43:49.293] Imported new potential chain segment     number=44 hash=a83ef3..7225e7 blocks=1 txs=0 mgas=0.000 elapsed=1.130ms     mgasps=0.000 triediffs=218.60KiB triedirty=0.00B
300	execution.log	execution_txs_field	2026-09-05T01:44:05.085754686Z	242	08d472..c06948		0		"INFO [09-05|01:44:05.085] Imported new potential chain segment     number=45 hash=08d472..c06948 blocks=1 txs=0 mgas=0.000 elapsed=""805.791µs"" mgasps=0.000 triediffs=223.24KiB triedirty=0.00B"
300	execution.log	execution_txs_field	2026-09-05T01:44:14.609287889Z	246	da1c1b..7bffb9		0		"INFO [09-05|01:44:14.609] Imported new potential chain segment     number=45 hash=da1c1b..7bffb9 blocks=1 txs=0 mgas=0.000 elapsed=""817.916µs"" mgasps=0.000 triediffs=227.75KiB triedirty=0.00B"
300	execution.log	execution_txs_field	2026-09-05T01:44:24.835385017Z	248	b63315..308147		0		INFO [09-05|01:44:24.833] Imported new potential chain segment     number=46 hash=b63315..308147 blocks=1 txs=0 mgas=0.000 elapsed=7.401ms     mgasps=0.000 triediffs=232.02KiB triedirty=0.00B
300	execution.log	execution_txs_field	2026-09-05T01:44:36.962533590Z	250	4ba57f..ac60f8		0		INFO [09-05|01:44:36.962] Imported new potential chain segment     number=47 hash=4ba57f..ac60f8 blocks=1 txs=0 mgas=0.000 elapsed=1.041ms     mgasps=0.000 triediffs=236.47KiB triedirty=0.00B
300	execution.log	execution_txs_field	2026-09-05T01:44:54.480448716Z	252	ee30f8..65d871		0		"INFO [09-05|01:44:54.480] Imported new potential chain segment     number=48 hash=ee30f8..65d871 blocks=1 txs=0 mgas=0.000 elapsed=""699.989µs"" mgasps=0.000 triediffs=240.93KiB triedirty=0.00B"
300	execution.log	execution_txs_field	2026-09-05T01:45:04.847070253Z	256	191311..0fc02e		0		"INFO [09-05|01:45:04.846] Imported new potential chain segment     number=48 hash=191311..0fc02e blocks=1 txs=0 mgas=0.000 elapsed=""811.004µs"" mgasps=0.000 triediffs=245.29KiB triedirty=0.00B"
300	execution.log	execution_txs_field	2026-09-05T01:45:13.886748979Z	260	a1ee4b..334727		0		"INFO [09-05|01:45:13.886] Imported new potential chain segment     number=48 hash=a1ee4b..334727 blocks=1 txs=0 mgas=0.000 elapsed=""965.385µs"" mgasps=0.000 triediffs=249.47KiB triedirty=0.00B"
300	execution.log	execution_txs_field	2026-09-05T01:45:24.973464158Z	262	673f5c..1783c1		0		"INFO [09-05|01:45:24.972] Imported new potential chain segment     number=49 hash=673f5c..1783c1 blocks=1 txs=0 mgas=0.000 elapsed=""929.451µs"" mgasps=0.000 triediffs=253.86KiB triedirty=0.00B"
300	execution.log	execution_txs_field	2026-09-05T01:45:40.804533929Z	264	e78411..02dd7f		0		"INFO [09-05|01:45:40.804] Imported new potential chain segment     number=50 hash=e78411..02dd7f blocks=1 txs=0 mgas=0.000 elapsed=""901.36µs""  mgasps=0.000 triediffs=258.35KiB triedirty=0.00B"
300	execution.log	execution_txs_field	2026-09-05T01:45:49.220075975Z	268	a41b5c..be6384		0		"INFO [09-05|01:45:49.219] Imported new potential chain segment     number=50 hash=a41b5c..be6384 blocks=1 txs=0 mgas=0.000 elapsed=""899.98µs""  mgasps=0.000 triediffs=262.80KiB triedirty=0.00B"
300	execution.log	execution_txs_field	2026-09-05T01:46:01.226516606Z	270	97e5c0..cee620		0		"INFO [09-05|01:46:01.226] Imported new potential chain segment     number=51 hash=97e5c0..cee620 blocks=1 txs=0 mgas=0.000 elapsed=""893.82µs""  mgasps=0.000 triediffs=267.60KiB triedirty=0.00B"
300	execution.log	execution_txs_field	2026-09-05T01:46:16.384714504Z	272	935782..2eae13		0		INFO [09-05|01:46:16.384] Imported new potential chain segment     number=52 hash=935782..2eae13 blocks=1 txs=0 mgas=0.000 elapsed=1.140ms     mgasps=0.000 triediffs=271.93KiB triedirty=0.00B
300	execution.log	execution_txs_field	2026-09-05T01:46:26.848722390Z	276	e2bafb..042e8d		0		"INFO [09-05|01:46:26.848] Imported new potential chain segment     number=52 hash=e2bafb..042e8d blocks=1 txs=0 mgas=0.000 elapsed=""981.928µs"" mgasps=0.000 triediffs=276.42KiB triedirty=0.00B"
300	execution.log	execution_txs_field	2026-09-05T01:46:36.952143107Z	280	d1c751..5bfd2e		0		INFO [09-05|01:46:36.950] Imported new potential chain segment     number=52 hash=d1c751..5bfd2e blocks=1 txs=0 mgas=0.000 elapsed=2.251ms     mgasps=0.000 triediffs=281.03KiB triedirty=0.00B
300	execution.log	execution_txs_field	2026-09-05T01:46:48.936450202Z	282	86157f..f26538		0		INFO [09-05|01:46:48.935] Imported new potential chain segment     number=53 hash=86157f..f26538 blocks=1 txs=0 mgas=0.000 elapsed=1.370ms     mgasps=0.000 triediffs=285.61KiB triedirty=0.00B
300	execution.log	execution_txs_field	2026-09-05T01:47:01.005602069Z	284	ccff6b..7ebef2		0		"INFO [09-05|01:47:01.005] Imported new potential chain segment     number=54 hash=ccff6b..7ebef2 blocks=1 txs=0 mgas=0.000 elapsed=""902.153µs"" mgasps=0.000 triediffs=290.28KiB triedirty=0.00B"
300	execution.log	execution_txs_field	2026-09-05T01:47:13.021906166Z	286	dbe549..2afec8		0		INFO [09-05|01:47:13.021] Imported new potential chain segment     number=55 hash=dbe549..2afec8 blocks=1 txs=0 mgas=0.000 elapsed=1.223ms     mgasps=0.000 triediffs=294.89KiB triedirty=0.00B
300	execution.log	execution_txs_field	2026-09-05T01:47:25.902592980Z	288	b9ed6b..5b1229		0		INFO [09-05|01:47:25.902] Imported new potential chain segment     number=56 hash=b9ed6b..5b1229 blocks=1 txs=0 mgas=0.000 elapsed=1.497ms     mgasps=0.000 triediffs=299.47KiB triedirty=0.00B
300	execution.log	execution_txs_field	2026-09-05T01:47:37.527801884Z	290	e20702..b03843		0		INFO [09-05|01:47:37.527] Imported new potential chain segment     number=57 hash=e20702..b03843 blocks=1 txs=0 mgas=0.000 elapsed=1.308ms     mgasps=0.000 triediffs=303.96KiB triedirty=0.00B
300	execution.log	execution_txs_field	2026-09-05T01:47:48.938071094Z	292	e60f3b..74a28a		0		"INFO [09-05|01:47:48.937] Imported new potential chain segment     number=58 hash=e60f3b..74a28a blocks=1 txs=0 mgas=0.000 elapsed=""958.166µs"" mgasps=0.000 triediffs=308.66KiB triedirty=0.00B"
300	execution.log	execution_txs_field	2026-09-05T01:48:01.011969776Z	294	0e467b..0f480b		0		INFO [09-05|01:48:01.011] Imported new potential chain segment     number=59 hash=0e467b..0f480b blocks=1 txs=0 mgas=0.000 elapsed=1.105ms     mgasps=0.000 triediffs=313.03KiB triedirty=0.00B
300	execution.log	execution_txs_field	2026-09-05T01:48:12.893925403Z	296	7bc9a7..9ef738		0		INFO [09-05|01:48:12.893] Imported new potential chain segment     number=60 hash=7bc9a7..9ef738 blocks=1 txs=0 mgas=0.000 elapsed=6.359ms     mgasps=0.000 triediffs=317.63KiB triedirty=0.00B
300	execution.log	execution_txs_field	2026-09-05T01:48:25.617626799Z	298	a2cbbc..08ffc8		0		"INFO [09-05|01:48:25.617] Imported new potential chain segment     number=61 hash=a2cbbc..08ffc8 blocks=1 txs=0 mgas=0.000 elapsed=""840.541µs"" mgasps=0.000 triediffs=322.32KiB triedirty=0.00B"
300	execution.log	execution_txs_field	2026-09-05T01:48:37.179025437Z	300	dbcf51..c00195		0		"INFO [09-05|01:48:37.178] Imported new potential chain segment     number=62 hash=dbcf51..c00195 blocks=1 txs=0 mgas=0.000 elapsed=""891.546µs"" mgasps=0.000 triediffs=326.72KiB triedirty=0.00B"
300	execution.log	execution_txs_field	2026-09-05T01:48:49.032060578Z	302	946a20..24eded		0		INFO [09-05|01:48:49.031] Imported new potential chain segment     number=63 hash=946a20..24eded blocks=1 txs=0 mgas=0.000 elapsed=1.998ms     mgasps=0.000 triediffs=331.80KiB triedirty=0.00B
300	execution.log	execution_txs_field	2026-09-05T01:49:00.874905421Z	304	131a9c..5ab3ec		0		INFO [09-05|01:49:00.874] Imported new potential chain segment     number=64 hash=131a9c..5ab3ec blocks=1 txs=0 mgas=0.000 elapsed=2.448ms     mgasps=0.000 triediffs=336.84KiB triedirty=0.00B
300	execution.log	execution_txs_field	2026-09-05T01:49:14.442626958Z	306	b15e60..8211bb		0		"INFO [09-05|01:49:14.442] Imported new potential chain segment     number=65 hash=b15e60..8211bb blocks=1 txs=0 mgas=0.000 elapsed=""948.292µs"" mgasps=0.000 triediffs=341.40KiB triedirty=0.00B"
300	execution.log	execution_txs_field	2026-09-05T01:49:28.296667923Z	308	ff9448..f29f33		0		"INFO [09-05|01:49:28.296] Imported new potential chain segment     number=66 hash=ff9448..f29f33 blocks=1 txs=0 mgas=0.000 elapsed=""908.774µs"" mgasps=0.000 triediffs=346.28KiB triedirty=0.00B"
300	execution.log	execution_txs_field	2026-09-05T01:49:37.169894002Z	312	db3c8e..6f96bc		0		INFO [09-05|01:49:37.168] Imported new potential chain segment     number=66 hash=db3c8e..6f96bc blocks=1 txs=0 mgas=0.000 elapsed=1.123ms     mgasps=0.000 triediffs=350.83KiB triedirty=0.00B
300	execution.log	execution_txs_field	2026-09-05T01:49:49.102000510Z	314	18ed4b..e5ed48		0		INFO [09-05|01:49:49.101] Imported new potential chain segment     number=67 hash=18ed4b..e5ed48 blocks=1 txs=0 mgas=0.000 elapsed=1.048ms     mgasps=0.000 triediffs=355.65KiB triedirty=0.00B
300	execution.log	execution_txs_field	2026-09-05T01:50:04.444677536Z	316	960c16..318018		0		INFO [09-05|01:50:04.444] Imported new potential chain segment     number=68 hash=960c16..318018 blocks=1 txs=0 mgas=0.000 elapsed=1.948ms     mgasps=0.000 triediffs=360.20KiB triedirty=0.00B
300	execution.log	execution_txs_field	2026-09-05T01:50:17.012146223Z	320	bf5ffd..88a9b4		0		"INFO [09-05|01:50:17.011] Imported new potential chain segment     number=68 hash=bf5ffd..88a9b4 blocks=1 txs=0 mgas=0.000 elapsed=""996.516µs"" mgasps=0.000 triediffs=364.84KiB triedirty=0.00B"
300	execution.log	execution_txs_field	2026-09-05T01:50:25.021100429Z	324	fbd155..aed3c2		0		INFO [09-05|01:50:25.018] Imported new potential chain segment     number=68 hash=fbd155..aed3c2 blocks=1 txs=0 mgas=0.000 elapsed=1.118ms     mgasps=0.000 triediffs=369.36KiB triedirty=0.00B
300	execution.log	execution_txs_field	2026-09-05T01:50:36.837352006Z	326	5af476..472169		0		INFO [09-05|01:50:36.835] Imported new potential chain segment     number=69 hash=5af476..472169 blocks=1 txs=0 mgas=0.000 elapsed=1.897ms     mgasps=0.000 triediffs=373.72KiB triedirty=0.00B
300	execution.log	execution_txs_field	2026-09-05T01:50:49.057714000Z	328	2ccbd5..74e10b		0		"INFO [09-05|01:50:49.054] Imported new potential chain segment     number=70 hash=2ccbd5..74e10b blocks=1 txs=0 mgas=0.000 elapsed=""986.193µs"" mgasps=0.000 triediffs=378.46KiB triedirty=0.00B"
300	execution.log	execution_txs_field	2026-09-05T01:51:04.058708335Z	330	dd3658..345fd9		0		"INFO [09-05|01:51:04.058] Imported new potential chain segment     number=71 hash=dd3658..345fd9 blocks=1 txs=0 mgas=0.000 elapsed=""967.931µs"" mgasps=0.000 triediffs=383.13KiB triedirty=0.00B"
300	execution.log	execution_txs_field	2026-09-05T01:51:12.973981504Z	334	323361..eea910		0		INFO [09-05|01:51:12.972] Imported new potential chain segment     number=71 hash=323361..eea910 blocks=1 txs=0 mgas=0.000 elapsed=1.245ms     mgasps=0.000 triediffs=387.32KiB triedirty=0.00B
300	execution.log	execution_txs_field	2026-09-05T01:51:25.444622537Z	336	931683..18733c		0		INFO [09-05|01:51:25.444] Imported new potential chain segment     number=72 hash=931683..18733c blocks=1 txs=0 mgas=0.000 elapsed=1.109ms     mgasps=0.000 triediffs=392.21KiB triedirty=0.00B
300	execution.log	execution_txs_field	2026-09-05T01:51:37.459511516Z	338	e7eb34..389c72		0		"INFO [09-05|01:51:37.459] Imported new potential chain segment     number=73 hash=e7eb34..389c72 blocks=1 txs=0 mgas=0.000 elapsed=""993.812µs"" mgasps=0.000 triediffs=396.95KiB triedirty=0.00B"
300	execution.log	execution_txs_field	2026-09-05T01:51:48.837512388Z	340	460535..2d9832		0		"INFO [09-05|01:51:48.832] Imported new potential chain segment     number=74 hash=460535..2d9832 blocks=1 txs=0 mgas=0.000 elapsed=""994.307µs"" mgasps=0.000 triediffs=402.11KiB triedirty=0.00B"
300	execution.log	execution_txs_field	2026-09-05T01:52:03.742209547Z	342	3d8b75..118040		0		INFO [09-05|01:52:03.742] Imported new potential chain segment     number=75 hash=3d8b75..118040 blocks=1 txs=0 mgas=0.000 elapsed=1.118ms     mgasps=0.000 triediffs=406.67KiB triedirty=0.00B
300	execution.log	execution_txs_field	2026-09-05T01:52:13.153587872Z	346	e2a896..c21a3b		0		INFO [09-05|01:52:13.153] Imported new potential chain segment     number=75 hash=e2a896..c21a3b blocks=1 txs=0 mgas=0.000 elapsed=1.894ms     mgasps=0.000 triediffs=411.41KiB triedirty=0.00B
300	execution.log	execution_txs_field	2026-09-05T01:52:25.048130364Z	348	52841d..f6cee3		0		INFO [09-05|01:52:25.045] Imported new potential chain segment     number=76 hash=52841d..f6cee3 blocks=1 txs=0 mgas=0.000 elapsed=1.402ms     mgasps=0.000 triediffs=415.86KiB triedirty=0.00B
300	execution.log	execution_txs_field	2026-09-05T01:52:39.980378384Z	350	d7945a..40c8b0		0		INFO [09-05|01:52:39.980] Imported new potential chain segment     number=77 hash=d7945a..40c8b0 blocks=1 txs=0 mgas=0.000 elapsed=1.117ms     mgasps=0.000 triediffs=420.72KiB triedirty=0.00B
300	execution.log	execution_txs_field	2026-09-05T01:52:49.457322527Z	354	6f602f..2b845a		0		"INFO [09-05|01:52:49.457] Imported new potential chain segment     number=77 hash=6f602f..2b845a blocks=1 txs=0 mgas=0.000 elapsed=""879.487µs"" mgasps=0.000 triediffs=425.34KiB triedirty=0.00B"
300	execution.log	execution_txs_field	2026-09-05T01:53:00.862791572Z	356	5c42bd..ba2fd8		0		INFO [09-05|01:53:00.862] Imported new potential chain segment     number=78 hash=5c42bd..ba2fd8 blocks=1 txs=0 mgas=0.000 elapsed=1.292ms     mgasps=0.000 triediffs=430.04KiB triedirty=0.00B
300	execution.log	execution_txs_field	2026-09-05T01:53:13.947545346Z	358	1c9360..c70589		0		"INFO [09-05|01:53:13.947] Imported new potential chain segment     number=79 hash=1c9360..c70589 blocks=1 txs=0 mgas=0.000 elapsed=""741.194µs"" mgasps=0.000 triediffs=434.92KiB triedirty=0.00B"
300	execution.log	execution_txs_field	2026-09-05T01:53:25.840888064Z	360	0227c0..5718a6		0		"INFO [09-05|01:53:25.840] Imported new potential chain segment     number=80 hash=0227c0..5718a6 blocks=1 txs=0 mgas=0.000 elapsed=""925.117µs"" mgasps=0.000 triediffs=439.88KiB triedirty=0.00B"
300	execution.log	execution_txs_field	2026-09-05T01:53:39.127015852Z	362	c9aba8..9e7eac		0		"INFO [09-05|01:53:39.126] Imported new potential chain segment     number=81 hash=c9aba8..9e7eac blocks=1 txs=0 mgas=0.000 elapsed=""921.919µs"" mgasps=0.000 triediffs=444.52KiB triedirty=0.00B"
300	execution.log	execution_txs_field	2026-09-05T01:53:51.159599229Z	366	5f5a54..c1a931		0		INFO [09-05|01:53:51.159] Imported new potential chain segment     number=81 hash=5f5a54..c1a931 blocks=1 txs=0 mgas=0.000 elapsed=1.565ms     mgasps=0.000 triediffs=449.62KiB triedirty=0.00B
300	execution.log	execution_txs_field	2026-09-05T01:54:01.122517878Z	370	3eae0c..fbe66f		0		INFO [09-05|01:54:01.121] Imported new potential chain segment     number=81 hash=3eae0c..fbe66f blocks=1 txs=0 mgas=0.000 elapsed=2.122ms     mgasps=0.000 triediffs=454.47KiB triedirty=0.00B
300	execution.log	execution_txs_field	2026-09-05T01:54:12.720238412Z	372	f9453c..b77e12		0		"INFO [09-05|01:54:12.718] Imported new potential chain segment     number=82 hash=f9453c..b77e12 blocks=1 txs=0 mgas=0.000 elapsed=""980.863µs"" mgasps=0.000 triediffs=459.08KiB triedirty=0.00B"
300	execution.log	execution_txs_field	2026-09-05T01:54:24.778141601Z	374	4f7379..614599		0		INFO [09-05|01:54:24.773] Imported new potential chain segment     number=83 hash=4f7379..614599 blocks=1 txs=0 mgas=0.000 elapsed=1.051ms     mgasps=0.000 triediffs=463.91KiB triedirty=0.00B
300	execution.log	execution_txs_field	2026-09-05T01:54:36.912386817Z	376	df1658..07b6ae		0		"INFO [09-05|01:54:36.912] Imported new potential chain segment     number=76 hash=df1658..07b6ae blocks=1 txs=0 mgas=0.000 elapsed=""874.014µs"" mgasps=0.000 triediffs=468.82KiB triedirty=0.00B"
300	execution.log	execution_txs_field	2026-09-05T01:54:48.995082923Z	377	522ef9..69614c		0		INFO [09-05|01:54:48.994] Imported new potential chain segment     number=84 hash=522ef9..69614c blocks=1 txs=0 mgas=0.000 elapsed=3.913ms     mgasps=0.000 triediffs=473.46KiB triedirty=0.00B
300	execution.log	execution_txs_field	2026-09-05T01:55:00.866560669Z	379	cb8824..7e85b0		0		INFO [09-05|01:55:00.865] Imported new potential chain segment     number=85 hash=cb8824..7e85b0 blocks=1 txs=0 mgas=0.000 elapsed=8.494ms     mgasps=0.000 triediffs=477.89KiB triedirty=0.00B
300	execution.log	execution_txs_field	2026-09-05T01:55:15.158498704Z	381	a22766..857829		0		INFO [09-05|01:55:15.158] Imported new potential chain segment     number=86 hash=a22766..857829 blocks=1 txs=0 mgas=0.000 elapsed=1.091ms     mgasps=0.000 triediffs=482.53KiB triedirty=0.00B
300	execution.log	execution_txs_field	2026-09-05T01:55:24.939960794Z	385	a87335..aaa8db		0		INFO [09-05|01:55:24.939] Imported new potential chain segment     number=86 hash=a87335..aaa8db blocks=1 txs=0 mgas=0.000 elapsed=1.009ms     mgasps=0.000 triediffs=487.30KiB triedirty=0.00B
300	execution.log	execution_txs_field	2026-09-05T01:55:37.049955779Z	387	f02f6d..9213e7		0		INFO [09-05|01:55:37.049] Imported new potential chain segment     number=87 hash=f02f6d..9213e7 blocks=1 txs=0 mgas=0.000 elapsed=10.715ms    mgasps=0.000 triediffs=492.08KiB triedirty=0.00B
300	execution.log	execution_txs_field	2026-09-05T01:59:08.012572104Z	392	90aa44..364e4c		0		"INFO [09-05|01:59:08.012] Imported new potential chain segment     number=81 hash=90aa44..364e4c blocks=1 txs=0 mgas=0.000 elapsed=""740.641µs"" mgasps=0.000 triediffs=496.85KiB triedirty=0.00B"
300	execution.log	execution_txs_field	2026-09-05T02:00:03.966563504Z	393	318bd8..154b97		0		"INFO [09-05|02:00:03.966] Imported new potential chain segment     number=81 hash=318bd8..154b97 blocks=1 txs=0 mgas=0.000 elapsed=""717.065µs"" mgasps=0.000 triediffs=501.93KiB triedirty=0.00B"
300	execution.log	execution_txs_field	2026-09-05T02:02:00.798412109Z	394	bb8c15..2fe9c8		0		INFO [09-05|02:02:00.798] Imported new potential chain segment     number=81 hash=bb8c15..2fe9c8 blocks=1 txs=0 mgas=0.000 elapsed=1.169ms     mgasps=0.000 triediffs=506.75KiB triedirty=0.00B
300	execution.log	execution_txs_field	2026-09-05T02:03:32.339082329Z	395	e095e4..37df18		0		"INFO [09-05|02:03:32.338] Imported new potential chain segment     number=77 hash=e095e4..37df18 blocks=1 txs=0 mgas=0.000 elapsed=""757.801µs"" mgasps=0.000 triediffs=511.43KiB triedirty=0.00B"
50	execution.log	execution_txs_field	2026-09-05T01:33:11.277255458Z	96	df777d..b81ab8		0		"INFO [09-05|01:33:11.276] Imported new potential chain segment     number=1 hash=df777d..b81ab8 blocks=1 txs=0 mgas=0.000 elapsed=""803.117µs"" mgasps=0.000 triediffs=4.98KiB triedirty=0.00B"
50	execution.log	execution_txs_field	2026-09-05T01:33:11.289610415Z	99	0		0		"INFO [09-05|01:33:11.289] Indexed transactions                     blocks=2 txs=0 tail=0 elapsed=""371.474µs"""
50	execution.log	execution_txs_field	2026-09-05T01:33:19.884976148Z	100	03b953..dfd5d3		0		"INFO [09-05|01:33:19.884] Imported new potential chain segment     number=1 hash=03b953..dfd5d3 blocks=1 txs=0 mgas=0.000 elapsed=""942.914µs"" mgasps=0.000 triediffs=9.95KiB triedirty=0.00B"
50	execution.log	execution_txs_field	2026-09-05T01:33:28.774098240Z	107	43e25c..3958a4		0		"INFO [09-05|01:33:28.773] Imported new potential chain segment     number=2 hash=43e25c..3958a4 blocks=1 txs=0 mgas=0.000 elapsed=""782.376µs"" mgasps=0.000 triediffs=12.97KiB triedirty=0.00B"
50	execution.log	execution_txs_field	2026-09-05T01:33:47.027778642Z	113	be1dd5..e71f1f		0		INFO [09-05|01:33:47.026] Imported new potential chain segment     number=2 hash=be1dd5..e71f1f blocks=1 txs=0 mgas=0.000 elapsed=2.191ms     mgasps=0.000 triediffs=16.00KiB triedirty=0.00B
50	execution.log	execution_txs_field	2026-09-05T01:34:06.433200584Z	119	12535e..3f7ac3		0		"INFO [09-05|01:34:06.432] Imported new potential chain segment     number=2 hash=12535e..3f7ac3 blocks=1 txs=0 mgas=0.000 elapsed=""946.444µs"" mgasps=0.000 triediffs=19.11KiB triedirty=0.00B"
50	execution.log	execution_txs_field	2026-09-05T01:34:13.411642356Z	125	d94ef5..6f32c4		0		INFO [09-05|01:34:13.411] Imported new potential chain segment     number=2 hash=d94ef5..6f32c4 blocks=1 txs=0 mgas=0.000 elapsed=1.114ms     mgasps=0.000 triediffs=22.31KiB triedirty=0.00B
50	execution.log	execution_txs_field	2026-09-05T01:34:25.569964134Z	128	7c666c..ac393c		0		INFO [09-05|01:34:25.569] Imported new potential chain segment     number=3 hash=7c666c..ac393c blocks=1 txs=0 mgas=0.000 elapsed=5.273ms     mgasps=0.000 triediffs=25.41KiB triedirty=0.00B
50	execution.log	execution_txs_field	2026-09-05T01:34:38.061375469Z	131	31cfcb..e9a663		0		"INFO [09-05|01:34:38.061] Imported new potential chain segment     number=4 hash=31cfcb..e9a663 blocks=1 txs=0 mgas=0.000 elapsed=""779.844µs"" mgasps=0.000 triediffs=28.46KiB triedirty=0.00B"
50	execution.log	execution_txs_field	2026-09-05T01:34:49.304621398Z	134	a218f6..5735a0		0		"INFO [09-05|01:34:49.304] Imported new potential chain segment     number=5 hash=a218f6..5735a0 blocks=1 txs=0 mgas=0.000 elapsed=""881.673µs"" mgasps=0.000 triediffs=31.76KiB triedirty=0.00B"
50	execution.log	execution_txs_field	2026-09-05T01:35:00.699978628Z	137	eb892e..fdc12b		0		"INFO [09-05|01:35:00.699] Imported new potential chain segment     number=6 hash=eb892e..fdc12b blocks=1 txs=0 mgas=0.000 elapsed=""947.249µs"" mgasps=0.000 triediffs=35.27KiB triedirty=0.00B"
50	execution.log	execution_txs_field	2026-09-05T01:35:13.718356582Z	140	ece62d..ee5d91		0		INFO [09-05|01:35:13.717] Imported new potential chain segment     number=7 hash=ece62d..ee5d91 blocks=1 txs=0 mgas=0.000 elapsed=1.597ms     mgasps=0.000 triediffs=38.77KiB triedirty=0.00B
50	execution.log	execution_txs_field	2026-09-05T01:35:24.922763355Z	143	552199..08f719		0		INFO [09-05|01:35:24.922] Imported new potential chain segment     number=8 hash=552199..08f719 blocks=1 txs=0 mgas=0.000 elapsed=1.210ms     mgasps=0.000 triediffs=42.04KiB triedirty=0.00B
50	execution.log	execution_txs_field	2026-09-05T01:35:36.848601530Z	146	78f969..73f77c		0		INFO [09-05|01:35:36.848] Imported new potential chain segment     number=9 hash=78f969..73f77c blocks=1 txs=0 mgas=0.000 elapsed=1.141ms     mgasps=0.000 triediffs=45.59KiB triedirty=0.00B
50	execution.log	execution_txs_field	2026-09-05T01:35:49.087023588Z	149	cc3a08..e39338		0		"INFO [09-05|01:35:49.086] Imported new potential chain segment     number=10 hash=cc3a08..e39338 blocks=1 txs=0 mgas=0.000 elapsed=""926.319µs"" mgasps=0.000 triediffs=49.55KiB triedirty=0.00B"
50	execution.log	execution_txs_field	2026-09-05T01:36:01.483452577Z	152	bd177e..8cddc5		0		"INFO [09-05|01:36:01.482] Imported new potential chain segment     number=11 hash=bd177e..8cddc5 blocks=1 txs=0 mgas=0.000 elapsed=""984.311µs"" mgasps=0.000 triediffs=53.38KiB triedirty=0.00B"
50	execution.log	execution_txs_field	2026-09-05T01:36:13.640630250Z	155	648514..5065ea		0		"INFO [09-05|01:36:13.640] Imported new potential chain segment     number=12 hash=648514..5065ea blocks=1 txs=0 mgas=0.000 elapsed=""815.807µs"" mgasps=0.000 triediffs=57.16KiB triedirty=0.00B"
50	execution.log	execution_txs_field	2026-09-05T01:36:26.354632571Z	158	cfcbf4..ebf7fc		0		"INFO [09-05|01:36:26.354] Imported new potential chain segment     number=13 hash=cfcbf4..ebf7fc blocks=1 txs=0 mgas=0.000 elapsed=""822.364µs"" mgasps=0.000 triediffs=61.05KiB triedirty=0.00B"
50	execution.log	execution_txs_field	2026-09-05T01:36:39.813735572Z	161	b8f457..a124e9		0		"INFO [09-05|01:36:39.813] Imported new potential chain segment     number=14 hash=b8f457..a124e9 blocks=1 txs=0 mgas=0.000 elapsed=""907.09µs""  mgasps=0.000 triediffs=64.90KiB triedirty=0.00B"
50	execution.log	execution_txs_field	2026-09-05T01:36:52.449755424Z	163	616503..e2f7fa		0		"INFO [09-05|01:36:52.449] Imported new potential chain segment     number=15 hash=616503..e2f7fa blocks=1 txs=0 mgas=0.000 elapsed=""913.439µs"" mgasps=0.000 triediffs=69.00KiB triedirty=0.00B"
50	execution.log	execution_txs_field	2026-09-05T01:37:02.428837866Z	167	b10c6c..5decba		0		INFO [09-05|01:37:02.428] Imported new potential chain segment     number=15 hash=b10c6c..5decba blocks=1 txs=0 mgas=0.000 elapsed=1.324ms     mgasps=0.000 triediffs=72.95KiB triedirty=0.00B
50	execution.log	execution_txs_field	2026-09-05T01:37:13.602218047Z	169	246b5e..e50bd4		0		INFO [09-05|01:37:13.602] Imported new potential chain segment     number=16 hash=246b5e..e50bd4 blocks=1 txs=0 mgas=0.000 elapsed=2.059ms     mgasps=0.000 triediffs=77.08KiB triedirty=0.00B
50	execution.log	execution_txs_field	2026-09-05T01:37:26.477966468Z	171	925d53..721761		0		"INFO [09-05|01:37:26.477] Imported new potential chain segment     number=17 hash=925d53..721761 blocks=1 txs=0 mgas=0.000 elapsed=""850.058µs"" mgasps=0.000 triediffs=80.99KiB triedirty=0.00B"
50	execution.log	execution_txs_field	2026-09-05T01:37:37.208213433Z	173	16fc2b..cc2f65		0		INFO [09-05|01:37:37.207] Imported new potential chain segment     number=18 hash=16fc2b..cc2f65 blocks=1 txs=0 mgas=0.000 elapsed=1.334ms     mgasps=0.000 triediffs=85.08KiB triedirty=0.00B
50	execution.log	execution_txs_field	2026-09-05T01:37:51.327960868Z	175	9f6ee5..ccef82		0		"INFO [09-05|01:37:51.327] Imported new potential chain segment     number=19 hash=9f6ee5..ccef82 blocks=1 txs=0 mgas=0.000 elapsed=""847.64µs""  mgasps=0.000 triediffs=89.32KiB triedirty=0.00B"
50	execution.log	execution_txs_field	2026-09-05T01:38:01.757423255Z	179	5ceb99..15391c		0		INFO [09-05|01:38:01.757] Imported new potential chain segment     number=19 hash=5ceb99..15391c blocks=1 txs=0 mgas=0.000 elapsed=2.007ms     mgasps=0.000 triediffs=93.62KiB triedirty=0.00B
50	execution.log	execution_txs_field	2026-09-05T01:38:13.732143982Z	181	e320f5..03e2af		0		INFO [09-05|01:38:13.731] Imported new potential chain segment     number=20 hash=e320f5..03e2af blocks=1 txs=0 mgas=0.000 elapsed=1.067ms     mgasps=0.000 triediffs=97.78KiB triedirty=0.00B
50	execution.log	execution_txs_field	2026-09-05T01:38:25.918511566Z	183	73eef2..ff2225		0		INFO [09-05|01:38:25.917] Imported new potential chain segment     number=21 hash=73eef2..ff2225 blocks=1 txs=0 mgas=0.000 elapsed=1.023ms     mgasps=0.000 triediffs=101.83KiB triedirty=0.00B
50	execution.log	execution_txs_field	2026-09-05T01:38:37.436565352Z	185	d98a1d..14bd7f		0		INFO [09-05|01:38:37.436] Imported new potential chain segment     number=22 hash=d98a1d..14bd7f blocks=1 txs=0 mgas=0.000 elapsed=1.778ms     mgasps=0.000 triediffs=106.18KiB triedirty=0.00B
50	execution.log	execution_txs_field	2026-09-05T01:38:50.379954852Z	187	4c5ec4..60f78c		0		INFO [09-05|01:38:50.379] Imported new potential chain segment     number=23 hash=4c5ec4..60f78c blocks=1 txs=0 mgas=0.000 elapsed=1.307ms     mgasps=0.000 triediffs=110.25KiB triedirty=0.00B
50	execution.log	execution_txs_field	2026-09-05T01:39:03.758346007Z	189	04f434..98d5ca		0		INFO [09-05|01:39:03.758] Imported new potential chain segment     number=24 hash=04f434..98d5ca blocks=1 txs=0 mgas=0.000 elapsed=1.883ms     mgasps=0.000 triediffs=114.63KiB triedirty=0.00B
50	execution.log	execution_txs_field	2026-09-05T01:39:14.402614685Z	193	414201..367880		0		INFO [09-05|01:39:14.401] Imported new potential chain segment     number=24 hash=414201..367880 blocks=1 txs=0 mgas=0.000 elapsed=2.096ms     mgasps=0.000 triediffs=119.06KiB triedirty=0.00B
50	execution.log	execution_txs_field	2026-09-05T01:39:25.421718382Z	195	2f944d..a5d707		0		INFO [09-05|01:39:25.421] Imported new potential chain segment     number=25 hash=2f944d..a5d707 blocks=1 txs=0 mgas=0.000 elapsed=1.316ms     mgasps=0.000 triediffs=123.38KiB triedirty=0.00B
50	execution.log	execution_txs_field	2026-09-05T01:39:37.590673248Z	197	55c261..7e2e95		0		INFO [09-05|01:39:37.590] Imported new potential chain segment     number=26 hash=55c261..7e2e95 blocks=1 txs=0 mgas=0.000 elapsed=1.179ms     mgasps=0.000 triediffs=127.57KiB triedirty=0.00B
50	execution.log	execution_txs_field	2026-09-05T01:39:49.123560450Z	199	4e2cbf..903cd8		0		INFO [09-05|01:39:49.122] Imported new potential chain segment     number=27 hash=4e2cbf..903cd8 blocks=1 txs=0 mgas=0.000 elapsed=1.500ms     mgasps=0.000 triediffs=131.73KiB triedirty=0.00B
50	execution.log	execution_txs_field	2026-09-05T01:40:03.742099981Z	201	d7a89c..6c2361		0		INFO [09-05|01:40:03.741] Imported new potential chain segment     number=28 hash=d7a89c..6c2361 blocks=1 txs=0 mgas=0.000 elapsed=1.813ms     mgasps=0.000 triediffs=135.91KiB triedirty=0.00B
50	execution.log	execution_txs_field	2026-09-05T01:40:14.059927866Z	203	3f042a..174852		0		INFO [09-05|01:40:14.059] Imported new potential chain segment     number=29 hash=3f042a..174852 blocks=1 txs=0 mgas=0.000 elapsed=1.120ms     mgasps=0.000 triediffs=140.21KiB triedirty=0.00B
50	execution.log	execution_txs_field	2026-09-05T01:40:25.749612354Z	207	881f01..1243dc		0		"INFO [09-05|01:40:25.748] Imported new potential chain segment     number=29 hash=881f01..1243dc blocks=1 txs=0 mgas=0.000 elapsed=""793.157µs"" mgasps=0.000 triediffs=144.51KiB triedirty=0.00B"
50	execution.log	execution_txs_field	2026-09-05T01:40:38.004026129Z	209	9f7655..5e954d		0		INFO [09-05|01:40:38.003] Imported new potential chain segment     number=30 hash=9f7655..5e954d blocks=1 txs=0 mgas=0.000 elapsed=2.384ms     mgasps=0.000 triediffs=148.63KiB triedirty=0.00B
50	execution.log	execution_txs_field	2026-09-05T01:40:49.500464056Z	211	f995d4..9e7a4b		0		"INFO [09-05|01:40:49.500] Imported new potential chain segment     number=31 hash=f995d4..9e7a4b blocks=1 txs=0 mgas=0.000 elapsed=""964.663µs"" mgasps=0.000 triediffs=152.91KiB triedirty=0.00B"
50	execution.log	execution_txs_field	2026-09-05T01:41:02.774647178Z	213	245f92..ed5dbe		0		INFO [09-05|01:41:02.774] Imported new potential chain segment     number=32 hash=245f92..ed5dbe blocks=1 txs=0 mgas=0.000 elapsed=1.262ms     mgasps=0.000 triediffs=157.23KiB triedirty=0.00B
50	execution.log	execution_txs_field	2026-09-05T01:41:13.862098538Z	215	ab4db7..618b72		0		INFO [09-05|01:41:13.861] Imported new potential chain segment     number=33 hash=ab4db7..618b72 blocks=1 txs=0 mgas=0.000 elapsed=1.779ms     mgasps=0.000 triediffs=161.44KiB triedirty=0.00B
50	execution.log	execution_txs_field	2026-09-05T01:41:26.169593352Z	217	d706a2..750bf5		0		INFO [09-05|01:41:26.169] Imported new potential chain segment     number=34 hash=d706a2..750bf5 blocks=1 txs=0 mgas=0.000 elapsed=3.359ms     mgasps=0.000 triediffs=166.04KiB triedirty=0.00B
50	execution.log	execution_txs_field	2026-09-05T01:41:37.143888223Z	219	25f757..da2f35		0		INFO [09-05|01:41:37.143] Imported new potential chain segment     number=35 hash=25f757..da2f35 blocks=1 txs=0 mgas=0.000 elapsed=1.092ms     mgasps=0.000 triediffs=170.49KiB triedirty=0.00B
50	execution.log	execution_txs_field	2026-09-05T01:41:50.705953325Z	221	80c043..4ace9b		0		"INFO [09-05|01:41:50.705] Imported new potential chain segment     number=36 hash=80c043..4ace9b blocks=1 txs=0 mgas=0.000 elapsed=""994.083µs"" mgasps=0.000 triediffs=174.88KiB triedirty=0.00B"
50	execution.log	execution_txs_field	2026-09-05T01:42:02.165993110Z	223	2df177..76a742		0		INFO [09-05|01:42:02.165] Imported new potential chain segment     number=37 hash=2df177..76a742 blocks=1 txs=0 mgas=0.000 elapsed=1.195ms     mgasps=0.000 triediffs=179.54KiB triedirty=0.00B
50	execution.log	execution_txs_field	2026-09-05T01:42:13.380470330Z	225	9cc50b..285ce8		0		INFO [09-05|01:42:13.380] Imported new potential chain segment     number=38 hash=9cc50b..285ce8 blocks=1 txs=0 mgas=0.000 elapsed=1.796ms     mgasps=0.000 triediffs=183.85KiB triedirty=0.00B
50	execution.log	execution_txs_field	2026-09-05T01:42:26.797466382Z	227	33cbd1..f54aeb		0		"INFO [09-05|01:42:26.797] Imported new potential chain segment     number=39 hash=33cbd1..f54aeb blocks=1 txs=0 mgas=0.000 elapsed=""932.208µs"" mgasps=0.000 triediffs=188.15KiB triedirty=0.00B"
50	execution.log	execution_txs_field	2026-09-05T01:42:37.272936465Z	229	0a005e..8d6710		0		INFO [09-05|01:42:37.272] Imported new potential chain segment     number=40 hash=0a005e..8d6710 blocks=1 txs=0 mgas=0.000 elapsed=1.519ms     mgasps=0.000 triediffs=192.49KiB triedirty=0.00B
50	execution.log	execution_txs_field	2026-09-05T01:42:50.774250536Z	231	b7e340..5807cf		0		INFO [09-05|01:42:50.774] Imported new potential chain segment     number=41 hash=b7e340..5807cf blocks=1 txs=0 mgas=0.000 elapsed=1.258ms     mgasps=0.000 triediffs=196.62KiB triedirty=0.00B
50	execution.log	execution_txs_field	2026-09-05T01:43:04.048783568Z	233	6b770d..6c9b9b		0		"INFO [09-05|01:43:04.048] Imported new potential chain segment     number=42 hash=6b770d..6c9b9b blocks=1 txs=0 mgas=0.000 elapsed=""911.285µs"" mgasps=0.000 triediffs=200.95KiB triedirty=0.00B"
50	execution.log	execution_txs_field	2026-09-05T01:43:13.668123295Z	237	13caf6..fac097		0		"INFO [09-05|01:43:13.667] Imported new potential chain segment     number=42 hash=13caf6..fac097 blocks=1 txs=0 mgas=0.000 elapsed=""905.022µs"" mgasps=0.000 triediffs=205.34KiB triedirty=0.00B"
50	execution.log	execution_txs_field	2026-09-05T01:43:25.844765318Z	239	9329e7..78b0f7		0		INFO [09-05|01:43:25.844] Imported new potential chain segment     number=43 hash=9329e7..78b0f7 blocks=1 txs=0 mgas=0.000 elapsed=1.169ms     mgasps=0.000 triediffs=209.67KiB triedirty=0.00B
50	execution.log	execution_txs_field	2026-09-05T01:43:44.170807860Z	241	a68a7f..957f92		0		"INFO [09-05|01:43:44.170] Imported new potential chain segment     number=44 hash=a68a7f..957f92 blocks=1 txs=0 mgas=0.000 elapsed=""881.996µs"" mgasps=0.000 triediffs=214.10KiB triedirty=0.00B"
50	execution.log	execution_txs_field	2026-09-05T01:43:49.855374317Z	245	a83ef3..7225e7		0		INFO [09-05|01:43:49.855] Imported new potential chain segment     number=44 hash=a83ef3..7225e7 blocks=1 txs=0 mgas=0.000 elapsed=4.131ms     mgasps=0.000 triediffs=218.60KiB triedirty=0.00B
50	execution.log	execution_txs_field	2026-09-05T01:44:05.121372271Z	247	08d472..c06948		0		"INFO [09-05|01:44:05.121] Imported new potential chain segment     number=45 hash=08d472..c06948 blocks=1 txs=0 mgas=0.000 elapsed=""998.974µs"" mgasps=0.000 triediffs=223.24KiB triedirty=0.00B"
50	execution.log	execution_txs_field	2026-09-05T01:44:15.001859239Z	251	da1c1b..7bffb9		0		INFO [09-05|01:44:15.000] Imported new potential chain segment     number=45 hash=da1c1b..7bffb9 blocks=1 txs=0 mgas=0.000 elapsed=1.321ms     mgasps=0.000 triediffs=227.75KiB triedirty=0.00B
50	execution.log	execution_txs_field	2026-09-05T01:44:25.099957910Z	253	b63315..308147		0		INFO [09-05|01:44:25.099] Imported new potential chain segment     number=46 hash=b63315..308147 blocks=1 txs=0 mgas=0.000 elapsed=2.108ms     mgasps=0.000 triediffs=232.02KiB triedirty=0.00B
50	execution.log	execution_txs_field	2026-09-05T01:44:37.546074608Z	255	4ba57f..ac60f8		0		"INFO [09-05|01:44:37.545] Imported new potential chain segment     number=47 hash=4ba57f..ac60f8 blocks=1 txs=0 mgas=0.000 elapsed=""948.097µs"" mgasps=0.000 triediffs=236.47KiB triedirty=0.00B"
50	execution.log	execution_txs_field	2026-09-05T01:44:54.457321412Z	257	ee30f8..65d871		0		"INFO [09-05|01:44:54.457] Imported new potential chain segment     number=48 hash=ee30f8..65d871 blocks=1 txs=0 mgas=0.000 elapsed=""932.519µs"" mgasps=0.000 triediffs=240.93KiB triedirty=0.00B"
50	execution.log	execution_txs_field	2026-09-05T01:45:04.851282715Z	261	191311..0fc02e		0		INFO [09-05|01:45:04.850] Imported new potential chain segment     number=48 hash=191311..0fc02e blocks=1 txs=0 mgas=0.000 elapsed=3.216ms     mgasps=0.000 triediffs=245.29KiB triedirty=0.00B
50	execution.log	execution_txs_field	2026-09-05T01:45:14.679373630Z	265	a1ee4b..334727		0		INFO [09-05|01:45:14.679] Imported new potential chain segment     number=48 hash=a1ee4b..334727 blocks=1 txs=0 mgas=0.000 elapsed=2.107ms     mgasps=0.000 triediffs=249.47KiB triedirty=0.00B
50	execution.log	execution_txs_field	2026-09-05T01:45:25.396703019Z	267	673f5c..1783c1		0		INFO [09-05|01:45:25.396] Imported new potential chain segment     number=49 hash=673f5c..1783c1 blocks=1 txs=0 mgas=0.000 elapsed=1.409ms     mgasps=0.000 triediffs=253.86KiB triedirty=0.00B
50	execution.log	execution_txs_field	2026-09-05T01:45:40.779229835Z	269	e78411..02dd7f		0		"INFO [09-05|01:45:40.779] Imported new potential chain segment     number=50 hash=e78411..02dd7f blocks=1 txs=0 mgas=0.000 elapsed=""958.038µs"" mgasps=0.000 triediffs=258.35KiB triedirty=0.00B"
50	execution.log	execution_txs_field	2026-09-05T01:45:49.716232530Z	273	a41b5c..be6384		0		INFO [09-05|01:45:49.715] Imported new potential chain segment     number=50 hash=a41b5c..be6384 blocks=1 txs=0 mgas=0.000 elapsed=1.130ms     mgasps=0.000 triediffs=262.80KiB triedirty=0.00B
50	execution.log	execution_txs_field	2026-09-05T01:46:01.517706014Z	275	97e5c0..cee620		0		"INFO [09-05|01:46:01.517] Imported new potential chain segment     number=51 hash=97e5c0..cee620 blocks=1 txs=0 mgas=0.000 elapsed=""948.576µs"" mgasps=0.000 triediffs=267.60KiB triedirty=0.00B"
50	execution.log	execution_txs_field	2026-09-05T01:46:16.418286438Z	277	935782..2eae13		0		INFO [09-05|01:46:16.418] Imported new potential chain segment     number=52 hash=935782..2eae13 blocks=1 txs=0 mgas=0.000 elapsed=1.143ms     mgasps=0.000 triediffs=271.93KiB triedirty=0.00B
50	execution.log	execution_txs_field	2026-09-05T01:46:26.870078468Z	281	e2bafb..042e8d		0		INFO [09-05|01:46:26.869] Imported new potential chain segment     number=52 hash=e2bafb..042e8d blocks=1 txs=0 mgas=0.000 elapsed=1.157ms     mgasps=0.000 triediffs=276.42KiB triedirty=0.00B
50	execution.log	execution_txs_field	2026-09-05T01:46:37.224781653Z	285	d1c751..5bfd2e		0		"INFO [09-05|01:46:37.224] Imported new potential chain segment     number=52 hash=d1c751..5bfd2e blocks=1 txs=0 mgas=0.000 elapsed=""936.279µs"" mgasps=0.000 triediffs=281.03KiB triedirty=0.00B"
50	execution.log	execution_txs_field	2026-09-05T01:46:49.012833628Z	287	86157f..f26538		0		INFO [09-05|01:46:49.012] Imported new potential chain segment     number=53 hash=86157f..f26538 blocks=1 txs=0 mgas=0.000 elapsed=2.259ms     mgasps=0.000 triediffs=285.61KiB triedirty=0.00B
50	execution.log	execution_txs_field	2026-09-05T01:47:01.266508972Z	289	ccff6b..7ebef2		0		INFO [09-05|01:47:01.266] Imported new potential chain segment     number=54 hash=ccff6b..7ebef2 blocks=1 txs=0 mgas=0.000 elapsed=1.256ms     mgasps=0.000 triediffs=290.28KiB triedirty=0.00B
50	execution.log	execution_txs_field	2026-09-05T01:47:13.177390490Z	291	dbe549..2afec8		0		INFO [09-05|01:47:13.177] Imported new potential chain segment     number=55 hash=dbe549..2afec8 blocks=1 txs=0 mgas=0.000 elapsed=1.183ms     mgasps=0.000 triediffs=294.89KiB triedirty=0.00B
50	execution.log	execution_txs_field	2026-09-05T01:47:26.452448569Z	293	b9ed6b..5b1229		0		INFO [09-05|01:47:26.452] Imported new potential chain segment     number=56 hash=b9ed6b..5b1229 blocks=1 txs=0 mgas=0.000 elapsed=1.169ms     mgasps=0.000 triediffs=299.47KiB triedirty=0.00B
50	execution.log	execution_txs_field	2026-09-05T01:47:38.012605442Z	295	e20702..b03843		0		INFO [09-05|01:47:38.012] Imported new potential chain segment     number=57 hash=e20702..b03843 blocks=1 txs=0 mgas=0.000 elapsed=1.332ms     mgasps=0.000 triediffs=303.96KiB triedirty=0.00B
50	execution.log	execution_txs_field	2026-09-05T01:47:49.106932485Z	297	e60f3b..74a28a		0		"INFO [09-05|01:47:49.106] Imported new potential chain segment     number=58 hash=e60f3b..74a28a blocks=1 txs=0 mgas=0.000 elapsed=""857.355µs"" mgasps=0.000 triediffs=308.66KiB triedirty=0.00B"
50	execution.log	execution_txs_field	2026-09-05T01:48:01.301474541Z	299	0e467b..0f480b		0		INFO [09-05|01:48:01.300] Imported new potential chain segment     number=59 hash=0e467b..0f480b blocks=1 txs=0 mgas=0.000 elapsed=1.075ms     mgasps=0.000 triediffs=313.03KiB triedirty=0.00B
50	execution.log	execution_txs_field	2026-09-05T01:48:13.059625531Z	301	7bc9a7..9ef738		0		INFO [09-05|01:48:13.058] Imported new potential chain segment     number=60 hash=7bc9a7..9ef738 blocks=1 txs=0 mgas=0.000 elapsed=3.357ms     mgasps=0.000 triediffs=317.63KiB triedirty=0.00B
50	execution.log	execution_txs_field	2026-09-05T01:48:26.214612800Z	303	a2cbbc..08ffc8		0		INFO [09-05|01:48:26.214] Imported new potential chain segment     number=61 hash=a2cbbc..08ffc8 blocks=1 txs=0 mgas=0.000 elapsed=2.134ms     mgasps=0.000 triediffs=322.32KiB triedirty=0.00B
50	execution.log	execution_txs_field	2026-09-05T01:48:37.778481829Z	305	dbcf51..c00195		0		"INFO [09-05|01:48:37.778] Imported new potential chain segment     number=62 hash=dbcf51..c00195 blocks=1 txs=0 mgas=0.000 elapsed=""993.974µs"" mgasps=0.000 triediffs=326.72KiB triedirty=0.00B"
50	execution.log	execution_txs_field	2026-09-05T01:48:50.608586458Z	307	946a20..24eded		0		"INFO [09-05|01:48:50.607] Imported new potential chain segment     number=63 hash=946a20..24eded blocks=1 txs=0 mgas=0.000 elapsed=""937.48µs""  mgasps=0.000 triediffs=331.80KiB triedirty=0.00B"
50	execution.log	execution_txs_field	2026-09-05T01:49:01.933767027Z	309	131a9c..5ab3ec		0		INFO [09-05|01:49:01.933] Imported new potential chain segment     number=64 hash=131a9c..5ab3ec blocks=1 txs=0 mgas=0.000 elapsed=1.781ms     mgasps=0.000 triediffs=336.84KiB triedirty=0.00B
50	execution.log	execution_txs_field	2026-09-05T01:49:14.721768301Z	311	b15e60..8211bb		0		INFO [09-05|01:49:14.721] Imported new potential chain segment     number=65 hash=b15e60..8211bb blocks=1 txs=0 mgas=0.000 elapsed=2.735ms     mgasps=0.000 triediffs=341.40KiB triedirty=0.00B
50	execution.log	execution_txs_field	2026-09-05T01:49:28.298560745Z	313	ff9448..f29f33		0		INFO [09-05|01:49:28.298] Imported new potential chain segment     number=66 hash=ff9448..f29f33 blocks=1 txs=0 mgas=0.000 elapsed=1.398ms     mgasps=0.000 triediffs=346.28KiB triedirty=0.00B
50	execution.log	execution_txs_field	2026-09-05T01:49:37.938986416Z	317	db3c8e..6f96bc		0		INFO [09-05|01:49:37.937] Imported new potential chain segment     number=66 hash=db3c8e..6f96bc blocks=1 txs=0 mgas=0.000 elapsed=1.642ms     mgasps=0.000 triediffs=350.83KiB triedirty=0.00B
50	execution.log	execution_txs_field	2026-09-05T01:49:50.119318172Z	319	18ed4b..e5ed48		0		INFO [09-05|01:49:50.119] Imported new potential chain segment     number=67 hash=18ed4b..e5ed48 blocks=1 txs=0 mgas=0.000 elapsed=2.511ms     mgasps=0.000 triediffs=355.65KiB triedirty=0.00B
50	execution.log	execution_txs_field	2026-09-05T01:50:04.650617476Z	321	960c16..318018		0		INFO [09-05|01:50:04.650] Imported new potential chain segment     number=68 hash=960c16..318018 blocks=1 txs=0 mgas=0.000 elapsed=1.253ms     mgasps=0.000 triediffs=360.20KiB triedirty=0.00B
50	execution.log	execution_txs_field	2026-09-05T01:50:17.048366871Z	325	bf5ffd..88a9b4		0		INFO [09-05|01:50:17.048] Imported new potential chain segment     number=68 hash=bf5ffd..88a9b4 blocks=1 txs=0 mgas=0.000 elapsed=1.016ms     mgasps=0.000 triediffs=364.84KiB triedirty=0.00B
50	execution.log	execution_txs_field	2026-09-05T01:50:25.320115430Z	329	fbd155..aed3c2		0		"INFO [09-05|01:50:25.319] Imported new potential chain segment     number=68 hash=fbd155..aed3c2 blocks=1 txs=0 mgas=0.000 elapsed=""903.162µs"" mgasps=0.000 triediffs=369.36KiB triedirty=0.00B"
50	execution.log	execution_txs_field	2026-09-05T01:50:37.392294374Z	331	5af476..472169		0		INFO [09-05|01:50:37.392] Imported new potential chain segment     number=69 hash=5af476..472169 blocks=1 txs=0 mgas=0.000 elapsed=2.677ms     mgasps=0.000 triediffs=373.72KiB triedirty=0.00B
50	execution.log	execution_txs_field	2026-09-05T01:50:50.220333890Z	333	2ccbd5..74e10b		0		INFO [09-05|01:50:50.219] Imported new potential chain segment     number=70 hash=2ccbd5..74e10b blocks=1 txs=0 mgas=0.000 elapsed=1.098ms     mgasps=0.000 triediffs=378.46KiB triedirty=0.00B
50	execution.log	execution_txs_field	2026-09-05T01:51:04.062853432Z	335	dd3658..345fd9		0		INFO [09-05|01:51:04.062] Imported new potential chain segment     number=71 hash=dd3658..345fd9 blocks=1 txs=0 mgas=0.000 elapsed=1.205ms     mgasps=0.000 triediffs=383.13KiB triedirty=0.00B
50	execution.log	execution_txs_field	2026-09-05T01:51:13.840784546Z	339	323361..eea910		0		"INFO [09-05|01:51:13.840] Imported new potential chain segment     number=71 hash=323361..eea910 blocks=1 txs=0 mgas=0.000 elapsed=""855.198µs"" mgasps=0.000 triediffs=387.32KiB triedirty=0.00B"
50	execution.log	execution_txs_field	2026-09-05T01:51:26.014238328Z	341	931683..18733c		0		INFO [09-05|01:51:26.013] Imported new potential chain segment     number=72 hash=931683..18733c blocks=1 txs=0 mgas=0.000 elapsed=2.640ms     mgasps=0.000 triediffs=392.21KiB triedirty=0.00B
50	execution.log	execution_txs_field	2026-09-05T01:51:38.210628887Z	343	e7eb34..389c72		0		INFO [09-05|01:51:38.210] Imported new potential chain segment     number=73 hash=e7eb34..389c72 blocks=1 txs=0 mgas=0.000 elapsed=5.211ms     mgasps=0.000 triediffs=396.95KiB triedirty=0.00B
50	execution.log	execution_txs_field	2026-09-05T01:51:49.560040053Z	345	460535..2d9832		0		INFO [09-05|01:51:49.559] Imported new potential chain segment     number=74 hash=460535..2d9832 blocks=1 txs=0 mgas=0.000 elapsed=1.118ms     mgasps=0.000 triediffs=402.11KiB triedirty=0.00B
50	execution.log	execution_txs_field	2026-09-05T01:52:04.053719541Z	347	3d8b75..118040		0		INFO [09-05|01:52:04.053] Imported new potential chain segment     number=75 hash=3d8b75..118040 blocks=1 txs=0 mgas=0.000 elapsed=1.648ms     mgasps=0.000 triediffs=406.67KiB triedirty=0.00B
50	execution.log	execution_txs_field	2026-09-05T01:52:15.019069711Z	351	e2a896..c21a3b		0		"INFO [09-05|01:52:15.018] Imported new potential chain segment     number=75 hash=e2a896..c21a3b blocks=1 txs=0 mgas=0.000 elapsed=""934.955µs"" mgasps=0.000 triediffs=411.41KiB triedirty=0.00B"
50	execution.log	execution_txs_field	2026-09-05T01:52:25.961009529Z	353	52841d..f6cee3		0		"INFO [09-05|01:52:25.960] Imported new potential chain segment     number=76 hash=52841d..f6cee3 blocks=1 txs=0 mgas=0.000 elapsed=""976.954µs"" mgasps=0.000 triediffs=415.86KiB triedirty=0.00B"
50	execution.log	execution_txs_field	2026-09-05T01:52:40.013420009Z	355	d7945a..40c8b0		0		INFO [09-05|01:52:40.013] Imported new potential chain segment     number=77 hash=d7945a..40c8b0 blocks=1 txs=0 mgas=0.000 elapsed=1.063ms     mgasps=0.000 triediffs=420.72KiB triedirty=0.00B
50	execution.log	execution_txs_field	2026-09-05T01:52:50.223921986Z	359	6f602f..2b845a		0		INFO [09-05|01:52:50.223] Imported new potential chain segment     number=77 hash=6f602f..2b845a blocks=1 txs=0 mgas=0.000 elapsed=2.552ms     mgasps=0.000 triediffs=425.34KiB triedirty=0.00B
50	execution.log	execution_txs_field	2026-09-05T01:53:01.095705061Z	361	5c42bd..ba2fd8		0		INFO [09-05|01:53:01.095] Imported new potential chain segment     number=78 hash=5c42bd..ba2fd8 blocks=1 txs=0 mgas=0.000 elapsed=1.252ms     mgasps=0.000 triediffs=430.04KiB triedirty=0.00B
50	execution.log	execution_txs_field	2026-09-05T01:53:16.855730804Z	363	1c9360..c70589		0		"INFO [09-05|01:53:16.855] Imported new potential chain segment     number=79 hash=1c9360..c70589 blocks=1 txs=0 mgas=0.000 elapsed=""908.601µs"" mgasps=0.000 triediffs=434.92KiB triedirty=0.00B"
50	execution.log	execution_txs_field	2026-09-05T01:53:26.376192263Z	365	0227c0..5718a6		0		INFO [09-05|01:53:26.376] Imported new potential chain segment     number=80 hash=0227c0..5718a6 blocks=1 txs=0 mgas=0.000 elapsed=1.184ms     mgasps=0.000 triediffs=439.88KiB triedirty=0.00B
50	execution.log	execution_txs_field	2026-09-05T01:53:39.108399064Z	367	c9aba8..9e7eac		0		INFO [09-05|01:53:39.108] Imported new potential chain segment     number=81 hash=c9aba8..9e7eac blocks=1 txs=0 mgas=0.000 elapsed=1.104ms     mgasps=0.000 triediffs=444.52KiB triedirty=0.00B
50	execution.log	execution_txs_field	2026-09-05T01:53:51.140920438Z	371	5f5a54..c1a931		0		INFO [09-05|01:53:51.140] Imported new potential chain segment     number=81 hash=5f5a54..c1a931 blocks=1 txs=0 mgas=0.000 elapsed=1.444ms     mgasps=0.000 triediffs=449.62KiB triedirty=0.00B
50	execution.log	execution_txs_field	2026-09-05T01:54:01.563406183Z	375	3eae0c..fbe66f		0		INFO [09-05|01:54:01.563] Imported new potential chain segment     number=81 hash=3eae0c..fbe66f blocks=1 txs=0 mgas=0.000 elapsed=1.247ms     mgasps=0.000 triediffs=454.47KiB triedirty=0.00B
50	execution.log	execution_txs_field	2026-09-05T01:54:12.924501424Z	377	f9453c..b77e12		0		"INFO [09-05|01:54:12.924] Imported new potential chain segment     number=82 hash=f9453c..b77e12 blocks=1 txs=0 mgas=0.000 elapsed=""989.284µs"" mgasps=0.000 triediffs=459.08KiB triedirty=0.00B"
50	execution.log	execution_txs_field	2026-09-05T01:54:24.868494599Z	379	4f7379..614599		0		INFO [09-05|01:54:24.867] Imported new potential chain segment     number=83 hash=4f7379..614599 blocks=1 txs=0 mgas=0.000 elapsed=1.221ms     mgasps=0.000 triediffs=463.91KiB triedirty=0.00B
50	execution.log	execution_txs_field	2026-09-05T01:54:37.412742858Z	381	df1658..07b6ae		0		"INFO [09-05|01:54:37.412] Imported new potential chain segment     number=76 hash=df1658..07b6ae blocks=1 txs=0 mgas=0.000 elapsed=""755.224µs"" mgasps=0.000 triediffs=468.82KiB triedirty=0.00B"
50	execution.log	execution_txs_field	2026-09-05T01:54:50.899710530Z	382	522ef9..69614c		0		INFO [09-05|01:54:50.899] Imported new potential chain segment     number=84 hash=522ef9..69614c blocks=1 txs=0 mgas=0.000 elapsed=1.673ms     mgasps=0.000 triediffs=473.46KiB triedirty=0.00B
50	execution.log	execution_txs_field	2026-09-05T01:55:01.235488348Z	384	cb8824..7e85b0		0		INFO [09-05|01:55:01.234] Imported new potential chain segment     number=85 hash=cb8824..7e85b0 blocks=1 txs=0 mgas=0.000 elapsed=3.754ms     mgasps=0.000 triediffs=477.89KiB triedirty=0.00B
50	execution.log	execution_txs_field	2026-09-05T01:55:15.140394342Z	386	a22766..857829		0		"INFO [09-05|01:55:15.140] Imported new potential chain segment     number=86 hash=a22766..857829 blocks=1 txs=0 mgas=0.000 elapsed=""829.435µs"" mgasps=0.000 triediffs=482.53KiB triedirty=0.00B"
50	execution.log	execution_txs_field	2026-09-05T01:55:25.171373373Z	390	a87335..aaa8db		0		INFO [09-05|01:55:25.171] Imported new potential chain segment     number=86 hash=a87335..aaa8db blocks=1 txs=0 mgas=0.000 elapsed=3.547ms     mgasps=0.000 triediffs=487.30KiB triedirty=0.00B
50	execution.log	execution_txs_field	2026-09-05T01:55:38.705202896Z	392	f02f6d..9213e7		0		INFO [09-05|01:55:38.705] Imported new potential chain segment     number=87 hash=f02f6d..9213e7 blocks=1 txs=0 mgas=0.000 elapsed=1.036ms     mgasps=0.000 triediffs=492.08KiB triedirty=0.00B
50	execution.log	execution_txs_field	2026-09-05T02:02:02.425054486Z	397	bb8c15..2fe9c8		0		INFO [09-05|02:02:02.424] Imported new potential chain segment     number=81 hash=bb8c15..2fe9c8 blocks=1 txs=0 mgas=0.000 elapsed=2.594ms     mgasps=0.000 triediffs=496.91KiB triedirty=0.00B
50	execution.log	execution_txs_field	2026-09-05T02:03:33.720405365Z	398	e095e4..37df18		0		INFO [09-05|02:03:33.720] Imported new potential chain segment     number=77 hash=e095e4..37df18 blocks=1 txs=0 mgas=0.000 elapsed=1.068ms     mgasps=0.000 triediffs=501.59KiB triedirty=0.00B
900	execution.log	execution_txs_field	2026-09-05T01:33:02.079258931Z	85	df777d..b81ab8		0		INFO [09-05|01:33:02.067] Imported new potential chain segment     number=1 hash=df777d..b81ab8 blocks=1 txs=0 mgas=0.000 elapsed=1.689ms   mgasps=0.000 triediffs=4.98KiB triedirty=0.00B
900	execution.log	execution_txs_field	2026-09-05T01:33:02.186522120Z	86	0		0		INFO [09-05|01:33:02.172] Indexed transactions                     blocks=2 txs=0 tail=0 elapsed=7.640ms
900	execution.log	execution_txs_field	2026-09-05T01:33:18.898218915Z	92	03b953..dfd5d3		0		INFO [09-05|01:33:18.897] Imported new potential chain segment     number=1 hash=03b953..dfd5d3 blocks=1 txs=0 mgas=0.000 elapsed=1.553ms     mgasps=0.000 triediffs=9.95KiB triedirty=0.00B
900	execution.log	execution_txs_field	2026-09-05T01:33:26.914978917Z	98	43e25c..3958a4		0		INFO [09-05|01:33:26.914] Imported new potential chain segment     number=2 hash=43e25c..3958a4 blocks=1 txs=0 mgas=0.000 elapsed=3.020ms     mgasps=0.000 triediffs=12.97KiB triedirty=0.00B
900	execution.log	execution_txs_field	2026-09-05T01:33:47.089987387Z	104	be1dd5..e71f1f		0		INFO [09-05|01:33:47.089] Imported new potential chain segment     number=2 hash=be1dd5..e71f1f blocks=1 txs=0 mgas=0.000 elapsed=1.343ms     mgasps=0.000 triediffs=16.00KiB triedirty=0.00B
900	execution.log	execution_txs_field	2026-09-05T01:34:06.443855534Z	110	12535e..3f7ac3		0		INFO [09-05|01:34:06.441] Imported new potential chain segment     number=2 hash=12535e..3f7ac3 blocks=1 txs=0 mgas=0.000 elapsed=1.251ms     mgasps=0.000 triediffs=19.11KiB triedirty=0.00B
900	execution.log	execution_txs_field	2026-09-05T01:34:13.429247600Z	116	d94ef5..6f32c4		0		INFO [09-05|01:34:13.429] Imported new potential chain segment     number=2 hash=d94ef5..6f32c4 blocks=1 txs=0 mgas=0.000 elapsed=1.354ms     mgasps=0.000 triediffs=22.31KiB triedirty=0.00B
900	execution.log	execution_txs_field	2026-09-05T01:34:25.428427763Z	119	7c666c..ac393c		0		INFO [09-05|01:34:25.427] Imported new potential chain segment     number=3 hash=7c666c..ac393c blocks=1 txs=0 mgas=0.000 elapsed=1.698ms     mgasps=0.000 triediffs=25.41KiB triedirty=0.00B
900	execution.log	execution_txs_field	2026-09-05T01:34:37.496372932Z	122	31cfcb..e9a663		0		INFO [09-05|01:34:37.493] Imported new potential chain segment     number=4 hash=31cfcb..e9a663 blocks=1 txs=0 mgas=0.000 elapsed=2.030ms     mgasps=0.000 triediffs=28.46KiB triedirty=0.00B
900	execution.log	execution_txs_field	2026-09-05T01:34:48.937356102Z	125	a218f6..5735a0		0		INFO [09-05|01:34:48.935] Imported new potential chain segment     number=5 hash=a218f6..5735a0 blocks=1 txs=0 mgas=0.000 elapsed=1.253ms     mgasps=0.000 triediffs=31.76KiB triedirty=0.00B
900	execution.log	execution_txs_field	2026-09-05T01:35:00.816046655Z	128	eb892e..fdc12b		0		INFO [09-05|01:35:00.814] Imported new potential chain segment     number=6 hash=eb892e..fdc12b blocks=1 txs=0 mgas=0.000 elapsed=1.527ms     mgasps=0.000 triediffs=35.27KiB triedirty=0.00B
900	execution.log	execution_txs_field	2026-09-05T01:35:13.652799129Z	131	ece62d..ee5d91		0		INFO [09-05|01:35:13.650] Imported new potential chain segment     number=7 hash=ece62d..ee5d91 blocks=1 txs=0 mgas=0.000 elapsed=2.208ms     mgasps=0.000 triediffs=38.77KiB triedirty=0.00B
900	execution.log	execution_txs_field	2026-09-05T01:35:24.799520752Z	134	552199..08f719		0		INFO [09-05|01:35:24.797] Imported new potential chain segment     number=8 hash=552199..08f719 blocks=1 txs=0 mgas=0.000 elapsed=4.220ms     mgasps=0.000 triediffs=42.04KiB triedirty=0.00B
900	execution.log	execution_txs_field	2026-09-05T01:35:36.717138165Z	137	78f969..73f77c		0		INFO [09-05|01:35:36.702] Imported new potential chain segment     number=9 hash=78f969..73f77c blocks=1 txs=0 mgas=0.000 elapsed=1.124ms     mgasps=0.000 triediffs=45.59KiB triedirty=0.00B
900	execution.log	execution_txs_field	2026-09-05T01:35:49.027467663Z	140	cc3a08..e39338		0		INFO [09-05|01:35:49.022] Imported new potential chain segment     number=10 hash=cc3a08..e39338 blocks=1 txs=0 mgas=0.000 elapsed=1.735ms     mgasps=0.000 triediffs=49.55KiB triedirty=0.00B
900	execution.log	execution_txs_field	2026-09-05T01:36:01.554206570Z	143	bd177e..8cddc5		0		INFO [09-05|01:36:01.551] Imported new potential chain segment     number=11 hash=bd177e..8cddc5 blocks=1 txs=0 mgas=0.000 elapsed=1.699ms     mgasps=0.000 triediffs=53.38KiB triedirty=0.00B
900	execution.log	execution_txs_field	2026-09-05T01:36:13.129450541Z	146	648514..5065ea		0		INFO [09-05|01:36:13.128] Imported new potential chain segment     number=12 hash=648514..5065ea blocks=1 txs=0 mgas=0.000 elapsed=10.334ms    mgasps=0.000 triediffs=57.16KiB triedirty=0.00B
900	execution.log	execution_txs_field	2026-09-05T01:36:25.951855136Z	149	cfcbf4..ebf7fc		0		INFO [09-05|01:36:25.951] Imported new potential chain segment     number=13 hash=cfcbf4..ebf7fc blocks=1 txs=0 mgas=0.000 elapsed=1.806ms     mgasps=0.000 triediffs=61.05KiB triedirty=0.00B
900	execution.log	execution_txs_field	2026-09-05T01:36:39.895946575Z	151	b8f457..a124e9		0		INFO [09-05|01:36:39.895] Imported new potential chain segment     number=14 hash=b8f457..a124e9 blocks=1 txs=0 mgas=0.000 elapsed=1.794ms     mgasps=0.000 triediffs=64.90KiB triedirty=0.00B
900	execution.log	execution_txs_field	2026-09-05T01:36:52.376882714Z	153	616503..e2f7fa		0		INFO [09-05|01:36:52.376] Imported new potential chain segment     number=15 hash=616503..e2f7fa blocks=1 txs=0 mgas=0.000 elapsed=1.105ms     mgasps=0.000 triediffs=69.00KiB triedirty=0.00B
900	execution.log	execution_txs_field	2026-09-05T01:37:02.202694543Z	157	b10c6c..5decba		0		INFO [09-05|01:37:02.201] Imported new potential chain segment     number=15 hash=b10c6c..5decba blocks=1 txs=0 mgas=0.000 elapsed=1.335ms     mgasps=0.000 triediffs=72.95KiB triedirty=0.00B
900	execution.log	execution_txs_field	2026-09-05T01:37:13.354731641Z	159	246b5e..e50bd4		0		INFO [09-05|01:37:13.354] Imported new potential chain segment     number=16 hash=246b5e..e50bd4 blocks=1 txs=0 mgas=0.000 elapsed=1.296ms     mgasps=0.000 triediffs=77.08KiB triedirty=0.00B
900	execution.log	execution_txs_field	2026-09-05T01:37:26.298449211Z	161	925d53..721761		0		INFO [09-05|01:37:26.298] Imported new potential chain segment     number=17 hash=925d53..721761 blocks=1 txs=0 mgas=0.000 elapsed=1.346ms     mgasps=0.000 triediffs=80.99KiB triedirty=0.00B
900	execution.log	execution_txs_field	2026-09-05T01:37:37.478437093Z	163	16fc2b..cc2f65		0		INFO [09-05|01:37:37.476] Imported new potential chain segment     number=18 hash=16fc2b..cc2f65 blocks=1 txs=0 mgas=0.000 elapsed=1.771ms     mgasps=0.000 triediffs=85.08KiB triedirty=0.00B
900	execution.log	execution_txs_field	2026-09-05T01:37:51.478837205Z	165	9f6ee5..ccef82		0		INFO [09-05|01:37:51.477] Imported new potential chain segment     number=19 hash=9f6ee5..ccef82 blocks=1 txs=0 mgas=0.000 elapsed=1.389ms     mgasps=0.000 triediffs=89.32KiB triedirty=0.00B
900	execution.log	execution_txs_field	2026-09-05T01:38:02.312598222Z	169	5ceb99..15391c		0		INFO [09-05|01:38:02.309] Imported new potential chain segment     number=19 hash=5ceb99..15391c blocks=1 txs=0 mgas=0.000 elapsed=1.833ms     mgasps=0.000 triediffs=93.62KiB triedirty=0.00B
900	execution.log	execution_txs_field	2026-09-05T01:38:13.848356405Z	171	e320f5..03e2af		0		INFO [09-05|01:38:13.848] Imported new potential chain segment     number=20 hash=e320f5..03e2af blocks=1 txs=0 mgas=0.000 elapsed=1.129ms     mgasps=0.000 triediffs=97.78KiB triedirty=0.00B
900	execution.log	execution_txs_field	2026-09-05T01:38:26.066866674Z	173	73eef2..ff2225		0		INFO [09-05|01:38:26.066] Imported new potential chain segment     number=21 hash=73eef2..ff2225 blocks=1 txs=0 mgas=0.000 elapsed=1.872ms     mgasps=0.000 triediffs=101.83KiB triedirty=0.00B
900	execution.log	execution_txs_field	2026-09-05T01:38:37.635029533Z	175	d98a1d..14bd7f		0		INFO [09-05|01:38:37.632] Imported new potential chain segment     number=22 hash=d98a1d..14bd7f blocks=1 txs=0 mgas=0.000 elapsed=1.415ms     mgasps=0.000 triediffs=106.18KiB triedirty=0.00B
900	execution.log	execution_txs_field	2026-09-05T01:38:50.214555900Z	177	4c5ec4..60f78c		0		INFO [09-05|01:38:50.206] Imported new potential chain segment     number=23 hash=4c5ec4..60f78c blocks=1 txs=0 mgas=0.000 elapsed=1.542ms     mgasps=0.000 triediffs=110.25KiB triedirty=0.00B
900	execution.log	execution_txs_field	2026-09-05T01:39:04.067543908Z	179	04f434..98d5ca		0		INFO [09-05|01:39:04.064] Imported new potential chain segment     number=24 hash=04f434..98d5ca blocks=1 txs=0 mgas=0.000 elapsed=1.549ms     mgasps=0.000 triediffs=114.63KiB triedirty=0.00B
900	execution.log	execution_txs_field	2026-09-05T01:39:14.221983527Z	183	414201..367880		0		INFO [09-05|01:39:14.218] Imported new potential chain segment     number=24 hash=414201..367880 blocks=1 txs=0 mgas=0.000 elapsed=2.292ms     mgasps=0.000 triediffs=119.06KiB triedirty=0.00B
900	execution.log	execution_txs_field	2026-09-05T01:39:25.079838125Z	185	2f944d..a5d707		0		INFO [09-05|01:39:25.079] Imported new potential chain segment     number=25 hash=2f944d..a5d707 blocks=1 txs=0 mgas=0.000 elapsed=1.766ms     mgasps=0.000 triediffs=123.38KiB triedirty=0.00B
900	execution.log	execution_txs_field	2026-09-05T01:39:37.889467001Z	187	55c261..7e2e95		0		INFO [09-05|01:39:37.889] Imported new potential chain segment     number=26 hash=55c261..7e2e95 blocks=1 txs=0 mgas=0.000 elapsed=1.601ms     mgasps=0.000 triediffs=127.57KiB triedirty=0.00B
900	execution.log	execution_txs_field	2026-09-05T01:39:49.485025610Z	189	4e2cbf..903cd8		0		INFO [09-05|01:39:49.483] Imported new potential chain segment     number=27 hash=4e2cbf..903cd8 blocks=1 txs=0 mgas=0.000 elapsed=1.292ms     mgasps=0.000 triediffs=131.73KiB triedirty=0.00B
900	execution.log	execution_txs_field	2026-09-05T01:40:03.821106373Z	191	d7a89c..6c2361		0		INFO [09-05|01:40:03.820] Imported new potential chain segment     number=28 hash=d7a89c..6c2361 blocks=1 txs=0 mgas=0.000 elapsed=1.855ms     mgasps=0.000 triediffs=135.91KiB triedirty=0.00B
900	execution.log	execution_txs_field	2026-09-05T01:40:13.912923580Z	193	3f042a..174852		0		INFO [09-05|01:40:13.902] Imported new potential chain segment     number=29 hash=3f042a..174852 blocks=1 txs=0 mgas=0.000 elapsed=21.177ms    mgasps=0.000 triediffs=140.21KiB triedirty=0.00B
900	execution.log	execution_txs_field	2026-09-05T01:40:25.683286866Z	197	881f01..1243dc		0		INFO [09-05|01:40:25.674] Imported new potential chain segment     number=29 hash=881f01..1243dc blocks=1 txs=0 mgas=0.000 elapsed=3.245ms     mgasps=0.000 triediffs=144.51KiB triedirty=0.00B
900	execution.log	execution_txs_field	2026-09-05T01:40:37.839728523Z	199	9f7655..5e954d		0		INFO [09-05|01:40:37.836] Imported new potential chain segment     number=30 hash=9f7655..5e954d blocks=1 txs=0 mgas=0.000 elapsed=2.066ms     mgasps=0.000 triediffs=148.63KiB triedirty=0.00B
900	execution.log	execution_txs_field	2026-09-05T01:40:49.702759279Z	201	f995d4..9e7a4b		0		INFO [09-05|01:40:49.701] Imported new potential chain segment     number=31 hash=f995d4..9e7a4b blocks=1 txs=0 mgas=0.000 elapsed=1.686ms     mgasps=0.000 triediffs=152.91KiB triedirty=0.00B
900	execution.log	execution_txs_field	2026-09-05T01:41:02.705096943Z	203	245f92..ed5dbe		0		INFO [09-05|01:41:02.704] Imported new potential chain segment     number=32 hash=245f92..ed5dbe blocks=1 txs=0 mgas=0.000 elapsed=1.700ms     mgasps=0.000 triediffs=157.23KiB triedirty=0.00B
900	execution.log	execution_txs_field	2026-09-05T01:41:13.420816520Z	205	ab4db7..618b72		0		INFO [09-05|01:41:13.420] Imported new potential chain segment     number=33 hash=ab4db7..618b72 blocks=1 txs=0 mgas=0.000 elapsed=1.477ms     mgasps=0.000 triediffs=161.44KiB triedirty=0.00B
900	execution.log	execution_txs_field	2026-09-05T01:41:26.121734191Z	207	d706a2..750bf5		0		INFO [09-05|01:41:26.119] Imported new potential chain segment     number=34 hash=d706a2..750bf5 blocks=1 txs=0 mgas=0.000 elapsed=1.090ms     mgasps=0.000 triediffs=166.04KiB triedirty=0.00B
900	execution.log	execution_txs_field	2026-09-05T01:41:37.577211734Z	209	25f757..da2f35		0		INFO [09-05|01:41:37.576] Imported new potential chain segment     number=35 hash=25f757..da2f35 blocks=1 txs=0 mgas=0.000 elapsed=1.314ms     mgasps=0.000 triediffs=170.49KiB triedirty=0.00B
900	execution.log	execution_txs_field	2026-09-05T01:41:50.701638567Z	211	80c043..4ace9b		0		INFO [09-05|01:41:50.701] Imported new potential chain segment     number=36 hash=80c043..4ace9b blocks=1 txs=0 mgas=0.000 elapsed=1.351ms     mgasps=0.000 triediffs=174.88KiB triedirty=0.00B
900	execution.log	execution_txs_field	2026-09-05T01:42:02.004954697Z	213	2df177..76a742		0		INFO [09-05|01:42:01.995] Imported new potential chain segment     number=37 hash=2df177..76a742 blocks=1 txs=0 mgas=0.000 elapsed=1.660ms     mgasps=0.000 triediffs=179.54KiB triedirty=0.00B
900	execution.log	execution_txs_field	2026-09-05T01:42:13.279359997Z	215	9cc50b..285ce8		0		INFO [09-05|01:42:13.277] Imported new potential chain segment     number=38 hash=9cc50b..285ce8 blocks=1 txs=0 mgas=0.000 elapsed=1.753ms     mgasps=0.000 triediffs=183.85KiB triedirty=0.00B
900	execution.log	execution_txs_field	2026-09-05T01:42:26.937150806Z	217	33cbd1..f54aeb		0		INFO [09-05|01:42:26.936] Imported new potential chain segment     number=39 hash=33cbd1..f54aeb blocks=1 txs=0 mgas=0.000 elapsed=1.728ms     mgasps=0.000 triediffs=188.15KiB triedirty=0.00B
900	execution.log	execution_txs_field	2026-09-05T01:42:37.051978649Z	219	0a005e..8d6710		0		INFO [09-05|01:42:37.051] Imported new potential chain segment     number=40 hash=0a005e..8d6710 blocks=1 txs=0 mgas=0.000 elapsed=4.032ms     mgasps=0.000 triediffs=192.49KiB triedirty=0.00B
900	execution.log	execution_txs_field	2026-09-05T01:42:50.614932877Z	221	b7e340..5807cf		0		INFO [09-05|01:42:50.614] Imported new potential chain segment     number=41 hash=b7e340..5807cf blocks=1 txs=0 mgas=0.000 elapsed=1.678ms     mgasps=0.000 triediffs=196.62KiB triedirty=0.00B
900	execution.log	execution_txs_field	2026-09-05T01:43:04.168879748Z	223	6b770d..6c9b9b		0		INFO [09-05|01:43:04.168] Imported new potential chain segment     number=42 hash=6b770d..6c9b9b blocks=1 txs=0 mgas=0.000 elapsed=2.347ms     mgasps=0.000 triediffs=200.95KiB triedirty=0.00B
900	execution.log	execution_txs_field	2026-09-05T01:43:13.547377640Z	227	13caf6..fac097		0		INFO [09-05|01:43:13.546] Imported new potential chain segment     number=42 hash=13caf6..fac097 blocks=1 txs=0 mgas=0.000 elapsed=1.315ms     mgasps=0.000 triediffs=205.34KiB triedirty=0.00B
900	execution.log	execution_txs_field	2026-09-05T01:43:25.146466018Z	229	9329e7..78b0f7		0		INFO [09-05|01:43:25.145] Imported new potential chain segment     number=43 hash=9329e7..78b0f7 blocks=1 txs=0 mgas=0.000 elapsed=1.590ms     mgasps=0.000 triediffs=209.67KiB triedirty=0.00B
900	execution.log	execution_txs_field	2026-09-05T01:43:44.246686470Z	231	a68a7f..957f92		0		INFO [09-05|01:43:44.246] Imported new potential chain segment     number=44 hash=a68a7f..957f92 blocks=1 txs=0 mgas=0.000 elapsed=1.259ms     mgasps=0.000 triediffs=214.10KiB triedirty=0.00B
900	execution.log	execution_txs_field	2026-09-05T01:43:49.656489247Z	235	a83ef3..7225e7		0		INFO [09-05|01:43:49.656] Imported new potential chain segment     number=44 hash=a83ef3..7225e7 blocks=1 txs=0 mgas=0.000 elapsed=1.473ms     mgasps=0.000 triediffs=218.60KiB triedirty=0.00B
900	execution.log	execution_txs_field	2026-09-05T01:44:05.194803738Z	237	08d472..c06948		0		INFO [09-05|01:44:05.193] Imported new potential chain segment     number=45 hash=08d472..c06948 blocks=1 txs=0 mgas=0.000 elapsed=1.459ms     mgasps=0.000 triediffs=223.24KiB triedirty=0.00B
900	execution.log	execution_txs_field	2026-09-05T01:44:14.719108782Z	241	da1c1b..7bffb9		0		INFO [09-05|01:44:14.718] Imported new potential chain segment     number=45 hash=da1c1b..7bffb9 blocks=1 txs=0 mgas=0.000 elapsed=1.810ms     mgasps=0.000 triediffs=227.75KiB triedirty=0.00B
900	execution.log	execution_txs_field	2026-09-05T01:44:25.188414653Z	243	b63315..308147		0		INFO [09-05|01:44:25.187] Imported new potential chain segment     number=46 hash=b63315..308147 blocks=1 txs=0 mgas=0.000 elapsed=1.801ms     mgasps=0.000 triediffs=232.02KiB triedirty=0.00B
900	execution.log	execution_txs_field	2026-09-05T01:44:37.048250257Z	245	4ba57f..ac60f8		0		INFO [09-05|01:44:37.048] Imported new potential chain segment     number=47 hash=4ba57f..ac60f8 blocks=1 txs=0 mgas=0.000 elapsed=1.966ms     mgasps=0.000 triediffs=236.47KiB triedirty=0.00B
900	execution.log	execution_txs_field	2026-09-05T01:44:54.522880643Z	247	ee30f8..65d871		0		INFO [09-05|01:44:54.522] Imported new potential chain segment     number=48 hash=ee30f8..65d871 blocks=1 txs=0 mgas=0.000 elapsed=1.193ms     mgasps=0.000 triediffs=240.93KiB triedirty=0.00B
900	execution.log	execution_txs_field	2026-09-05T01:45:05.091391549Z	251	191311..0fc02e		0		INFO [09-05|01:45:05.091] Imported new potential chain segment     number=48 hash=191311..0fc02e blocks=1 txs=0 mgas=0.000 elapsed=2.944ms     mgasps=0.000 triediffs=245.29KiB triedirty=0.00B
900	execution.log	execution_txs_field	2026-09-05T01:45:14.039654214Z	255	a1ee4b..334727		0		INFO [09-05|01:45:14.039] Imported new potential chain segment     number=48 hash=a1ee4b..334727 blocks=1 txs=0 mgas=0.000 elapsed=9.467ms     mgasps=0.000 triediffs=249.47KiB triedirty=0.00B
900	execution.log	execution_txs_field	2026-09-05T01:45:25.629923636Z	257	673f5c..1783c1		0		INFO [09-05|01:45:25.627] Imported new potential chain segment     number=49 hash=673f5c..1783c1 blocks=1 txs=0 mgas=0.000 elapsed=2.201ms     mgasps=0.000 triediffs=253.86KiB triedirty=0.00B
900	execution.log	execution_txs_field	2026-09-05T01:45:40.734070975Z	259	e78411..02dd7f		0		INFO [09-05|01:45:40.733] Imported new potential chain segment     number=50 hash=e78411..02dd7f blocks=1 txs=0 mgas=0.000 elapsed=1.207ms     mgasps=0.000 triediffs=258.35KiB triedirty=0.00B
900	execution.log	execution_txs_field	2026-09-05T01:45:49.496354251Z	263	a41b5c..be6384		0		INFO [09-05|01:45:49.493] Imported new potential chain segment     number=50 hash=a41b5c..be6384 blocks=1 txs=0 mgas=0.000 elapsed=1.240ms     mgasps=0.000 triediffs=262.80KiB triedirty=0.00B
900	execution.log	execution_txs_field	2026-09-05T01:46:01.438773212Z	265	97e5c0..cee620		0		INFO [09-05|01:46:01.437] Imported new potential chain segment     number=51 hash=97e5c0..cee620 blocks=1 txs=0 mgas=0.000 elapsed=1.178ms     mgasps=0.000 triediffs=267.60KiB triedirty=0.00B
900	execution.log	execution_txs_field	2026-09-05T01:46:16.491147989Z	267	935782..2eae13		0		INFO [09-05|01:46:16.490] Imported new potential chain segment     number=52 hash=935782..2eae13 blocks=1 txs=0 mgas=0.000 elapsed=1.429ms     mgasps=0.000 triediffs=271.93KiB triedirty=0.00B
900	execution.log	execution_txs_field	2026-09-05T01:46:26.924038704Z	271	e2bafb..042e8d		0		INFO [09-05|01:46:26.923] Imported new potential chain segment     number=52 hash=e2bafb..042e8d blocks=1 txs=0 mgas=0.000 elapsed=1.643ms     mgasps=0.000 triediffs=276.42KiB triedirty=0.00B
900	execution.log	execution_txs_field	2026-09-05T01:46:37.343662991Z	275	d1c751..5bfd2e		0		INFO [09-05|01:46:37.340] Imported new potential chain segment     number=52 hash=d1c751..5bfd2e blocks=1 txs=0 mgas=0.000 elapsed=1.527ms     mgasps=0.000 triediffs=281.03KiB triedirty=0.00B
900	execution.log	execution_txs_field	2026-09-05T01:46:48.839642590Z	277	86157f..f26538		0		INFO [09-05|01:46:48.839] Imported new potential chain segment     number=53 hash=86157f..f26538 blocks=1 txs=0 mgas=0.000 elapsed=3.327ms     mgasps=0.000 triediffs=285.61KiB triedirty=0.00B
900	execution.log	execution_txs_field	2026-09-05T01:47:01.107800590Z	279	ccff6b..7ebef2		0		INFO [09-05|01:47:01.094] Imported new potential chain segment     number=54 hash=ccff6b..7ebef2 blocks=1 txs=0 mgas=0.000 elapsed=2.323ms     mgasps=0.000 triediffs=290.28KiB triedirty=0.00B
900	execution.log	execution_txs_field	2026-09-05T01:47:13.147398615Z	281	dbe549..2afec8		0		INFO [09-05|01:47:13.146] Imported new potential chain segment     number=55 hash=dbe549..2afec8 blocks=1 txs=0 mgas=0.000 elapsed=1.446ms     mgasps=0.000 triediffs=294.89KiB triedirty=0.00B
900	execution.log	execution_txs_field	2026-09-05T01:47:25.909502369Z	283	b9ed6b..5b1229		0		INFO [09-05|01:47:25.909] Imported new potential chain segment     number=56 hash=b9ed6b..5b1229 blocks=1 txs=0 mgas=0.000 elapsed=1.292ms     mgasps=0.000 triediffs=299.47KiB triedirty=0.00B
900	execution.log	execution_txs_field	2026-09-05T01:47:37.686879000Z	285	e20702..b03843		0		INFO [09-05|01:47:37.684] Imported new potential chain segment     number=57 hash=e20702..b03843 blocks=1 txs=0 mgas=0.000 elapsed=1.480ms     mgasps=0.000 triediffs=303.96KiB triedirty=0.00B
900	execution.log	execution_txs_field	2026-09-05T01:47:49.087643621Z	287	e60f3b..74a28a		0		INFO [09-05|01:47:49.086] Imported new potential chain segment     number=58 hash=e60f3b..74a28a blocks=1 txs=0 mgas=0.000 elapsed=2.454ms     mgasps=0.000 triediffs=308.66KiB triedirty=0.00B
900	execution.log	execution_txs_field	2026-09-05T01:48:02.398097084Z	289	0e467b..0f480b		0		INFO [09-05|01:48:02.382] Imported new potential chain segment     number=59 hash=0e467b..0f480b blocks=1 txs=0 mgas=0.000 elapsed=9.743ms     mgasps=0.000 triediffs=313.03KiB triedirty=0.00B
900	execution.log	execution_txs_field	2026-09-05T01:48:13.149822515Z	291	7bc9a7..9ef738		0		INFO [09-05|01:48:13.149] Imported new potential chain segment     number=60 hash=7bc9a7..9ef738 blocks=1 txs=0 mgas=0.000 elapsed=1.326ms     mgasps=0.000 triediffs=317.63KiB triedirty=0.00B
900	execution.log	execution_txs_field	2026-09-05T01:48:25.675692020Z	293	a2cbbc..08ffc8		0		INFO [09-05|01:48:25.675] Imported new potential chain segment     number=61 hash=a2cbbc..08ffc8 blocks=1 txs=0 mgas=0.000 elapsed=1.647ms     mgasps=0.000 triediffs=322.32KiB triedirty=0.00B
900	execution.log	execution_txs_field	2026-09-05T01:48:37.488588795Z	295	dbcf51..c00195		0		INFO [09-05|01:48:37.486] Imported new potential chain segment     number=62 hash=dbcf51..c00195 blocks=1 txs=0 mgas=0.000 elapsed=5.436ms     mgasps=0.000 triediffs=326.72KiB triedirty=0.00B
900	execution.log	execution_txs_field	2026-09-05T01:48:49.422023780Z	297	946a20..24eded		0		INFO [09-05|01:48:49.414] Imported new potential chain segment     number=63 hash=946a20..24eded blocks=1 txs=0 mgas=0.000 elapsed=3.111ms     mgasps=0.000 triediffs=331.80KiB triedirty=0.00B
900	execution.log	execution_txs_field	2026-09-05T01:49:01.441619998Z	299	131a9c..5ab3ec		0		INFO [09-05|01:49:01.441] Imported new potential chain segment     number=64 hash=131a9c..5ab3ec blocks=1 txs=0 mgas=0.000 elapsed=5.692ms     mgasps=0.000 triediffs=336.84KiB triedirty=0.00B
900	execution.log	execution_txs_field	2026-09-05T01:49:14.496300524Z	301	b15e60..8211bb		0		INFO [09-05|01:49:14.495] Imported new potential chain segment     number=65 hash=b15e60..8211bb blocks=1 txs=0 mgas=0.000 elapsed=3.670ms     mgasps=0.000 triediffs=341.40KiB triedirty=0.00B
900	execution.log	execution_txs_field	2026-09-05T01:49:28.307882587Z	303	ff9448..f29f33		0		INFO [09-05|01:49:28.303] Imported new potential chain segment     number=66 hash=ff9448..f29f33 blocks=1 txs=0 mgas=0.000 elapsed=1.600ms     mgasps=0.000 triediffs=346.28KiB triedirty=0.00B
900	execution.log	execution_txs_field	2026-09-05T01:49:38.185548479Z	307	db3c8e..6f96bc		0		INFO [09-05|01:49:38.185] Imported new potential chain segment     number=66 hash=db3c8e..6f96bc blocks=1 txs=0 mgas=0.000 elapsed=1.415ms     mgasps=0.000 triediffs=350.83KiB triedirty=0.00B
900	execution.log	execution_txs_field	2026-09-05T01:49:49.162826646Z	309	18ed4b..e5ed48		0		INFO [09-05|01:49:49.161] Imported new potential chain segment     number=67 hash=18ed4b..e5ed48 blocks=1 txs=0 mgas=0.000 elapsed=1.771ms     mgasps=0.000 triediffs=355.65KiB triedirty=0.00B
900	execution.log	execution_txs_field	2026-09-05T01:50:04.671398688Z	311	960c16..318018		0		INFO [09-05|01:50:04.669] Imported new potential chain segment     number=68 hash=960c16..318018 blocks=1 txs=0 mgas=0.000 elapsed=1.397ms     mgasps=0.000 triediffs=360.20KiB triedirty=0.00B
900	execution.log	execution_txs_field	2026-09-05T01:50:17.206789690Z	315	bf5ffd..88a9b4		0		INFO [09-05|01:50:17.204] Imported new potential chain segment     number=68 hash=bf5ffd..88a9b4 blocks=1 txs=0 mgas=0.000 elapsed=1.626ms     mgasps=0.000 triediffs=364.84KiB triedirty=0.00B
900	execution.log	execution_txs_field	2026-09-05T01:50:25.916004073Z	319	fbd155..aed3c2		0		INFO [09-05|01:50:25.915] Imported new potential chain segment     number=68 hash=fbd155..aed3c2 blocks=1 txs=0 mgas=0.000 elapsed=1.394ms     mgasps=0.000 triediffs=369.36KiB triedirty=0.00B
900	execution.log	execution_txs_field	2026-09-05T01:50:37.489149884Z	321	5af476..472169		0		INFO [09-05|01:50:37.487] Imported new potential chain segment     number=69 hash=5af476..472169 blocks=1 txs=0 mgas=0.000 elapsed=1.335ms     mgasps=0.000 triediffs=373.72KiB triedirty=0.00B
900	execution.log	execution_txs_field	2026-09-05T01:50:49.398725863Z	323	2ccbd5..74e10b		0		INFO [09-05|01:50:49.398] Imported new potential chain segment     number=70 hash=2ccbd5..74e10b blocks=1 txs=0 mgas=0.000 elapsed=1.769ms     mgasps=0.000 triediffs=378.46KiB triedirty=0.00B
900	execution.log	execution_txs_field	2026-09-05T01:51:04.063393204Z	325	dd3658..345fd9		0		INFO [09-05|01:51:04.063] Imported new potential chain segment     number=71 hash=dd3658..345fd9 blocks=1 txs=0 mgas=0.000 elapsed=3.779ms     mgasps=0.000 triediffs=383.13KiB triedirty=0.00B
900	execution.log	execution_txs_field	2026-09-05T01:51:13.820562487Z	329	323361..eea910		0		INFO [09-05|01:51:13.819] Imported new potential chain segment     number=71 hash=323361..eea910 blocks=1 txs=0 mgas=0.000 elapsed=2.714ms     mgasps=0.000 triediffs=387.32KiB triedirty=0.00B
900	execution.log	execution_txs_field	2026-09-05T01:51:25.569083758Z	331	931683..18733c		0		INFO [09-05|01:51:25.558] Imported new potential chain segment     number=72 hash=931683..18733c blocks=1 txs=0 mgas=0.000 elapsed=15.149ms    mgasps=0.000 triediffs=392.21KiB triedirty=0.00B
900	execution.log	execution_txs_field	2026-09-05T01:51:37.873833281Z	333	e7eb34..389c72		0		INFO [09-05|01:51:37.873] Imported new potential chain segment     number=73 hash=e7eb34..389c72 blocks=1 txs=0 mgas=0.000 elapsed=3.198ms     mgasps=0.000 triediffs=396.95KiB triedirty=0.00B
900	execution.log	execution_txs_field	2026-09-05T01:51:48.956700950Z	335	460535..2d9832		0		INFO [09-05|01:51:48.956] Imported new potential chain segment     number=74 hash=460535..2d9832 blocks=1 txs=0 mgas=0.000 elapsed=2.001ms     mgasps=0.000 triediffs=402.11KiB triedirty=0.00B
900	execution.log	execution_txs_field	2026-09-05T01:52:03.799973967Z	337	3d8b75..118040		0		INFO [09-05|01:52:03.799] Imported new potential chain segment     number=75 hash=3d8b75..118040 blocks=1 txs=0 mgas=0.000 elapsed=2.202ms     mgasps=0.000 triediffs=406.67KiB triedirty=0.00B
900	execution.log	execution_txs_field	2026-09-05T01:52:14.310294708Z	341	e2a896..c21a3b		0		INFO [09-05|01:52:14.309] Imported new potential chain segment     number=75 hash=e2a896..c21a3b blocks=1 txs=0 mgas=0.000 elapsed=1.882ms     mgasps=0.000 triediffs=411.41KiB triedirty=0.00B
900	execution.log	execution_txs_field	2026-09-05T01:52:25.227902674Z	343	52841d..f6cee3		0		INFO [09-05|01:52:25.227] Imported new potential chain segment     number=76 hash=52841d..f6cee3 blocks=1 txs=0 mgas=0.000 elapsed=6.982ms     mgasps=0.000 triediffs=415.86KiB triedirty=0.00B
900	execution.log	execution_txs_field	2026-09-05T01:52:40.092045180Z	345	d7945a..40c8b0		0		INFO [09-05|01:52:40.091] Imported new potential chain segment     number=77 hash=d7945a..40c8b0 blocks=1 txs=0 mgas=0.000 elapsed=2.970ms     mgasps=0.000 triediffs=420.72KiB triedirty=0.00B
900	execution.log	execution_txs_field	2026-09-05T01:52:49.620243069Z	349	6f602f..2b845a		0		INFO [09-05|01:52:49.620] Imported new potential chain segment     number=77 hash=6f602f..2b845a blocks=1 txs=0 mgas=0.000 elapsed=1.630ms     mgasps=0.000 triediffs=425.34KiB triedirty=0.00B
900	execution.log	execution_txs_field	2026-09-05T01:53:01.066189427Z	351	5c42bd..ba2fd8		0		INFO [09-05|01:53:01.065] Imported new potential chain segment     number=78 hash=5c42bd..ba2fd8 blocks=1 txs=0 mgas=0.000 elapsed=4.756ms     mgasps=0.000 triediffs=430.04KiB triedirty=0.00B
900	execution.log	execution_txs_field	2026-09-05T01:53:14.054969835Z	353	1c9360..c70589		0		INFO [09-05|01:53:14.051] Imported new potential chain segment     number=79 hash=1c9360..c70589 blocks=1 txs=0 mgas=0.000 elapsed=1.439ms     mgasps=0.000 triediffs=434.92KiB triedirty=0.00B
900	execution.log	execution_txs_field	2026-09-05T01:53:25.946361108Z	355	0227c0..5718a6		0		INFO [09-05|01:53:25.946] Imported new potential chain segment     number=80 hash=0227c0..5718a6 blocks=1 txs=0 mgas=0.000 elapsed=2.573ms     mgasps=0.000 triediffs=439.88KiB triedirty=0.00B
900	execution.log	execution_txs_field	2026-09-05T01:53:39.176089982Z	357	c9aba8..9e7eac		0		INFO [09-05|01:53:39.175] Imported new potential chain segment     number=81 hash=c9aba8..9e7eac blocks=1 txs=0 mgas=0.000 elapsed=1.671ms     mgasps=0.000 triediffs=444.52KiB triedirty=0.00B
900	execution.log	execution_txs_field	2026-09-05T01:53:51.212245997Z	361	5f5a54..c1a931		0		INFO [09-05|01:53:51.209] Imported new potential chain segment     number=81 hash=5f5a54..c1a931 blocks=1 txs=0 mgas=0.000 elapsed=1.193ms     mgasps=0.000 triediffs=449.62KiB triedirty=0.00B
900	execution.log	execution_txs_field	2026-09-05T01:54:01.840532673Z	365	3eae0c..fbe66f		0		INFO [09-05|01:54:01.835] Imported new potential chain segment     number=81 hash=3eae0c..fbe66f blocks=1 txs=0 mgas=0.000 elapsed=4.907ms     mgasps=0.000 triediffs=454.47KiB triedirty=0.00B
900	execution.log	execution_txs_field	2026-09-05T01:54:12.621020889Z	367	f9453c..b77e12		0		INFO [09-05|01:54:12.617] Imported new potential chain segment     number=82 hash=f9453c..b77e12 blocks=1 txs=0 mgas=0.000 elapsed=1.943ms     mgasps=0.000 triediffs=459.08KiB triedirty=0.00B
900	execution.log	execution_txs_field	2026-09-05T01:54:24.812961850Z	369	4f7379..614599		0		INFO [09-05|01:54:24.812] Imported new potential chain segment     number=83 hash=4f7379..614599 blocks=1 txs=0 mgas=0.000 elapsed=2.375ms     mgasps=0.000 triediffs=463.91KiB triedirty=0.00B
900	execution.log	execution_txs_field	2026-09-05T01:54:37.125821165Z	371	df1658..07b6ae		0		INFO [09-05|01:54:37.123] Imported new potential chain segment     number=76 hash=df1658..07b6ae blocks=1 txs=0 mgas=0.000 elapsed=1.535ms     mgasps=0.000 triediffs=468.82KiB triedirty=0.00B
900	execution.log	execution_txs_field	2026-09-05T01:54:49.315077160Z	372	522ef9..69614c		0		INFO [09-05|01:54:49.313] Imported new potential chain segment     number=84 hash=522ef9..69614c blocks=1 txs=0 mgas=0.000 elapsed=1.354ms     mgasps=0.000 triediffs=473.46KiB triedirty=0.00B
900	execution.log	execution_txs_field	2026-09-05T01:55:00.822502195Z	374	cb8824..7e85b0		0		INFO [09-05|01:55:00.822] Imported new potential chain segment     number=85 hash=cb8824..7e85b0 blocks=1 txs=0 mgas=0.000 elapsed=1.524ms     mgasps=0.000 triediffs=477.89KiB triedirty=0.00B
900	execution.log	execution_txs_field	2026-09-05T01:55:15.160814172Z	376	a22766..857829		0		INFO [09-05|01:55:15.160] Imported new potential chain segment     number=86 hash=a22766..857829 blocks=1 txs=0 mgas=0.000 elapsed=4.718ms     mgasps=0.000 triediffs=482.53KiB triedirty=0.00B
900	execution.log	execution_txs_field	2026-09-05T01:55:26.308253853Z	380	a87335..aaa8db		0		INFO [09-05|01:55:26.307] Imported new potential chain segment     number=86 hash=a87335..aaa8db blocks=1 txs=0 mgas=0.000 elapsed=1.186ms     mgasps=0.000 triediffs=487.30KiB triedirty=0.00B
900	execution.log	execution_txs_field	2026-09-05T01:55:37.200039774Z	382	f02f6d..9213e7		0		INFO [09-05|01:55:37.198] Imported new potential chain segment     number=87 hash=f02f6d..9213e7 blocks=1 txs=0 mgas=0.000 elapsed=2.717ms     mgasps=0.000 triediffs=492.08KiB triedirty=0.00B
900	execution.log	execution_txs_field	2026-09-05T01:59:01.792807013Z	387	ca51c5..0fa690		0		INFO [09-05|01:59:01.784] Imported new potential chain segment     number=81 hash=ca51c5..0fa690 blocks=1 txs=0 mgas=0.000 elapsed=8.709ms     mgasps=0.000 triediffs=497.00KiB triedirty=0.00B
900	execution.log	execution_txs_field	2026-09-05T02:00:01.206917386Z	388	318bd8..154b97		0		INFO [09-05|02:00:01.196] Imported new potential chain segment     number=81 hash=318bd8..154b97 blocks=1 txs=0 mgas=0.000 elapsed=3.727ms     mgasps=0.000 triediffs=502.08KiB triedirty=0.00B
900	execution.log	execution_txs_field	2026-09-05T02:02:01.193689747Z	389	bb8c15..2fe9c8		0		INFO [09-05|02:02:01.193] Imported new potential chain segment     number=81 hash=bb8c15..2fe9c8 blocks=1 txs=0 mgas=0.000 elapsed=1.436ms     mgasps=0.000 triediffs=506.91KiB triedirty=0.00B
900	execution.log	execution_txs_field	2026-09-05T02:03:33.601955009Z	390	e095e4..37df18		0		INFO [09-05|02:03:33.601] Imported new potential chain segment     number=77 hash=e095e4..37df18 blocks=1 txs=0 mgas=0.000 elapsed=1.302ms     mgasps=0.000 triediffs=511.59KiB triedirty=0.00B
500	execution.log	execution_txs_field	2026-09-05T01:33:01.763684325Z	95	df777d..b81ab8		0		INFO [09-05|01:33:01.763] Imported new potential chain segment     number=1 hash=df777d..b81ab8 blocks=1 txs=0 mgas=0.000 elapsed=1.277ms     mgasps=0.000 triediffs=4.98KiB triedirty=0.00B
500	execution.log	execution_txs_field	2026-09-05T01:33:01.774753037Z	97	0		0		"INFO [09-05|01:33:01.774] Indexed transactions                     blocks=2 txs=0 tail=0 elapsed=""304.065µs"""
500	execution.log	execution_txs_field	2026-09-05T01:33:18.836200915Z	102	03b953..dfd5d3		0		"INFO [09-05|01:33:18.836] Imported new potential chain segment     number=1 hash=03b953..dfd5d3 blocks=1 txs=0 mgas=0.000 elapsed=""764.166µs"" mgasps=0.000 triediffs=9.95KiB triedirty=0.00B"
500	execution.log	execution_txs_field	2026-09-05T01:33:26.836029163Z	108	43e25c..3958a4		0		"INFO [09-05|01:33:26.835] Imported new potential chain segment     number=2 hash=43e25c..3958a4 blocks=1 txs=0 mgas=0.000 elapsed=""945.618µs"" mgasps=0.000 triediffs=12.97KiB triedirty=0.00B"
500	execution.log	execution_txs_field	2026-09-05T01:33:46.947701241Z	114	be1dd5..e71f1f		0		"INFO [09-05|01:33:46.947] Imported new potential chain segment     number=2 hash=be1dd5..e71f1f blocks=1 txs=0 mgas=0.000 elapsed=""951.738µs"" mgasps=0.000 triediffs=16.00KiB triedirty=0.00B"
500	execution.log	execution_txs_field	2026-09-05T01:34:06.392929837Z	120	12535e..3f7ac3		0		INFO [09-05|01:34:06.392] Imported new potential chain segment     number=2 hash=12535e..3f7ac3 blocks=1 txs=0 mgas=0.000 elapsed=1.024ms     mgasps=0.000 triediffs=19.11KiB triedirty=0.00B
500	execution.log	execution_txs_field	2026-09-05T01:34:12.916446204Z	126	d94ef5..6f32c4		0		"INFO [09-05|01:34:12.916] Imported new potential chain segment     number=2 hash=d94ef5..6f32c4 blocks=1 txs=0 mgas=0.000 elapsed=""760.727µs"" mgasps=0.000 triediffs=22.31KiB triedirty=0.00B"
500	execution.log	execution_txs_field	2026-09-05T01:34:24.891436190Z	129	7c666c..ac393c		0		INFO [09-05|01:34:24.891] Imported new potential chain segment     number=3 hash=7c666c..ac393c blocks=1 txs=0 mgas=0.000 elapsed=1.208ms     mgasps=0.000 triediffs=25.41KiB triedirty=0.00B
500	execution.log	execution_txs_field	2026-09-05T01:34:36.883737085Z	132	31cfcb..e9a663		0		INFO [09-05|01:34:36.883] Imported new potential chain segment     number=4 hash=31cfcb..e9a663 blocks=1 txs=0 mgas=0.000 elapsed=1.993ms     mgasps=0.000 triediffs=28.46KiB triedirty=0.00B
500	execution.log	execution_txs_field	2026-09-05T01:34:48.733004923Z	135	a218f6..5735a0		0		INFO [09-05|01:34:48.732] Imported new potential chain segment     number=5 hash=a218f6..5735a0 blocks=1 txs=0 mgas=0.000 elapsed=1.663ms     mgasps=0.000 triediffs=31.76KiB triedirty=0.00B
500	execution.log	execution_txs_field	2026-09-05T01:35:00.635477958Z	138	eb892e..fdc12b		0		INFO [09-05|01:35:00.634] Imported new potential chain segment     number=6 hash=eb892e..fdc12b blocks=1 txs=0 mgas=0.000 elapsed=1.021ms     mgasps=0.000 triediffs=35.27KiB triedirty=0.00B
500	execution.log	execution_txs_field	2026-09-05T01:35:13.392181105Z	141	ece62d..ee5d91		0		INFO [09-05|01:35:13.391] Imported new potential chain segment     number=7 hash=ece62d..ee5d91 blocks=1 txs=0 mgas=0.000 elapsed=1.300ms     mgasps=0.000 triediffs=38.77KiB triedirty=0.00B
500	execution.log	execution_txs_field	2026-09-05T01:35:24.445313685Z	144	552199..08f719		0		"INFO [09-05|01:35:24.445] Imported new potential chain segment     number=8 hash=552199..08f719 blocks=1 txs=0 mgas=0.000 elapsed=""975.42µs""  mgasps=0.000 triediffs=42.04KiB triedirty=0.00B"
500	execution.log	execution_txs_field	2026-09-05T01:35:36.633184709Z	147	78f969..73f77c		0		INFO [09-05|01:35:36.629] Imported new potential chain segment     number=9 hash=78f969..73f77c blocks=1 txs=0 mgas=0.000 elapsed=1.176ms     mgasps=0.000 triediffs=45.59KiB triedirty=0.00B
500	execution.log	execution_txs_field	2026-09-05T01:35:48.758601179Z	150	cc3a08..e39338		0		"INFO [09-05|01:35:48.758] Imported new potential chain segment     number=10 hash=cc3a08..e39338 blocks=1 txs=0 mgas=0.000 elapsed=""809.112µs"" mgasps=0.000 triediffs=49.55KiB triedirty=0.00B"
500	execution.log	execution_txs_field	2026-09-05T01:36:01.127242940Z	153	bd177e..8cddc5		0		INFO [09-05|01:36:01.127] Imported new potential chain segment     number=11 hash=bd177e..8cddc5 blocks=1 txs=0 mgas=0.000 elapsed=1.024ms     mgasps=0.000 triediffs=53.38KiB triedirty=0.00B
500	execution.log	execution_txs_field	2026-09-05T01:36:12.835463209Z	156	648514..5065ea		0		INFO [09-05|01:36:12.835] Imported new potential chain segment     number=12 hash=648514..5065ea blocks=1 txs=0 mgas=0.000 elapsed=1.272ms     mgasps=0.000 triediffs=57.16KiB triedirty=0.00B
500	execution.log	execution_txs_field	2026-09-05T01:36:25.909490369Z	159	cfcbf4..ebf7fc		0		INFO [09-05|01:36:25.909] Imported new potential chain segment     number=13 hash=cfcbf4..ebf7fc blocks=1 txs=0 mgas=0.000 elapsed=1.276ms     mgasps=0.000 triediffs=61.05KiB triedirty=0.00B
500	execution.log	execution_txs_field	2026-09-05T01:36:39.889166577Z	161	b8f457..a124e9		0		"INFO [09-05|01:36:39.888] Imported new potential chain segment     number=14 hash=b8f457..a124e9 blocks=1 txs=0 mgas=0.000 elapsed=""936.575µs"" mgasps=0.000 triediffs=64.90KiB triedirty=0.00B"
500	execution.log	execution_txs_field	2026-09-05T01:36:52.529801197Z	163	616503..e2f7fa		0		"INFO [09-05|01:36:52.529] Imported new potential chain segment     number=15 hash=616503..e2f7fa blocks=1 txs=0 mgas=0.000 elapsed=""840.286µs"" mgasps=0.000 triediffs=69.00KiB triedirty=0.00B"
500	execution.log	execution_txs_field	2026-09-05T01:37:02.201546577Z	167	b10c6c..5decba		0		INFO [09-05|01:37:02.201] Imported new potential chain segment     number=15 hash=b10c6c..5decba blocks=1 txs=0 mgas=0.000 elapsed=1.124ms     mgasps=0.000 triediffs=72.95KiB triedirty=0.00B
500	execution.log	execution_txs_field	2026-09-05T01:37:13.017615102Z	169	246b5e..e50bd4		0		"INFO [09-05|01:37:13.017] Imported new potential chain segment     number=16 hash=246b5e..e50bd4 blocks=1 txs=0 mgas=0.000 elapsed=""894.074µs"" mgasps=0.000 triediffs=77.08KiB triedirty=0.00B"
500	execution.log	execution_txs_field	2026-09-05T01:37:26.239479717Z	171	925d53..721761		0		INFO [09-05|01:37:26.239] Imported new potential chain segment     number=17 hash=925d53..721761 blocks=1 txs=0 mgas=0.000 elapsed=1.309ms     mgasps=0.000 triediffs=80.99KiB triedirty=0.00B
500	execution.log	execution_txs_field	2026-09-05T01:37:36.877876251Z	173	16fc2b..cc2f65		0		"INFO [09-05|01:37:36.877] Imported new potential chain segment     number=18 hash=16fc2b..cc2f65 blocks=1 txs=0 mgas=0.000 elapsed=""959.214µs"" mgasps=0.000 triediffs=85.08KiB triedirty=0.00B"
500	execution.log	execution_txs_field	2026-09-05T01:37:51.268773845Z	175	9f6ee5..ccef82		0		"INFO [09-05|01:37:51.268] Imported new potential chain segment     number=19 hash=9f6ee5..ccef82 blocks=1 txs=0 mgas=0.000 elapsed=""940.979µs"" mgasps=0.000 triediffs=89.32KiB triedirty=0.00B"
500	execution.log	execution_txs_field	2026-09-05T01:38:01.251717693Z	179	5ceb99..15391c		0		INFO [09-05|01:38:01.251] Imported new potential chain segment     number=19 hash=5ceb99..15391c blocks=1 txs=0 mgas=0.000 elapsed=1.104ms     mgasps=0.000 triediffs=93.62KiB triedirty=0.00B
500	execution.log	execution_txs_field	2026-09-05T01:38:13.139248302Z	181	e320f5..03e2af		0		INFO [09-05|01:38:13.139] Imported new potential chain segment     number=20 hash=e320f5..03e2af blocks=1 txs=0 mgas=0.000 elapsed=1.144ms     mgasps=0.000 triediffs=97.78KiB triedirty=0.00B
500	execution.log	execution_txs_field	2026-09-05T01:38:25.745802797Z	183	73eef2..ff2225		0		"INFO [09-05|01:38:25.745] Imported new potential chain segment     number=21 hash=73eef2..ff2225 blocks=1 txs=0 mgas=0.000 elapsed=""873.736µs"" mgasps=0.000 triediffs=101.83KiB triedirty=0.00B"
500	execution.log	execution_txs_field	2026-09-05T01:38:36.968894254Z	185	d98a1d..14bd7f		0		INFO [09-05|01:38:36.968] Imported new potential chain segment     number=22 hash=d98a1d..14bd7f blocks=1 txs=0 mgas=0.000 elapsed=1.143ms     mgasps=0.000 triediffs=106.18KiB triedirty=0.00B
500	execution.log	execution_txs_field	2026-09-05T01:38:50.062829747Z	187	4c5ec4..60f78c		0		INFO [09-05|01:38:50.062] Imported new potential chain segment     number=23 hash=4c5ec4..60f78c blocks=1 txs=0 mgas=0.000 elapsed=2.018ms     mgasps=0.000 triediffs=110.25KiB triedirty=0.00B
500	execution.log	execution_txs_field	2026-09-05T01:39:03.665615699Z	189	04f434..98d5ca		0		INFO [09-05|01:39:03.665] Imported new potential chain segment     number=24 hash=04f434..98d5ca blocks=1 txs=0 mgas=0.000 elapsed=1.289ms     mgasps=0.000 triediffs=114.63KiB triedirty=0.00B
500	execution.log	execution_txs_field	2026-09-05T01:39:14.141876216Z	193	414201..367880		0		INFO [09-05|01:39:14.141] Imported new potential chain segment     number=24 hash=414201..367880 blocks=1 txs=0 mgas=0.000 elapsed=1.594ms     mgasps=0.000 triediffs=119.06KiB triedirty=0.00B
500	execution.log	execution_txs_field	2026-09-05T01:39:24.766868890Z	195	2f944d..a5d707		0		"INFO [09-05|01:39:24.766] Imported new potential chain segment     number=25 hash=2f944d..a5d707 blocks=1 txs=0 mgas=0.000 elapsed=""906.651µs"" mgasps=0.000 triediffs=123.38KiB triedirty=0.00B"
500	execution.log	execution_txs_field	2026-09-05T01:39:37.136445687Z	197	55c261..7e2e95		0		"INFO [09-05|01:39:37.136] Imported new potential chain segment     number=26 hash=55c261..7e2e95 blocks=1 txs=0 mgas=0.000 elapsed=""957.245µs"" mgasps=0.000 triediffs=127.57KiB triedirty=0.00B"
500	execution.log	execution_txs_field	2026-09-05T01:39:48.912175948Z	199	4e2cbf..903cd8		0		"INFO [09-05|01:39:48.912] Imported new potential chain segment     number=27 hash=4e2cbf..903cd8 blocks=1 txs=0 mgas=0.000 elapsed=""931.505µs"" mgasps=0.000 triediffs=131.73KiB triedirty=0.00B"
500	execution.log	execution_txs_field	2026-09-05T01:40:03.833638132Z	201	d7a89c..6c2361		0		INFO [09-05|01:40:03.833] Imported new potential chain segment     number=28 hash=d7a89c..6c2361 blocks=1 txs=0 mgas=0.000 elapsed=1.096ms     mgasps=0.000 triediffs=135.91KiB triedirty=0.00B
500	execution.log	execution_txs_field	2026-09-05T01:40:13.184836031Z	203	3f042a..174852		0		"INFO [09-05|01:40:13.184] Imported new potential chain segment     number=29 hash=3f042a..174852 blocks=1 txs=0 mgas=0.000 elapsed=""933.852µs"" mgasps=0.000 triediffs=140.21KiB triedirty=0.00B"
500	execution.log	execution_txs_field	2026-09-05T01:40:25.028344339Z	207	881f01..1243dc		0		"INFO [09-05|01:40:25.028] Imported new potential chain segment     number=29 hash=881f01..1243dc blocks=1 txs=0 mgas=0.000 elapsed=""823.105µs"" mgasps=0.000 triediffs=144.51KiB triedirty=0.00B"
500	execution.log	execution_txs_field	2026-09-05T01:40:37.825027647Z	209	9f7655..5e954d		0		"INFO [09-05|01:40:37.824] Imported new potential chain segment     number=30 hash=9f7655..5e954d blocks=1 txs=0 mgas=0.000 elapsed=""970.875µs"" mgasps=0.000 triediffs=148.63KiB triedirty=0.00B"
500	execution.log	execution_txs_field	2026-09-05T01:40:49.412825573Z	211	f995d4..9e7a4b		0		"INFO [09-05|01:40:49.412] Imported new potential chain segment     number=31 hash=f995d4..9e7a4b blocks=1 txs=0 mgas=0.000 elapsed=""922.526µs"" mgasps=0.000 triediffs=152.91KiB triedirty=0.00B"
500	execution.log	execution_txs_field	2026-09-05T01:41:02.868567691Z	213	245f92..ed5dbe		0		INFO [09-05|01:41:02.859] Imported new potential chain segment     number=32 hash=245f92..ed5dbe blocks=1 txs=0 mgas=0.000 elapsed=3.497ms     mgasps=0.000 triediffs=157.23KiB triedirty=0.00B
500	execution.log	execution_txs_field	2026-09-05T01:41:13.410011322Z	215	ab4db7..618b72		0		"INFO [09-05|01:41:13.409] Imported new potential chain segment     number=33 hash=ab4db7..618b72 blocks=1 txs=0 mgas=0.000 elapsed=""834.299µs"" mgasps=0.000 triediffs=161.44KiB triedirty=0.00B"
500	execution.log	execution_txs_field	2026-09-05T01:41:25.979826359Z	217	d706a2..750bf5		0		"INFO [09-05|01:41:25.979] Imported new potential chain segment     number=34 hash=d706a2..750bf5 blocks=1 txs=0 mgas=0.000 elapsed=""983.638µs"" mgasps=0.000 triediffs=166.04KiB triedirty=0.00B"
500	execution.log	execution_txs_field	2026-09-05T01:41:36.889055589Z	219	25f757..da2f35		0		"INFO [09-05|01:41:36.888] Imported new potential chain segment     number=35 hash=25f757..da2f35 blocks=1 txs=0 mgas=0.000 elapsed=""924.508µs"" mgasps=0.000 triediffs=170.49KiB triedirty=0.00B"
500	execution.log	execution_txs_field	2026-09-05T01:41:50.657596783Z	221	80c043..4ace9b		0		INFO [09-05|01:41:50.657] Imported new potential chain segment     number=36 hash=80c043..4ace9b blocks=1 txs=0 mgas=0.000 elapsed=1.004ms     mgasps=0.000 triediffs=174.88KiB triedirty=0.00B
500	execution.log	execution_txs_field	2026-09-05T01:42:01.837204163Z	223	2df177..76a742		0		INFO [09-05|01:42:01.836] Imported new potential chain segment     number=37 hash=2df177..76a742 blocks=1 txs=0 mgas=0.000 elapsed=1.178ms     mgasps=0.000 triediffs=179.54KiB triedirty=0.00B
500	execution.log	execution_txs_field	2026-09-05T01:42:12.859017215Z	225	9cc50b..285ce8		0		INFO [09-05|01:42:12.858] Imported new potential chain segment     number=38 hash=9cc50b..285ce8 blocks=1 txs=0 mgas=0.000 elapsed=1.247ms     mgasps=0.000 triediffs=183.85KiB triedirty=0.00B
500	execution.log	execution_txs_field	2026-09-05T01:42:26.875805065Z	227	33cbd1..f54aeb		0		INFO [09-05|01:42:26.875] Imported new potential chain segment     number=39 hash=33cbd1..f54aeb blocks=1 txs=0 mgas=0.000 elapsed=1.587ms     mgasps=0.000 triediffs=188.15KiB triedirty=0.00B
500	execution.log	execution_txs_field	2026-09-05T01:42:36.887295823Z	229	0a005e..8d6710		0		"INFO [09-05|01:42:36.887] Imported new potential chain segment     number=40 hash=0a005e..8d6710 blocks=1 txs=0 mgas=0.000 elapsed=""970.638µs"" mgasps=0.000 triediffs=192.49KiB triedirty=0.00B"
500	execution.log	execution_txs_field	2026-09-05T01:42:50.615246225Z	231	b7e340..5807cf		0		"INFO [09-05|01:42:50.615] Imported new potential chain segment     number=41 hash=b7e340..5807cf blocks=1 txs=0 mgas=0.000 elapsed=""777.515µs"" mgasps=0.000 triediffs=196.62KiB triedirty=0.00B"
500	execution.log	execution_txs_field	2026-09-05T01:43:03.963317218Z	233	6b770d..6c9b9b		0		INFO [09-05|01:43:03.963] Imported new potential chain segment     number=42 hash=6b770d..6c9b9b blocks=1 txs=0 mgas=0.000 elapsed=1.173ms     mgasps=0.000 triediffs=200.95KiB triedirty=0.00B
500	execution.log	execution_txs_field	2026-09-05T01:43:13.070561149Z	237	13caf6..fac097		0		"INFO [09-05|01:43:13.070] Imported new potential chain segment     number=42 hash=13caf6..fac097 blocks=1 txs=0 mgas=0.000 elapsed=""955.128µs"" mgasps=0.000 triediffs=205.34KiB triedirty=0.00B"
500	execution.log	execution_txs_field	2026-09-05T01:43:25.077728487Z	239	9329e7..78b0f7		0		INFO [09-05|01:43:25.077] Imported new potential chain segment     number=43 hash=9329e7..78b0f7 blocks=1 txs=0 mgas=0.000 elapsed=1.356ms     mgasps=0.000 triediffs=209.67KiB triedirty=0.00B
500	execution.log	execution_txs_field	2026-09-05T01:43:44.169919139Z	241	a68a7f..957f92		0		INFO [09-05|01:43:44.169] Imported new potential chain segment     number=44 hash=a68a7f..957f92 blocks=1 txs=0 mgas=0.000 elapsed=1.026ms     mgasps=0.000 triediffs=214.10KiB triedirty=0.00B
500	execution.log	execution_txs_field	2026-09-05T01:43:49.240353899Z	245	a83ef3..7225e7		0		INFO [09-05|01:43:49.240] Imported new potential chain segment     number=44 hash=a83ef3..7225e7 blocks=1 txs=0 mgas=0.000 elapsed=1.054ms     mgasps=0.000 triediffs=218.60KiB triedirty=0.00B
500	execution.log	execution_txs_field	2026-09-05T01:44:05.119962333Z	247	08d472..c06948		0		INFO [09-05|01:44:05.118] Imported new potential chain segment     number=45 hash=08d472..c06948 blocks=1 txs=0 mgas=0.000 elapsed=1.080ms     mgasps=0.000 triediffs=223.24KiB triedirty=0.00B
500	execution.log	execution_txs_field	2026-09-05T01:44:14.567090079Z	251	da1c1b..7bffb9		0		INFO [09-05|01:44:14.566] Imported new potential chain segment     number=45 hash=da1c1b..7bffb9 blocks=1 txs=0 mgas=0.000 elapsed=1.091ms     mgasps=0.000 triediffs=227.75KiB triedirty=0.00B
500	execution.log	execution_txs_field	2026-09-05T01:44:24.670550165Z	253	b63315..308147		0		"INFO [09-05|01:44:24.670] Imported new potential chain segment     number=46 hash=b63315..308147 blocks=1 txs=0 mgas=0.000 elapsed=""917.174µs"" mgasps=0.000 triediffs=232.02KiB triedirty=0.00B"
500	execution.log	execution_txs_field	2026-09-05T01:44:37.021688821Z	255	4ba57f..ac60f8		0		INFO [09-05|01:44:37.021] Imported new potential chain segment     number=47 hash=4ba57f..ac60f8 blocks=1 txs=0 mgas=0.000 elapsed=1.737ms     mgasps=0.000 triediffs=236.47KiB triedirty=0.00B
500	execution.log	execution_txs_field	2026-09-05T01:44:54.469866361Z	257	ee30f8..65d871		0		INFO [09-05|01:44:54.469] Imported new potential chain segment     number=48 hash=ee30f8..65d871 blocks=1 txs=0 mgas=0.000 elapsed=1.349ms     mgasps=0.000 triediffs=240.93KiB triedirty=0.00B
500	execution.log	execution_txs_field	2026-09-05T01:45:04.800445463Z	261	191311..0fc02e		0		INFO [09-05|01:45:04.799] Imported new potential chain segment     number=48 hash=191311..0fc02e blocks=1 txs=0 mgas=0.000 elapsed=1.076ms     mgasps=0.000 triediffs=245.29KiB triedirty=0.00B
500	execution.log	execution_txs_field	2026-09-05T01:45:13.942258178Z	265	a1ee4b..334727		0		INFO [09-05|01:45:13.941] Imported new potential chain segment     number=48 hash=a1ee4b..334727 blocks=1 txs=0 mgas=0.000 elapsed=1.631ms     mgasps=0.000 triediffs=249.47KiB triedirty=0.00B
500	execution.log	execution_txs_field	2026-09-05T01:45:24.960884610Z	267	673f5c..1783c1		0		INFO [09-05|01:45:24.959] Imported new potential chain segment     number=49 hash=673f5c..1783c1 blocks=1 txs=0 mgas=0.000 elapsed=1.018ms     mgasps=0.000 triediffs=253.86KiB triedirty=0.00B
500	execution.log	execution_txs_field	2026-09-05T01:45:40.868804053Z	269	e78411..02dd7f		0		INFO [09-05|01:45:40.868] Imported new potential chain segment     number=50 hash=e78411..02dd7f blocks=1 txs=0 mgas=0.000 elapsed=1.134ms     mgasps=0.000 triediffs=258.35KiB triedirty=0.00B
500	execution.log	execution_txs_field	2026-09-05T01:45:49.274571597Z	273	a41b5c..be6384		0		INFO [09-05|01:45:49.274] Imported new potential chain segment     number=50 hash=a41b5c..be6384 blocks=1 txs=0 mgas=0.000 elapsed=1.205ms     mgasps=0.000 triediffs=262.80KiB triedirty=0.00B
500	execution.log	execution_txs_field	2026-09-05T01:46:01.214562173Z	275	97e5c0..cee620		0		INFO [09-05|01:46:01.213] Imported new potential chain segment     number=51 hash=97e5c0..cee620 blocks=1 txs=0 mgas=0.000 elapsed=1.610ms     mgasps=0.000 triediffs=267.60KiB triedirty=0.00B
500	execution.log	execution_txs_field	2026-09-05T01:46:16.349940888Z	277	935782..2eae13		0		INFO [09-05|01:46:16.349] Imported new potential chain segment     number=52 hash=935782..2eae13 blocks=1 txs=0 mgas=0.000 elapsed=1.207ms     mgasps=0.000 triediffs=271.93KiB triedirty=0.00B
500	execution.log	execution_txs_field	2026-09-05T01:46:26.905084261Z	281	e2bafb..042e8d		0		INFO [09-05|01:46:26.904] Imported new potential chain segment     number=52 hash=e2bafb..042e8d blocks=1 txs=0 mgas=0.000 elapsed=1.776ms     mgasps=0.000 triediffs=276.42KiB triedirty=0.00B
500	execution.log	execution_txs_field	2026-09-05T01:46:36.729797282Z	285	d1c751..5bfd2e		0		"INFO [09-05|01:46:36.729] Imported new potential chain segment     number=52 hash=d1c751..5bfd2e blocks=1 txs=0 mgas=0.000 elapsed=""902.281µs"" mgasps=0.000 triediffs=281.03KiB triedirty=0.00B"
500	execution.log	execution_txs_field	2026-09-05T01:46:48.728034000Z	287	86157f..f26538		0		INFO [09-05|01:46:48.727] Imported new potential chain segment     number=53 hash=86157f..f26538 blocks=1 txs=0 mgas=0.000 elapsed=1.972ms     mgasps=0.000 triediffs=285.61KiB triedirty=0.00B
500	execution.log	execution_txs_field	2026-09-05T01:47:00.752109194Z	289	ccff6b..7ebef2		0		INFO [09-05|01:47:00.751] Imported new potential chain segment     number=54 hash=ccff6b..7ebef2 blocks=1 txs=0 mgas=0.000 elapsed=1.046ms     mgasps=0.000 triediffs=290.28KiB triedirty=0.00B
500	execution.log	execution_txs_field	2026-09-05T01:47:13.082530225Z	291	dbe549..2afec8		0		INFO [09-05|01:47:13.082] Imported new potential chain segment     number=55 hash=dbe549..2afec8 blocks=1 txs=0 mgas=0.000 elapsed=1.298ms     mgasps=0.000 triediffs=294.89KiB triedirty=0.00B
500	execution.log	execution_txs_field	2026-09-05T01:47:25.857702468Z	293	b9ed6b..5b1229		0		INFO [09-05|01:47:25.857] Imported new potential chain segment     number=56 hash=b9ed6b..5b1229 blocks=1 txs=0 mgas=0.000 elapsed=1.271ms     mgasps=0.000 triediffs=299.47KiB triedirty=0.00B
500	execution.log	execution_txs_field	2026-09-05T01:47:37.586147332Z	295	e20702..b03843		0		INFO [09-05|01:47:37.585] Imported new potential chain segment     number=57 hash=e20702..b03843 blocks=1 txs=0 mgas=0.000 elapsed=1.514ms     mgasps=0.000 triediffs=303.96KiB triedirty=0.00B
500	execution.log	execution_txs_field	2026-09-05T01:47:48.770219449Z	297	e60f3b..74a28a		0		INFO [09-05|01:47:48.770] Imported new potential chain segment     number=58 hash=e60f3b..74a28a blocks=1 txs=0 mgas=0.000 elapsed=1.631ms     mgasps=0.000 triediffs=308.66KiB triedirty=0.00B
500	execution.log	execution_txs_field	2026-09-05T01:48:00.984318642Z	299	0e467b..0f480b		0		INFO [09-05|01:48:00.984] Imported new potential chain segment     number=59 hash=0e467b..0f480b blocks=1 txs=0 mgas=0.000 elapsed=1.145ms     mgasps=0.000 triediffs=313.03KiB triedirty=0.00B
500	execution.log	execution_txs_field	2026-09-05T01:48:12.782301808Z	301	7bc9a7..9ef738		0		INFO [09-05|01:48:12.782] Imported new potential chain segment     number=60 hash=7bc9a7..9ef738 blocks=1 txs=0 mgas=0.000 elapsed=1.245ms     mgasps=0.000 triediffs=317.63KiB triedirty=0.00B
500	execution.log	execution_txs_field	2026-09-05T01:48:25.667055297Z	303	a2cbbc..08ffc8		0		INFO [09-05|01:48:25.666] Imported new potential chain segment     number=61 hash=a2cbbc..08ffc8 blocks=1 txs=0 mgas=0.000 elapsed=1.047ms     mgasps=0.000 triediffs=322.32KiB triedirty=0.00B
500	execution.log	execution_txs_field	2026-09-05T01:48:37.233106242Z	305	dbcf51..c00195		0		INFO [09-05|01:48:37.232] Imported new potential chain segment     number=62 hash=dbcf51..c00195 blocks=1 txs=0 mgas=0.000 elapsed=1.038ms     mgasps=0.000 triediffs=326.72KiB triedirty=0.00B
500	execution.log	execution_txs_field	2026-09-05T01:48:48.841075508Z	307	946a20..24eded		0		INFO [09-05|01:48:48.838] Imported new potential chain segment     number=63 hash=946a20..24eded blocks=1 txs=0 mgas=0.000 elapsed=1.598ms     mgasps=0.000 triediffs=331.80KiB triedirty=0.00B
500	execution.log	execution_txs_field	2026-09-05T01:49:00.754048342Z	309	131a9c..5ab3ec		0		INFO [09-05|01:49:00.753] Imported new potential chain segment     number=64 hash=131a9c..5ab3ec blocks=1 txs=0 mgas=0.000 elapsed=7.585ms     mgasps=0.000 triediffs=336.84KiB triedirty=0.00B
500	execution.log	execution_txs_field	2026-09-05T01:49:14.490390540Z	311	b15e60..8211bb		0		"INFO [09-05|01:49:14.490] Imported new potential chain segment     number=65 hash=b15e60..8211bb blocks=1 txs=0 mgas=0.000 elapsed=""849.893µs"" mgasps=0.000 triediffs=341.40KiB triedirty=0.00B"
500	execution.log	execution_txs_field	2026-09-05T01:49:28.253580859Z	313	ff9448..f29f33		0		INFO [09-05|01:49:28.253] Imported new potential chain segment     number=66 hash=ff9448..f29f33 blocks=1 txs=0 mgas=0.000 elapsed=1.269ms     mgasps=0.000 triediffs=346.28KiB triedirty=0.00B
500	execution.log	execution_txs_field	2026-09-05T01:49:37.060787399Z	317	db3c8e..6f96bc		0		"INFO [09-05|01:49:37.060] Imported new potential chain segment     number=66 hash=db3c8e..6f96bc blocks=1 txs=0 mgas=0.000 elapsed=""897.27µs""  mgasps=0.000 triediffs=350.83KiB triedirty=0.00B"
500	execution.log	execution_txs_field	2026-09-05T01:49:49.154441404Z	319	18ed4b..e5ed48		0		INFO [09-05|01:49:49.154] Imported new potential chain segment     number=67 hash=18ed4b..e5ed48 blocks=1 txs=0 mgas=0.000 elapsed=1.899ms     mgasps=0.000 triediffs=355.65KiB triedirty=0.00B
500	execution.log	execution_txs_field	2026-09-05T01:50:04.406581024Z	321	960c16..318018		0		INFO [09-05|01:50:04.406] Imported new potential chain segment     number=68 hash=960c16..318018 blocks=1 txs=0 mgas=0.000 elapsed=1.899ms     mgasps=0.000 triediffs=360.20KiB triedirty=0.00B
500	execution.log	execution_txs_field	2026-09-05T01:50:16.995547988Z	325	bf5ffd..88a9b4		0		INFO [09-05|01:50:16.994] Imported new potential chain segment     number=68 hash=bf5ffd..88a9b4 blocks=1 txs=0 mgas=0.000 elapsed=1.283ms     mgasps=0.000 triediffs=364.84KiB triedirty=0.00B
500	execution.log	execution_txs_field	2026-09-05T01:50:25.045196162Z	329	fbd155..aed3c2		0		INFO [09-05|01:50:25.044] Imported new potential chain segment     number=68 hash=fbd155..aed3c2 blocks=1 txs=0 mgas=0.000 elapsed=1.096ms     mgasps=0.000 triediffs=369.36KiB triedirty=0.00B
500	execution.log	execution_txs_field	2026-09-05T01:50:36.750311633Z	331	5af476..472169		0		INFO [09-05|01:50:36.750] Imported new potential chain segment     number=69 hash=5af476..472169 blocks=1 txs=0 mgas=0.000 elapsed=2.092ms     mgasps=0.000 triediffs=373.72KiB triedirty=0.00B
500	execution.log	execution_txs_field	2026-09-05T01:50:49.032804768Z	333	2ccbd5..74e10b		0		INFO [09-05|01:50:49.032] Imported new potential chain segment     number=70 hash=2ccbd5..74e10b blocks=1 txs=0 mgas=0.000 elapsed=1.467ms     mgasps=0.000 triediffs=378.46KiB triedirty=0.00B
500	execution.log	execution_txs_field	2026-09-05T01:51:04.015479701Z	335	dd3658..345fd9		0		INFO [09-05|01:51:04.015] Imported new potential chain segment     number=71 hash=dd3658..345fd9 blocks=1 txs=0 mgas=0.000 elapsed=1.647ms     mgasps=0.000 triediffs=383.13KiB triedirty=0.00B
500	execution.log	execution_txs_field	2026-09-05T01:51:12.883375005Z	339	323361..eea910		0		INFO [09-05|01:51:12.883] Imported new potential chain segment     number=71 hash=323361..eea910 blocks=1 txs=0 mgas=0.000 elapsed=1.229ms     mgasps=0.000 triediffs=387.32KiB triedirty=0.00B
500	execution.log	execution_txs_field	2026-09-05T01:51:25.399362491Z	341	931683..18733c		0		INFO [09-05|01:51:25.399] Imported new potential chain segment     number=72 hash=931683..18733c blocks=1 txs=0 mgas=0.000 elapsed=1.202ms     mgasps=0.000 triediffs=392.21KiB triedirty=0.00B
500	execution.log	execution_txs_field	2026-09-05T01:51:37.427529149Z	343	e7eb34..389c72		0		INFO [09-05|01:51:37.427] Imported new potential chain segment     number=73 hash=e7eb34..389c72 blocks=1 txs=0 mgas=0.000 elapsed=2.165ms     mgasps=0.000 triediffs=396.95KiB triedirty=0.00B
500	execution.log	execution_txs_field	2026-09-05T01:51:48.650117044Z	345	460535..2d9832		0		INFO [09-05|01:51:48.649] Imported new potential chain segment     number=74 hash=460535..2d9832 blocks=1 txs=0 mgas=0.000 elapsed=1.813ms     mgasps=0.000 triediffs=402.11KiB triedirty=0.00B
500	execution.log	execution_txs_field	2026-09-05T01:52:03.801109902Z	347	3d8b75..118040		0		INFO [09-05|01:52:03.800] Imported new potential chain segment     number=75 hash=3d8b75..118040 blocks=1 txs=0 mgas=0.000 elapsed=1.407ms     mgasps=0.000 triediffs=406.67KiB triedirty=0.00B
500	execution.log	execution_txs_field	2026-09-05T01:52:13.005416422Z	351	e2a896..c21a3b		0		"INFO [09-05|01:52:13.005] Imported new potential chain segment     number=75 hash=e2a896..c21a3b blocks=1 txs=0 mgas=0.000 elapsed=""920.281µs"" mgasps=0.000 triediffs=411.41KiB triedirty=0.00B"
500	execution.log	execution_txs_field	2026-09-05T01:52:24.981158541Z	353	52841d..f6cee3		0		INFO [09-05|01:52:24.980] Imported new potential chain segment     number=76 hash=52841d..f6cee3 blocks=1 txs=0 mgas=0.000 elapsed=1.060ms     mgasps=0.000 triediffs=415.86KiB triedirty=0.00B
500	execution.log	execution_txs_field	2026-09-05T01:52:39.944861427Z	355	d7945a..40c8b0		0		INFO [09-05|01:52:39.944] Imported new potential chain segment     number=77 hash=d7945a..40c8b0 blocks=1 txs=0 mgas=0.000 elapsed=1.001ms     mgasps=0.000 triediffs=420.72KiB triedirty=0.00B
500	execution.log	execution_txs_field	2026-09-05T01:52:49.415233480Z	359	6f602f..2b845a		0		"INFO [09-05|01:52:49.415] Imported new potential chain segment     number=77 hash=6f602f..2b845a blocks=1 txs=0 mgas=0.000 elapsed=""994.855µs"" mgasps=0.000 triediffs=425.34KiB triedirty=0.00B"
500	execution.log	execution_txs_field	2026-09-05T01:53:00.856948024Z	361	5c42bd..ba2fd8		0		INFO [09-05|01:53:00.856] Imported new potential chain segment     number=78 hash=5c42bd..ba2fd8 blocks=1 txs=0 mgas=0.000 elapsed=1.054ms     mgasps=0.000 triediffs=430.04KiB triedirty=0.00B
500	execution.log	execution_txs_field	2026-09-05T01:53:13.903986172Z	363	1c9360..c70589		0		INFO [09-05|01:53:13.903] Imported new potential chain segment     number=79 hash=1c9360..c70589 blocks=1 txs=0 mgas=0.000 elapsed=1.738ms     mgasps=0.000 triediffs=434.92KiB triedirty=0.00B
500	execution.log	execution_txs_field	2026-09-05T01:53:25.799659766Z	365	0227c0..5718a6		0		"INFO [09-05|01:53:25.799] Imported new potential chain segment     number=80 hash=0227c0..5718a6 blocks=1 txs=0 mgas=0.000 elapsed=""934.414µs"" mgasps=0.000 triediffs=439.88KiB triedirty=0.00B"
500	execution.log	execution_txs_field	2026-09-05T01:53:39.180380239Z	367	c9aba8..9e7eac		0		INFO [09-05|01:53:39.180] Imported new potential chain segment     number=81 hash=c9aba8..9e7eac blocks=1 txs=0 mgas=0.000 elapsed=1.119ms     mgasps=0.000 triediffs=444.52KiB triedirty=0.00B
500	execution.log	execution_txs_field	2026-09-05T01:53:51.213920504Z	371	5f5a54..c1a931		0		"INFO [09-05|01:53:51.213] Imported new potential chain segment     number=81 hash=5f5a54..c1a931 blocks=1 txs=0 mgas=0.000 elapsed=""987.283µs"" mgasps=0.000 triediffs=449.62KiB triedirty=0.00B"
500	execution.log	execution_txs_field	2026-09-05T01:54:01.176352191Z	375	3eae0c..fbe66f		0		INFO [09-05|01:54:01.175] Imported new potential chain segment     number=81 hash=3eae0c..fbe66f blocks=1 txs=0 mgas=0.000 elapsed=3.177ms     mgasps=0.000 triediffs=454.47KiB triedirty=0.00B
500	execution.log	execution_txs_field	2026-09-05T01:54:12.669064547Z	377	f9453c..b77e12		0		INFO [09-05|01:54:12.666] Imported new potential chain segment     number=82 hash=f9453c..b77e12 blocks=1 txs=0 mgas=0.000 elapsed=1.108ms     mgasps=0.000 triediffs=459.08KiB triedirty=0.00B
500	execution.log	execution_txs_field	2026-09-05T01:54:24.663280198Z	379	4f7379..614599		0		INFO [09-05|01:54:24.663] Imported new potential chain segment     number=83 hash=4f7379..614599 blocks=1 txs=0 mgas=0.000 elapsed=1.237ms     mgasps=0.000 triediffs=463.91KiB triedirty=0.00B
500	execution.log	execution_txs_field	2026-09-05T01:54:36.811420666Z	381	df1658..07b6ae		0		INFO [09-05|01:54:36.811] Imported new potential chain segment     number=76 hash=df1658..07b6ae blocks=1 txs=0 mgas=0.000 elapsed=1.005ms     mgasps=0.000 triediffs=468.82KiB triedirty=0.00B
500	execution.log	execution_txs_field	2026-09-05T01:54:48.974237584Z	382	522ef9..69614c		0		"INFO [09-05|01:54:48.974] Imported new potential chain segment     number=84 hash=522ef9..69614c blocks=1 txs=0 mgas=0.000 elapsed=""910.63µs""  mgasps=0.000 triediffs=473.46KiB triedirty=0.00B"
500	execution.log	execution_txs_field	2026-09-05T01:55:00.713881108Z	384	cb8824..7e85b0		0		INFO [09-05|01:55:00.713] Imported new potential chain segment     number=85 hash=cb8824..7e85b0 blocks=1 txs=0 mgas=0.000 elapsed=1.358ms     mgasps=0.000 triediffs=477.89KiB triedirty=0.00B
500	execution.log	execution_txs_field	2026-09-05T01:55:15.213720406Z	386	a22766..857829		0		INFO [09-05|01:55:15.213] Imported new potential chain segment     number=86 hash=a22766..857829 blocks=1 txs=0 mgas=0.000 elapsed=1.034ms     mgasps=0.000 triediffs=482.53KiB triedirty=0.00B
500	execution.log	execution_txs_field	2026-09-05T01:55:24.876335884Z	390	a87335..aaa8db		0		INFO [09-05|01:55:24.876] Imported new potential chain segment     number=86 hash=a87335..aaa8db blocks=1 txs=0 mgas=0.000 elapsed=2.049ms     mgasps=0.000 triediffs=487.30KiB triedirty=0.00B
500	execution.log	execution_txs_field	2026-09-05T01:55:36.963304045Z	392	f02f6d..9213e7		0		INFO [09-05|01:55:36.963] Imported new potential chain segment     number=87 hash=f02f6d..9213e7 blocks=1 txs=0 mgas=0.000 elapsed=1.565ms     mgasps=0.000 triediffs=492.08KiB triedirty=0.00B
500	execution.log	execution_txs_field	2026-09-05T01:59:13.587158986Z	397	90aa44..364e4c		0		INFO [09-05|01:59:13.586] Imported new potential chain segment     number=81 hash=90aa44..364e4c blocks=1 txs=0 mgas=0.000 elapsed=1.031ms     mgasps=0.000 triediffs=496.85KiB triedirty=0.00B
500	execution.log	execution_txs_field	2026-09-05T02:01:49.483463704Z	399	cbbe26..6c6294		0		"INFO [09-05|02:01:49.483] Imported new potential chain segment     number=81 hash=cbbe26..6c6294 blocks=1 txs=0 mgas=0.000 elapsed=""997.817µs"" mgasps=0.000 triediffs=501.52KiB triedirty=0.00B"
500	execution.log	execution_txs_field	2026-09-05T02:03:30.789850748Z	400	e095e4..37df18		0		INFO [09-05|02:03:30.789] Imported new potential chain segment     number=77 hash=e095e4..37df18 blocks=1 txs=0 mgas=0.000 elapsed=1.390ms     mgasps=0.000 triediffs=506.20KiB triedirty=0.00B
500	execution.log	execution_txs_field	2026-09-05T02:03:31.089284067Z	401	bb8c15..2fe9c8		0		INFO [09-05|02:03:31.087] Imported new potential chain segment     number=81 hash=bb8c15..2fe9c8 blocks=1 txs=0 mgas=0.000 elapsed=1.130ms     mgasps=0.000 age=1m43s triediffs=511.03KiB triedirty=0.00B
201	execution.log	execution_txs_field	2026-09-05T01:33:01.893027999Z	93	df777d..b81ab8		0		INFO [09-05|01:33:01.892] Imported new potential chain segment     number=1 hash=df777d..b81ab8 blocks=1 txs=0 mgas=0.000 elapsed=1.608ms   mgasps=0.000 triediffs=4.98KiB triedirty=0.00B
201	execution.log	execution_txs_field	2026-09-05T01:33:01.911613173Z	96	0		0		"INFO [09-05|01:33:01.911] Indexed transactions                     blocks=2 txs=0 tail=0 elapsed=""145.158µs"""
201	execution.log	execution_txs_field	2026-09-05T01:33:18.793386949Z	100	03b953..dfd5d3		0		INFO [09-05|01:33:18.793] Imported new potential chain segment     number=1 hash=03b953..dfd5d3 blocks=1 txs=0 mgas=0.000 elapsed=1.466ms     mgasps=0.000 triediffs=9.95KiB triedirty=0.00B
201	execution.log	execution_txs_field	2026-09-05T01:33:26.887026831Z	106	43e25c..3958a4		0		INFO [09-05|01:33:26.886] Imported new potential chain segment     number=2 hash=43e25c..3958a4 blocks=1 txs=0 mgas=0.000 elapsed=1.816ms     mgasps=0.000 triediffs=12.97KiB triedirty=0.00B
201	execution.log	execution_txs_field	2026-09-05T01:33:46.988088770Z	112	be1dd5..e71f1f		0		INFO [09-05|01:33:46.987] Imported new potential chain segment     number=2 hash=be1dd5..e71f1f blocks=1 txs=0 mgas=0.000 elapsed=2.011ms     mgasps=0.000 triediffs=16.00KiB triedirty=0.00B
201	execution.log	execution_txs_field	2026-09-05T01:34:06.428456442Z	118	12535e..3f7ac3		0		INFO [09-05|01:34:06.427] Imported new potential chain segment     number=2 hash=12535e..3f7ac3 blocks=1 txs=0 mgas=0.000 elapsed=1.156ms     mgasps=0.000 triediffs=19.11KiB triedirty=0.00B
201	execution.log	execution_txs_field	2026-09-05T01:34:13.458373353Z	124	d94ef5..6f32c4		0		INFO [09-05|01:34:13.458] Imported new potential chain segment     number=2 hash=d94ef5..6f32c4 blocks=1 txs=0 mgas=0.000 elapsed=1.072ms     mgasps=0.000 triediffs=22.31KiB triedirty=0.00B
201	execution.log	execution_txs_field	2026-09-05T01:34:25.246999519Z	127	7c666c..ac393c		0		INFO [09-05|01:34:25.246] Imported new potential chain segment     number=3 hash=7c666c..ac393c blocks=1 txs=0 mgas=0.000 elapsed=1.061ms     mgasps=0.000 triediffs=25.41KiB triedirty=0.00B
201	execution.log	execution_txs_field	2026-09-05T01:34:37.381765655Z	130	31cfcb..e9a663		0		INFO [09-05|01:34:37.375] Imported new potential chain segment     number=4 hash=31cfcb..e9a663 blocks=1 txs=0 mgas=0.000 elapsed=1.356ms     mgasps=0.000 triediffs=28.46KiB triedirty=0.00B
201	execution.log	execution_txs_field	2026-09-05T01:34:49.123225034Z	133	a218f6..5735a0		0		INFO [09-05|01:34:49.121] Imported new potential chain segment     number=5 hash=a218f6..5735a0 blocks=1 txs=0 mgas=0.000 elapsed=1.019ms     mgasps=0.000 triediffs=31.76KiB triedirty=0.00B
201	execution.log	execution_txs_field	2026-09-05T01:35:02.706750497Z	136	eb892e..fdc12b		0		INFO [09-05|01:35:02.705] Imported new potential chain segment     number=6 hash=eb892e..fdc12b blocks=1 txs=0 mgas=0.000 elapsed=11.545ms    mgasps=0.000 triediffs=35.27KiB triedirty=0.00B
201	execution.log	execution_txs_field	2026-09-05T01:35:13.539421573Z	139	ece62d..ee5d91		0		INFO [09-05|01:35:13.538] Imported new potential chain segment     number=7 hash=ece62d..ee5d91 blocks=1 txs=0 mgas=0.000 elapsed=2.572ms     mgasps=0.000 triediffs=38.77KiB triedirty=0.00B
201	execution.log	execution_txs_field	2026-09-05T01:35:24.983312076Z	142	552199..08f719		0		INFO [09-05|01:35:24.983] Imported new potential chain segment     number=8 hash=552199..08f719 blocks=1 txs=0 mgas=0.000 elapsed=1.420ms     mgasps=0.000 triediffs=42.04KiB triedirty=0.00B
201	execution.log	execution_txs_field	2026-09-05T01:35:37.572802393Z	145	78f969..73f77c		0		INFO [09-05|01:35:37.572] Imported new potential chain segment     number=9 hash=78f969..73f77c blocks=1 txs=0 mgas=0.000 elapsed=1.117ms     mgasps=0.000 triediffs=45.59KiB triedirty=0.00B
201	execution.log	execution_txs_field	2026-09-05T01:35:49.318175188Z	148	cc3a08..e39338		0		INFO [09-05|01:35:49.317] Imported new potential chain segment     number=10 hash=cc3a08..e39338 blocks=1 txs=0 mgas=0.000 elapsed=1.065ms     mgasps=0.000 triediffs=49.55KiB triedirty=0.00B
201	execution.log	execution_txs_field	2026-09-05T01:36:01.654038102Z	151	bd177e..8cddc5		0		INFO [09-05|01:36:01.652] Imported new potential chain segment     number=11 hash=bd177e..8cddc5 blocks=1 txs=0 mgas=0.000 elapsed=1.276ms     mgasps=0.000 triediffs=53.38KiB triedirty=0.00B
201	execution.log	execution_txs_field	2026-09-05T01:36:13.611499157Z	154	648514..5065ea		0		INFO [09-05|01:36:13.611] Imported new potential chain segment     number=12 hash=648514..5065ea blocks=1 txs=0 mgas=0.000 elapsed=8.975ms     mgasps=0.000 triediffs=57.16KiB triedirty=0.00B
201	execution.log	execution_txs_field	2026-09-05T01:36:26.152253112Z	157	cfcbf4..ebf7fc		0		INFO [09-05|01:36:26.151] Imported new potential chain segment     number=13 hash=cfcbf4..ebf7fc blocks=1 txs=0 mgas=0.000 elapsed=2.555ms     mgasps=0.000 triediffs=61.05KiB triedirty=0.00B
201	execution.log	execution_txs_field	2026-09-05T01:36:39.844520138Z	159	b8f457..a124e9		0		INFO [09-05|01:36:39.844] Imported new potential chain segment     number=14 hash=b8f457..a124e9 blocks=1 txs=0 mgas=0.000 elapsed=1.252ms     mgasps=0.000 triediffs=64.90KiB triedirty=0.00B
201	execution.log	execution_txs_field	2026-09-05T01:36:52.529580923Z	161	616503..e2f7fa		0		INFO [09-05|01:36:52.529] Imported new potential chain segment     number=15 hash=616503..e2f7fa blocks=1 txs=0 mgas=0.000 elapsed=2.033ms     mgasps=0.000 triediffs=69.00KiB triedirty=0.00B
201	execution.log	execution_txs_field	2026-09-05T01:37:02.164631882Z	165	b10c6c..5decba		0		INFO [09-05|01:37:02.164] Imported new potential chain segment     number=15 hash=b10c6c..5decba blocks=1 txs=0 mgas=0.000 elapsed=2.053ms     mgasps=0.000 triediffs=72.95KiB triedirty=0.00B
201	execution.log	execution_txs_field	2026-09-05T01:37:13.675917235Z	167	246b5e..e50bd4		0		INFO [09-05|01:37:13.675] Imported new potential chain segment     number=16 hash=246b5e..e50bd4 blocks=1 txs=0 mgas=0.000 elapsed=3.689ms     mgasps=0.000 triediffs=77.08KiB triedirty=0.00B
201	execution.log	execution_txs_field	2026-09-05T01:37:26.430180370Z	169	925d53..721761		0		INFO [09-05|01:37:26.429] Imported new potential chain segment     number=17 hash=925d53..721761 blocks=1 txs=0 mgas=0.000 elapsed=1.484ms     mgasps=0.000 triediffs=80.99KiB triedirty=0.00B
201	execution.log	execution_txs_field	2026-09-05T01:37:37.775004097Z	171	16fc2b..cc2f65		0		INFO [09-05|01:37:37.774] Imported new potential chain segment     number=18 hash=16fc2b..cc2f65 blocks=1 txs=0 mgas=0.000 elapsed=4.941ms     mgasps=0.000 triediffs=85.08KiB triedirty=0.00B
201	execution.log	execution_txs_field	2026-09-05T01:37:51.411488297Z	173	9f6ee5..ccef82		0		INFO [09-05|01:37:51.411] Imported new potential chain segment     number=19 hash=9f6ee5..ccef82 blocks=1 txs=0 mgas=0.000 elapsed=1.442ms     mgasps=0.000 triediffs=89.32KiB triedirty=0.00B
201	execution.log	execution_txs_field	2026-09-05T01:38:01.991445907Z	177	5ceb99..15391c		0		INFO [09-05|01:38:01.991] Imported new potential chain segment     number=19 hash=5ceb99..15391c blocks=1 txs=0 mgas=0.000 elapsed=5.307ms     mgasps=0.000 triediffs=93.62KiB triedirty=0.00B
201	execution.log	execution_txs_field	2026-09-05T01:38:13.638901877Z	179	e320f5..03e2af		0		INFO [09-05|01:38:13.637] Imported new potential chain segment     number=20 hash=e320f5..03e2af blocks=1 txs=0 mgas=0.000 elapsed=1.417ms     mgasps=0.000 triediffs=97.78KiB triedirty=0.00B
201	execution.log	execution_txs_field	2026-09-05T01:38:25.785980887Z	181	73eef2..ff2225		0		INFO [09-05|01:38:25.785] Imported new potential chain segment     number=21 hash=73eef2..ff2225 blocks=1 txs=0 mgas=0.000 elapsed=1.339ms     mgasps=0.000 triediffs=101.83KiB triedirty=0.00B
201	execution.log	execution_txs_field	2026-09-05T01:38:37.880881864Z	183	d98a1d..14bd7f		0		INFO [09-05|01:38:37.880] Imported new potential chain segment     number=22 hash=d98a1d..14bd7f blocks=1 txs=0 mgas=0.000 elapsed=1.975ms     mgasps=0.000 triediffs=106.18KiB triedirty=0.00B
201	execution.log	execution_txs_field	2026-09-05T01:38:50.095693165Z	185	4c5ec4..60f78c		0		INFO [09-05|01:38:50.095] Imported new potential chain segment     number=23 hash=4c5ec4..60f78c blocks=1 txs=0 mgas=0.000 elapsed=1.403ms     mgasps=0.000 triediffs=110.25KiB triedirty=0.00B
201	execution.log	execution_txs_field	2026-09-05T01:39:03.837478203Z	187	04f434..98d5ca		0		INFO [09-05|01:39:03.837] Imported new potential chain segment     number=24 hash=04f434..98d5ca blocks=1 txs=0 mgas=0.000 elapsed=2.379ms     mgasps=0.000 triediffs=114.63KiB triedirty=0.00B
201	execution.log	execution_txs_field	2026-09-05T01:39:15.208992515Z	191	414201..367880		0		INFO [09-05|01:39:15.208] Imported new potential chain segment     number=24 hash=414201..367880 blocks=1 txs=0 mgas=0.000 elapsed=1.064ms     mgasps=0.000 triediffs=119.06KiB triedirty=0.00B
201	execution.log	execution_txs_field	2026-09-05T01:39:25.391764675Z	193	2f944d..a5d707		0		INFO [09-05|01:39:25.391] Imported new potential chain segment     number=25 hash=2f944d..a5d707 blocks=1 txs=0 mgas=0.000 elapsed=2.361ms     mgasps=0.000 triediffs=123.38KiB triedirty=0.00B
201	execution.log	execution_txs_field	2026-09-05T01:39:37.540058660Z	195	55c261..7e2e95		0		INFO [09-05|01:39:37.539] Imported new potential chain segment     number=26 hash=55c261..7e2e95 blocks=1 txs=0 mgas=0.000 elapsed=1.159ms     mgasps=0.000 triediffs=127.57KiB triedirty=0.00B
201	execution.log	execution_txs_field	2026-09-05T01:39:49.582353952Z	197	4e2cbf..903cd8		0		INFO [09-05|01:39:49.582] Imported new potential chain segment     number=27 hash=4e2cbf..903cd8 blocks=1 txs=0 mgas=0.000 elapsed=1.075ms     mgasps=0.000 triediffs=131.73KiB triedirty=0.00B
201	execution.log	execution_txs_field	2026-09-05T01:40:03.779288563Z	199	d7a89c..6c2361		0		INFO [09-05|01:40:03.778] Imported new potential chain segment     number=28 hash=d7a89c..6c2361 blocks=1 txs=0 mgas=0.000 elapsed=1.774ms     mgasps=0.000 triediffs=135.91KiB triedirty=0.00B
201	execution.log	execution_txs_field	2026-09-05T01:40:14.216278462Z	201	3f042a..174852		0		INFO [09-05|01:40:14.216] Imported new potential chain segment     number=29 hash=3f042a..174852 blocks=1 txs=0 mgas=0.000 elapsed=1.357ms     mgasps=0.000 triediffs=140.21KiB triedirty=0.00B
201	execution.log	execution_txs_field	2026-09-05T01:40:25.608354301Z	205	881f01..1243dc		0		INFO [09-05|01:40:25.608] Imported new potential chain segment     number=29 hash=881f01..1243dc blocks=1 txs=0 mgas=0.000 elapsed=1.150ms     mgasps=0.000 triediffs=144.51KiB triedirty=0.00B
201	execution.log	execution_txs_field	2026-09-05T01:40:37.971756659Z	207	9f7655..5e954d		0		INFO [09-05|01:40:37.971] Imported new potential chain segment     number=30 hash=9f7655..5e954d blocks=1 txs=0 mgas=0.000 elapsed=1.633ms     mgasps=0.000 triediffs=148.63KiB triedirty=0.00B
201	execution.log	execution_txs_field	2026-09-05T01:40:49.566307040Z	209	f995d4..9e7a4b		0		INFO [09-05|01:40:49.566] Imported new potential chain segment     number=31 hash=f995d4..9e7a4b blocks=1 txs=0 mgas=0.000 elapsed=1.551ms     mgasps=0.000 triediffs=152.91KiB triedirty=0.00B
201	execution.log	execution_txs_field	2026-09-05T01:41:02.809507633Z	211	245f92..ed5dbe		0		INFO [09-05|01:41:02.809] Imported new potential chain segment     number=32 hash=245f92..ed5dbe blocks=1 txs=0 mgas=0.000 elapsed=1.153ms     mgasps=0.000 triediffs=157.23KiB triedirty=0.00B
201	execution.log	execution_txs_field	2026-09-05T01:41:13.784470511Z	213	ab4db7..618b72		0		INFO [09-05|01:41:13.784] Imported new potential chain segment     number=33 hash=ab4db7..618b72 blocks=1 txs=0 mgas=0.000 elapsed=4.309ms     mgasps=0.000 triediffs=161.44KiB triedirty=0.00B
201	execution.log	execution_txs_field	2026-09-05T01:41:26.020460732Z	215	d706a2..750bf5		0		INFO [09-05|01:41:26.019] Imported new potential chain segment     number=34 hash=d706a2..750bf5 blocks=1 txs=0 mgas=0.000 elapsed=1.780ms     mgasps=0.000 triediffs=166.04KiB triedirty=0.00B
201	execution.log	execution_txs_field	2026-09-05T01:41:37.563970178Z	217	25f757..da2f35		0		INFO [09-05|01:41:37.563] Imported new potential chain segment     number=35 hash=25f757..da2f35 blocks=1 txs=0 mgas=0.000 elapsed=1.411ms     mgasps=0.000 triediffs=170.49KiB triedirty=0.00B
201	execution.log	execution_txs_field	2026-09-05T01:41:50.705538209Z	219	80c043..4ace9b		0		INFO [09-05|01:41:50.704] Imported new potential chain segment     number=36 hash=80c043..4ace9b blocks=1 txs=0 mgas=0.000 elapsed=2.233ms     mgasps=0.000 triediffs=174.88KiB triedirty=0.00B
201	execution.log	execution_txs_field	2026-09-05T01:42:02.044395120Z	221	2df177..76a742		0		INFO [09-05|01:42:02.044] Imported new potential chain segment     number=37 hash=2df177..76a742 blocks=1 txs=0 mgas=0.000 elapsed=1.941ms     mgasps=0.000 triediffs=179.54KiB triedirty=0.00B
201	execution.log	execution_txs_field	2026-09-05T01:42:15.213397693Z	223	9cc50b..285ce8		0		INFO [09-05|01:42:15.211] Imported new potential chain segment     number=38 hash=9cc50b..285ce8 blocks=1 txs=0 mgas=0.000 elapsed=2.372ms     mgasps=0.000 triediffs=183.85KiB triedirty=0.00B
201	execution.log	execution_txs_field	2026-09-05T01:42:26.977434785Z	225	33cbd1..f54aeb		0		INFO [09-05|01:42:26.971] Imported new potential chain segment     number=39 hash=33cbd1..f54aeb blocks=1 txs=0 mgas=0.000 elapsed=9.094ms     mgasps=0.000 triediffs=188.15KiB triedirty=0.00B
201	execution.log	execution_txs_field	2026-09-05T01:42:37.649558170Z	227	0a005e..8d6710		0		INFO [09-05|01:42:37.649] Imported new potential chain segment     number=40 hash=0a005e..8d6710 blocks=1 txs=0 mgas=0.000 elapsed=5.237ms     mgasps=0.000 triediffs=192.49KiB triedirty=0.00B
201	execution.log	execution_txs_field	2026-09-05T01:42:50.580834582Z	229	b7e340..5807cf		0		INFO [09-05|01:42:50.580] Imported new potential chain segment     number=41 hash=b7e340..5807cf blocks=1 txs=0 mgas=0.000 elapsed=3.515ms     mgasps=0.000 triediffs=196.62KiB triedirty=0.00B
201	execution.log	execution_txs_field	2026-09-05T01:43:04.045410374Z	231	6b770d..6c9b9b		0		INFO [09-05|01:43:04.045] Imported new potential chain segment     number=42 hash=6b770d..6c9b9b blocks=1 txs=0 mgas=0.000 elapsed=1.364ms     mgasps=0.000 triediffs=200.95KiB triedirty=0.00B
201	execution.log	execution_txs_field	2026-09-05T01:43:14.203245925Z	235	13caf6..fac097		0		INFO [09-05|01:43:14.200] Imported new potential chain segment     number=42 hash=13caf6..fac097 blocks=1 txs=0 mgas=0.000 elapsed=1.531ms     mgasps=0.000 triediffs=205.34KiB triedirty=0.00B
201	execution.log	execution_txs_field	2026-09-05T01:43:25.624456626Z	237	9329e7..78b0f7		0		INFO [09-05|01:43:25.624] Imported new potential chain segment     number=43 hash=9329e7..78b0f7 blocks=1 txs=0 mgas=0.000 elapsed=2.690ms     mgasps=0.000 triediffs=209.67KiB triedirty=0.00B
201	execution.log	execution_txs_field	2026-09-05T01:43:44.447199970Z	239	a68a7f..957f92		0		INFO [09-05|01:43:44.446] Imported new potential chain segment     number=44 hash=a68a7f..957f92 blocks=1 txs=0 mgas=0.000 elapsed=1.236ms     mgasps=0.000 triediffs=214.10KiB triedirty=0.00B
201	execution.log	execution_txs_field	2026-09-05T01:43:50.094248957Z	243	a83ef3..7225e7		0		INFO [09-05|01:43:50.092] Imported new potential chain segment     number=44 hash=a83ef3..7225e7 blocks=1 txs=0 mgas=0.000 elapsed=1.389ms     mgasps=0.000 triediffs=218.60KiB triedirty=0.00B
201	execution.log	execution_txs_field	2026-09-05T01:44:05.101456537Z	245	08d472..c06948		0		INFO [09-05|01:44:05.100] Imported new potential chain segment     number=45 hash=08d472..c06948 blocks=1 txs=0 mgas=0.000 elapsed=1.174ms     mgasps=0.000 triediffs=223.24KiB triedirty=0.00B
201	execution.log	execution_txs_field	2026-09-05T01:44:14.618514958Z	249	da1c1b..7bffb9		0		INFO [09-05|01:44:14.617] Imported new potential chain segment     number=45 hash=da1c1b..7bffb9 blocks=1 txs=0 mgas=0.000 elapsed=1.624ms     mgasps=0.000 triediffs=227.75KiB triedirty=0.00B
201	execution.log	execution_txs_field	2026-09-05T01:44:25.410596767Z	251	b63315..308147		0		INFO [09-05|01:44:25.409] Imported new potential chain segment     number=46 hash=b63315..308147 blocks=1 txs=0 mgas=0.000 elapsed=1.112ms     mgasps=0.000 triediffs=232.02KiB triedirty=0.00B
201	execution.log	execution_txs_field	2026-09-05T01:44:37.257727283Z	253	4ba57f..ac60f8		0		INFO [09-05|01:44:37.257] Imported new potential chain segment     number=47 hash=4ba57f..ac60f8 blocks=1 txs=0 mgas=0.000 elapsed=1.512ms     mgasps=0.000 triediffs=236.47KiB triedirty=0.00B
201	execution.log	execution_txs_field	2026-09-05T01:44:54.508604982Z	255	ee30f8..65d871		0		INFO [09-05|01:44:54.508] Imported new potential chain segment     number=48 hash=ee30f8..65d871 blocks=1 txs=0 mgas=0.000 elapsed=1.385ms     mgasps=0.000 triediffs=240.93KiB triedirty=0.00B
201	execution.log	execution_txs_field	2026-09-05T01:45:04.985496188Z	259	191311..0fc02e		0		INFO [09-05|01:45:04.985] Imported new potential chain segment     number=48 hash=191311..0fc02e blocks=1 txs=0 mgas=0.000 elapsed=3.349ms     mgasps=0.000 triediffs=245.29KiB triedirty=0.00B
201	execution.log	execution_txs_field	2026-09-05T01:45:13.973284002Z	263	a1ee4b..334727		0		INFO [09-05|01:45:13.973] Imported new potential chain segment     number=48 hash=a1ee4b..334727 blocks=1 txs=0 mgas=0.000 elapsed=2.554ms     mgasps=0.000 triediffs=249.47KiB triedirty=0.00B
201	execution.log	execution_txs_field	2026-09-05T01:45:25.422855803Z	265	673f5c..1783c1		0		INFO [09-05|01:45:25.416] Imported new potential chain segment     number=49 hash=673f5c..1783c1 blocks=1 txs=0 mgas=0.000 elapsed=2.869ms     mgasps=0.000 triediffs=253.86KiB triedirty=0.00B
201	execution.log	execution_txs_field	2026-09-05T01:45:40.945032075Z	267	e78411..02dd7f		0		INFO [09-05|01:45:40.944] Imported new potential chain segment     number=50 hash=e78411..02dd7f blocks=1 txs=0 mgas=0.000 elapsed=1.791ms     mgasps=0.000 triediffs=258.35KiB triedirty=0.00B
201	execution.log	execution_txs_field	2026-09-05T01:45:49.558518324Z	271	a41b5c..be6384		0		INFO [09-05|01:45:49.558] Imported new potential chain segment     number=50 hash=a41b5c..be6384 blocks=1 txs=0 mgas=0.000 elapsed=1.661ms     mgasps=0.000 triediffs=262.80KiB triedirty=0.00B
201	execution.log	execution_txs_field	2026-09-05T01:46:01.664596824Z	273	97e5c0..cee620		0		INFO [09-05|01:46:01.663] Imported new potential chain segment     number=51 hash=97e5c0..cee620 blocks=1 txs=0 mgas=0.000 elapsed=6.142ms     mgasps=0.000 triediffs=267.60KiB triedirty=0.00B
201	execution.log	execution_txs_field	2026-09-05T01:46:16.386691582Z	275	935782..2eae13		0		INFO [09-05|01:46:16.386] Imported new potential chain segment     number=52 hash=935782..2eae13 blocks=1 txs=0 mgas=0.000 elapsed=1.409ms     mgasps=0.000 triediffs=271.93KiB triedirty=0.00B
201	execution.log	execution_txs_field	2026-09-05T01:46:26.962270565Z	279	e2bafb..042e8d		0		INFO [09-05|01:46:26.961] Imported new potential chain segment     number=52 hash=e2bafb..042e8d blocks=1 txs=0 mgas=0.000 elapsed=1.098ms     mgasps=0.000 triediffs=276.42KiB triedirty=0.00B
201	execution.log	execution_txs_field	2026-09-05T01:46:37.244150554Z	283	d1c751..5bfd2e		0		INFO [09-05|01:46:37.243] Imported new potential chain segment     number=52 hash=d1c751..5bfd2e blocks=1 txs=0 mgas=0.000 elapsed=6.614ms     mgasps=0.000 triediffs=281.03KiB triedirty=0.00B
201	execution.log	execution_txs_field	2026-09-05T01:46:49.157133930Z	285	86157f..f26538		0		INFO [09-05|01:46:49.156] Imported new potential chain segment     number=53 hash=86157f..f26538 blocks=1 txs=0 mgas=0.000 elapsed=1.477ms     mgasps=0.000 triediffs=285.61KiB triedirty=0.00B
201	execution.log	execution_txs_field	2026-09-05T01:47:01.153173709Z	287	ccff6b..7ebef2		0		INFO [09-05|01:47:01.152] Imported new potential chain segment     number=54 hash=ccff6b..7ebef2 blocks=1 txs=0 mgas=0.000 elapsed=1.492ms     mgasps=0.000 triediffs=290.28KiB triedirty=0.00B
201	execution.log	execution_txs_field	2026-09-05T01:47:13.745131962Z	289	dbe549..2afec8		0		INFO [09-05|01:47:13.744] Imported new potential chain segment     number=55 hash=dbe549..2afec8 blocks=1 txs=0 mgas=0.000 elapsed=1.489ms     mgasps=0.000 triediffs=294.89KiB triedirty=0.00B
201	execution.log	execution_txs_field	2026-09-05T01:47:26.006344376Z	291	b9ed6b..5b1229		0		INFO [09-05|01:47:26.006] Imported new potential chain segment     number=56 hash=b9ed6b..5b1229 blocks=1 txs=0 mgas=0.000 elapsed=1.460ms     mgasps=0.000 triediffs=299.47KiB triedirty=0.00B
201	execution.log	execution_txs_field	2026-09-05T01:47:38.126965283Z	293	e20702..b03843		0		INFO [09-05|01:47:38.125] Imported new potential chain segment     number=57 hash=e20702..b03843 blocks=1 txs=0 mgas=0.000 elapsed=1.438ms     mgasps=0.000 triediffs=303.96KiB triedirty=0.00B
201	execution.log	execution_txs_field	2026-09-05T01:47:49.945522485Z	295	e60f3b..74a28a		0		INFO [09-05|01:47:49.943] Imported new potential chain segment     number=58 hash=e60f3b..74a28a blocks=1 txs=0 mgas=0.000 elapsed=1.636ms     mgasps=0.000 triediffs=308.66KiB triedirty=0.00B
201	execution.log	execution_txs_field	2026-09-05T01:48:01.602566032Z	297	0e467b..0f480b		0		INFO [09-05|01:48:01.602] Imported new potential chain segment     number=59 hash=0e467b..0f480b blocks=1 txs=0 mgas=0.000 elapsed=1.578ms     mgasps=0.000 triediffs=313.03KiB triedirty=0.00B
201	execution.log	execution_txs_field	2026-09-05T01:48:13.216564179Z	299	7bc9a7..9ef738		0		INFO [09-05|01:48:13.216] Imported new potential chain segment     number=60 hash=7bc9a7..9ef738 blocks=1 txs=0 mgas=0.000 elapsed=1.227ms     mgasps=0.000 triediffs=317.63KiB triedirty=0.00B
201	execution.log	execution_txs_field	2026-09-05T01:48:25.634885902Z	301	a2cbbc..08ffc8		0		INFO [09-05|01:48:25.634] Imported new potential chain segment     number=61 hash=a2cbbc..08ffc8 blocks=1 txs=0 mgas=0.000 elapsed=4.864ms     mgasps=0.000 triediffs=322.32KiB triedirty=0.00B
201	execution.log	execution_txs_field	2026-09-05T01:48:37.512317578Z	303	dbcf51..c00195		0		INFO [09-05|01:48:37.511] Imported new potential chain segment     number=62 hash=dbcf51..c00195 blocks=1 txs=0 mgas=0.000 elapsed=6.091ms     mgasps=0.000 triediffs=326.72KiB triedirty=0.00B
201	execution.log	execution_txs_field	2026-09-05T01:48:49.216620739Z	305	946a20..24eded		0		INFO [09-05|01:48:49.216] Imported new potential chain segment     number=63 hash=946a20..24eded blocks=1 txs=0 mgas=0.000 elapsed=1.952ms     mgasps=0.000 triediffs=331.80KiB triedirty=0.00B
201	execution.log	execution_txs_field	2026-09-05T01:49:01.339005714Z	307	131a9c..5ab3ec		0		INFO [09-05|01:49:01.338] Imported new potential chain segment     number=64 hash=131a9c..5ab3ec blocks=1 txs=0 mgas=0.000 elapsed=6.733ms     mgasps=0.000 triediffs=336.84KiB triedirty=0.00B
201	execution.log	execution_txs_field	2026-09-05T01:49:14.463557432Z	309	b15e60..8211bb		0		INFO [09-05|01:49:14.462] Imported new potential chain segment     number=65 hash=b15e60..8211bb blocks=1 txs=0 mgas=0.000 elapsed=2.892ms     mgasps=0.000 triediffs=341.40KiB triedirty=0.00B
201	execution.log	execution_txs_field	2026-09-05T01:49:28.299306390Z	311	ff9448..f29f33		0		INFO [09-05|01:49:28.296] Imported new potential chain segment     number=66 hash=ff9448..f29f33 blocks=1 txs=0 mgas=0.000 elapsed=1.478ms     mgasps=0.000 triediffs=346.28KiB triedirty=0.00B
201	execution.log	execution_txs_field	2026-09-05T01:49:38.028029227Z	315	db3c8e..6f96bc		0		INFO [09-05|01:49:38.027] Imported new potential chain segment     number=66 hash=db3c8e..6f96bc blocks=1 txs=0 mgas=0.000 elapsed=1.535ms     mgasps=0.000 triediffs=350.83KiB triedirty=0.00B
201	execution.log	execution_txs_field	2026-09-05T01:49:49.360914717Z	317	18ed4b..e5ed48		0		INFO [09-05|01:49:49.360] Imported new potential chain segment     number=67 hash=18ed4b..e5ed48 blocks=1 txs=0 mgas=0.000 elapsed=2.425ms     mgasps=0.000 triediffs=355.65KiB triedirty=0.00B
201	execution.log	execution_txs_field	2026-09-05T01:50:04.549400288Z	319	960c16..318018		0		INFO [09-05|01:50:04.549] Imported new potential chain segment     number=68 hash=960c16..318018 blocks=1 txs=0 mgas=0.000 elapsed=1.779ms     mgasps=0.000 triediffs=360.20KiB triedirty=0.00B
201	execution.log	execution_txs_field	2026-09-05T01:50:17.251210078Z	323	bf5ffd..88a9b4		0		INFO [09-05|01:50:17.250] Imported new potential chain segment     number=68 hash=bf5ffd..88a9b4 blocks=1 txs=0 mgas=0.000 elapsed=1.539ms     mgasps=0.000 triediffs=364.84KiB triedirty=0.00B
201	execution.log	execution_txs_field	2026-09-05T01:50:25.550623148Z	327	fbd155..aed3c2		0		INFO [09-05|01:50:25.550] Imported new potential chain segment     number=68 hash=fbd155..aed3c2 blocks=1 txs=0 mgas=0.000 elapsed=1.433ms     mgasps=0.000 triediffs=369.36KiB triedirty=0.00B
201	execution.log	execution_txs_field	2026-09-05T01:50:37.316618985Z	329	5af476..472169		0		INFO [09-05|01:50:37.315] Imported new potential chain segment     number=69 hash=5af476..472169 blocks=1 txs=0 mgas=0.000 elapsed=3.418ms     mgasps=0.000 triediffs=373.72KiB triedirty=0.00B
201	execution.log	execution_txs_field	2026-09-05T01:50:49.331524071Z	331	2ccbd5..74e10b		0		INFO [09-05|01:50:49.331] Imported new potential chain segment     number=70 hash=2ccbd5..74e10b blocks=1 txs=0 mgas=0.000 elapsed=2.943ms     mgasps=0.000 triediffs=378.46KiB triedirty=0.00B
201	execution.log	execution_txs_field	2026-09-05T01:51:04.060464549Z	333	dd3658..345fd9		0		INFO [09-05|01:51:04.060] Imported new potential chain segment     number=71 hash=dd3658..345fd9 blocks=1 txs=0 mgas=0.000 elapsed=1.623ms     mgasps=0.000 triediffs=383.13KiB triedirty=0.00B
201	execution.log	execution_txs_field	2026-09-05T01:51:13.300594961Z	337	323361..eea910		0		INFO [09-05|01:51:13.294] Imported new potential chain segment     number=71 hash=323361..eea910 blocks=1 txs=0 mgas=0.000 elapsed=2.113ms     mgasps=0.000 triediffs=387.32KiB triedirty=0.00B
201	execution.log	execution_txs_field	2026-09-05T01:51:25.687338953Z	339	931683..18733c		0		INFO [09-05|01:51:25.686] Imported new potential chain segment     number=72 hash=931683..18733c blocks=1 txs=0 mgas=0.000 elapsed=1.919ms     mgasps=0.000 triediffs=392.21KiB triedirty=0.00B
201	execution.log	execution_txs_field	2026-09-05T01:51:37.806686531Z	341	e7eb34..389c72		0		INFO [09-05|01:51:37.805] Imported new potential chain segment     number=73 hash=e7eb34..389c72 blocks=1 txs=0 mgas=0.000 elapsed=3.325ms     mgasps=0.000 triediffs=396.95KiB triedirty=0.00B
201	execution.log	execution_txs_field	2026-09-05T01:51:49.744749911Z	343	460535..2d9832		0		INFO [09-05|01:51:49.743] Imported new potential chain segment     number=74 hash=460535..2d9832 blocks=1 txs=0 mgas=0.000 elapsed=2.551ms     mgasps=0.000 triediffs=402.11KiB triedirty=0.00B
201	execution.log	execution_txs_field	2026-09-05T01:52:03.847783140Z	345	3d8b75..118040		0		INFO [09-05|01:52:03.847] Imported new potential chain segment     number=75 hash=3d8b75..118040 blocks=1 txs=0 mgas=0.000 elapsed=1.654ms     mgasps=0.000 triediffs=406.67KiB triedirty=0.00B
201	execution.log	execution_txs_field	2026-09-05T01:52:13.583730172Z	349	e2a896..c21a3b		0		INFO [09-05|01:52:13.583] Imported new potential chain segment     number=75 hash=e2a896..c21a3b blocks=1 txs=0 mgas=0.000 elapsed=3.380ms     mgasps=0.000 triediffs=411.41KiB triedirty=0.00B
201	execution.log	execution_txs_field	2026-09-05T01:52:25.772751938Z	351	52841d..f6cee3		0		INFO [09-05|01:52:25.772] Imported new potential chain segment     number=76 hash=52841d..f6cee3 blocks=1 txs=0 mgas=0.000 elapsed=1.519ms     mgasps=0.000 triediffs=415.86KiB triedirty=0.00B
201	execution.log	execution_txs_field	2026-09-05T01:52:40.213200797Z	353	d7945a..40c8b0		0		INFO [09-05|01:52:40.212] Imported new potential chain segment     number=77 hash=d7945a..40c8b0 blocks=1 txs=0 mgas=0.000 elapsed=1.679ms     mgasps=0.000 triediffs=420.72KiB triedirty=0.00B
201	execution.log	execution_txs_field	2026-09-05T01:52:50.442557777Z	357	6f602f..2b845a		0		INFO [09-05|01:52:50.441] Imported new potential chain segment     number=77 hash=6f602f..2b845a blocks=1 txs=0 mgas=0.000 elapsed=1.739ms     mgasps=0.000 triediffs=425.34KiB triedirty=0.00B
201	execution.log	execution_txs_field	2026-09-05T01:53:01.583302657Z	359	5c42bd..ba2fd8		0		INFO [09-05|01:53:01.582] Imported new potential chain segment     number=78 hash=5c42bd..ba2fd8 blocks=1 txs=0 mgas=0.000 elapsed=1.686ms     mgasps=0.000 triediffs=430.04KiB triedirty=0.00B
201	execution.log	execution_txs_field	2026-09-05T01:53:14.811647798Z	361	1c9360..c70589		0		INFO [09-05|01:53:14.809] Imported new potential chain segment     number=79 hash=1c9360..c70589 blocks=1 txs=0 mgas=0.000 elapsed=2.011ms     mgasps=0.000 triediffs=434.92KiB triedirty=0.00B
201	execution.log	execution_txs_field	2026-09-05T01:53:26.443322361Z	363	0227c0..5718a6		0		INFO [09-05|01:53:26.442] Imported new potential chain segment     number=80 hash=0227c0..5718a6 blocks=1 txs=0 mgas=0.000 elapsed=1.035ms     mgasps=0.000 triediffs=439.88KiB triedirty=0.00B
201	execution.log	execution_txs_field	2026-09-05T01:53:39.296898705Z	365	c9aba8..9e7eac		0		INFO [09-05|01:53:39.296] Imported new potential chain segment     number=81 hash=c9aba8..9e7eac blocks=1 txs=0 mgas=0.000 elapsed=11.262ms    mgasps=0.000 triediffs=444.52KiB triedirty=0.00B
201	execution.log	execution_txs_field	2026-09-05T01:53:51.424544102Z	369	5f5a54..c1a931		0		INFO [09-05|01:53:51.424] Imported new potential chain segment     number=81 hash=5f5a54..c1a931 blocks=1 txs=0 mgas=0.000 elapsed=1.797ms     mgasps=0.000 triediffs=449.62KiB triedirty=0.00B
201	execution.log	execution_txs_field	2026-09-05T01:54:02.000931142Z	373	3eae0c..fbe66f		0		INFO [09-05|01:54:01.999] Imported new potential chain segment     number=81 hash=3eae0c..fbe66f blocks=1 txs=0 mgas=0.000 elapsed=5.496ms     mgasps=0.000 triediffs=454.47KiB triedirty=0.00B
201	execution.log	execution_txs_field	2026-09-05T01:54:12.840969338Z	375	f9453c..b77e12		0		INFO [09-05|01:54:12.840] Imported new potential chain segment     number=82 hash=f9453c..b77e12 blocks=1 txs=0 mgas=0.000 elapsed=1.486ms     mgasps=0.000 triediffs=459.08KiB triedirty=0.00B
201	execution.log	execution_txs_field	2026-09-05T01:54:26.285453124Z	377	4f7379..614599		0		INFO [09-05|01:54:26.285] Imported new potential chain segment     number=83 hash=4f7379..614599 blocks=1 txs=0 mgas=0.000 elapsed=2.337ms     mgasps=0.000 triediffs=463.91KiB triedirty=0.00B
201	execution.log	execution_txs_field	2026-09-05T01:54:37.451890845Z	379	df1658..07b6ae		0		INFO [09-05|01:54:37.450] Imported new potential chain segment     number=76 hash=df1658..07b6ae blocks=1 txs=0 mgas=0.000 elapsed=1.458ms     mgasps=0.000 triediffs=468.82KiB triedirty=0.00B
201	execution.log	execution_txs_field	2026-09-05T01:54:49.482972423Z	380	522ef9..69614c		0		INFO [09-05|01:54:49.482] Imported new potential chain segment     number=84 hash=522ef9..69614c blocks=1 txs=0 mgas=0.000 elapsed=1.580ms     mgasps=0.000 triediffs=473.46KiB triedirty=0.00B
201	execution.log	execution_txs_field	2026-09-05T01:55:00.999432365Z	382	cb8824..7e85b0		0		INFO [09-05|01:55:00.998] Imported new potential chain segment     number=85 hash=cb8824..7e85b0 blocks=1 txs=0 mgas=0.000 elapsed=1.771ms     mgasps=0.000 triediffs=477.89KiB triedirty=0.00B
201	execution.log	execution_txs_field	2026-09-05T01:55:15.447156535Z	384	a22766..857829		0		INFO [09-05|01:55:15.446] Imported new potential chain segment     number=86 hash=a22766..857829 blocks=1 txs=0 mgas=0.000 elapsed=1.548ms     mgasps=0.000 triediffs=482.53KiB triedirty=0.00B
201	execution.log	execution_txs_field	2026-09-05T01:55:25.517004607Z	388	a87335..aaa8db		0		INFO [09-05|01:55:25.514] Imported new potential chain segment     number=86 hash=a87335..aaa8db blocks=1 txs=0 mgas=0.000 elapsed=2.775ms     mgasps=0.000 triediffs=487.30KiB triedirty=0.00B
201	execution.log	execution_txs_field	2026-09-05T01:55:37.318837780Z	390	f02f6d..9213e7		0		INFO [09-05|01:55:37.318] Imported new potential chain segment     number=87 hash=f02f6d..9213e7 blocks=1 txs=0 mgas=0.000 elapsed=1.912ms     mgasps=0.000 triediffs=492.08KiB triedirty=0.00B
201	execution.log	execution_txs_field	2026-09-05T01:56:45.044444501Z	394	32d151..afcdb0		0		INFO [09-05|01:56:45.044] Imported new potential chain segment     number=81 hash=32d151..afcdb0 blocks=1 txs=0 mgas=0.000 elapsed=1.402ms     mgasps=0.000 triediffs=496.91KiB triedirty=0.00B
201	execution.log	execution_txs_field	2026-09-05T01:59:55.782249643Z	396	318bd8..154b97		0		INFO [09-05|01:59:55.782] Imported new potential chain segment     number=81 hash=318bd8..154b97 blocks=1 txs=0 mgas=0.000 elapsed=1.691ms     mgasps=0.000 triediffs=501.99KiB triedirty=0.00B
201	execution.log	execution_txs_field	2026-09-05T02:03:31.673091098Z	398	bb8c15..2fe9c8		0		INFO [09-05|02:03:31.672] Imported new potential chain segment     number=81 hash=bb8c15..2fe9c8 blocks=1 txs=0 mgas=0.000 elapsed=1.339ms     mgasps=0.000 age=1m43s triediffs=506.82KiB triedirty=0.00B
201	execution.log	execution_txs_field	2026-09-05T02:03:33.831958071Z	399	e095e4..37df18		0		INFO [09-05|02:03:33.831] Imported new potential chain segment     number=77 hash=e095e4..37df18 blocks=1 txs=0 mgas=0.000 elapsed=2.034ms     mgasps=0.000 triediffs=511.50KiB triedirty=0.00B
201	beacon.log	payload_envelope	2026-09-05T01:33:01.910967324Z	28129	0x6856419067eae1ba1bd63c1f519dcff0c921b3363a5f202ea5f69c6ef429df41	15	0	0	[2026-09-05 01:33:01.89]  INFO blockchain: Payload envelope arrivedMs=1884 blobCount=0 blockRoot=0x6856419067eae1ba1bd63c1f519dcff0c921b3363a5f202ea5f69c6ef429df41 builderIndex=18446744073709551615 gasUsed=0 payloadBytes=853 slot=15 txCount=0
201	beacon.log	payload_envelope	2026-09-05T01:33:18.802808352Z	36500	0x4b07a2a4ef496b99e14601673b47caf145ce8834b57e2f365cb40c71b03e9857	16	0	0	[2026-09-05 01:33:18.79]  INFO blockchain: Payload envelope arrivedMs=6789 blobCount=0 blockRoot=0x4b07a2a4ef496b99e14601673b47caf145ce8834b57e2f365cb40c71b03e9857 builderIndex=18446744073709551615 gasUsed=0 payloadBytes=853 slot=16 txCount=0
201	beacon.log	payload_envelope	2026-09-05T01:33:26.902548495Z	40596	0x73aa6168fc7236fe9e1236011240c41d4956e571319d2cb4dc0e90676f5ed646	17	0	0	[2026-09-05 01:33:26.89]  INFO blockchain: Payload envelope arrivedMs=2881 blobCount=0 blockRoot=0x73aa6168fc7236fe9e1236011240c41d4956e571319d2cb4dc0e90676f5ed646 builderIndex=18446744073709551615 gasUsed=0 payloadBytes=838 slot=17 txCount=0
201	beacon.log	payload_envelope	2026-09-05T01:33:46.996057986Z	49492	0xd91ad8c6ede9322587c895c4d6d8122845a8339a69e8d795c87a9a443595365c	18	0	0	[2026-09-05 01:33:46.99]  INFO blockchain: Payload envelope arrivedMs=10983 blobCount=0 blockRoot=0xd91ad8c6ede9322587c895c4d6d8122845a8339a69e8d795c87a9a443595365c builderIndex=18446744073709551615 gasUsed=0 payloadBytes=838 slot=18 txCount=0
201	beacon.log	payload_envelope	2026-09-05T01:34:06.435797187Z	60297	0x8c623e1e437606a1b75307469b9f95ab4ac707c0d60727bb754842a8a04afb4c	20	0	0	[2026-09-05 01:34:06.43]  INFO blockchain: Payload envelope arrivedMs=6424 blobCount=0 blockRoot=0x8c623e1e437606a1b75307469b9f95ab4ac707c0d60727bb754842a8a04afb4c builderIndex=18446744073709551615 gasUsed=0 payloadBytes=838 slot=20 txCount=0
201	beacon.log	payload_envelope	2026-09-05T01:34:13.535337212Z	64429	0x6d950d16472c6ac6dbc0ec913b4c3ccfbd57955e687692ca59ac12bde7dbb419	21	0	0	[2026-09-05 01:34:13.53]  INFO blockchain: Payload envelope arrivedMs=1450 blobCount=0 blockRoot=0x6d950d16472c6ac6dbc0ec913b4c3ccfbd57955e687692ca59ac12bde7dbb419 builderIndex=18446744073709551615 gasUsed=0 payloadBytes=838 slot=21 txCount=0
201	beacon.log	payload_envelope	2026-09-05T01:34:25.256004084Z	71029	0xd30e21e5caff469131b6f219258ba4c1eee5bf52993190f9ac6d13b1580553ec	22	0	0	[2026-09-05 01:34:25.25]  INFO blockchain: Payload envelope arrivedMs=1240 blobCount=0 blockRoot=0xd30e21e5caff469131b6f219258ba4c1eee5bf52993190f9ac6d13b1580553ec builderIndex=18446744073709551615 gasUsed=0 payloadBytes=838 slot=22 txCount=0
201	beacon.log	payload_envelope	2026-09-05T01:34:37.406757035Z	77298	0x8905c800caeb676032d12191db928c3d9c47fcb2792e83fdfba1e59617112993	23	0	0	[2026-09-05 01:34:37.40]  INFO blockchain: Payload envelope arrivedMs=1367 blobCount=0 blockRoot=0x8905c800caeb676032d12191db928c3d9c47fcb2792e83fdfba1e59617112993 builderIndex=18446744073709551615 gasUsed=0 payloadBytes=838 slot=23 txCount=0
201	beacon.log	payload_envelope	2026-09-05T01:34:49.149062396Z	82258	0x63ded1dea4d10a23127b6ab613cc921e250d319c5fc57e85846b28c4682735b6	24	0	0	[2026-09-05 01:34:49.14]  INFO blockchain: Payload envelope arrivedMs=1114 blobCount=0 blockRoot=0x63ded1dea4d10a23127b6ab613cc921e250d319c5fc57e85846b28c4682735b6 builderIndex=18446744073709551615 gasUsed=0 payloadBytes=838 slot=24 txCount=0
201	beacon.log	payload_envelope	2026-09-05T01:35:02.719024771Z	91093	0x936578d5a63354b949159d4c4100bb97ddf380e1fe5c4edb2bc087d2a4a171c0	25	0	0	[2026-09-05 01:35:02.71]  INFO blockchain: Payload envelope arrivedMs=2685 blobCount=0 blockRoot=0x936578d5a63354b949159d4c4100bb97ddf380e1fe5c4edb2bc087d2a4a171c0 builderIndex=18446744073709551615 gasUsed=0 payloadBytes=838 slot=25 txCount=0
201	beacon.log	payload_envelope	2026-09-05T01:35:13.543417617Z	96035	0xaafdddeee471f3873084ee40fe5910f0ec39ebc5004702beb8a8bf4e7789ebbf	26	0	0	[2026-09-05 01:35:13.54]  INFO blockchain: Payload envelope arrivedMs=1529 blobCount=0 blockRoot=0xaafdddeee471f3873084ee40fe5910f0ec39ebc5004702beb8a8bf4e7789ebbf builderIndex=18446744073709551615 gasUsed=0 payloadBytes=838 slot=26 txCount=0
201	beacon.log	payload_envelope	2026-09-05T01:35:25.006472751Z	100517	0x150aba8a7c07ad6e2e42802ffcf0d8882649398e01adbed9b7952a413bc1d707	27	0	0	[2026-09-05 01:35:25.00]  INFO blockchain: Payload envelope arrivedMs=978 blobCount=0 blockRoot=0x150aba8a7c07ad6e2e42802ffcf0d8882649398e01adbed9b7952a413bc1d707 builderIndex=18446744073709551615 gasUsed=0 payloadBytes=838 slot=27 txCount=0
201	beacon.log	payload_envelope	2026-09-05T01:35:37.584907519Z	108341	0x68e13ddc2083f108a231b598324db60e4aee78d482e9eabdb35184725116d943	28	0	0	[2026-09-05 01:35:37.58]  INFO blockchain: Payload envelope arrivedMs=1568 blobCount=0 blockRoot=0x68e13ddc2083f108a231b598324db60e4aee78d482e9eabdb35184725116d943 builderIndex=18446744073709551615 gasUsed=0 payloadBytes=838 slot=28 txCount=0
201	beacon.log	payload_envelope	2026-09-05T01:35:49.336976031Z	113170	0x54501df3caace17ae717777b71f0726bc26aa5f8bff4a22b6849b7b3ff799438	29	0	0	[2026-09-05 01:35:49.33]  INFO blockchain: Payload envelope arrivedMs=1310 blobCount=0 blockRoot=0x54501df3caace17ae717777b71f0726bc26aa5f8bff4a22b6849b7b3ff799438 builderIndex=18446744073709551615 gasUsed=0 payloadBytes=838 slot=29 txCount=0
201	beacon.log	payload_envelope	2026-09-05T01:36:01.687400038Z	119975	0xb1525c7da628a8cb29178ccc5bc66d0741712dfc8addc0ea54ce7a2e61bc43f5	30	0	0	[2026-09-05 01:36:01.68]  INFO blockchain: Payload envelope arrivedMs=1647 blobCount=0 blockRoot=0xb1525c7da628a8cb29178ccc5bc66d0741712dfc8addc0ea54ce7a2e61bc43f5 builderIndex=18446744073709551615 gasUsed=0 payloadBytes=838 slot=30 txCount=0
201	beacon.log	payload_envelope	2026-09-05T01:36:13.689660107Z	126243	0xacbef2d5203a28ad560623f1f5f890555ec8bcccddb91519ccccd2a0327b329f	31	0	0	[2026-09-05 01:36:13.68]  INFO blockchain: Payload envelope arrivedMs=1594 blobCount=0 blockRoot=0xacbef2d5203a28ad560623f1f5f890555ec8bcccddb91519ccccd2a0327b329f builderIndex=18446744073709551615 gasUsed=0 payloadBytes=838 slot=31 txCount=0
201	beacon.log	payload_envelope	2026-09-05T01:36:26.157564550Z	133118	0x997f9537f08a8ec7ef736be49a8c49fb397a7e91c12e31136279ad630bf8b51b	32	0	0	[2026-09-05 01:36:26.15]  INFO blockchain: Payload envelope arrivedMs=2144 blobCount=0 blockRoot=0x997f9537f08a8ec7ef736be49a8c49fb397a7e91c12e31136279ad630bf8b51b builderIndex=18446744073709551615 gasUsed=0 payloadBytes=838 slot=32 txCount=0
201	beacon.log	payload_envelope	2026-09-05T01:36:39.852710315Z	139778	0x5716f7de9700d799de5a9c797632417604467d0272805bf688120ae61125b65b	33	0	0	[2026-09-05 01:36:39.85]  INFO blockchain: Payload envelope arrivedMs=3840 blobCount=0 blockRoot=0x5716f7de9700d799de5a9c797632417604467d0272805bf688120ae61125b65b builderIndex=18446744073709551615 gasUsed=0 payloadBytes=838 slot=33 txCount=0
201	beacon.log	payload_envelope	2026-09-05T01:36:52.536447670Z	145825	0x94c7cbff08f9753688fbf7536f878a175f211fbdbba59fa533a96744070c82c4	34	0	0	[2026-09-05 01:36:52.53]  INFO blockchain: Payload envelope arrivedMs=4522 blobCount=0 blockRoot=0x94c7cbff08f9753688fbf7536f878a175f211fbdbba59fa533a96744070c82c4 builderIndex=18446744073709551615 gasUsed=0 payloadBytes=838 slot=34 txCount=0
201	beacon.log	payload_envelope	2026-09-05T01:37:02.169787108Z	151421	0x0fd5b54bd6d71b7fa1a1b93d225825be30af886f339146bb1404e1df87fd0e35	35	0	0	[2026-09-05 01:37:02.16]  INFO blockchain: Payload envelope arrivedMs=2158 blobCount=0 blockRoot=0x0fd5b54bd6d71b7fa1a1b93d225825be30af886f339146bb1404e1df87fd0e35 builderIndex=18446744073709551615 gasUsed=0 payloadBytes=838 slot=35 txCount=0
201	beacon.log	payload_envelope	2026-09-05T01:37:13.687646007Z	157108	0x57a187b18fa37276a00a620fa5982886a94dd5e668b0bfc7f10fd7ce4ad272e9	36	0	0	[2026-09-05 01:37:13.68]  INFO blockchain: Payload envelope arrivedMs=1668 blobCount=0 blockRoot=0x57a187b18fa37276a00a620fa5982886a94dd5e668b0bfc7f10fd7ce4ad272e9 builderIndex=18446744073709551615 gasUsed=0 payloadBytes=838 slot=36 txCount=0
201	beacon.log	payload_envelope	2026-09-05T01:37:26.437846575Z	163564	0x95aac8bf760602860fc7b58a554cb5bdc86990a0d523ae3ec7f1eea190b15928	37	0	0	[2026-09-05 01:37:26.43]  INFO blockchain: Payload envelope arrivedMs=2423 blobCount=0 blockRoot=0x95aac8bf760602860fc7b58a554cb5bdc86990a0d523ae3ec7f1eea190b15928 builderIndex=18446744073709551615 gasUsed=0 payloadBytes=838 slot=37 txCount=0
201	beacon.log	payload_envelope	2026-09-05T01:37:37.805297058Z	168966	0xa84b6b17513a472736f99b053f3da8d139cbd7e8b07a5563e388143050b6c048	38	0	0	[2026-09-05 01:37:37.80]  INFO blockchain: Payload envelope arrivedMs=1761 blobCount=0 blockRoot=0xa84b6b17513a472736f99b053f3da8d139cbd7e8b07a5563e388143050b6c048 builderIndex=18446744073709551615 gasUsed=0 payloadBytes=838 slot=38 txCount=0
201	beacon.log	payload_envelope	2026-09-05T01:37:51.416907762Z	176354	0x90904ce7c5f001acd4247af743c069943947e703cb48bdddfa6ae653f2f53e96	39	0	0	[2026-09-05 01:37:51.41]  INFO blockchain: Payload envelope arrivedMs=3404 blobCount=0 blockRoot=0x90904ce7c5f001acd4247af743c069943947e703cb48bdddfa6ae653f2f53e96 builderIndex=18446744073709551615 gasUsed=0 payloadBytes=838 slot=39 txCount=0
201	beacon.log	payload_envelope	2026-09-05T01:38:02.012404331Z	182076	0xaa9aee7647fc73903ae1b4b5dd23d61e413c1bd202822128de37bc7072cae187	40	0	0	[2026-09-05 01:38:02.01]  INFO blockchain: Payload envelope arrivedMs=1981 blobCount=0 blockRoot=0xaa9aee7647fc73903ae1b4b5dd23d61e413c1bd202822128de37bc7072cae187 builderIndex=18446744073709551615 gasUsed=0 payloadBytes=838 slot=40 txCount=0
201	beacon.log	payload_envelope	2026-09-05T01:38:13.667132277Z	187679	0xe0aa8bece2b6855b0da2c8947bec576bf28b0b4df9e54ddb9780c000baf63c34	41	0	0	[2026-09-05 01:38:13.66]  INFO blockchain: Payload envelope arrivedMs=1633 blobCount=0 blockRoot=0xe0aa8bece2b6855b0da2c8947bec576bf28b0b4df9e54ddb9780c000baf63c34 builderIndex=18446744073709551615 gasUsed=0 payloadBytes=838 slot=41 txCount=0
201	beacon.log	payload_envelope	2026-09-05T01:38:25.791012021Z	194366	0x708bb9684e17be1d813aa52f02b73dc2a1f530f877f396af03a4a2e8ed50e12f	42	0	0	[2026-09-05 01:38:25.79]  INFO blockchain: Payload envelope arrivedMs=1781 blobCount=0 blockRoot=0x708bb9684e17be1d813aa52f02b73dc2a1f530f877f396af03a4a2e8ed50e12f builderIndex=18446744073709551615 gasUsed=0 payloadBytes=838 slot=42 txCount=0
201	beacon.log	payload_envelope	2026-09-05T01:38:37.888403646Z	200141	0x95a07846790bfb3facf72cc8f0d8b231dd9555eeb7f2c8e05596bda5f1fcbc58	43	0	0	[2026-09-05 01:38:37.88]  INFO blockchain: Payload envelope arrivedMs=1875 blobCount=0 blockRoot=0x95a07846790bfb3facf72cc8f0d8b231dd9555eeb7f2c8e05596bda5f1fcbc58 builderIndex=18446744073709551615 gasUsed=0 payloadBytes=838 slot=43 txCount=0
201	beacon.log	payload_envelope	2026-09-05T01:38:50.100497082Z	207209	0xfe60c97b1d25873d10b3dad4d7b986033d2f429fa88e70dc7b9581e7be29208f	44	0	0	[2026-09-05 01:38:50.09]  INFO blockchain: Payload envelope arrivedMs=2090 blobCount=0 blockRoot=0xfe60c97b1d25873d10b3dad4d7b986033d2f429fa88e70dc7b9581e7be29208f builderIndex=18446744073709551615 gasUsed=0 payloadBytes=838 slot=44 txCount=0
201	beacon.log	payload_envelope	2026-09-05T01:39:03.846190120Z	213262	0xdaeaa8f28a8b6fa56d4f70159675c3308b23072d8eefbb61a518b16f66a6a88a	45	0	0	[2026-09-05 01:39:03.84]  INFO blockchain: Payload envelope arrivedMs=3830 blobCount=0 blockRoot=0xdaeaa8f28a8b6fa56d4f70159675c3308b23072d8eefbb61a518b16f66a6a88a builderIndex=18446744073709551615 gasUsed=0 payloadBytes=838 slot=45 txCount=0
201	beacon.log	payload_envelope	2026-09-05T01:39:15.215243001Z	219367	0x031dbae215ad7b0f8d4211a3cff910f0142f4bd27fe7f46775007df899d45dc4	46	0	0	[2026-09-05 01:39:15.21]  INFO blockchain: Payload envelope arrivedMs=3203 blobCount=0 blockRoot=0x031dbae215ad7b0f8d4211a3cff910f0142f4bd27fe7f46775007df899d45dc4 builderIndex=18446744073709551615 gasUsed=0 payloadBytes=838 slot=46 txCount=0
201	beacon.log	payload_envelope	2026-09-05T01:39:25.403763319Z	223930	0x98466e96fd71f59dc35606a8a106f4246370ce20cfafcdf5f2285916bb3bf631	47	0	0	[2026-09-05 01:39:25.40]  INFO blockchain: Payload envelope arrivedMs=1383 blobCount=0 blockRoot=0x98466e96fd71f59dc35606a8a106f4246370ce20cfafcdf5f2285916bb3bf631 builderIndex=18446744073709551615 gasUsed=0 payloadBytes=838 slot=47 txCount=0
201	beacon.log	payload_envelope	2026-09-05T01:39:37.547260319Z	230887	0x0adb64fdd357d6a100be72c5cde01e071b9c7ad98499d22301c2c94b735d4768	48	0	0	[2026-09-05 01:39:37.54]  INFO blockchain: Payload envelope arrivedMs=1527 blobCount=0 blockRoot=0x0adb64fdd357d6a100be72c5cde01e071b9c7ad98499d22301c2c94b735d4768 builderIndex=18446744073709551615 gasUsed=0 payloadBytes=838 slot=48 txCount=0
201	beacon.log	payload_envelope	2026-09-05T01:39:49.588477186Z	236874	0x54428741af71bb3b2d2fcd79877f9061793145d74d064c042c9b1e50e232952e	49	0	0	[2026-09-05 01:39:49.58]  INFO blockchain: Payload envelope arrivedMs=1578 blobCount=0 blockRoot=0x54428741af71bb3b2d2fcd79877f9061793145d74d064c042c9b1e50e232952e builderIndex=18446744073709551615 gasUsed=0 payloadBytes=838 slot=49 txCount=0
201	beacon.log	payload_envelope	2026-09-05T01:40:03.785538925Z	243716	0x0777d67ee35ea3894f0d65152c30ffbe990b5ad102f13c88290cbfe1c6b99b27	50	0	0	[2026-09-05 01:40:03.78]  INFO blockchain: Payload envelope arrivedMs=3773 blobCount=0 blockRoot=0x0777d67ee35ea3894f0d65152c30ffbe990b5ad102f13c88290cbfe1c6b99b27 builderIndex=18446744073709551615 gasUsed=0 payloadBytes=838 slot=50 txCount=0
201	beacon.log	payload_envelope	2026-09-05T01:40:14.233933949Z	248824	0x87367018ac171eac8da11ef01d6ca055aaac5fed7e448517ed2c00ce2afc843a	51	0	0	[2026-09-05 01:40:14.23]  INFO blockchain: Payload envelope arrivedMs=2201 blobCount=0 blockRoot=0x87367018ac171eac8da11ef01d6ca055aaac5fed7e448517ed2c00ce2afc843a builderIndex=18446744073709551615 gasUsed=0 payloadBytes=838 slot=51 txCount=0
201	beacon.log	payload_envelope	2026-09-05T01:40:25.642708812Z	253524	0x53a4ca7aca1e145fcaaa539dd2ee1d22a2ebfe3bb05b0356d4ffd706b90dbe95	52	0	0	[2026-09-05 01:40:25.63]  INFO blockchain: Payload envelope arrivedMs=1591 blobCount=0 blockRoot=0x53a4ca7aca1e145fcaaa539dd2ee1d22a2ebfe3bb05b0356d4ffd706b90dbe95 builderIndex=18446744073709551615 gasUsed=0 payloadBytes=838 slot=52 txCount=0
201	beacon.log	payload_envelope	2026-09-05T01:40:37.986109705Z	261426	0xfe4d916cae7358428d456093a49b03d06a9e7ea23fddd55f42410ff3f6ec3c93	53	0	0	[2026-09-05 01:40:37.98]  INFO blockchain: Payload envelope arrivedMs=1966 blobCount=0 blockRoot=0xfe4d916cae7358428d456093a49b03d06a9e7ea23fddd55f42410ff3f6ec3c93 builderIndex=18446744073709551615 gasUsed=0 payloadBytes=838 slot=53 txCount=0
201	beacon.log	payload_envelope	2026-09-05T01:40:49.580536612Z	266901	0x1e9777218f0f8e45f1c23095f96677bd501999d7da6061244a121029815f4d0d	54	0	0	[2026-09-05 01:40:49.58]  INFO blockchain: Payload envelope arrivedMs=1532 blobCount=0 blockRoot=0x1e9777218f0f8e45f1c23095f96677bd501999d7da6061244a121029815f4d0d builderIndex=18446744073709551615 gasUsed=0 payloadBytes=838 slot=54 txCount=0
201	beacon.log	payload_envelope	2026-09-05T01:41:02.815359736Z	273672	0x202232f4edcae4def3403c044cb8fa93846ec8afa3c3cdc037e58bd70e23b060	55	0	0	[2026-09-05 01:41:02.81]  INFO blockchain: Payload envelope arrivedMs=2805 blobCount=0 blockRoot=0x202232f4edcae4def3403c044cb8fa93846ec8afa3c3cdc037e58bd70e23b060 builderIndex=18446744073709551615 gasUsed=0 payloadBytes=838 slot=55 txCount=0
201	beacon.log	payload_envelope	2026-09-05T01:41:13.803611146Z	278874	0x08a3a5ea44e72baaa81531a869debfc8f5b423190ae40f6d862788de1992f338	56	0	0	[2026-09-05 01:41:13.80]  INFO blockchain: Payload envelope arrivedMs=1765 blobCount=0 blockRoot=0x08a3a5ea44e72baaa81531a869debfc8f5b423190ae40f6d862788de1992f338 builderIndex=18446744073709551615 gasUsed=0 payloadBytes=838 slot=56 txCount=0
201	beacon.log	payload_envelope	2026-09-05T01:41:26.028413191Z	285972	0x28289a8f5e4bd49ce8735eaf964fe00b17d1ad61f7744ae6eca1abef3b915e10	57	0	0	[2026-09-05 01:41:26.02]  INFO blockchain: Payload envelope arrivedMs=2014 blobCount=0 blockRoot=0x28289a8f5e4bd49ce8735eaf964fe00b17d1ad61f7744ae6eca1abef3b915e10 builderIndex=18446744073709551615 gasUsed=0 payloadBytes=838 slot=57 txCount=0
201	beacon.log	payload_envelope	2026-09-05T01:41:37.575253348Z	290458	0xd7c2c6a72d4ab701eced025f71d9e7d6a5eae17bd1802c01686fa5d0d25b5e02	58	0	0	[2026-09-05 01:41:37.57]  INFO blockchain: Payload envelope arrivedMs=1557 blobCount=0 blockRoot=0xd7c2c6a72d4ab701eced025f71d9e7d6a5eae17bd1802c01686fa5d0d25b5e02 builderIndex=18446744073709551615 gasUsed=0 payloadBytes=838 slot=58 txCount=0
201	beacon.log	payload_envelope	2026-09-05T01:41:50.712340991Z	298206	0x205a49382c082b01e876835cf0aebada208046f377992f531eb77969e10908ea	59	0	0	[2026-09-05 01:41:50.71]  INFO blockchain: Payload envelope arrivedMs=2698 blobCount=0 blockRoot=0x205a49382c082b01e876835cf0aebada208046f377992f531eb77969e10908ea builderIndex=18446744073709551615 gasUsed=0 payloadBytes=838 slot=59 txCount=0
201	beacon.log	payload_envelope	2026-09-05T01:42:02.077124293Z	303666	0x50f5093ae3deca4224d96fb575cd0225bbe8351be878370e9ca4d3b5f42d0c87	60	0	0	[2026-09-05 01:42:02.07]  INFO blockchain: Payload envelope arrivedMs=2026 blobCount=0 blockRoot=0x50f5093ae3deca4224d96fb575cd0225bbe8351be878370e9ca4d3b5f42d0c87 builderIndex=18446744073709551615 gasUsed=0 payloadBytes=838 slot=60 txCount=0
201	beacon.log	payload_envelope	2026-09-05T01:42:15.223463305Z	310603	0x8eaca2d764b1dcf261cf144aaac2494896f6d402c6da1567c72de00bac08a106	61	0	0	[2026-09-05 01:42:15.21]  INFO blockchain: Payload envelope arrivedMs=3203 blobCount=0 blockRoot=0x8eaca2d764b1dcf261cf144aaac2494896f6d402c6da1567c72de00bac08a106 builderIndex=18446744073709551615 gasUsed=0 payloadBytes=838 slot=61 txCount=0
201	beacon.log	payload_envelope	2026-09-05T01:42:26.991298699Z	316552	0x501b6adf3fad1cc679729a985cc1d3fcb2792e40cc1781686804403aaae66854	62	0	0	[2026-09-05 01:42:26.98]  INFO blockchain: Payload envelope arrivedMs=2956 blobCount=0 blockRoot=0x501b6adf3fad1cc679729a985cc1d3fcb2792e40cc1781686804403aaae66854 builderIndex=18446744073709551615 gasUsed=0 payloadBytes=838 slot=62 txCount=0
201	beacon.log	payload_envelope	2026-09-05T01:42:37.660073929Z	321791	0xde60dc9e0a94e4c0334d673e696c091b4363a278331febb32b4b7f66ddc8a2ff	63	0	0	[2026-09-05 01:42:37.65]  INFO blockchain: Payload envelope arrivedMs=1638 blobCount=0 blockRoot=0xde60dc9e0a94e4c0334d673e696c091b4363a278331febb32b4b7f66ddc8a2ff builderIndex=18446744073709551615 gasUsed=0 payloadBytes=838 slot=63 txCount=0
201	beacon.log	payload_envelope	2026-09-05T01:42:50.588986626Z	329186	0x6f4707037e193b2859e47714097e57556529e8bf2657aaf2ef89c0784e02fa40	64	0	0	[2026-09-05 01:42:50.58]  INFO blockchain: Payload envelope arrivedMs=2574 blobCount=0 blockRoot=0x6f4707037e193b2859e47714097e57556529e8bf2657aaf2ef89c0784e02fa40 builderIndex=18446744073709551615 gasUsed=0 payloadBytes=838 slot=64 txCount=0
201	beacon.log	payload_envelope	2026-09-05T01:43:04.053484001Z	335414	0x2dea83a13ad577e6e4c1d2a9bddfcb6d0b5cc178cf90f9c488040fa68a657884	65	0	0	[2026-09-05 01:43:04.05]  INFO blockchain: Payload envelope arrivedMs=4040 blobCount=0 blockRoot=0x2dea83a13ad577e6e4c1d2a9bddfcb6d0b5cc178cf90f9c488040fa68a657884 builderIndex=18446744073709551615 gasUsed=0 payloadBytes=838 slot=65 txCount=0
201	beacon.log	payload_envelope	2026-09-05T01:43:14.237460009Z	339580	0xdd7086fd041a2f9807f41e5aca42928cfa17e32cff09f21ac942e0f68e2e16b4	66	0	0	[2026-09-05 01:43:14.23]  INFO blockchain: Payload envelope arrivedMs=2192 blobCount=0 blockRoot=0xdd7086fd041a2f9807f41e5aca42928cfa17e32cff09f21ac942e0f68e2e16b4 builderIndex=18446744073709551615 gasUsed=0 payloadBytes=838 slot=66 txCount=0
201	beacon.log	payload_envelope	2026-09-05T01:43:25.649185847Z	345781	0x870e50e43b7793efb470bc915cf37b7e70a98d2f03c884b29505c881fd37b0b5	67	0	0	[2026-09-05 01:43:25.64]  INFO blockchain: Payload envelope arrivedMs=1618 blobCount=0 blockRoot=0x870e50e43b7793efb470bc915cf37b7e70a98d2f03c884b29505c881fd37b0b5 builderIndex=18446744073709551615 gasUsed=0 payloadBytes=838 slot=67 txCount=0
201	beacon.log	payload_envelope	2026-09-05T01:43:44.453910328Z	353523	0xbcf13400fa8261ada75b7fdee5aa9360c77427d33676caa6cebebd10375e07a0	68	0	0	[2026-09-05 01:43:44.45]  INFO blockchain: Payload envelope arrivedMs=8441 blobCount=0 blockRoot=0xbcf13400fa8261ada75b7fdee5aa9360c77427d33676caa6cebebd10375e07a0 builderIndex=18446744073709551615 gasUsed=0 payloadBytes=838 slot=68 txCount=0
201	beacon.log	payload_envelope	2026-09-05T01:43:50.147102137Z	358097	0xcf463de934eda0dea542f4dbceaa587867e45ea0cb7b2513e3ee5fde3e858f8f	69	0	0	[2026-09-05 01:43:50.14]  INFO blockchain: Payload envelope arrivedMs=2086 blobCount=0 blockRoot=0xcf463de934eda0dea542f4dbceaa587867e45ea0cb7b2513e3ee5fde3e858f8f builderIndex=18446744073709551615 gasUsed=0 payloadBytes=838 slot=69 txCount=0
201	beacon.log	payload_envelope	2026-09-05T01:44:05.112781892Z	365542	0x061a13a3a48e0a186b4332425c4aaf198345cc9b17b2a3a732a0e310615948ce	70	0	0	[2026-09-05 01:44:05.11]  INFO blockchain: Payload envelope arrivedMs=5095 blobCount=0 blockRoot=0x061a13a3a48e0a186b4332425c4aaf198345cc9b17b2a3a732a0e310615948ce builderIndex=18446744073709551615 gasUsed=0 payloadBytes=838 slot=70 txCount=0
201	beacon.log	payload_envelope	2026-09-05T01:44:14.632120962Z	371612	0x27ed14b32ec0cad8a17de7ad8b640965144aaf31d5ffdf3bdb0737067934bdee	71	0	0	[2026-09-05 01:44:14.63]  INFO blockchain: Payload envelope arrivedMs=2609 blobCount=0 blockRoot=0x27ed14b32ec0cad8a17de7ad8b640965144aaf31d5ffdf3bdb0737067934bdee builderIndex=18446744073709551615 gasUsed=0 payloadBytes=838 slot=71 txCount=0
201	beacon.log	payload_envelope	2026-09-05T01:44:25.440481204Z	376421	0x8b985c2c4f1f12adf02761fdd1d5459afcc9cb2d2b583f1635ac1ccd1eb83734	72	0	0	[2026-09-05 01:44:25.44]  INFO blockchain: Payload envelope arrivedMs=1401 blobCount=0 blockRoot=0x8b985c2c4f1f12adf02761fdd1d5459afcc9cb2d2b583f1635ac1ccd1eb83734 builderIndex=18446744073709551615 gasUsed=0 payloadBytes=838 slot=72 txCount=0
201	beacon.log	payload_envelope	2026-09-05T01:44:37.275480889Z	382405	0xcc2b6cca7b10cd85f06aeaea3ed86011aba0f6a45b7cabf6caecd89b94bf7eb9	73	0	0	[2026-09-05 01:44:37.27]  INFO blockchain: Payload envelope arrivedMs=1250 blobCount=0 blockRoot=0xcc2b6cca7b10cd85f06aeaea3ed86011aba0f6a45b7cabf6caecd89b94bf7eb9 builderIndex=18446744073709551615 gasUsed=0 payloadBytes=838 slot=73 txCount=0
201	beacon.log	payload_envelope	2026-09-05T01:44:54.515292136Z	390349	0x07030f26644df757ba0903baf46dbb2bb32234f5ae78366bbeffeedde9b3ba5e	74	0	0	[2026-09-05 01:44:54.51]  INFO blockchain: Payload envelope arrivedMs=6503 blobCount=0 blockRoot=0x07030f26644df757ba0903baf46dbb2bb32234f5ae78366bbeffeedde9b3ba5e builderIndex=18446744073709551615 gasUsed=0 payloadBytes=838 slot=74 txCount=0
201	beacon.log	payload_envelope	2026-09-05T01:45:04.996587673Z	395961	0x7f4ba2ae660888c8b6d163897b4ec961482374cb373170a29b276224dddbff31	75	0	0	[2026-09-05 01:45:04.99]  INFO blockchain: Payload envelope arrivedMs=4979 blobCount=0 blockRoot=0x7f4ba2ae660888c8b6d163897b4ec961482374cb373170a29b276224dddbff31 builderIndex=18446744073709551615 gasUsed=0 payloadBytes=838 slot=75 txCount=0
201	beacon.log	payload_envelope	2026-09-05T01:45:13.993294094Z	401207	0xbf4c3bff7aa8243f58fdd3c001adf14a4c62d4c71714cebbf41f41e10508d0c0	76	0	0	[2026-09-05 01:45:13.99]  INFO blockchain: Payload envelope arrivedMs=1964 blobCount=0 blockRoot=0xbf4c3bff7aa8243f58fdd3c001adf14a4c62d4c71714cebbf41f41e10508d0c0 builderIndex=18446744073709551615 gasUsed=0 payloadBytes=838 slot=76 txCount=0
201	beacon.log	payload_envelope	2026-09-05T01:45:25.426778125Z	406679	0x9b0e991df5f9b4234b5659ef77253d72072a7eef0a3824cb516e352f8b8f2968	77	0	0	[2026-09-05 01:45:25.42]  INFO blockchain: Payload envelope arrivedMs=1408 blobCount=0 blockRoot=0x9b0e991df5f9b4234b5659ef77253d72072a7eef0a3824cb516e352f8b8f2968 builderIndex=18446744073709551615 gasUsed=0 payloadBytes=838 slot=77 txCount=0
201	beacon.log	payload_envelope	2026-09-05T01:45:40.953862451Z	414624	0x1fcdf7a1179abef01270d268ce3be0b5bd3fdd0858c7f781fbd8d348a2215330	78	0	0	[2026-09-05 01:45:40.95]  INFO blockchain: Payload envelope arrivedMs=4936 blobCount=0 blockRoot=0x1fcdf7a1179abef01270d268ce3be0b5bd3fdd0858c7f781fbd8d348a2215330 builderIndex=18446744073709551615 gasUsed=0 payloadBytes=838 slot=78 txCount=0
201	beacon.log	payload_envelope	2026-09-05T01:45:49.570019961Z	419461	0x6cf77cacb12b2e9565f5e60d85ff44d000dd2651ae42425859ddf8804f69a741	79	0	0	[2026-09-05 01:45:49.56]  INFO blockchain: Payload envelope arrivedMs=1549 blobCount=0 blockRoot=0x6cf77cacb12b2e9565f5e60d85ff44d000dd2651ae42425859ddf8804f69a741 builderIndex=18446744073709551615 gasUsed=0 payloadBytes=838 slot=79 txCount=0
201	beacon.log	payload_envelope	2026-09-05T01:46:01.674223838Z	425622	0xa1dbc64868cd2d9275b6316f2300bb49ab615919ae9269778aaa6cd76154d89d	80	0	0	[2026-09-05 01:46:01.67]  INFO blockchain: Payload envelope arrivedMs=1651 blobCount=0 blockRoot=0xa1dbc64868cd2d9275b6316f2300bb49ab615919ae9269778aaa6cd76154d89d builderIndex=18446744073709551615 gasUsed=0 payloadBytes=838 slot=80 txCount=0
201	beacon.log	payload_envelope	2026-09-05T01:46:16.397701676Z	432784	0xec192d9e8b421a1dc6781052e8747afed6ed99424f5123fe6b418b8a6ce94d56	81	0	0	[2026-09-05 01:46:16.39]  INFO blockchain: Payload envelope arrivedMs=4380 blobCount=0 blockRoot=0xec192d9e8b421a1dc6781052e8747afed6ed99424f5123fe6b418b8a6ce94d56 builderIndex=18446744073709551615 gasUsed=0 payloadBytes=838 slot=81 txCount=0
201	beacon.log	payload_envelope	2026-09-05T01:46:26.974701736Z	438313	0x6f8acdbaf2daea11e6cffe9af1c6c7db3605ea9c82c7ca09a8f924a780325462	82	0	0	[2026-09-05 01:46:26.97]  INFO blockchain: Payload envelope arrivedMs=2953 blobCount=0 blockRoot=0x6f8acdbaf2daea11e6cffe9af1c6c7db3605ea9c82c7ca09a8f924a780325462 builderIndex=18446744073709551615 gasUsed=0 payloadBytes=838 slot=82 txCount=0
201	beacon.log	payload_envelope	2026-09-05T01:46:37.255298683Z	442983	0x291a139865ba7acbef2fbe6009a58b5d3e97498bb582b5660dc4e8fad7b2576d	83	0	0	[2026-09-05 01:46:37.25]  INFO blockchain: Payload envelope arrivedMs=1226 blobCount=0 blockRoot=0x291a139865ba7acbef2fbe6009a58b5d3e97498bb582b5660dc4e8fad7b2576d builderIndex=18446744073709551615 gasUsed=0 payloadBytes=838 slot=83 txCount=0
201	beacon.log	payload_envelope	2026-09-05T01:46:49.173351661Z	448746	0xc8627db11a7f3e8a3d2cd3de69c729d0017c6c60323d8b07f119a9c3ae32de91	84	0	0	[2026-09-05 01:46:49.17]  INFO blockchain: Payload envelope arrivedMs=1152 blobCount=0 blockRoot=0xc8627db11a7f3e8a3d2cd3de69c729d0017c6c60323d8b07f119a9c3ae32de91 builderIndex=18446744073709551615 gasUsed=0 payloadBytes=838 slot=84 txCount=0
201	beacon.log	payload_envelope	2026-09-05T01:47:01.167468927Z	455313	0xc83c96d48fa7061dd696b0df7a241996d55d3761594ee0fc4d7eddd92cad15ef	85	0	0	[2026-09-05 01:47:01.16]  INFO blockchain: Payload envelope arrivedMs=1147 blobCount=0 blockRoot=0xc83c96d48fa7061dd696b0df7a241996d55d3761594ee0fc4d7eddd92cad15ef builderIndex=18446744073709551615 gasUsed=0 payloadBytes=838 slot=85 txCount=0
201	beacon.log	payload_envelope	2026-09-05T01:47:13.755714131Z	461714	0xe43b82f629dda0866547e43f59629ea31f4240524253df1bde6874cc60d9f444	86	0	0	[2026-09-05 01:47:13.75]  INFO blockchain: Payload envelope arrivedMs=1737 blobCount=0 blockRoot=0xe43b82f629dda0866547e43f59629ea31f4240524253df1bde6874cc60d9f444 builderIndex=18446744073709551615 gasUsed=0 payloadBytes=838 slot=86 txCount=0
201	beacon.log	payload_envelope	2026-09-05T01:47:26.013140251Z	468988	0x4164585b410e66f98ca23a72c749791ab466665e08c338d65aeaafe0e053de34	87	0	0	[2026-09-05 01:47:26.01]  INFO blockchain: Payload envelope arrivedMs=2001 blobCount=0 blockRoot=0x4164585b410e66f98ca23a72c749791ab466665e08c338d65aeaafe0e053de34 builderIndex=18446744073709551615 gasUsed=0 payloadBytes=838 slot=87 txCount=0
201	beacon.log	payload_envelope	2026-09-05T01:47:38.135966035Z	475165	0x224521a9082cbb1aff08b0bf1a3134db926aec085a73f3dae04d1de2073cb631	88	0	0	[2026-09-05 01:47:38.13]  INFO blockchain: Payload envelope arrivedMs=2120 blobCount=0 blockRoot=0x224521a9082cbb1aff08b0bf1a3134db926aec085a73f3dae04d1de2073cb631 builderIndex=18446744073709551615 gasUsed=0 payloadBytes=838 slot=88 txCount=0
201	beacon.log	payload_envelope	2026-09-05T01:47:49.955462017Z	481744	0x4b6290c2fc4a88a1a520437bf4791e7b49b1afba14ab10094edd8314215881a3	89	0	0	[2026-09-05 01:47:49.95]  INFO blockchain: Payload envelope arrivedMs=1937 blobCount=0 blockRoot=0x4b6290c2fc4a88a1a520437bf4791e7b49b1afba14ab10094edd8314215881a3 builderIndex=18446744073709551615 gasUsed=0 payloadBytes=838 slot=89 txCount=0
201	beacon.log	payload_envelope	2026-09-05T01:48:01.615630682Z	486995	0x7b609d078b5fe84889cd4d55cbdb1dce39842760ece749b01b05943e5f93f23a	90	0	0	[2026-09-05 01:48:01.61]  INFO blockchain: Payload envelope arrivedMs=1597 blobCount=0 blockRoot=0x7b609d078b5fe84889cd4d55cbdb1dce39842760ece749b01b05943e5f93f23a builderIndex=18446744073709551615 gasUsed=0 payloadBytes=838 slot=90 txCount=0
201	beacon.log	payload_envelope	2026-09-05T01:48:13.230006737Z	492199	0x32f6ce40af3f91455d0a6bacfb17c6b49b8cc7d4249f77c994828b09bcde108a	91	0	0	[2026-09-05 01:48:13.22]  INFO blockchain: Payload envelope arrivedMs=1212 blobCount=0 blockRoot=0x32f6ce40af3f91455d0a6bacfb17c6b49b8cc7d4249f77c994828b09bcde108a builderIndex=18446744073709551615 gasUsed=0 payloadBytes=838 slot=91 txCount=0
201	beacon.log	payload_envelope	2026-09-05T01:48:25.641389893Z	499638	0xbd3087a87d2ce719d2523f4f7dec64af872539b649c0133de27387bae0b78a1c	92	0	0	[2026-09-05 01:48:25.64]  INFO blockchain: Payload envelope arrivedMs=1625 blobCount=0 blockRoot=0xbd3087a87d2ce719d2523f4f7dec64af872539b649c0133de27387bae0b78a1c builderIndex=18446744073709551615 gasUsed=0 payloadBytes=838 slot=92 txCount=0
201	beacon.log	payload_envelope	2026-09-05T01:48:37.522000255Z	504908	0x119a0ad33fdb21d76a54e0101e161638d5b8ea1b47808ecd466ba2621f81ae26	93	0	0	[2026-09-05 01:48:37.52]  INFO blockchain: Payload envelope arrivedMs=1502 blobCount=0 blockRoot=0x119a0ad33fdb21d76a54e0101e161638d5b8ea1b47808ecd466ba2621f81ae26 builderIndex=18446744073709551615 gasUsed=0 payloadBytes=838 slot=93 txCount=0
201	beacon.log	payload_envelope	2026-09-05T01:48:49.222338307Z	509838	0x450c2bf1e8998f40e7956095a516cdb96d884f18bf31198dfde0ed4ce50473c7	94	0	0	[2026-09-05 01:48:49.22]  INFO blockchain: Payload envelope arrivedMs=1211 blobCount=0 blockRoot=0x450c2bf1e8998f40e7956095a516cdb96d884f18bf31198dfde0ed4ce50473c7 builderIndex=18446744073709551615 gasUsed=0 payloadBytes=838 slot=94 txCount=0
201	beacon.log	payload_envelope	2026-09-05T01:49:01.349953834Z	516095	0x595be2077870ad666af56db86ddc3de6cdf4d90cf418384c711312e8176385c0	95	0	0	[2026-09-05 01:49:01.34]  INFO blockchain: Payload envelope arrivedMs=1325 blobCount=0 blockRoot=0x595be2077870ad666af56db86ddc3de6cdf4d90cf418384c711312e8176385c0 builderIndex=18446744073709551615 gasUsed=0 payloadBytes=838 slot=95 txCount=0
201	beacon.log	payload_envelope	2026-09-05T01:49:14.477505882Z	523946	0xc3da59207794daa351ec2af7830805288c79cb20f717f2f527d0b8f0eb537237	96	0	0	[2026-09-05 01:49:14.47]  INFO blockchain: Payload envelope arrivedMs=2456 blobCount=0 blockRoot=0xc3da59207794daa351ec2af7830805288c79cb20f717f2f527d0b8f0eb537237 builderIndex=18446744073709551615 gasUsed=0 payloadBytes=838 slot=96 txCount=0
201	beacon.log	payload_envelope	2026-09-05T01:49:28.307252842Z	530217	0x3331f5a69652649750d783a604c4ca30ce3aa0ce6eede67ccea89771afb08df5	97	0	0	[2026-09-05 01:49:28.30]  INFO blockchain: Payload envelope arrivedMs=4291 blobCount=0 blockRoot=0x3331f5a69652649750d783a604c4ca30ce3aa0ce6eede67ccea89771afb08df5 builderIndex=18446744073709551615 gasUsed=0 payloadBytes=838 slot=97 txCount=0
201	beacon.log	payload_envelope	2026-09-05T01:49:38.053734474Z	535387	0xddbe5696ef426e3fe576bbbecbcfef6353c195c2fcad079fb2e73856f0836075	98	0	0	[2026-09-05 01:49:38.05]  INFO blockchain: Payload envelope arrivedMs=2023 blobCount=0 blockRoot=0xddbe5696ef426e3fe576bbbecbcfef6353c195c2fcad079fb2e73856f0836075 builderIndex=18446744073709551615 gasUsed=0 payloadBytes=838 slot=98 txCount=0
201	beacon.log	payload_envelope	2026-09-05T01:49:49.380143501Z	540035	0x4059d3fba97aed35f8b821796903914a723def0f5c067e4c7203c2623d2a0f2a	99	0	0	[2026-09-05 01:49:49.37]  INFO blockchain: Payload envelope arrivedMs=1354 blobCount=0 blockRoot=0x4059d3fba97aed35f8b821796903914a723def0f5c067e4c7203c2623d2a0f2a builderIndex=18446744073709551615 gasUsed=0 payloadBytes=838 slot=99 txCount=0
201	beacon.log	payload_envelope	2026-09-05T01:50:04.557888734Z	548420	0x2cc54f75db77de24d141412d4e25421cb62260c262d474492f6903cb198a034a	100	0	0	[2026-09-05 01:50:04.55]  INFO blockchain: Payload envelope arrivedMs=4541 blobCount=0 blockRoot=0x2cc54f75db77de24d141412d4e25421cb62260c262d474492f6903cb198a034a builderIndex=18446744073709551615 gasUsed=0 payloadBytes=838 slot=100 txCount=0
201	beacon.log	payload_envelope	2026-09-05T01:50:17.257757038Z	554443	0xa9ec98f85f1328a8b1290568f2270cde08bd842d0b9b7f9c99767ffc98ffe8d2	101	0	0	[2026-09-05 01:50:17.25]  INFO blockchain: Payload envelope arrivedMs=5241 blobCount=0 blockRoot=0xa9ec98f85f1328a8b1290568f2270cde08bd842d0b9b7f9c99767ffc98ffe8d2 builderIndex=18446744073709551615 gasUsed=0 payloadBytes=838 slot=101 txCount=0
201	beacon.log	payload_envelope	2026-09-05T01:50:25.591642634Z	557890	0xfa5d509a9f8af9d9ab5cdadcbc51a6994ab27828cb7094c1d06fb469314dc99f	102	0	0	[2026-09-05 01:50:25.58]  INFO blockchain: Payload envelope arrivedMs=1544 blobCount=0 blockRoot=0xfa5d509a9f8af9d9ab5cdadcbc51a6994ab27828cb7094c1d06fb469314dc99f builderIndex=18446744073709551615 gasUsed=0 payloadBytes=838 slot=102 txCount=0
201	beacon.log	payload_envelope	2026-09-05T01:50:37.336462206Z	564187	0x611a8f2cbf196f99b16f1e8ef14f0b0054a22e5c8f1dfef7fca566d5a7df92f4	103	0	0	[2026-09-05 01:50:37.33]  INFO blockchain: Payload envelope arrivedMs=1309 blobCount=0 blockRoot=0x611a8f2cbf196f99b16f1e8ef14f0b0054a22e5c8f1dfef7fca566d5a7df92f4 builderIndex=18446744073709551615 gasUsed=0 payloadBytes=838 slot=103 txCount=0
201	beacon.log	payload_envelope	2026-09-05T01:50:49.339635767Z	570545	0xeb187de1dc8753c242d33810dbd495e34d939f559b49e00bf141470d804e7aae	104	0	0	[2026-09-05 01:50:49.33]  INFO blockchain: Payload envelope arrivedMs=1314 blobCount=0 blockRoot=0xeb187de1dc8753c242d33810dbd495e34d939f559b49e00bf141470d804e7aae builderIndex=18446744073709551615 gasUsed=0 payloadBytes=838 slot=104 txCount=0
201	beacon.log	payload_envelope	2026-09-05T01:51:04.066960566Z	578755	0xcd77c82f45223e930c5722b21162db12fe449e0ef8ec26d01a350cc42cc5765f	105	0	0	[2026-09-05 01:51:04.06]  INFO blockchain: Payload envelope arrivedMs=4054 blobCount=0 blockRoot=0xcd77c82f45223e930c5722b21162db12fe449e0ef8ec26d01a350cc42cc5765f builderIndex=18446744073709551615 gasUsed=0 payloadBytes=838 slot=105 txCount=0
201	beacon.log	payload_envelope	2026-09-05T01:51:13.305502172Z	582041	0x640b2eaa3b8c9c8d9a551e5c227c8b703ce2cc767482f617ba3fa3f5aaf7f223	106	0	0	[2026-09-05 01:51:13.30]  INFO blockchain: Payload envelope arrivedMs=1289 blobCount=0 blockRoot=0x640b2eaa3b8c9c8d9a551e5c227c8b703ce2cc767482f617ba3fa3f5aaf7f223 builderIndex=18446744073709551615 gasUsed=0 payloadBytes=838 slot=106 txCount=0
201	beacon.log	payload_envelope	2026-09-05T01:51:25.786556079Z	590190	0x4c0f435e846b667914fcb99b6a94bbf6c0737b403554c14e84b984ccd4297c88	107	0	0	[2026-09-05 01:51:25.72]  INFO blockchain: Payload envelope arrivedMs=1679 blobCount=0 blockRoot=0x4c0f435e846b667914fcb99b6a94bbf6c0737b403554c14e84b984ccd4297c88 builderIndex=18446744073709551615 gasUsed=0 payloadBytes=838 slot=107 txCount=0
201	beacon.log	payload_envelope	2026-09-05T01:51:37.818239582Z	596062	0x4089c120c8455c58ef9cba4466bbbfa375c45b8b2140b3217473c485924f0609	108	0	0	[2026-09-05 01:51:37.81]  INFO blockchain: Payload envelope arrivedMs=1799 blobCount=0 blockRoot=0x4089c120c8455c58ef9cba4466bbbfa375c45b8b2140b3217473c485924f0609 builderIndex=18446744073709551615 gasUsed=0 payloadBytes=838 slot=108 txCount=0
201	beacon.log	payload_envelope	2026-09-05T01:51:49.795611428Z	600565	0x8f96234662054009eec13bbb947380f216ed40e5fa3b685e92d5a57da9b4802d	109	0	0	[2026-09-05 01:51:49.79]  INFO blockchain: Payload envelope arrivedMs=1733 blobCount=0 blockRoot=0x8f96234662054009eec13bbb947380f216ed40e5fa3b685e92d5a57da9b4802d builderIndex=18446744073709551615 gasUsed=0 payloadBytes=838 slot=109 txCount=0
201	beacon.log	payload_envelope	2026-09-05T01:52:03.857649801Z	609138	0xf287cca39adc7e69ca3916a27edcfb2a163627e31989222d1318d902838816de	110	0	0	[2026-09-05 01:52:03.85]  INFO blockchain: Payload envelope arrivedMs=3842 blobCount=0 blockRoot=0xf287cca39adc7e69ca3916a27edcfb2a163627e31989222d1318d902838816de builderIndex=18446744073709551615 gasUsed=0 payloadBytes=838 slot=110 txCount=0
201	beacon.log	payload_envelope	2026-09-05T01:52:13.600634625Z	613125	0x700efb28069d9c24d9cf1213b1f92a67b7b18e65e8a95a18d88d9109f76000b7	111	0	0	[2026-09-05 01:52:13.59]  INFO blockchain: Payload envelope arrivedMs=1567 blobCount=0 blockRoot=0x700efb28069d9c24d9cf1213b1f92a67b7b18e65e8a95a18d88d9109f76000b7 builderIndex=18446744073709551615 gasUsed=0 payloadBytes=838 slot=111 txCount=0
201	beacon.log	payload_envelope	2026-09-05T01:52:25.785131611Z	620062	0xa5f27ae11b2d73f8d0b2df93312b0c7e2c5e6e9f15adb1c3654f4dc0e9f4cabe	112	0	0	[2026-09-05 01:52:25.78]  INFO blockchain: Payload envelope arrivedMs=1766 blobCount=0 blockRoot=0xa5f27ae11b2d73f8d0b2df93312b0c7e2c5e6e9f15adb1c3654f4dc0e9f4cabe builderIndex=18446744073709551615 gasUsed=0 payloadBytes=838 slot=112 txCount=0
201	beacon.log	payload_envelope	2026-09-05T01:52:40.226315964Z	627458	0xfed2295d010f072262e492777253d1c85261e633fa370f82bd7de0002bfa94b0	113	0	0	[2026-09-05 01:52:40.22]  INFO blockchain: Payload envelope arrivedMs=4206 blobCount=0 blockRoot=0xfed2295d010f072262e492777253d1c85261e633fa370f82bd7de0002bfa94b0 builderIndex=18446744073709551615 gasUsed=0 payloadBytes=838 slot=113 txCount=0
201	beacon.log	payload_envelope	2026-09-05T01:52:50.456776241Z	633551	0x66c93c60b14fe57e8261ba3b3e16f274af7dda2d53869968670d6782e0650655	114	0	0	[2026-09-05 01:52:50.45]  INFO blockchain: Payload envelope arrivedMs=2434 blobCount=0 blockRoot=0x66c93c60b14fe57e8261ba3b3e16f274af7dda2d53869968670d6782e0650655 builderIndex=18446744073709551615 gasUsed=0 payloadBytes=838 slot=114 txCount=0
201	beacon.log	payload_envelope	2026-09-05T01:53:01.615358519Z	637007	0xd191d9480087894dc624d1e77c2be41a20246ae8c5cd6f9ba5df55067498e177	115	0	0	[2026-09-05 01:53:01.61]  INFO blockchain: Payload envelope arrivedMs=1577 blobCount=0 blockRoot=0xd191d9480087894dc624d1e77c2be41a20246ae8c5cd6f9ba5df55067498e177 builderIndex=18446744073709551615 gasUsed=0 payloadBytes=838 slot=115 txCount=0
201	beacon.log	payload_envelope	2026-09-05T01:53:14.834407328Z	645612	0x1183b83cf715cf702e24e70af8042ed8709a8d4cc48f61b01a0f61c33feb4b76	116	0	0	[2026-09-05 01:53:14.83]  INFO blockchain: Payload envelope arrivedMs=2797 blobCount=0 blockRoot=0x1183b83cf715cf702e24e70af8042ed8709a8d4cc48f61b01a0f61c33feb4b76 builderIndex=18446744073709551615 gasUsed=0 payloadBytes=838 slot=116 txCount=0
201	beacon.log	payload_envelope	2026-09-05T01:53:26.470210451Z	651316	0xde9cfb98623648bd4df28400eed1f98469abddc28df66779bc8a9e3f2cc148f8	117	0	0	[2026-09-05 01:53:26.46]  INFO blockchain: Payload envelope arrivedMs=2432 blobCount=0 blockRoot=0xde9cfb98623648bd4df28400eed1f98469abddc28df66779bc8a9e3f2cc148f8 builderIndex=18446744073709551615 gasUsed=0 payloadBytes=838 slot=117 txCount=0
201	beacon.log	payload_envelope	2026-09-05T01:53:39.330132669Z	657292	0x9347f08929320fbeb4ed4f0b8da34e780f50d1bb1cfa52e265335060a6d27ad6	118	0	0	[2026-09-05 01:53:39.32]  INFO blockchain: Payload envelope arrivedMs=3278 blobCount=0 blockRoot=0x9347f08929320fbeb4ed4f0b8da34e780f50d1bb1cfa52e265335060a6d27ad6 builderIndex=18446744073709551615 gasUsed=0 payloadBytes=838 slot=118 txCount=0
201	beacon.log	payload_envelope	2026-09-05T01:53:51.449472628Z	663787	0x057b8fa274db86c682dc25024af539b53c3b3a2d02becfc9272fa8e990460ceb	119	0	0	[2026-09-05 01:53:51.44]  INFO blockchain: Payload envelope arrivedMs=3410 blobCount=0 blockRoot=0x057b8fa274db86c682dc25024af539b53c3b3a2d02becfc9272fa8e990460ceb builderIndex=18446744073709551615 gasUsed=0 payloadBytes=838 slot=119 txCount=0
201	beacon.log	payload_envelope	2026-09-05T01:54:02.007198962Z	668258	0x79e1b67cd5761cfafd2ac332f732e4b7316306e8ab0ad79c6147053236da9710	120	0	0	[2026-09-05 01:54:02.00]  INFO blockchain: Payload envelope arrivedMs=1967 blobCount=0 blockRoot=0x79e1b67cd5761cfafd2ac332f732e4b7316306e8ab0ad79c6147053236da9710 builderIndex=18446744073709551615 gasUsed=0 payloadBytes=838 slot=120 txCount=0
201	beacon.log	payload_envelope	2026-09-05T01:54:12.878717517Z	672450	0xcda68f1aa1938cbeb2a28982cc907698f55e56532e3405aad189e87105daae1d	121	0	0	[2026-09-05 01:54:12.87]  INFO blockchain: Payload envelope arrivedMs=832 blobCount=0 blockRoot=0xcda68f1aa1938cbeb2a28982cc907698f55e56532e3405aad189e87105daae1d builderIndex=18446744073709551615 gasUsed=0 payloadBytes=838 slot=121 txCount=0
201	beacon.log	payload_envelope	2026-09-05T01:54:26.300624695Z	681873	0x7705cdd061883e82dabe7d1ca5cba73854ebe192a64b5483a98b94f600b5d0ca	122	0	0	[2026-09-05 01:54:26.29]  INFO blockchain: Payload envelope arrivedMs=2280 blobCount=0 blockRoot=0x7705cdd061883e82dabe7d1ca5cba73854ebe192a64b5483a98b94f600b5d0ca builderIndex=18446744073709551615 gasUsed=0 payloadBytes=838 slot=122 txCount=0
201	beacon.log	payload_envelope	2026-09-05T01:54:37.464649310Z	684642	0x4c0f304098520e4cac9d896d389a368ebe1dce68f197d27a2bcee6db18bffb67	123	0	0	[2026-09-05 01:54:37.46]  INFO blockchain: Payload envelope arrivedMs=1443 blobCount=0 blockRoot=0x4c0f304098520e4cac9d896d389a368ebe1dce68f197d27a2bcee6db18bffb67 builderIndex=18446744073709551615 gasUsed=0 payloadBytes=838 slot=123 txCount=0
201	beacon.log	payload_envelope	2026-09-05T01:54:49.512015650Z	692272	0x884604d12e715a69c304237ee87d0bb62a98ffa0bd1ccedddd36e874b56239ef	124	0	0	[2026-09-05 01:54:49.50]  INFO blockchain: Payload envelope arrivedMs=1473 blobCount=0 blockRoot=0x884604d12e715a69c304237ee87d0bb62a98ffa0bd1ccedddd36e874b56239ef builderIndex=18446744073709551615 gasUsed=0 payloadBytes=838 slot=124 txCount=0
201	beacon.log	payload_envelope	2026-09-05T01:55:01.023301254Z	697075	0xcb1a1acf669095ea08ce57f624dcb0ac5a5e09fba732d19d8d4d7cbe2fde2bcf	125	0	0	[2026-09-05 01:55:01.02]  INFO blockchain: Payload envelope arrivedMs=989 blobCount=0 blockRoot=0xcb1a1acf669095ea08ce57f624dcb0ac5a5e09fba732d19d8d4d7cbe2fde2bcf builderIndex=18446744073709551615 gasUsed=0 payloadBytes=838 slot=125 txCount=0
201	beacon.log	payload_envelope	2026-09-05T01:55:15.457489824Z	706161	0x8af31c19614d2e5a718428d422062b37942f726301eab8fb03b0efc2fd2dbe7f	126	0	0	[2026-09-05 01:55:15.45]  INFO blockchain: Payload envelope arrivedMs=3436 blobCount=0 blockRoot=0x8af31c19614d2e5a718428d422062b37942f726301eab8fb03b0efc2fd2dbe7f builderIndex=18446744073709551615 gasUsed=0 payloadBytes=838 slot=126 txCount=0
201	beacon.log	payload_envelope	2026-09-05T01:55:25.525032666Z	710019	0x33b63b5c7f8d5b0ee991521445e7972cd43cab2df7c26a8417c28d324bd8aaee	127	0	0	[2026-09-05 01:55:25.52]  INFO blockchain: Payload envelope arrivedMs=1505 blobCount=0 blockRoot=0x33b63b5c7f8d5b0ee991521445e7972cd43cab2df7c26a8417c28d324bd8aaee builderIndex=18446744073709551615 gasUsed=0 payloadBytes=838 slot=127 txCount=0
201	beacon.log	payload_envelope	2026-09-05T01:55:37.326033588Z	715703	0x4a3a9ee799a77e58812b69a182af3c6044cc1a605540bec754d7ae4638a85d1b	128	0	0	[2026-09-05 01:55:37.32]  INFO blockchain: Payload envelope arrivedMs=1312 blobCount=0 blockRoot=0x4a3a9ee799a77e58812b69a182af3c6044cc1a605540bec754d7ae4638a85d1b builderIndex=18446744073709551615 gasUsed=0 payloadBytes=838 slot=128 txCount=0
201	beacon.log	payload_envelope	2026-09-05T01:56:45.049240164Z	746269	0xc530a6229d4cecfdcc01bfc9f357d15433db089fae70af127b23980c30811d44	133	0	0	[2026-09-05 01:56:45.04]  INFO blockchain: Payload envelope arrivedMs=9038 blobCount=0 blockRoot=0xc530a6229d4cecfdcc01bfc9f357d15433db089fae70af127b23980c30811d44 builderIndex=18446744073709551615 gasUsed=0 payloadBytes=838 slot=133 txCount=0
201	beacon.log	payload_envelope	2026-09-05T01:59:55.791744641Z	833856	0x20bb70a909e9596e57295dd6d2e5e55ee356ff1f8a0e1a6d561aee6acfd47e18	149	0	0	[2026-09-05 01:59:55.78]  INFO blockchain: Payload envelope arrivedMs=7776 blobCount=0 blockRoot=0x20bb70a909e9596e57295dd6d2e5e55ee356ff1f8a0e1a6d561aee6acfd47e18 builderIndex=18446744073709551615 gasUsed=0 payloadBytes=838 slot=149 txCount=0
201	beacon.log	payload_envelope	2026-09-05T02:03:32.531341720Z	921943	0x4f21e4b4837aebeed5ea539c31bcfa811f9419a56d236968dc7cf78ba5b96ab5	159	0	0	[2026-09-05 02:03:32.52]  INFO blockchain: Payload envelope arrivedMs=103663 blobCount=0 blockRoot=0x4f21e4b4837aebeed5ea539c31bcfa811f9419a56d236968dc7cf78ba5b96ab5 builderIndex=18446744073709551615 gasUsed=0 payloadBytes=838 slot=159 txCount=0
201	beacon.log	payload_envelope	2026-09-05T02:03:33.836191410Z	922081	0x2112a278d82b93efa3aeedba8353a5b9877a2f01370771fae5738fcad2cccc1d	167	0	0	[2026-09-05 02:03:33.83]  INFO blockchain: Payload envelope arrivedMs=9826 blobCount=0 blockRoot=0x2112a278d82b93efa3aeedba8353a5b9877a2f01370771fae5738fcad2cccc1d builderIndex=18446744073709551615 gasUsed=0 payloadBytes=838 slot=167 txCount=0
400	beacon.log	payload_envelope	2026-09-05T01:33:01.744142889Z	27522	0x6856419067eae1ba1bd63c1f519dcff0c921b3363a5f202ea5f69c6ef429df41	15	0	0	[2026-09-05 01:33:01.74]  INFO blockchain: Payload envelope arrivedMs=1732 blobCount=0 blockRoot=0x6856419067eae1ba1bd63c1f519dcff0c921b3363a5f202ea5f69c6ef429df41 builderIndex=18446744073709551615 gasUsed=0 payloadBytes=853 slot=15 txCount=0
400	beacon.log	payload_envelope	2026-09-05T01:33:18.833106269Z	35854	0x4b07a2a4ef496b99e14601673b47caf145ce8834b57e2f365cb40c71b03e9857	16	0	0	[2026-09-05 01:33:18.83]  INFO blockchain: Payload envelope arrivedMs=6823 blobCount=0 blockRoot=0x4b07a2a4ef496b99e14601673b47caf145ce8834b57e2f365cb40c71b03e9857 builderIndex=18446744073709551615 gasUsed=0 payloadBytes=853 slot=16 txCount=0
400	beacon.log	payload_envelope	2026-09-05T01:33:26.844874764Z	39977	0x73aa6168fc7236fe9e1236011240c41d4956e571319d2cb4dc0e90676f5ed646	17	0	0	[2026-09-05 01:33:26.84]  INFO blockchain: Payload envelope arrivedMs=2838 blobCount=0 blockRoot=0x73aa6168fc7236fe9e1236011240c41d4956e571319d2cb4dc0e90676f5ed646 builderIndex=18446744073709551615 gasUsed=0 payloadBytes=838 slot=17 txCount=0
400	beacon.log	payload_envelope	2026-09-05T01:33:46.952817609Z	48910	0xd91ad8c6ede9322587c895c4d6d8122845a8339a69e8d795c87a9a443595365c	18	0	0	[2026-09-05 01:33:46.95]  INFO blockchain: Payload envelope arrivedMs=10946 blobCount=0 blockRoot=0xd91ad8c6ede9322587c895c4d6d8122845a8339a69e8d795c87a9a443595365c builderIndex=18446744073709551615 gasUsed=0 payloadBytes=838 slot=18 txCount=0
400	beacon.log	payload_envelope	2026-09-05T01:34:06.393800903Z	59773	0x8c623e1e437606a1b75307469b9f95ab4ac707c0d60727bb754842a8a04afb4c	20	0	0	[2026-09-05 01:34:06.39]  INFO blockchain: Payload envelope arrivedMs=6386 blobCount=0 blockRoot=0x8c623e1e437606a1b75307469b9f95ab4ac707c0d60727bb754842a8a04afb4c builderIndex=18446744073709551615 gasUsed=0 payloadBytes=838 slot=20 txCount=0
400	beacon.log	payload_envelope	2026-09-05T01:34:13.087472885Z	64349	0x6d950d16472c6ac6dbc0ec913b4c3ccfbd57955e687692ca59ac12bde7dbb419	21	0	0	[2026-09-05 01:34:13.08]  INFO blockchain: Payload envelope arrivedMs=1069 blobCount=0 blockRoot=0x6d950d16472c6ac6dbc0ec913b4c3ccfbd57955e687692ca59ac12bde7dbb419 builderIndex=18446744073709551615 gasUsed=0 payloadBytes=838 slot=21 txCount=0
400	beacon.log	payload_envelope	2026-09-05T01:34:24.949369240Z	71114	0xd30e21e5caff469131b6f219258ba4c1eee5bf52993190f9ac6d13b1580553ec	22	0	0	[2026-09-05 01:34:24.94]  INFO blockchain: Payload envelope arrivedMs=933 blobCount=0 blockRoot=0xd30e21e5caff469131b6f219258ba4c1eee5bf52993190f9ac6d13b1580553ec builderIndex=18446744073709551615 gasUsed=0 payloadBytes=838 slot=22 txCount=0
400	beacon.log	payload_envelope	2026-09-05T01:34:37.009124089Z	77220	0x8905c800caeb676032d12191db928c3d9c47fcb2792e83fdfba1e59617112993	23	0	0	[2026-09-05 01:34:37.00]  INFO blockchain: Payload envelope arrivedMs=982 blobCount=0 blockRoot=0x8905c800caeb676032d12191db928c3d9c47fcb2792e83fdfba1e59617112993 builderIndex=18446744073709551615 gasUsed=0 payloadBytes=838 slot=23 txCount=0
400	beacon.log	payload_envelope	2026-09-05T01:34:48.772158859Z	82851	0x63ded1dea4d10a23127b6ab613cc921e250d319c5fc57e85846b28c4682735b6	24	0	0	[2026-09-05 01:34:48.77]  INFO blockchain: Payload envelope arrivedMs=749 blobCount=0 blockRoot=0x63ded1dea4d10a23127b6ab613cc921e250d319c5fc57e85846b28c4682735b6 builderIndex=18446744073709551615 gasUsed=0 payloadBytes=838 slot=24 txCount=0
400	beacon.log	payload_envelope	2026-09-05T01:35:00.707970328Z	87837	0x936578d5a63354b949159d4c4100bb97ddf380e1fe5c4edb2bc087d2a4a171c0	25	0	0	[2026-09-05 01:35:00.70]  INFO blockchain: Payload envelope arrivedMs=682 blobCount=0 blockRoot=0x936578d5a63354b949159d4c4100bb97ddf380e1fe5c4edb2bc087d2a4a171c0 builderIndex=18446744073709551615 gasUsed=0 payloadBytes=838 slot=25 txCount=0
400	beacon.log	payload_envelope	2026-09-05T01:35:13.391911976Z	95850	0xaafdddeee471f3873084ee40fe5910f0ec39ebc5004702beb8a8bf4e7789ebbf	26	0	0	[2026-09-05 01:35:13.39]  INFO blockchain: Payload envelope arrivedMs=1383 blobCount=0 blockRoot=0xaafdddeee471f3873084ee40fe5910f0ec39ebc5004702beb8a8bf4e7789ebbf builderIndex=18446744073709551615 gasUsed=0 payloadBytes=838 slot=26 txCount=0
400	beacon.log	payload_envelope	2026-09-05T01:35:24.710672644Z	100111	0x150aba8a7c07ad6e2e42802ffcf0d8882649398e01adbed9b7952a413bc1d707	27	0	0	[2026-09-05 01:35:24.71]  INFO blockchain: Payload envelope arrivedMs=697 blobCount=0 blockRoot=0x150aba8a7c07ad6e2e42802ffcf0d8882649398e01adbed9b7952a413bc1d707 builderIndex=18446744073709551615 gasUsed=0 payloadBytes=838 slot=27 txCount=0
400	beacon.log	payload_envelope	2026-09-05T01:35:36.850246355Z	106053	0x68e13ddc2083f108a231b598324db60e4aee78d482e9eabdb35184725116d943	28	0	0	[2026-09-05 01:35:36.84]  INFO blockchain: Payload envelope arrivedMs=806 blobCount=0 blockRoot=0x68e13ddc2083f108a231b598324db60e4aee78d482e9eabdb35184725116d943 builderIndex=18446744073709551615 gasUsed=0 payloadBytes=838 slot=28 txCount=0
400	beacon.log	payload_envelope	2026-09-05T01:35:48.878253489Z	112513	0x54501df3caace17ae717777b71f0726bc26aa5f8bff4a22b6849b7b3ff799438	29	0	0	[2026-09-05 01:35:48.87]  INFO blockchain: Payload envelope arrivedMs=853 blobCount=0 blockRoot=0x54501df3caace17ae717777b71f0726bc26aa5f8bff4a22b6849b7b3ff799438 builderIndex=18446744073709551615 gasUsed=0 payloadBytes=838 slot=29 txCount=0
400	beacon.log	payload_envelope	2026-09-05T01:36:01.256890507Z	119754	0xb1525c7da628a8cb29178ccc5bc66d0741712dfc8addc0ea54ce7a2e61bc43f5	30	0	0	[2026-09-05 01:36:01.25]  INFO blockchain: Payload envelope arrivedMs=1246 blobCount=0 blockRoot=0xb1525c7da628a8cb29178ccc5bc66d0741712dfc8addc0ea54ce7a2e61bc43f5 builderIndex=18446744073709551615 gasUsed=0 payloadBytes=838 slot=30 txCount=0
400	beacon.log	payload_envelope	2026-09-05T01:36:13.010796942Z	126100	0xacbef2d5203a28ad560623f1f5f890555ec8bcccddb91519ccccd2a0327b329f	31	0	0	[2026-09-05 01:36:13.01]  INFO blockchain: Payload envelope arrivedMs=999 blobCount=0 blockRoot=0xacbef2d5203a28ad560623f1f5f890555ec8bcccddb91519ccccd2a0327b329f builderIndex=18446744073709551615 gasUsed=0 payloadBytes=838 slot=31 txCount=0
400	beacon.log	payload_envelope	2026-09-05T01:36:25.914875241Z	132176	0x997f9537f08a8ec7ef736be49a8c49fb397a7e91c12e31136279ad630bf8b51b	32	0	0	[2026-09-05 01:36:25.91]  INFO blockchain: Payload envelope arrivedMs=1907 blobCount=0 blockRoot=0x997f9537f08a8ec7ef736be49a8c49fb397a7e91c12e31136279ad630bf8b51b builderIndex=18446744073709551615 gasUsed=0 payloadBytes=838 slot=32 txCount=0
400	beacon.log	payload_envelope	2026-09-05T01:36:39.882242887Z	138734	0x5716f7de9700d799de5a9c797632417604467d0272805bf688120ae61125b65b	33	0	0	[2026-09-05 01:36:39.88]  INFO blockchain: Payload envelope arrivedMs=3874 blobCount=0 blockRoot=0x5716f7de9700d799de5a9c797632417604467d0272805bf688120ae61125b65b builderIndex=18446744073709551615 gasUsed=0 payloadBytes=838 slot=33 txCount=0
400	beacon.log	payload_envelope	2026-09-05T01:36:52.530556418Z	144797	0x94c7cbff08f9753688fbf7536f878a175f211fbdbba59fa533a96744070c82c4	34	0	0	[2026-09-05 01:36:52.52]  INFO blockchain: Payload envelope arrivedMs=4522 blobCount=0 blockRoot=0x94c7cbff08f9753688fbf7536f878a175f211fbdbba59fa533a96744070c82c4 builderIndex=18446744073709551615 gasUsed=0 payloadBytes=838 slot=34 txCount=0
400	beacon.log	payload_envelope	2026-09-05T01:37:02.200011385Z	150393	0x0fd5b54bd6d71b7fa1a1b93d225825be30af886f339146bb1404e1df87fd0e35	35	0	0	[2026-09-05 01:37:02.19]  INFO blockchain: Payload envelope arrivedMs=2193 blobCount=0 blockRoot=0x0fd5b54bd6d71b7fa1a1b93d225825be30af886f339146bb1404e1df87fd0e35 builderIndex=18446744073709551615 gasUsed=0 payloadBytes=838 slot=35 txCount=0
400	beacon.log	payload_envelope	2026-09-05T01:37:13.076870626Z	155648	0x57a187b18fa37276a00a620fa5982886a94dd5e668b0bfc7f10fd7ce4ad272e9	36	0	0	[2026-09-05 01:37:13.07]  INFO blockchain: Payload envelope arrivedMs=1061 blobCount=0 blockRoot=0x57a187b18fa37276a00a620fa5982886a94dd5e668b0bfc7f10fd7ce4ad272e9 builderIndex=18446744073709551615 gasUsed=0 payloadBytes=838 slot=36 txCount=0
400	beacon.log	payload_envelope	2026-09-05T01:37:26.256437381Z	162481	0x95aac8bf760602860fc7b58a554cb5bdc86990a0d523ae3ec7f1eea190b15928	37	0	0	[2026-09-05 01:37:26.25]  INFO blockchain: Payload envelope arrivedMs=2248 blobCount=0 blockRoot=0x95aac8bf760602860fc7b58a554cb5bdc86990a0d523ae3ec7f1eea190b15928 builderIndex=18446744073709551615 gasUsed=0 payloadBytes=838 slot=37 txCount=0
400	beacon.log	payload_envelope	2026-09-05T01:37:37.069616144Z	167541	0xa84b6b17513a472736f99b053f3da8d139cbd7e8b07a5563e388143050b6c048	38	0	0	[2026-09-05 01:37:37.06]  INFO blockchain: Payload envelope arrivedMs=1051 blobCount=0 blockRoot=0xa84b6b17513a472736f99b053f3da8d139cbd7e8b07a5563e388143050b6c048 builderIndex=18446744073709551615 gasUsed=0 payloadBytes=838 slot=38 txCount=0
400	beacon.log	payload_envelope	2026-09-05T01:37:51.280955435Z	174811	0x90904ce7c5f001acd4247af743c069943947e703cb48bdddfa6ae653f2f53e96	39	0	0	[2026-09-05 01:37:51.28]  INFO blockchain: Payload envelope arrivedMs=3269 blobCount=0 blockRoot=0x90904ce7c5f001acd4247af743c069943947e703cb48bdddfa6ae653f2f53e96 builderIndex=18446744073709551615 gasUsed=0 payloadBytes=838 slot=39 txCount=0
400	beacon.log	payload_envelope	2026-09-05T01:38:01.266995968Z	180654	0xaa9aee7647fc73903ae1b4b5dd23d61e413c1bd202822128de37bc7072cae187	40	0	0	[2026-09-05 01:38:01.26]  INFO blockchain: Payload envelope arrivedMs=1258 blobCount=0 blockRoot=0xaa9aee7647fc73903ae1b4b5dd23d61e413c1bd202822128de37bc7072cae187 builderIndex=18446744073709551615 gasUsed=0 payloadBytes=838 slot=40 txCount=0
400	beacon.log	payload_envelope	2026-09-05T01:38:13.177001888Z	186602	0xe0aa8bece2b6855b0da2c8947bec576bf28b0b4df9e54ddb9780c000baf63c34	41	0	0	[2026-09-05 01:38:13.17]  INFO blockchain: Payload envelope arrivedMs=1165 blobCount=0 blockRoot=0xe0aa8bece2b6855b0da2c8947bec576bf28b0b4df9e54ddb9780c000baf63c34 builderIndex=18446744073709551615 gasUsed=0 payloadBytes=838 slot=41 txCount=0
400	beacon.log	payload_envelope	2026-09-05T01:38:25.742877017Z	192927	0x708bb9684e17be1d813aa52f02b73dc2a1f530f877f396af03a4a2e8ed50e12f	42	0	0	[2026-09-05 01:38:25.74]  INFO blockchain: Payload envelope arrivedMs=1734 blobCount=0 blockRoot=0x708bb9684e17be1d813aa52f02b73dc2a1f530f877f396af03a4a2e8ed50e12f builderIndex=18446744073709551615 gasUsed=0 payloadBytes=838 slot=42 txCount=0
400	beacon.log	payload_envelope	2026-09-05T01:38:36.999035297Z	197984	0x95a07846790bfb3facf72cc8f0d8b231dd9555eeb7f2c8e05596bda5f1fcbc58	43	0	0	[2026-09-05 01:38:36.99]  INFO blockchain: Payload envelope arrivedMs=986 blobCount=0 blockRoot=0x95a07846790bfb3facf72cc8f0d8b231dd9555eeb7f2c8e05596bda5f1fcbc58 builderIndex=18446744073709551615 gasUsed=0 payloadBytes=838 slot=43 txCount=0
400	beacon.log	payload_envelope	2026-09-05T01:38:50.076501162Z	205393	0xfe60c97b1d25873d10b3dad4d7b986033d2f429fa88e70dc7b9581e7be29208f	44	0	0	[2026-09-05 01:38:50.07]  INFO blockchain: Payload envelope arrivedMs=2065 blobCount=0 blockRoot=0xfe60c97b1d25873d10b3dad4d7b986033d2f429fa88e70dc7b9581e7be29208f builderIndex=18446744073709551615 gasUsed=0 payloadBytes=838 slot=44 txCount=0
400	beacon.log	payload_envelope	2026-09-05T01:39:03.756646466Z	211448	0xdaeaa8f28a8b6fa56d4f70159675c3308b23072d8eefbb61a518b16f66a6a88a	45	0	0	[2026-09-05 01:39:03.75]  INFO blockchain: Payload envelope arrivedMs=3731 blobCount=0 blockRoot=0xdaeaa8f28a8b6fa56d4f70159675c3308b23072d8eefbb61a518b16f66a6a88a builderIndex=18446744073709551615 gasUsed=0 payloadBytes=838 slot=45 txCount=0
400	beacon.log	payload_envelope	2026-09-05T01:39:14.142845187Z	217406	0x031dbae215ad7b0f8d4211a3cff910f0142f4bd27fe7f46775007df899d45dc4	46	0	0	[2026-09-05 01:39:14.14]  INFO blockchain: Payload envelope arrivedMs=2134 blobCount=0 blockRoot=0x031dbae215ad7b0f8d4211a3cff910f0142f4bd27fe7f46775007df899d45dc4 builderIndex=18446744073709551615 gasUsed=0 payloadBytes=838 slot=46 txCount=0
400	beacon.log	payload_envelope	2026-09-05T01:39:24.912414078Z	221353	0x98466e96fd71f59dc35606a8a106f4246370ce20cfafcdf5f2285916bb3bf631	47	0	0	[2026-09-05 01:39:24.91]  INFO blockchain: Payload envelope arrivedMs=899 blobCount=0 blockRoot=0x98466e96fd71f59dc35606a8a106f4246370ce20cfafcdf5f2285916bb3bf631 builderIndex=18446744073709551615 gasUsed=0 payloadBytes=838 slot=47 txCount=0
400	beacon.log	payload_envelope	2026-09-05T01:39:37.197515772Z	229117	0x0adb64fdd357d6a100be72c5cde01e071b9c7ad98499d22301c2c94b735d4768	48	0	0	[2026-09-05 01:39:37.19]  INFO blockchain: Payload envelope arrivedMs=1188 blobCount=0 blockRoot=0x0adb64fdd357d6a100be72c5cde01e071b9c7ad98499d22301c2c94b735d4768 builderIndex=18446744073709551615 gasUsed=0 payloadBytes=838 slot=48 txCount=0
400	beacon.log	payload_envelope	2026-09-05T01:39:49.182500145Z	234571	0x54428741af71bb3b2d2fcd79877f9061793145d74d064c042c9b1e50e232952e	49	0	0	[2026-09-05 01:39:49.18]  INFO blockchain: Payload envelope arrivedMs=1172 blobCount=0 blockRoot=0x54428741af71bb3b2d2fcd79877f9061793145d74d064c042c9b1e50e232952e builderIndex=18446744073709551615 gasUsed=0 payloadBytes=838 slot=49 txCount=0
400	beacon.log	payload_envelope	2026-09-05T01:40:03.829218579Z	241742	0x0777d67ee35ea3894f0d65152c30ffbe990b5ad102f13c88290cbfe1c6b99b27	50	0	0	[2026-09-05 01:40:03.82]  INFO blockchain: Payload envelope arrivedMs=3809 blobCount=0 blockRoot=0x0777d67ee35ea3894f0d65152c30ffbe990b5ad102f13c88290cbfe1c6b99b27 builderIndex=18446744073709551615 gasUsed=0 payloadBytes=838 slot=50 txCount=0
400	beacon.log	payload_envelope	2026-09-05T01:40:13.482375997Z	247005	0x87367018ac171eac8da11ef01d6ca055aaac5fed7e448517ed2c00ce2afc843a	51	0	0	[2026-09-05 01:40:13.48]  INFO blockchain: Payload envelope arrivedMs=1463 blobCount=0 blockRoot=0x87367018ac171eac8da11ef01d6ca055aaac5fed7e448517ed2c00ce2afc843a builderIndex=18446744073709551615 gasUsed=0 payloadBytes=838 slot=51 txCount=0
400	beacon.log	payload_envelope	2026-09-05T01:40:25.101314806Z	253164	0x53a4ca7aca1e145fcaaa539dd2ee1d22a2ebfe3bb05b0356d4ffd706b90dbe95	52	0	0	[2026-09-05 01:40:25.10]  INFO blockchain: Payload envelope arrivedMs=1082 blobCount=0 blockRoot=0x53a4ca7aca1e145fcaaa539dd2ee1d22a2ebfe3bb05b0356d4ffd706b90dbe95 builderIndex=18446744073709551615 gasUsed=0 payloadBytes=838 slot=52 txCount=0
400	beacon.log	payload_envelope	2026-09-05T01:40:37.832676205Z	259452	0xfe4d916cae7358428d456093a49b03d06a9e7ea23fddd55f42410ff3f6ec3c93	53	0	0	[2026-09-05 01:40:37.83]  INFO blockchain: Payload envelope arrivedMs=1824 blobCount=0 blockRoot=0xfe4d916cae7358428d456093a49b03d06a9e7ea23fddd55f42410ff3f6ec3c93 builderIndex=18446744073709551615 gasUsed=0 payloadBytes=838 slot=53 txCount=0
400	beacon.log	payload_envelope	2026-09-05T01:40:49.422508443Z	265504	0x1e9777218f0f8e45f1c23095f96677bd501999d7da6061244a121029815f4d0d	54	0	0	[2026-09-05 01:40:49.42]  INFO blockchain: Payload envelope arrivedMs=1414 blobCount=0 blockRoot=0x1e9777218f0f8e45f1c23095f96677bd501999d7da6061244a121029815f4d0d builderIndex=18446744073709551615 gasUsed=0 payloadBytes=838 slot=54 txCount=0
400	beacon.log	payload_envelope	2026-09-05T01:41:02.854887126Z	271702	0x202232f4edcae4def3403c044cb8fa93846ec8afa3c3cdc037e58bd70e23b060	55	0	0	[2026-09-05 01:41:02.85]  INFO blockchain: Payload envelope arrivedMs=2847 blobCount=0 blockRoot=0x202232f4edcae4def3403c044cb8fa93846ec8afa3c3cdc037e58bd70e23b060 builderIndex=18446744073709551615 gasUsed=0 payloadBytes=838 slot=55 txCount=0
400	beacon.log	payload_envelope	2026-09-05T01:41:13.410665343Z	277634	0x08a3a5ea44e72baaa81531a869debfc8f5b423190ae40f6d862788de1992f338	56	0	0	[2026-09-05 01:41:13.41]  INFO blockchain: Payload envelope arrivedMs=1402 blobCount=0 blockRoot=0x08a3a5ea44e72baaa81531a869debfc8f5b423190ae40f6d862788de1992f338 builderIndex=18446744073709551615 gasUsed=0 payloadBytes=838 slot=56 txCount=0
400	beacon.log	payload_envelope	2026-09-05T01:41:25.990792734Z	283972	0x28289a8f5e4bd49ce8735eaf964fe00b17d1ad61f7744ae6eca1abef3b915e10	57	0	0	[2026-09-05 01:41:25.99]  INFO blockchain: Payload envelope arrivedMs=1980 blobCount=0 blockRoot=0x28289a8f5e4bd49ce8735eaf964fe00b17d1ad61f7744ae6eca1abef3b915e10 builderIndex=18446744073709551615 gasUsed=0 payloadBytes=838 slot=57 txCount=0
400	beacon.log	payload_envelope	2026-09-05T01:41:36.978594357Z	289628	0xd7c2c6a72d4ab701eced025f71d9e7d6a5eae17bd1802c01686fa5d0d25b5e02	58	0	0	[2026-09-05 01:41:36.97]  INFO blockchain: Payload envelope arrivedMs=966 blobCount=0 blockRoot=0xd7c2c6a72d4ab701eced025f71d9e7d6a5eae17bd1802c01686fa5d0d25b5e02 builderIndex=18446744073709551615 gasUsed=0 payloadBytes=838 slot=58 txCount=0
400	beacon.log	payload_envelope	2026-09-05T01:41:50.670791926Z	296323	0x205a49382c082b01e876835cf0aebada208046f377992f531eb77969e10908ea	59	0	0	[2026-09-05 01:41:50.67]  INFO blockchain: Payload envelope arrivedMs=2663 blobCount=0 blockRoot=0x205a49382c082b01e876835cf0aebada208046f377992f531eb77969e10908ea builderIndex=18446744073709551615 gasUsed=0 payloadBytes=838 slot=59 txCount=0
400	beacon.log	payload_envelope	2026-09-05T01:42:01.846367199Z	301900	0x50f5093ae3deca4224d96fb575cd0225bbe8351be878370e9ca4d3b5f42d0c87	60	0	0	[2026-09-05 01:42:01.84]  INFO blockchain: Payload envelope arrivedMs=1835 blobCount=0 blockRoot=0x50f5093ae3deca4224d96fb575cd0225bbe8351be878370e9ca4d3b5f42d0c87 builderIndex=18446744073709551615 gasUsed=0 payloadBytes=838 slot=60 txCount=0
400	beacon.log	payload_envelope	2026-09-05T01:42:13.395822660Z	308501	0x8eaca2d764b1dcf261cf144aaac2494896f6d402c6da1567c72de00bac08a106	61	0	0	[2026-09-05 01:42:13.39]  INFO blockchain: Payload envelope arrivedMs=1387 blobCount=0 blockRoot=0x8eaca2d764b1dcf261cf144aaac2494896f6d402c6da1567c72de00bac08a106 builderIndex=18446744073709551615 gasUsed=0 payloadBytes=838 slot=61 txCount=0
400	beacon.log	payload_envelope	2026-09-05T01:42:26.868396763Z	314060	0x501b6adf3fad1cc679729a985cc1d3fcb2792e40cc1781686804403aaae66854	62	0	0	[2026-09-05 01:42:26.86]  INFO blockchain: Payload envelope arrivedMs=2859 blobCount=0 blockRoot=0x501b6adf3fad1cc679729a985cc1d3fcb2792e40cc1781686804403aaae66854 builderIndex=18446744073709551615 gasUsed=0 payloadBytes=838 slot=62 txCount=0
400	beacon.log	payload_envelope	2026-09-05T01:42:37.035052411Z	318988	0xde60dc9e0a94e4c0334d673e696c091b4363a278331febb32b4b7f66ddc8a2ff	63	0	0	[2026-09-05 01:42:37.03]  INFO blockchain: Payload envelope arrivedMs=1022 blobCount=0 blockRoot=0xde60dc9e0a94e4c0334d673e696c091b4363a278331febb32b4b7f66ddc8a2ff builderIndex=18446744073709551615 gasUsed=0 payloadBytes=838 slot=63 txCount=0
400	beacon.log	payload_envelope	2026-09-05T01:42:50.609736545Z	326807	0x6f4707037e193b2859e47714097e57556529e8bf2657aaf2ef89c0784e02fa40	64	0	0	[2026-09-05 01:42:50.60]  INFO blockchain: Payload envelope arrivedMs=2601 blobCount=0 blockRoot=0x6f4707037e193b2859e47714097e57556529e8bf2657aaf2ef89c0784e02fa40 builderIndex=18446744073709551615 gasUsed=0 payloadBytes=838 slot=64 txCount=0
400	beacon.log	payload_envelope	2026-09-05T01:43:03.972839735Z	332866	0x2dea83a13ad577e6e4c1d2a9bddfcb6d0b5cc178cf90f9c488040fa68a657884	65	0	0	[2026-09-05 01:43:03.97]  INFO blockchain: Payload envelope arrivedMs=3965 blobCount=0 blockRoot=0x2dea83a13ad577e6e4c1d2a9bddfcb6d0b5cc178cf90f9c488040fa68a657884 builderIndex=18446744073709551615 gasUsed=0 payloadBytes=838 slot=65 txCount=0
400	beacon.log	payload_envelope	2026-09-05T01:43:13.181560795Z	336913	0xdd7086fd041a2f9807f41e5aca42928cfa17e32cff09f21ac942e0f68e2e16b4	66	0	0	[2026-09-05 01:43:13.18]  INFO blockchain: Payload envelope arrivedMs=1167 blobCount=0 blockRoot=0xdd7086fd041a2f9807f41e5aca42928cfa17e32cff09f21ac942e0f68e2e16b4 builderIndex=18446744073709551615 gasUsed=0 payloadBytes=838 slot=66 txCount=0
400	beacon.log	payload_envelope	2026-09-05T01:43:25.167583596Z	344105	0x870e50e43b7793efb470bc915cf37b7e70a98d2f03c884b29505c881fd37b0b5	67	0	0	[2026-09-05 01:43:25.16]  INFO blockchain: Payload envelope arrivedMs=1145 blobCount=0 blockRoot=0x870e50e43b7793efb470bc915cf37b7e70a98d2f03c884b29505c881fd37b0b5 builderIndex=18446744073709551615 gasUsed=0 payloadBytes=838 slot=67 txCount=0
400	beacon.log	payload_envelope	2026-09-05T01:43:44.203395418Z	351081	0xbcf13400fa8261ada75b7fdee5aa9360c77427d33676caa6cebebd10375e07a0	68	0	0	[2026-09-05 01:43:44.20]  INFO blockchain: Payload envelope arrivedMs=8194 blobCount=0 blockRoot=0xbcf13400fa8261ada75b7fdee5aa9360c77427d33676caa6cebebd10375e07a0 builderIndex=18446744073709551615 gasUsed=0 payloadBytes=838 slot=68 txCount=0
400	beacon.log	payload_envelope	2026-09-05T01:43:49.362487252Z	355829	0xcf463de934eda0dea542f4dbceaa587867e45ea0cb7b2513e3ee5fde3e858f8f	69	0	0	[2026-09-05 01:43:49.36]  INFO blockchain: Payload envelope arrivedMs=1353 blobCount=0 blockRoot=0xcf463de934eda0dea542f4dbceaa587867e45ea0cb7b2513e3ee5fde3e858f8f builderIndex=18446744073709551615 gasUsed=0 payloadBytes=838 slot=69 txCount=0
400	beacon.log	payload_envelope	2026-09-05T01:44:05.128258958Z	363226	0x061a13a3a48e0a186b4332425c4aaf198345cc9b17b2a3a732a0e310615948ce	70	0	0	[2026-09-05 01:44:05.12]  INFO blockchain: Payload envelope arrivedMs=5117 blobCount=0 blockRoot=0x061a13a3a48e0a186b4332425c4aaf198345cc9b17b2a3a732a0e310615948ce builderIndex=18446744073709551615 gasUsed=0 payloadBytes=838 slot=70 txCount=0
400	beacon.log	payload_envelope	2026-09-05T01:44:14.580932566Z	369286	0x27ed14b32ec0cad8a17de7ad8b640965144aaf31d5ffdf3bdb0737067934bdee	71	0	0	[2026-09-05 01:44:14.58]  INFO blockchain: Payload envelope arrivedMs=2573 blobCount=0 blockRoot=0x27ed14b32ec0cad8a17de7ad8b640965144aaf31d5ffdf3bdb0737067934bdee builderIndex=18446744073709551615 gasUsed=0 payloadBytes=838 slot=71 txCount=0
400	beacon.log	payload_envelope	2026-09-05T01:44:24.973001616Z	373249	0x8b985c2c4f1f12adf02761fdd1d5459afcc9cb2d2b583f1635ac1ccd1eb83734	72	0	0	[2026-09-05 01:44:24.97]  INFO blockchain: Payload envelope arrivedMs=946 blobCount=0 blockRoot=0x8b985c2c4f1f12adf02761fdd1d5459afcc9cb2d2b583f1635ac1ccd1eb83734 builderIndex=18446744073709551615 gasUsed=0 payloadBytes=838 slot=72 txCount=0
400	beacon.log	payload_envelope	2026-09-05T01:44:37.042222635Z	380645	0xcc2b6cca7b10cd85f06aeaea3ed86011aba0f6a45b7cabf6caecd89b94bf7eb9	73	0	0	[2026-09-05 01:44:37.04]  INFO blockchain: Payload envelope arrivedMs=1027 blobCount=0 blockRoot=0xcc2b6cca7b10cd85f06aeaea3ed86011aba0f6a45b7cabf6caecd89b94bf7eb9 builderIndex=18446744073709551615 gasUsed=0 payloadBytes=838 slot=73 txCount=0
400	beacon.log	payload_envelope	2026-09-05T01:44:54.469333334Z	387483	0x07030f26644df757ba0903baf46dbb2bb32234f5ae78366bbeffeedde9b3ba5e	74	0	0	[2026-09-05 01:44:54.46]  INFO blockchain: Payload envelope arrivedMs=6461 blobCount=0 blockRoot=0x07030f26644df757ba0903baf46dbb2bb32234f5ae78366bbeffeedde9b3ba5e builderIndex=18446744073709551615 gasUsed=0 payloadBytes=838 slot=74 txCount=0
400	beacon.log	payload_envelope	2026-09-05T01:45:04.944333280Z	393138	0x7f4ba2ae660888c8b6d163897b4ec961482374cb373170a29b276224dddbff31	75	0	0	[2026-09-05 01:45:04.94]  INFO blockchain: Payload envelope arrivedMs=4914 blobCount=0 blockRoot=0x7f4ba2ae660888c8b6d163897b4ec961482374cb373170a29b276224dddbff31 builderIndex=18446744073709551615 gasUsed=0 payloadBytes=838 slot=75 txCount=0
400	beacon.log	payload_envelope	2026-09-05T01:45:13.943152162Z	399133	0xbf4c3bff7aa8243f58fdd3c001adf14a4c62d4c71714cebbf41f41e10508d0c0	76	0	0	[2026-09-05 01:45:13.94]  INFO blockchain: Payload envelope arrivedMs=1935 blobCount=0 blockRoot=0xbf4c3bff7aa8243f58fdd3c001adf14a4c62d4c71714cebbf41f41e10508d0c0 builderIndex=18446744073709551615 gasUsed=0 payloadBytes=838 slot=76 txCount=0
400	beacon.log	payload_envelope	2026-09-05T01:45:25.078172851Z	403948	0x9b0e991df5f9b4234b5659ef77253d72072a7eef0a3824cb516e352f8b8f2968	77	0	0	[2026-09-05 01:45:25.07]  INFO blockchain: Payload envelope arrivedMs=1067 blobCount=0 blockRoot=0x9b0e991df5f9b4234b5659ef77253d72072a7eef0a3824cb516e352f8b8f2968 builderIndex=18446744073709551615 gasUsed=0 payloadBytes=838 slot=77 txCount=0
400	beacon.log	payload_envelope	2026-09-05T01:45:40.867773848Z	411767	0x1fcdf7a1179abef01270d268ce3be0b5bd3fdd0858c7f781fbd8d348a2215330	78	0	0	[2026-09-05 01:45:40.86]  INFO blockchain: Payload envelope arrivedMs=4858 blobCount=0 blockRoot=0x1fcdf7a1179abef01270d268ce3be0b5bd3fdd0858c7f781fbd8d348a2215330 builderIndex=18446744073709551615 gasUsed=0 payloadBytes=838 slot=78 txCount=0
400	beacon.log	payload_envelope	2026-09-05T01:45:49.514054579Z	416529	0x6cf77cacb12b2e9565f5e60d85ff44d000dd2651ae42425859ddf8804f69a741	79	0	0	[2026-09-05 01:45:49.51]  INFO blockchain: Payload envelope arrivedMs=1497 blobCount=0 blockRoot=0x6cf77cacb12b2e9565f5e60d85ff44d000dd2651ae42425859ddf8804f69a741 builderIndex=18446744073709551615 gasUsed=0 payloadBytes=838 slot=79 txCount=0
400	beacon.log	payload_envelope	2026-09-05T01:46:01.307443707Z	422938	0xa1dbc64868cd2d9275b6316f2300bb49ab615919ae9269778aaa6cd76154d89d	80	0	0	[2026-09-05 01:46:01.30]  INFO blockchain: Payload envelope arrivedMs=1279 blobCount=0 blockRoot=0xa1dbc64868cd2d9275b6316f2300bb49ab615919ae9269778aaa6cd76154d89d builderIndex=18446744073709551615 gasUsed=0 payloadBytes=838 slot=80 txCount=0
400	beacon.log	payload_envelope	2026-09-05T01:46:16.346783510Z	429680	0xec192d9e8b421a1dc6781052e8747afed6ed99424f5123fe6b418b8a6ce94d56	81	0	0	[2026-09-05 01:46:16.34]  INFO blockchain: Payload envelope arrivedMs=4338 blobCount=0 blockRoot=0xec192d9e8b421a1dc6781052e8747afed6ed99424f5123fe6b418b8a6ce94d56 builderIndex=18446744073709551615 gasUsed=0 payloadBytes=838 slot=81 txCount=0
400	beacon.log	payload_envelope	2026-09-05T01:46:26.936263325Z	435223	0x6f8acdbaf2daea11e6cffe9af1c6c7db3605ea9c82c7ca09a8f924a780325462	82	0	0	[2026-09-05 01:46:26.93]  INFO blockchain: Payload envelope arrivedMs=2928 blobCount=0 blockRoot=0x6f8acdbaf2daea11e6cffe9af1c6c7db3605ea9c82c7ca09a8f924a780325462 builderIndex=18446744073709551615 gasUsed=0 payloadBytes=838 slot=82 txCount=0
400	beacon.log	payload_envelope	2026-09-05T01:46:36.987046729Z	440013	0x291a139865ba7acbef2fbe6009a58b5d3e97498bb582b5660dc4e8fad7b2576d	83	0	0	[2026-09-05 01:46:36.98]  INFO blockchain: Payload envelope arrivedMs=976 blobCount=0 blockRoot=0x291a139865ba7acbef2fbe6009a58b5d3e97498bb582b5660dc4e8fad7b2576d builderIndex=18446744073709551615 gasUsed=0 payloadBytes=838 slot=83 txCount=0
400	beacon.log	payload_envelope	2026-09-05T01:46:48.870070457Z	445915	0xc8627db11a7f3e8a3d2cd3de69c729d0017c6c60323d8b07f119a9c3ae32de91	84	0	0	[2026-09-05 01:46:48.86]  INFO blockchain: Payload envelope arrivedMs=860 blobCount=0 blockRoot=0xc8627db11a7f3e8a3d2cd3de69c729d0017c6c60323d8b07f119a9c3ae32de91 builderIndex=18446744073709551615 gasUsed=0 payloadBytes=838 slot=84 txCount=0
400	beacon.log	payload_envelope	2026-09-05T01:47:00.908237976Z	451736	0xc83c96d48fa7061dd696b0df7a241996d55d3761594ee0fc4d7eddd92cad15ef	85	0	0	[2026-09-05 01:47:00.90]  INFO blockchain: Payload envelope arrivedMs=888 blobCount=0 blockRoot=0xc83c96d48fa7061dd696b0df7a241996d55d3761594ee0fc4d7eddd92cad15ef builderIndex=18446744073709551615 gasUsed=0 payloadBytes=838 slot=85 txCount=0
400	beacon.log	payload_envelope	2026-09-05T01:47:13.131330270Z	459047	0xe43b82f629dda0866547e43f59629ea31f4240524253df1bde6874cc60d9f444	86	0	0	[2026-09-05 01:47:13.13]  INFO blockchain: Payload envelope arrivedMs=1120 blobCount=0 blockRoot=0xe43b82f629dda0866547e43f59629ea31f4240524253df1bde6874cc60d9f444 builderIndex=18446744073709551615 gasUsed=0 payloadBytes=838 slot=86 txCount=0
400	beacon.log	payload_envelope	2026-09-05T01:47:25.877856784Z	466063	0x4164585b410e66f98ca23a72c749791ab466665e08c338d65aeaafe0e053de34	87	0	0	[2026-09-05 01:47:25.87]  INFO blockchain: Payload envelope arrivedMs=1868 blobCount=0 blockRoot=0x4164585b410e66f98ca23a72c749791ab466665e08c338d65aeaafe0e053de34 builderIndex=18446744073709551615 gasUsed=0 payloadBytes=838 slot=87 txCount=0
400	beacon.log	payload_envelope	2026-09-05T01:47:37.593407227Z	471632	0x224521a9082cbb1aff08b0bf1a3134db926aec085a73f3dae04d1de2073cb631	88	0	0	[2026-09-05 01:47:37.59]  INFO blockchain: Payload envelope arrivedMs=1582 blobCount=0 blockRoot=0x224521a9082cbb1aff08b0bf1a3134db926aec085a73f3dae04d1de2073cb631 builderIndex=18446744073709551615 gasUsed=0 payloadBytes=838 slot=88 txCount=0
400	beacon.log	payload_envelope	2026-09-05T01:47:48.894967755Z	476354	0x4b6290c2fc4a88a1a520437bf4791e7b49b1afba14ab10094edd8314215881a3	89	0	0	[2026-09-05 01:47:48.88]  INFO blockchain: Payload envelope arrivedMs=858 blobCount=0 blockRoot=0x4b6290c2fc4a88a1a520437bf4791e7b49b1afba14ab10094edd8314215881a3 builderIndex=18446744073709551615 gasUsed=0 payloadBytes=838 slot=89 txCount=0
400	beacon.log	payload_envelope	2026-09-05T01:48:01.142716039Z	483218	0x7b609d078b5fe84889cd4d55cbdb1dce39842760ece749b01b05943e5f93f23a	90	0	0	[2026-09-05 01:48:01.14]  INFO blockchain: Payload envelope arrivedMs=1113 blobCount=0 blockRoot=0x7b609d078b5fe84889cd4d55cbdb1dce39842760ece749b01b05943e5f93f23a builderIndex=18446744073709551615 gasUsed=0 payloadBytes=838 slot=90 txCount=0
400	beacon.log	payload_envelope	2026-09-05T01:48:12.876517620Z	488477	0x32f6ce40af3f91455d0a6bacfb17c6b49b8cc7d4249f77c994828b09bcde108a	91	0	0	[2026-09-05 01:48:12.87]  INFO blockchain: Payload envelope arrivedMs=855 blobCount=0 blockRoot=0x32f6ce40af3f91455d0a6bacfb17c6b49b8cc7d4249f77c994828b09bcde108a builderIndex=18446744073709551615 gasUsed=0 payloadBytes=838 slot=91 txCount=0
400	beacon.log	payload_envelope	2026-09-05T01:48:25.666410793Z	495915	0xbd3087a87d2ce719d2523f4f7dec64af872539b649c0133de27387bae0b78a1c	92	0	0	[2026-09-05 01:48:25.66]  INFO blockchain: Payload envelope arrivedMs=1657 blobCount=0 blockRoot=0xbd3087a87d2ce719d2523f4f7dec64af872539b649c0133de27387bae0b78a1c builderIndex=18446744073709551615 gasUsed=0 payloadBytes=838 slot=92 txCount=0
400	beacon.log	payload_envelope	2026-09-05T01:48:37.226055612Z	501840	0x119a0ad33fdb21d76a54e0101e161638d5b8ea1b47808ecd466ba2621f81ae26	93	0	0	[2026-09-05 01:48:37.22]  INFO blockchain: Payload envelope arrivedMs=1217 blobCount=0 blockRoot=0x119a0ad33fdb21d76a54e0101e161638d5b8ea1b47808ecd466ba2621f81ae26 builderIndex=18446744073709551615 gasUsed=0 payloadBytes=838 slot=93 txCount=0
400	beacon.log	payload_envelope	2026-09-05T01:48:49.054625504Z	507060	0x450c2bf1e8998f40e7956095a516cdb96d884f18bf31198dfde0ed4ce50473c7	94	0	0	[2026-09-05 01:48:49.05]  INFO blockchain: Payload envelope arrivedMs=1043 blobCount=0 blockRoot=0x450c2bf1e8998f40e7956095a516cdb96d884f18bf31198dfde0ed4ce50473c7 builderIndex=18446744073709551615 gasUsed=0 payloadBytes=838 slot=94 txCount=0
400	beacon.log	payload_envelope	2026-09-05T01:49:00.906513394Z	513357	0x595be2077870ad666af56db86ddc3de6cdf4d90cf418384c711312e8176385c0	95	0	0	[2026-09-05 01:49:00.90]  INFO blockchain: Payload envelope arrivedMs=896 blobCount=0 blockRoot=0x595be2077870ad666af56db86ddc3de6cdf4d90cf418384c711312e8176385c0 builderIndex=18446744073709551615 gasUsed=0 payloadBytes=838 slot=95 txCount=0
400	beacon.log	payload_envelope	2026-09-05T01:49:14.487540216Z	520256	0xc3da59207794daa351ec2af7830805288c79cb20f717f2f527d0b8f0eb537237	96	0	0	[2026-09-05 01:49:14.48]  INFO blockchain: Payload envelope arrivedMs=2479 blobCount=0 blockRoot=0xc3da59207794daa351ec2af7830805288c79cb20f717f2f527d0b8f0eb537237 builderIndex=18446744073709551615 gasUsed=0 payloadBytes=838 slot=96 txCount=0
400	beacon.log	payload_envelope	2026-09-05T01:49:28.266880883Z	526612	0x3331f5a69652649750d783a604c4ca30ce3aa0ce6eede67ccea89771afb08df5	97	0	0	[2026-09-05 01:49:28.26]  INFO blockchain: Payload envelope arrivedMs=4257 blobCount=0 blockRoot=0x3331f5a69652649750d783a604c4ca30ce3aa0ce6eede67ccea89771afb08df5 builderIndex=18446744073709551615 gasUsed=0 payloadBytes=838 slot=97 txCount=0
400	beacon.log	payload_envelope	2026-09-05T01:49:37.182569512Z	531756	0xddbe5696ef426e3fe576bbbecbcfef6353c195c2fcad079fb2e73856f0836075	98	0	0	[2026-09-05 01:49:37.18]  INFO blockchain: Payload envelope arrivedMs=1164 blobCount=0 blockRoot=0xddbe5696ef426e3fe576bbbecbcfef6353c195c2fcad079fb2e73856f0836075 builderIndex=18446744073709551615 gasUsed=0 payloadBytes=838 slot=98 txCount=0
400	beacon.log	payload_envelope	2026-09-05T01:49:49.249216651Z	538265	0x4059d3fba97aed35f8b821796903914a723def0f5c067e4c7203c2623d2a0f2a	99	0	0	[2026-09-05 01:49:49.24]  INFO blockchain: Payload envelope arrivedMs=1217 blobCount=0 blockRoot=0x4059d3fba97aed35f8b821796903914a723def0f5c067e4c7203c2623d2a0f2a builderIndex=18446744073709551615 gasUsed=0 payloadBytes=838 slot=99 txCount=0
400	beacon.log	payload_envelope	2026-09-05T01:50:04.617723035Z	544817	0x2cc54f75db77de24d141412d4e25421cb62260c262d474492f6903cb198a034a	100	0	0	[2026-09-05 01:50:04.61]  INFO blockchain: Payload envelope arrivedMs=4594 blobCount=0 blockRoot=0x2cc54f75db77de24d141412d4e25421cb62260c262d474492f6903cb198a034a builderIndex=18446744073709551615 gasUsed=0 payloadBytes=838 slot=100 txCount=0
400	beacon.log	payload_envelope	2026-09-05T01:50:16.995163497Z	550861	0xa9ec98f85f1328a8b1290568f2270cde08bd842d0b9b7f9c99767ffc98ffe8d2	101	0	0	[2026-09-05 01:50:16.99]  INFO blockchain: Payload envelope arrivedMs=4985 blobCount=0 blockRoot=0xa9ec98f85f1328a8b1290568f2270cde08bd842d0b9b7f9c99767ffc98ffe8d2 builderIndex=18446744073709551615 gasUsed=0 payloadBytes=838 slot=101 txCount=0
400	beacon.log	payload_envelope	2026-09-05T01:50:25.117616982Z	556131	0xfa5d509a9f8af9d9ab5cdadcbc51a6994ab27828cb7094c1d06fb469314dc99f	102	0	0	[2026-09-05 01:50:25.11]  INFO blockchain: Payload envelope arrivedMs=1096 blobCount=0 blockRoot=0xfa5d509a9f8af9d9ab5cdadcbc51a6994ab27828cb7094c1d06fb469314dc99f builderIndex=18446744073709551615 gasUsed=0 payloadBytes=838 slot=102 txCount=0
400	beacon.log	payload_envelope	2026-09-05T01:50:36.883059991Z	561246	0x611a8f2cbf196f99b16f1e8ef14f0b0054a22e5c8f1dfef7fca566d5a7df92f4	103	0	0	[2026-09-05 01:50:36.88]  INFO blockchain: Payload envelope arrivedMs=864 blobCount=0 blockRoot=0x611a8f2cbf196f99b16f1e8ef14f0b0054a22e5c8f1dfef7fca566d5a7df92f4 builderIndex=18446744073709551615 gasUsed=0 payloadBytes=838 slot=103 txCount=0
400	beacon.log	payload_envelope	2026-09-05T01:50:49.054592918Z	567908	0xeb187de1dc8753c242d33810dbd495e34d939f559b49e00bf141470d804e7aae	104	0	0	[2026-09-05 01:50:49.05]  INFO blockchain: Payload envelope arrivedMs=1039 blobCount=0 blockRoot=0xeb187de1dc8753c242d33810dbd495e34d939f559b49e00bf141470d804e7aae builderIndex=18446744073709551615 gasUsed=0 payloadBytes=838 slot=104 txCount=0
400	beacon.log	payload_envelope	2026-09-05T01:51:04.027125843Z	575035	0xcd77c82f45223e930c5722b21162db12fe449e0ef8ec26d01a350cc42cc5765f	105	0	0	[2026-09-05 01:51:04.02]  INFO blockchain: Payload envelope arrivedMs=4018 blobCount=0 blockRoot=0xcd77c82f45223e930c5722b21162db12fe449e0ef8ec26d01a350cc42cc5765f builderIndex=18446744073709551615 gasUsed=0 payloadBytes=838 slot=105 txCount=0
400	beacon.log	payload_envelope	2026-09-05T01:51:13.296097178Z	579730	0x640b2eaa3b8c9c8d9a551e5c227c8b703ce2cc767482f617ba3fa3f5aaf7f223	106	0	0	[2026-09-05 01:51:13.29]  INFO blockchain: Payload envelope arrivedMs=1280 blobCount=0 blockRoot=0x640b2eaa3b8c9c8d9a551e5c227c8b703ce2cc767482f617ba3fa3f5aaf7f223 builderIndex=18446744073709551615 gasUsed=0 payloadBytes=838 slot=106 txCount=0
400	beacon.log	payload_envelope	2026-09-05T01:51:25.414211953Z	586837	0x4c0f435e846b667914fcb99b6a94bbf6c0737b403554c14e84b984ccd4297c88	107	0	0	[2026-09-05 01:51:25.41]  INFO blockchain: Payload envelope arrivedMs=1403 blobCount=0 blockRoot=0x4c0f435e846b667914fcb99b6a94bbf6c0737b403554c14e84b984ccd4297c88 builderIndex=18446744073709551615 gasUsed=0 payloadBytes=838 slot=107 txCount=0
400	beacon.log	payload_envelope	2026-09-05T01:51:37.429558909Z	592732	0x4089c120c8455c58ef9cba4466bbbfa375c45b8b2140b3217473c485924f0609	108	0	0	[2026-09-05 01:51:37.42]  INFO blockchain: Payload envelope arrivedMs=1421 blobCount=0 blockRoot=0x4089c120c8455c58ef9cba4466bbbfa375c45b8b2140b3217473c485924f0609 builderIndex=18446744073709551615 gasUsed=0 payloadBytes=838 slot=108 txCount=0
400	beacon.log	payload_envelope	2026-09-05T01:51:48.917003069Z	597841	0x8f96234662054009eec13bbb947380f216ed40e5fa3b685e92d5a57da9b4802d	109	0	0	[2026-09-05 01:51:48.91]  INFO blockchain: Payload envelope arrivedMs=901 blobCount=0 blockRoot=0x8f96234662054009eec13bbb947380f216ed40e5fa3b685e92d5a57da9b4802d builderIndex=18446744073709551615 gasUsed=0 payloadBytes=838 slot=109 txCount=0
400	beacon.log	payload_envelope	2026-09-05T01:52:03.798911125Z	605312	0xf287cca39adc7e69ca3916a27edcfb2a163627e31989222d1318d902838816de	110	0	0	[2026-09-05 01:52:03.79]  INFO blockchain: Payload envelope arrivedMs=3790 blobCount=0 blockRoot=0xf287cca39adc7e69ca3916a27edcfb2a163627e31989222d1318d902838816de builderIndex=18446744073709551615 gasUsed=0 payloadBytes=838 slot=110 txCount=0
400	beacon.log	payload_envelope	2026-09-05T01:52:13.026134012Z	610604	0x700efb28069d9c24d9cf1213b1f92a67b7b18e65e8a95a18d88d9109f76000b7	111	0	0	[2026-09-05 01:52:13.01]  INFO blockchain: Payload envelope arrivedMs=987 blobCount=0 blockRoot=0x700efb28069d9c24d9cf1213b1f92a67b7b18e65e8a95a18d88d9109f76000b7 builderIndex=18446744073709551615 gasUsed=0 payloadBytes=838 slot=111 txCount=0
400	beacon.log	payload_envelope	2026-09-05T01:52:25.129521975Z	616908	0xa5f27ae11b2d73f8d0b2df93312b0c7e2c5e6e9f15adb1c3654f4dc0e9f4cabe	112	0	0	[2026-09-05 01:52:25.12]  INFO blockchain: Payload envelope arrivedMs=1112 blobCount=0 blockRoot=0xa5f27ae11b2d73f8d0b2df93312b0c7e2c5e6e9f15adb1c3654f4dc0e9f4cabe builderIndex=18446744073709551615 gasUsed=0 payloadBytes=838 slot=112 txCount=0
400	beacon.log	payload_envelope	2026-09-05T01:52:39.944158145Z	623403	0xfed2295d010f072262e492777253d1c85261e633fa370f82bd7de0002bfa94b0	113	0	0	[2026-09-05 01:52:39.94]  INFO blockchain: Payload envelope arrivedMs=3937 blobCount=0 blockRoot=0xfed2295d010f072262e492777253d1c85261e633fa370f82bd7de0002bfa94b0 builderIndex=18446744073709551615 gasUsed=0 payloadBytes=838 slot=113 txCount=0
400	beacon.log	payload_envelope	2026-09-05T01:52:49.450937036Z	628730	0x66c93c60b14fe57e8261ba3b3e16f274af7dda2d53869968670d6782e0650655	114	0	0	[2026-09-05 01:52:49.45]  INFO blockchain: Payload envelope arrivedMs=1441 blobCount=0 blockRoot=0x66c93c60b14fe57e8261ba3b3e16f274af7dda2d53869968670d6782e0650655 builderIndex=18446744073709551615 gasUsed=0 payloadBytes=838 slot=114 txCount=0
400	beacon.log	payload_envelope	2026-09-05T01:53:01.082184829Z	633894	0xd191d9480087894dc624d1e77c2be41a20246ae8c5cd6f9ba5df55067498e177	115	0	0	[2026-09-05 01:53:01.08]  INFO blockchain: Payload envelope arrivedMs=1063 blobCount=0 blockRoot=0xd191d9480087894dc624d1e77c2be41a20246ae8c5cd6f9ba5df55067498e177 builderIndex=18446744073709551615 gasUsed=0 payloadBytes=838 slot=115 txCount=0
400	beacon.log	payload_envelope	2026-09-05T01:53:13.912921988Z	641092	0x1183b83cf715cf702e24e70af8042ed8709a8d4cc48f61b01a0f61c33feb4b76	116	0	0	[2026-09-05 01:53:13.91]  INFO blockchain: Payload envelope arrivedMs=1904 blobCount=0 blockRoot=0x1183b83cf715cf702e24e70af8042ed8709a8d4cc48f61b01a0f61c33feb4b76 builderIndex=18446744073709551615 gasUsed=0 payloadBytes=838 slot=116 txCount=0
400	beacon.log	payload_envelope	2026-09-05T01:53:25.808748993Z	647112	0xde9cfb98623648bd4df28400eed1f98469abddc28df66779bc8a9e3f2cc148f8	117	0	0	[2026-09-05 01:53:25.80]  INFO blockchain: Payload envelope arrivedMs=1798 blobCount=0 blockRoot=0xde9cfb98623648bd4df28400eed1f98469abddc28df66779bc8a9e3f2cc148f8 builderIndex=18446744073709551615 gasUsed=0 payloadBytes=838 slot=117 txCount=0
400	beacon.log	payload_envelope	2026-09-05T01:53:39.184341992Z	653190	0x9347f08929320fbeb4ed4f0b8da34e780f50d1bb1cfa52e265335060a6d27ad6	118	0	0	[2026-09-05 01:53:39.18]  INFO blockchain: Payload envelope arrivedMs=3175 blobCount=0 blockRoot=0x9347f08929320fbeb4ed4f0b8da34e780f50d1bb1cfa52e265335060a6d27ad6 builderIndex=18446744073709551615 gasUsed=0 payloadBytes=838 slot=118 txCount=0
400	beacon.log	payload_envelope	2026-09-05T01:53:51.214629613Z	659482	0x057b8fa274db86c682dc25024af539b53c3b3a2d02becfc9272fa8e990460ceb	119	0	0	[2026-09-05 01:53:51.21]  INFO blockchain: Payload envelope arrivedMs=3202 blobCount=0 blockRoot=0x057b8fa274db86c682dc25024af539b53c3b3a2d02becfc9272fa8e990460ceb builderIndex=18446744073709551615 gasUsed=0 payloadBytes=838 slot=119 txCount=0
400	beacon.log	payload_envelope	2026-09-05T01:54:01.154397757Z	665251	0x79e1b67cd5761cfafd2ac332f732e4b7316306e8ab0ad79c6147053236da9710	120	0	0	[2026-09-05 01:54:01.15]  INFO blockchain: Payload envelope arrivedMs=1145 blobCount=0 blockRoot=0x79e1b67cd5761cfafd2ac332f732e4b7316306e8ab0ad79c6147053236da9710 builderIndex=18446744073709551615 gasUsed=0 payloadBytes=838 slot=120 txCount=0
400	beacon.log	payload_envelope	2026-09-05T01:54:12.770691231Z	670048	0xcda68f1aa1938cbeb2a28982cc907698f55e56532e3405aad189e87105daae1d	121	0	0	[2026-09-05 01:54:12.76]  INFO blockchain: Payload envelope arrivedMs=755 blobCount=0 blockRoot=0xcda68f1aa1938cbeb2a28982cc907698f55e56532e3405aad189e87105daae1d builderIndex=18446744073709551615 gasUsed=0 payloadBytes=838 slot=121 txCount=0
400	beacon.log	payload_envelope	2026-09-05T01:54:24.828998835Z	675924	0x7705cdd061883e82dabe7d1ca5cba73854ebe192a64b5483a98b94f600b5d0ca	122	0	0	[2026-09-05 01:54:24.82]  INFO blockchain: Payload envelope arrivedMs=814 blobCount=0 blockRoot=0x7705cdd061883e82dabe7d1ca5cba73854ebe192a64b5483a98b94f600b5d0ca builderIndex=18446744073709551615 gasUsed=0 payloadBytes=838 slot=122 txCount=0
400	beacon.log	payload_envelope	2026-09-05T01:54:36.896744789Z	683037	0x4c0f304098520e4cac9d896d389a368ebe1dce68f197d27a2bcee6db18bffb67	123	0	0	[2026-09-05 01:54:36.89]  INFO blockchain: Payload envelope arrivedMs=884 blobCount=0 blockRoot=0x4c0f304098520e4cac9d896d389a368ebe1dce68f197d27a2bcee6db18bffb67 builderIndex=18446744073709551615 gasUsed=0 payloadBytes=838 slot=123 txCount=0
400	beacon.log	payload_envelope	2026-09-05T01:54:49.349689265Z	689173	0x884604d12e715a69c304237ee87d0bb62a98ffa0bd1ccedddd36e874b56239ef	124	0	0	[2026-09-05 01:54:49.34]  INFO blockchain: Payload envelope arrivedMs=1333 blobCount=0 blockRoot=0x884604d12e715a69c304237ee87d0bb62a98ffa0bd1ccedddd36e874b56239ef builderIndex=18446744073709551615 gasUsed=0 payloadBytes=838 slot=124 txCount=0
400	beacon.log	payload_envelope	2026-09-05T01:55:00.857977219Z	694168	0xcb1a1acf669095ea08ce57f624dcb0ac5a5e09fba732d19d8d4d7cbe2fde2bcf	125	0	0	[2026-09-05 01:55:00.85]  INFO blockchain: Payload envelope arrivedMs=839 blobCount=0 blockRoot=0xcb1a1acf669095ea08ce57f624dcb0ac5a5e09fba732d19d8d4d7cbe2fde2bcf builderIndex=18446744073709551615 gasUsed=0 payloadBytes=838 slot=125 txCount=0
400	beacon.log	payload_envelope	2026-09-05T01:55:15.261749234Z	702052	0x8af31c19614d2e5a718428d422062b37942f726301eab8fb03b0efc2fd2dbe7f	126	0	0	[2026-09-05 01:55:15.25]  INFO blockchain: Payload envelope arrivedMs=3246 blobCount=0 blockRoot=0x8af31c19614d2e5a718428d422062b37942f726301eab8fb03b0efc2fd2dbe7f builderIndex=18446744073709551615 gasUsed=0 payloadBytes=838 slot=126 txCount=0
400	beacon.log	payload_envelope	2026-09-05T01:55:25.078279476Z	707177	0x33b63b5c7f8d5b0ee991521445e7972cd43cab2df7c26a8417c28d324bd8aaee	127	0	0	[2026-09-05 01:55:25.07]  INFO blockchain: Payload envelope arrivedMs=1052 blobCount=0 blockRoot=0x33b63b5c7f8d5b0ee991521445e7972cd43cab2df7c26a8417c28d324bd8aaee builderIndex=18446744073709551615 gasUsed=0 payloadBytes=838 slot=127 txCount=0
400	beacon.log	payload_envelope	2026-09-05T01:55:37.065398566Z	712992	0x4a3a9ee799a77e58812b69a182af3c6044cc1a605540bec754d7ae4638a85d1b	128	0	0	[2026-09-05 01:55:37.06]  INFO blockchain: Payload envelope arrivedMs=1050 blobCount=0 blockRoot=0x4a3a9ee799a77e58812b69a182af3c6044cc1a605540bec754d7ae4638a85d1b builderIndex=18446744073709551615 gasUsed=0 payloadBytes=838 slot=128 txCount=0
400	beacon.log	payload_envelope	2026-09-05T01:59:39.919525811Z	824786	0xd898b140ac4c15f1e607cb4fb5b406b225f662cb434547403ca379a8c4e6af77	147	0	0	[2026-09-05 01:59:39.91]  INFO blockchain: Payload envelope arrivedMs=15908 blobCount=0 blockRoot=0xd898b140ac4c15f1e607cb4fb5b406b225f662cb434547403ca379a8c4e6af77 builderIndex=18446744073709551615 gasUsed=0 payloadBytes=838 slot=147 txCount=0
400	beacon.log	payload_envelope	2026-09-05T02:03:32.449848182Z	918447	0x4f21e4b4837aebeed5ea539c31bcfa811f9419a56d236968dc7cf78ba5b96ab5	159	0	0	[2026-09-05 02:03:32.44]  INFO blockchain: Payload envelope arrivedMs=103838 blobCount=0 blockRoot=0x4f21e4b4837aebeed5ea539c31bcfa811f9419a56d236968dc7cf78ba5b96ab5 builderIndex=18446744073709551615 gasUsed=0 payloadBytes=838 slot=159 txCount=0
400	beacon.log	payload_envelope	2026-09-05T02:03:33.388627540Z	918626	0x2112a278d82b93efa3aeedba8353a5b9877a2f01370771fae5738fcad2cccc1d	167	0	0	[2026-09-05 02:03:33.38]  INFO blockchain: Payload envelope arrivedMs=9380 blobCount=0 blockRoot=0x2112a278d82b93efa3aeedba8353a5b9877a2f01370771fae5738fcad2cccc1d builderIndex=18446744073709551615 gasUsed=0 payloadBytes=838 slot=167 txCount=0
150	beacon.log	payload_envelope	2026-09-05T01:33:08.525186392Z	27215	0x6856419067eae1ba1bd63c1f519dcff0c921b3363a5f202ea5f69c6ef429df41	15	0	0	[2026-09-05 01:33:08.52]  INFO blockchain: Payload envelope arrivedMs=7255 blobCount=0 blockRoot=0x6856419067eae1ba1bd63c1f519dcff0c921b3363a5f202ea5f69c6ef429df41 builderIndex=18446744073709551615 gasUsed=0 payloadBytes=853 slot=15 txCount=0
150	beacon.log	payload_envelope	2026-09-05T01:33:29.342578943Z	42392	0x4b07a2a4ef496b99e14601673b47caf145ce8834b57e2f365cb40c71b03e9857	16	0	0	[2026-09-05 01:33:29.34]  INFO blockchain: Payload envelope arrivedMs=15854 blobCount=0 blockRoot=0x4b07a2a4ef496b99e14601673b47caf145ce8834b57e2f365cb40c71b03e9857 builderIndex=18446744073709551615 gasUsed=0 payloadBytes=853 slot=16 txCount=0
150	beacon.log	payload_envelope	2026-09-05T01:33:32.578632480Z	45037	0x73aa6168fc7236fe9e1236011240c41d4956e571319d2cb4dc0e90676f5ed646	17	0	0	[2026-09-05 01:33:32.57]  INFO blockchain: Payload envelope arrivedMs=8388 blobCount=0 blockRoot=0x73aa6168fc7236fe9e1236011240c41d4956e571319d2cb4dc0e90676f5ed646 builderIndex=18446744073709551615 gasUsed=0 payloadBytes=838 slot=17 txCount=0
150	beacon.log	payload_envelope	2026-09-05T01:33:50.735876786Z	57379	0xd91ad8c6ede9322587c895c4d6d8122845a8339a69e8d795c87a9a443595365c	18	0	0	[2026-09-05 01:33:50.73]  INFO blockchain: Payload envelope arrivedMs=14467 blobCount=0 blockRoot=0xd91ad8c6ede9322587c895c4d6d8122845a8339a69e8d795c87a9a443595365c builderIndex=18446744073709551615 gasUsed=0 payloadBytes=838 slot=18 txCount=0
150	beacon.log	payload_envelope	2026-09-05T01:33:50.962867850Z	57622	0xd91ad8c6ede9322587c895c4d6d8122845a8339a69e8d795c87a9a443595365c	18	0	0	[2026-09-05 01:33:50.96]  INFO blockchain: Payload envelope arrivedMs=14784 blobCount=0 blockRoot=0xd91ad8c6ede9322587c895c4d6d8122845a8339a69e8d795c87a9a443595365c builderIndex=18446744073709551615 gasUsed=0 payloadBytes=838 slot=18 txCount=0
150	beacon.log	payload_envelope	2026-09-05T01:34:06.657126565Z	85028	0x8c623e1e437606a1b75307469b9f95ab4ac707c0d60727bb754842a8a04afb4c	20	0	0	[2026-09-05 01:34:06.65]  INFO blockchain: Payload envelope arrivedMs=6559 blobCount=0 blockRoot=0x8c623e1e437606a1b75307469b9f95ab4ac707c0d60727bb754842a8a04afb4c builderIndex=18446744073709551615 gasUsed=0 payloadBytes=838 slot=20 txCount=0
150	beacon.log	payload_envelope	2026-09-05T01:34:13.801072580Z	93297	0x6d950d16472c6ac6dbc0ec913b4c3ccfbd57955e687692ca59ac12bde7dbb419	21	0	0	[2026-09-05 01:34:13.80]  INFO blockchain: Payload envelope arrivedMs=1614 blobCount=0 blockRoot=0x6d950d16472c6ac6dbc0ec913b4c3ccfbd57955e687692ca59ac12bde7dbb419 builderIndex=18446744073709551615 gasUsed=0 payloadBytes=838 slot=21 txCount=0
150	beacon.log	payload_envelope	2026-09-05T01:34:26.137076668Z	110954	0xd30e21e5caff469131b6f219258ba4c1eee5bf52993190f9ac6d13b1580553ec	22	0	0	[2026-09-05 01:34:26.13]  INFO blockchain: Payload envelope arrivedMs=2119 blobCount=0 blockRoot=0xd30e21e5caff469131b6f219258ba4c1eee5bf52993190f9ac6d13b1580553ec builderIndex=18446744073709551615 gasUsed=0 payloadBytes=838 slot=22 txCount=0
150	beacon.log	payload_envelope	2026-09-05T01:34:37.950855867Z	124902	0x8905c800caeb676032d12191db928c3d9c47fcb2792e83fdfba1e59617112993	23	0	0	[2026-09-05 01:34:37.94]  INFO blockchain: Payload envelope arrivedMs=1934 blobCount=0 blockRoot=0x8905c800caeb676032d12191db928c3d9c47fcb2792e83fdfba1e59617112993 builderIndex=18446744073709551615 gasUsed=0 payloadBytes=838 slot=23 txCount=0
150	beacon.log	payload_envelope	2026-09-05T01:34:50.385185900Z	140007	0x63ded1dea4d10a23127b6ab613cc921e250d319c5fc57e85846b28c4682735b6	24	0	0	[2026-09-05 01:34:50.38]  INFO blockchain: Payload envelope arrivedMs=2372 blobCount=0 blockRoot=0x63ded1dea4d10a23127b6ab613cc921e250d319c5fc57e85846b28c4682735b6 builderIndex=18446744073709551615 gasUsed=0 payloadBytes=838 slot=24 txCount=0
150	beacon.log	payload_envelope	2026-09-05T01:35:01.018244569Z	144668	0x936578d5a63354b949159d4c4100bb97ddf380e1fe5c4edb2bc087d2a4a171c0	25	0	0	[2026-09-05 01:35:01.01]  INFO blockchain: Payload envelope arrivedMs=961 blobCount=0 blockRoot=0x936578d5a63354b949159d4c4100bb97ddf380e1fe5c4edb2bc087d2a4a171c0 builderIndex=18446744073709551615 gasUsed=0 payloadBytes=838 slot=25 txCount=0
150	beacon.log	payload_envelope	2026-09-05T01:35:14.607494354Z	162341	0xaafdddeee471f3873084ee40fe5910f0ec39ebc5004702beb8a8bf4e7789ebbf	26	0	0	[2026-09-05 01:35:14.60]  INFO blockchain: Payload envelope arrivedMs=2590 blobCount=0 blockRoot=0xaafdddeee471f3873084ee40fe5910f0ec39ebc5004702beb8a8bf4e7789ebbf builderIndex=18446744073709551615 gasUsed=0 payloadBytes=838 slot=26 txCount=0
150	beacon.log	payload_envelope	2026-09-05T01:35:25.066516968Z	168958	0x150aba8a7c07ad6e2e42802ffcf0d8882649398e01adbed9b7952a413bc1d707	27	0	0	[2026-09-05 01:35:25.06]  INFO blockchain: Payload envelope arrivedMs=1040 blobCount=0 blockRoot=0x150aba8a7c07ad6e2e42802ffcf0d8882649398e01adbed9b7952a413bc1d707 builderIndex=18446744073709551615 gasUsed=0 payloadBytes=838 slot=27 txCount=0
150	beacon.log	payload_envelope	2026-09-05T01:35:37.514455017Z	183689	0x68e13ddc2083f108a231b598324db60e4aee78d482e9eabdb35184725116d943	28	0	0	[2026-09-05 01:35:37.45]  INFO blockchain: Payload envelope arrivedMs=1208 blobCount=0 blockRoot=0x68e13ddc2083f108a231b598324db60e4aee78d482e9eabdb35184725116d943 builderIndex=18446744073709551615 gasUsed=0 payloadBytes=838 slot=28 txCount=0
150	beacon.log	payload_envelope	2026-09-05T01:35:49.288050314Z	196041	0x54501df3caace17ae717777b71f0726bc26aa5f8bff4a22b6849b7b3ff799438	29	0	0	[2026-09-05 01:35:49.28]  INFO blockchain: Payload envelope arrivedMs=1260 blobCount=0 blockRoot=0x54501df3caace17ae717777b71f0726bc26aa5f8bff4a22b6849b7b3ff799438 builderIndex=18446744073709551615 gasUsed=0 payloadBytes=838 slot=29 txCount=0
150	beacon.log	payload_envelope	2026-09-05T01:36:01.842001686Z	207025	0xb1525c7da628a8cb29178ccc5bc66d0741712dfc8addc0ea54ce7a2e61bc43f5	30	0	0	[2026-09-05 01:36:01.84]  INFO blockchain: Payload envelope arrivedMs=1778 blobCount=0 blockRoot=0xb1525c7da628a8cb29178ccc5bc66d0741712dfc8addc0ea54ce7a2e61bc43f5 builderIndex=18446744073709551615 gasUsed=0 payloadBytes=838 slot=30 txCount=0
150	beacon.log	payload_envelope	2026-09-05T01:36:13.360234641Z	217732	0xacbef2d5203a28ad560623f1f5f890555ec8bcccddb91519ccccd2a0327b329f	31	0	0	[2026-09-05 01:36:13.35]  INFO blockchain: Payload envelope arrivedMs=1313 blobCount=0 blockRoot=0xacbef2d5203a28ad560623f1f5f890555ec8bcccddb91519ccccd2a0327b329f builderIndex=18446744073709551615 gasUsed=0 payloadBytes=838 slot=31 txCount=0
150	beacon.log	payload_envelope	2026-09-05T01:36:27.007955681Z	233295	0x997f9537f08a8ec7ef736be49a8c49fb397a7e91c12e31136279ad630bf8b51b	32	0	0	[2026-09-05 01:36:27.00]  INFO blockchain: Payload envelope arrivedMs=2990 blobCount=0 blockRoot=0x997f9537f08a8ec7ef736be49a8c49fb397a7e91c12e31136279ad630bf8b51b builderIndex=18446744073709551615 gasUsed=0 payloadBytes=838 slot=32 txCount=0
150	beacon.log	payload_envelope	2026-09-05T01:36:39.899165786Z	249635	0x5716f7de9700d799de5a9c797632417604467d0272805bf688120ae61125b65b	33	0	0	[2026-09-05 01:36:39.89]  INFO blockchain: Payload envelope arrivedMs=3889 blobCount=0 blockRoot=0x5716f7de9700d799de5a9c797632417604467d0272805bf688120ae61125b65b builderIndex=18446744073709551615 gasUsed=0 payloadBytes=838 slot=33 txCount=0
150	beacon.log	payload_envelope	2026-09-05T01:36:52.535669229Z	263572	0x94c7cbff08f9753688fbf7536f878a175f211fbdbba59fa533a96744070c82c4	34	0	0	[2026-09-05 01:36:52.53]  INFO blockchain: Payload envelope arrivedMs=4528 blobCount=0 blockRoot=0x94c7cbff08f9753688fbf7536f878a175f211fbdbba59fa533a96744070c82c4 builderIndex=18446744073709551615 gasUsed=0 payloadBytes=838 slot=34 txCount=0
150	beacon.log	payload_envelope	2026-09-05T01:37:02.998441162Z	274823	0x0fd5b54bd6d71b7fa1a1b93d225825be30af886f339146bb1404e1df87fd0e35	35	0	0	[2026-09-05 01:37:02.99]  INFO blockchain: Payload envelope arrivedMs=2985 blobCount=0 blockRoot=0x0fd5b54bd6d71b7fa1a1b93d225825be30af886f339146bb1404e1df87fd0e35 builderIndex=18446744073709551615 gasUsed=0 payloadBytes=838 slot=35 txCount=0
150	beacon.log	payload_envelope	2026-09-05T01:37:13.730365969Z	285823	0x57a187b18fa37276a00a620fa5982886a94dd5e668b0bfc7f10fd7ce4ad272e9	36	0	0	[2026-09-05 01:37:13.72]  INFO blockchain: Payload envelope arrivedMs=1697 blobCount=0 blockRoot=0x57a187b18fa37276a00a620fa5982886a94dd5e668b0bfc7f10fd7ce4ad272e9 builderIndex=18446744073709551615 gasUsed=0 payloadBytes=838 slot=36 txCount=0
150	beacon.log	payload_envelope	2026-09-05T01:37:26.890205945Z	304081	0x95aac8bf760602860fc7b58a554cb5bdc86990a0d523ae3ec7f1eea190b15928	37	0	0	[2026-09-05 01:37:26.89]  INFO blockchain: Payload envelope arrivedMs=2877 blobCount=0 blockRoot=0x95aac8bf760602860fc7b58a554cb5bdc86990a0d523ae3ec7f1eea190b15928 builderIndex=18446744073709551615 gasUsed=0 payloadBytes=838 slot=37 txCount=0
150	beacon.log	payload_envelope	2026-09-05T01:37:38.057113035Z	314007	0xa84b6b17513a472736f99b053f3da8d139cbd7e8b07a5563e388143050b6c048	38	0	0	[2026-09-05 01:37:38.05]  INFO blockchain: Payload envelope arrivedMs=2029 blobCount=0 blockRoot=0xa84b6b17513a472736f99b053f3da8d139cbd7e8b07a5563e388143050b6c048 builderIndex=18446744073709551615 gasUsed=0 payloadBytes=838 slot=38 txCount=0
150	beacon.log	payload_envelope	2026-09-05T01:37:51.392175004Z	333788	0x90904ce7c5f001acd4247af743c069943947e703cb48bdddfa6ae653f2f53e96	39	0	0	[2026-09-05 01:37:51.39]  INFO blockchain: Payload envelope arrivedMs=3380 blobCount=0 blockRoot=0x90904ce7c5f001acd4247af743c069943947e703cb48bdddfa6ae653f2f53e96 builderIndex=18446744073709551615 gasUsed=0 payloadBytes=838 slot=39 txCount=0
150	beacon.log	payload_envelope	2026-09-05T01:38:02.052415899Z	342703	0xaa9aee7647fc73903ae1b4b5dd23d61e413c1bd202822128de37bc7072cae187	40	0	0	[2026-09-05 01:38:02.05]  INFO blockchain: Payload envelope arrivedMs=2004 blobCount=0 blockRoot=0xaa9aee7647fc73903ae1b4b5dd23d61e413c1bd202822128de37bc7072cae187 builderIndex=18446744073709551615 gasUsed=0 payloadBytes=838 slot=40 txCount=0
150	beacon.log	payload_envelope	2026-09-05T01:38:13.626780992Z	357384	0xe0aa8bece2b6855b0da2c8947bec576bf28b0b4df9e54ddb9780c000baf63c34	41	0	0	[2026-09-05 01:38:13.62]  INFO blockchain: Payload envelope arrivedMs=1598 blobCount=0 blockRoot=0xe0aa8bece2b6855b0da2c8947bec576bf28b0b4df9e54ddb9780c000baf63c34 builderIndex=18446744073709551615 gasUsed=0 payloadBytes=838 slot=41 txCount=0
150	beacon.log	payload_envelope	2026-09-05T01:38:26.400126707Z	375340	0x708bb9684e17be1d813aa52f02b73dc2a1f530f877f396af03a4a2e8ed50e12f	42	0	0	[2026-09-05 01:38:26.39]  INFO blockchain: Payload envelope arrivedMs=2347 blobCount=0 blockRoot=0x708bb9684e17be1d813aa52f02b73dc2a1f530f877f396af03a4a2e8ed50e12f builderIndex=18446744073709551615 gasUsed=0 payloadBytes=838 slot=42 txCount=0
150	beacon.log	payload_envelope	2026-09-05T01:38:37.926987390Z	388509	0x95a07846790bfb3facf72cc8f0d8b231dd9555eeb7f2c8e05596bda5f1fcbc58	43	0	0	[2026-09-05 01:38:37.92]  INFO blockchain: Payload envelope arrivedMs=1871 blobCount=0 blockRoot=0x95a07846790bfb3facf72cc8f0d8b231dd9555eeb7f2c8e05596bda5f1fcbc58 builderIndex=18446744073709551615 gasUsed=0 payloadBytes=838 slot=43 txCount=0
150	beacon.log	payload_envelope	2026-09-05T01:38:50.416582518Z	405540	0xfe60c97b1d25873d10b3dad4d7b986033d2f429fa88e70dc7b9581e7be29208f	44	0	0	[2026-09-05 01:38:50.39]  INFO blockchain: Payload envelope arrivedMs=2324 blobCount=0 blockRoot=0xfe60c97b1d25873d10b3dad4d7b986033d2f429fa88e70dc7b9581e7be29208f builderIndex=18446744073709551615 gasUsed=0 payloadBytes=838 slot=44 txCount=0
150	beacon.log	payload_envelope	2026-09-05T01:39:04.426840822Z	419514	0xdaeaa8f28a8b6fa56d4f70159675c3308b23072d8eefbb61a518b16f66a6a88a	45	0	0	[2026-09-05 01:39:04.42]  INFO blockchain: Payload envelope arrivedMs=4407 blobCount=0 blockRoot=0xdaeaa8f28a8b6fa56d4f70159675c3308b23072d8eefbb61a518b16f66a6a88a builderIndex=18446744073709551615 gasUsed=0 payloadBytes=838 slot=45 txCount=0
150	beacon.log	payload_envelope	2026-09-05T01:39:15.015634415Z	433565	0x031dbae215ad7b0f8d4211a3cff910f0142f4bd27fe7f46775007df899d45dc4	46	0	0	[2026-09-05 01:39:15.01]  INFO blockchain: Payload envelope arrivedMs=3006 blobCount=0 blockRoot=0x031dbae215ad7b0f8d4211a3cff910f0142f4bd27fe7f46775007df899d45dc4 builderIndex=18446744073709551615 gasUsed=0 payloadBytes=838 slot=46 txCount=0
150	beacon.log	payload_envelope	2026-09-05T01:39:25.333220025Z	441285	0x98466e96fd71f59dc35606a8a106f4246370ce20cfafcdf5f2285916bb3bf631	47	0	0	[2026-09-05 01:39:25.33]  INFO blockchain: Payload envelope arrivedMs=1313 blobCount=0 blockRoot=0x98466e96fd71f59dc35606a8a106f4246370ce20cfafcdf5f2285916bb3bf631 builderIndex=18446744073709551615 gasUsed=0 payloadBytes=838 slot=47 txCount=0
150	beacon.log	payload_envelope	2026-09-05T01:39:37.587499346Z	456215	0x0adb64fdd357d6a100be72c5cde01e071b9c7ad98499d22301c2c94b735d4768	48	0	0	[2026-09-05 01:39:37.58]  INFO blockchain: Payload envelope arrivedMs=1551 blobCount=0 blockRoot=0x0adb64fdd357d6a100be72c5cde01e071b9c7ad98499d22301c2c94b735d4768 builderIndex=18446744073709551615 gasUsed=0 payloadBytes=838 slot=48 txCount=0
150	beacon.log	payload_envelope	2026-09-05T01:39:49.828286289Z	473187	0x54428741af71bb3b2d2fcd79877f9061793145d74d064c042c9b1e50e232952e	49	0	0	[2026-09-05 01:39:49.82]  INFO blockchain: Payload envelope arrivedMs=1788 blobCount=0 blockRoot=0x54428741af71bb3b2d2fcd79877f9061793145d74d064c042c9b1e50e232952e builderIndex=18446744073709551615 gasUsed=0 payloadBytes=838 slot=49 txCount=0
150	beacon.log	payload_envelope	2026-09-05T01:40:04.304188966Z	491698	0x0777d67ee35ea3894f0d65152c30ffbe990b5ad102f13c88290cbfe1c6b99b27	50	0	0	[2026-09-05 01:40:04.30]  INFO blockchain: Payload envelope arrivedMs=4287 blobCount=0 blockRoot=0x0777d67ee35ea3894f0d65152c30ffbe990b5ad102f13c88290cbfe1c6b99b27 builderIndex=18446744073709551615 gasUsed=0 payloadBytes=838 slot=50 txCount=0
150	beacon.log	payload_envelope	2026-09-05T01:40:14.482810974Z	502351	0x87367018ac171eac8da11ef01d6ca055aaac5fed7e448517ed2c00ce2afc843a	51	0	0	[2026-09-05 01:40:14.48]  INFO blockchain: Payload envelope arrivedMs=2463 blobCount=0 blockRoot=0x87367018ac171eac8da11ef01d6ca055aaac5fed7e448517ed2c00ce2afc843a builderIndex=18446744073709551615 gasUsed=0 payloadBytes=838 slot=51 txCount=0
150	beacon.log	payload_envelope	2026-09-05T01:40:26.432188934Z	517653	0x53a4ca7aca1e145fcaaa539dd2ee1d22a2ebfe3bb05b0356d4ffd706b90dbe95	52	0	0	[2026-09-05 01:40:26.43]  INFO blockchain: Payload envelope arrivedMs=2373 blobCount=0 blockRoot=0x53a4ca7aca1e145fcaaa539dd2ee1d22a2ebfe3bb05b0356d4ffd706b90dbe95 builderIndex=18446744073709551615 gasUsed=0 payloadBytes=838 slot=52 txCount=0
150	beacon.log	payload_envelope	2026-09-05T01:40:38.422049771Z	533556	0xfe4d916cae7358428d456093a49b03d06a9e7ea23fddd55f42410ff3f6ec3c93	53	0	0	[2026-09-05 01:40:38.42]  INFO blockchain: Payload envelope arrivedMs=2409 blobCount=0 blockRoot=0xfe4d916cae7358428d456093a49b03d06a9e7ea23fddd55f42410ff3f6ec3c93 builderIndex=18446744073709551615 gasUsed=0 payloadBytes=838 slot=53 txCount=0
150	beacon.log	payload_envelope	2026-09-05T01:40:50.219638603Z	546294	0x1e9777218f0f8e45f1c23095f96677bd501999d7da6061244a121029815f4d0d	54	0	0	[2026-09-05 01:40:50.21]  INFO blockchain: Payload envelope arrivedMs=2187 blobCount=0 blockRoot=0x1e9777218f0f8e45f1c23095f96677bd501999d7da6061244a121029815f4d0d builderIndex=18446744073709551615 gasUsed=0 payloadBytes=838 slot=54 txCount=0
150	beacon.log	payload_envelope	2026-09-05T01:41:03.116076815Z	562786	0x202232f4edcae4def3403c044cb8fa93846ec8afa3c3cdc037e58bd70e23b060	55	0	0	[2026-09-05 01:41:03.11]  INFO blockchain: Payload envelope arrivedMs=3101 blobCount=0 blockRoot=0x202232f4edcae4def3403c044cb8fa93846ec8afa3c3cdc037e58bd70e23b060 builderIndex=18446744073709551615 gasUsed=0 payloadBytes=838 slot=55 txCount=0
150	beacon.log	payload_envelope	2026-09-05T01:41:14.193598444Z	571260	0x08a3a5ea44e72baaa81531a869debfc8f5b423190ae40f6d862788de1992f338	56	0	0	[2026-09-05 01:41:14.19]  INFO blockchain: Payload envelope arrivedMs=2141 blobCount=0 blockRoot=0x08a3a5ea44e72baaa81531a869debfc8f5b423190ae40f6d862788de1992f338 builderIndex=18446744073709551615 gasUsed=0 payloadBytes=838 slot=56 txCount=0
150	beacon.log	payload_envelope	2026-09-05T01:41:26.406131795Z	587988	0x28289a8f5e4bd49ce8735eaf964fe00b17d1ad61f7744ae6eca1abef3b915e10	57	0	0	[2026-09-05 01:41:26.40]  INFO blockchain: Payload envelope arrivedMs=2371 blobCount=0 blockRoot=0x28289a8f5e4bd49ce8735eaf964fe00b17d1ad61f7744ae6eca1abef3b915e10 builderIndex=18446744073709551615 gasUsed=0 payloadBytes=838 slot=57 txCount=0
150	beacon.log	payload_envelope	2026-09-05T01:41:38.083573866Z	602872	0xd7c2c6a72d4ab701eced025f71d9e7d6a5eae17bd1802c01686fa5d0d25b5e02	58	0	0	[2026-09-05 01:41:38.08]  INFO blockchain: Payload envelope arrivedMs=2056 blobCount=0 blockRoot=0xd7c2c6a72d4ab701eced025f71d9e7d6a5eae17bd1802c01686fa5d0d25b5e02 builderIndex=18446744073709551615 gasUsed=0 payloadBytes=838 slot=58 txCount=0
150	beacon.log	payload_envelope	2026-09-05T01:41:50.854520594Z	619252	0x205a49382c082b01e876835cf0aebada208046f377992f531eb77969e10908ea	59	0	0	[2026-09-05 01:41:50.85]  INFO blockchain: Payload envelope arrivedMs=2845 blobCount=0 blockRoot=0x205a49382c082b01e876835cf0aebada208046f377992f531eb77969e10908ea builderIndex=18446744073709551615 gasUsed=0 payloadBytes=838 slot=59 txCount=0
150	beacon.log	payload_envelope	2026-09-05T01:42:02.697539140Z	629761	0x50f5093ae3deca4224d96fb575cd0225bbe8351be878370e9ca4d3b5f42d0c87	60	0	0	[2026-09-05 01:42:02.69]  INFO blockchain: Payload envelope arrivedMs=2670 blobCount=0 blockRoot=0x50f5093ae3deca4224d96fb575cd0225bbe8351be878370e9ca4d3b5f42d0c87 builderIndex=18446744073709551615 gasUsed=0 payloadBytes=838 slot=60 txCount=0
150	beacon.log	payload_envelope	2026-09-05T01:42:14.381003575Z	643772	0x8eaca2d764b1dcf261cf144aaac2494896f6d402c6da1567c72de00bac08a106	61	0	0	[2026-09-05 01:42:14.38]  INFO blockchain: Payload envelope arrivedMs=2371 blobCount=0 blockRoot=0x8eaca2d764b1dcf261cf144aaac2494896f6d402c6da1567c72de00bac08a106 builderIndex=18446744073709551615 gasUsed=0 payloadBytes=838 slot=61 txCount=0
150	beacon.log	payload_envelope	2026-09-05T01:42:26.897483490Z	655194	0x501b6adf3fad1cc679729a985cc1d3fcb2792e40cc1781686804403aaae66854	62	0	0	[2026-09-05 01:42:26.89]  INFO blockchain: Payload envelope arrivedMs=2887 blobCount=0 blockRoot=0x501b6adf3fad1cc679729a985cc1d3fcb2792e40cc1781686804403aaae66854 builderIndex=18446744073709551615 gasUsed=0 payloadBytes=838 slot=62 txCount=0
150	beacon.log	payload_envelope	2026-09-05T01:42:37.831275235Z	664805	0xde60dc9e0a94e4c0334d673e696c091b4363a278331febb32b4b7f66ddc8a2ff	63	0	0	[2026-09-05 01:42:37.83]  INFO blockchain: Payload envelope arrivedMs=1805 blobCount=0 blockRoot=0xde60dc9e0a94e4c0334d673e696c091b4363a278331febb32b4b7f66ddc8a2ff builderIndex=18446744073709551615 gasUsed=0 payloadBytes=838 slot=63 txCount=0
150	beacon.log	payload_envelope	2026-09-05T01:42:51.185966552Z	680765	0x6f4707037e193b2859e47714097e57556529e8bf2657aaf2ef89c0784e02fa40	64	0	0	[2026-09-05 01:42:51.18]  INFO blockchain: Payload envelope arrivedMs=3176 blobCount=0 blockRoot=0x6f4707037e193b2859e47714097e57556529e8bf2657aaf2ef89c0784e02fa40 builderIndex=18446744073709551615 gasUsed=0 payloadBytes=838 slot=64 txCount=0
150	beacon.log	payload_envelope	2026-09-05T01:43:04.096076614Z	695087	0x2dea83a13ad577e6e4c1d2a9bddfcb6d0b5cc178cf90f9c488040fa68a657884	65	0	0	[2026-09-05 01:43:04.09]  INFO blockchain: Payload envelope arrivedMs=4079 blobCount=0 blockRoot=0x2dea83a13ad577e6e4c1d2a9bddfcb6d0b5cc178cf90f9c488040fa68a657884 builderIndex=18446744073709551615 gasUsed=0 payloadBytes=838 slot=65 txCount=0
150	beacon.log	payload_envelope	2026-09-05T01:43:14.464178630Z	706540	0xdd7086fd041a2f9807f41e5aca42928cfa17e32cff09f21ac942e0f68e2e16b4	66	0	0	[2026-09-05 01:43:14.46]  INFO blockchain: Payload envelope arrivedMs=2442 blobCount=0 blockRoot=0xdd7086fd041a2f9807f41e5aca42928cfa17e32cff09f21ac942e0f68e2e16b4 builderIndex=18446744073709551615 gasUsed=0 payloadBytes=838 slot=66 txCount=0
150	beacon.log	payload_envelope	2026-09-05T01:43:28.887919097Z	722713	0x870e50e43b7793efb470bc915cf37b7e70a98d2f03c884b29505c881fd37b0b5	67	0	0	[2026-09-05 01:43:28.88]  INFO blockchain: Payload envelope arrivedMs=4881 blobCount=0 blockRoot=0x870e50e43b7793efb470bc915cf37b7e70a98d2f03c884b29505c881fd37b0b5 builderIndex=18446744073709551615 gasUsed=0 payloadBytes=838 slot=67 txCount=0
150	beacon.log	payload_envelope	2026-09-05T01:43:44.216734954Z	735806	0xbcf13400fa8261ada75b7fdee5aa9360c77427d33676caa6cebebd10375e07a0	68	0	0	[2026-09-05 01:43:44.21]  INFO blockchain: Payload envelope arrivedMs=8195 blobCount=0 blockRoot=0xbcf13400fa8261ada75b7fdee5aa9360c77427d33676caa6cebebd10375e07a0 builderIndex=18446744073709551615 gasUsed=0 payloadBytes=838 slot=68 txCount=0
150	beacon.log	payload_envelope	2026-09-05T01:43:51.189304544Z	749688	0xcf463de934eda0dea542f4dbceaa587867e45ea0cb7b2513e3ee5fde3e858f8f	69	0	0	[2026-09-05 01:43:51.18]  INFO blockchain: Payload envelope arrivedMs=3179 blobCount=0 blockRoot=0xcf463de934eda0dea542f4dbceaa587867e45ea0cb7b2513e3ee5fde3e858f8f builderIndex=18446744073709551615 gasUsed=0 payloadBytes=838 slot=69 txCount=0
150	beacon.log	payload_envelope	2026-09-05T01:44:05.125426175Z	763278	0x061a13a3a48e0a186b4332425c4aaf198345cc9b17b2a3a732a0e310615948ce	70	0	0	[2026-09-05 01:44:05.12]  INFO blockchain: Payload envelope arrivedMs=5118 blobCount=0 blockRoot=0x061a13a3a48e0a186b4332425c4aaf198345cc9b17b2a3a732a0e310615948ce builderIndex=18446744073709551615 gasUsed=0 payloadBytes=838 slot=70 txCount=0
150	beacon.log	payload_envelope	2026-09-05T01:44:14.886956897Z	777814	0x27ed14b32ec0cad8a17de7ad8b640965144aaf31d5ffdf3bdb0737067934bdee	71	0	0	[2026-09-05 01:44:14.88]  INFO blockchain: Payload envelope arrivedMs=2877 blobCount=0 blockRoot=0x27ed14b32ec0cad8a17de7ad8b640965144aaf31d5ffdf3bdb0737067934bdee builderIndex=18446744073709551615 gasUsed=0 payloadBytes=838 slot=71 txCount=0
150	beacon.log	payload_envelope	2026-09-05T01:44:25.183955704Z	783931	0x8b985c2c4f1f12adf02761fdd1d5459afcc9cb2d2b583f1635ac1ccd1eb83734	72	0	0	[2026-09-05 01:44:25.18]  INFO blockchain: Payload envelope arrivedMs=1161 blobCount=0 blockRoot=0x8b985c2c4f1f12adf02761fdd1d5459afcc9cb2d2b583f1635ac1ccd1eb83734 builderIndex=18446744073709551615 gasUsed=0 payloadBytes=838 slot=72 txCount=0
150	beacon.log	payload_envelope	2026-09-05T01:44:38.974148924Z	806771	0xcc2b6cca7b10cd85f06aeaea3ed86011aba0f6a45b7cabf6caecd89b94bf7eb9	73	0	0	[2026-09-05 01:44:38.97]  INFO blockchain: Payload envelope arrivedMs=2961 blobCount=0 blockRoot=0xcc2b6cca7b10cd85f06aeaea3ed86011aba0f6a45b7cabf6caecd89b94bf7eb9 builderIndex=18446744073709551615 gasUsed=0 payloadBytes=838 slot=73 txCount=0
150	beacon.log	payload_envelope	2026-09-05T01:44:54.478587076Z	821840	0x07030f26644df757ba0903baf46dbb2bb32234f5ae78366bbeffeedde9b3ba5e	74	0	0	[2026-09-05 01:44:54.47]  INFO blockchain: Payload envelope arrivedMs=6471 blobCount=0 blockRoot=0x07030f26644df757ba0903baf46dbb2bb32234f5ae78366bbeffeedde9b3ba5e builderIndex=18446744073709551615 gasUsed=0 payloadBytes=838 slot=74 txCount=0
150	beacon.log	payload_envelope	2026-09-05T01:45:05.132370908Z	837046	0x7f4ba2ae660888c8b6d163897b4ec961482374cb373170a29b276224dddbff31	75	0	0	[2026-09-05 01:45:05.13]  INFO blockchain: Payload envelope arrivedMs=5121 blobCount=0 blockRoot=0x7f4ba2ae660888c8b6d163897b4ec961482374cb373170a29b276224dddbff31 builderIndex=18446744073709551615 gasUsed=0 payloadBytes=838 slot=75 txCount=0
150	beacon.log	payload_envelope	2026-09-05T01:45:17.187938853Z	850428	0xbf4c3bff7aa8243f58fdd3c001adf14a4c62d4c71714cebbf41f41e10508d0c0	76	0	0	[2026-09-05 01:45:17.18]  INFO blockchain: Payload envelope arrivedMs=5177 blobCount=0 blockRoot=0xbf4c3bff7aa8243f58fdd3c001adf14a4c62d4c71714cebbf41f41e10508d0c0 builderIndex=18446744073709551615 gasUsed=0 payloadBytes=838 slot=76 txCount=0
150	beacon.log	payload_envelope	2026-09-05T01:45:25.800245046Z	859466	0x9b0e991df5f9b4234b5659ef77253d72072a7eef0a3824cb516e352f8b8f2968	77	0	0	[2026-09-05 01:45:25.80]  INFO blockchain: Payload envelope arrivedMs=1576 blobCount=0 blockRoot=0x9b0e991df5f9b4234b5659ef77253d72072a7eef0a3824cb516e352f8b8f2968 builderIndex=18446744073709551615 gasUsed=0 payloadBytes=838 slot=77 txCount=0
150	beacon.log	payload_envelope	2026-09-05T01:45:40.860881488Z	878002	0x1fcdf7a1179abef01270d268ce3be0b5bd3fdd0858c7f781fbd8d348a2215330	78	0	0	[2026-09-05 01:45:40.86]  INFO blockchain: Payload envelope arrivedMs=4852 blobCount=0 blockRoot=0x1fcdf7a1179abef01270d268ce3be0b5bd3fdd0858c7f781fbd8d348a2215330 builderIndex=18446744073709551615 gasUsed=0 payloadBytes=838 slot=78 txCount=0
150	beacon.log	payload_envelope	2026-09-05T01:45:50.221144313Z	888516	0x6cf77cacb12b2e9565f5e60d85ff44d000dd2651ae42425859ddf8804f69a741	79	0	0	[2026-09-05 01:45:50.22]  INFO blockchain: Payload envelope arrivedMs=1922 blobCount=0 blockRoot=0x6cf77cacb12b2e9565f5e60d85ff44d000dd2651ae42425859ddf8804f69a741 builderIndex=18446744073709551615 gasUsed=0 payloadBytes=838 slot=79 txCount=0
150	beacon.log	payload_envelope	2026-09-05T01:46:02.059261705Z	901743	0xa1dbc64868cd2d9275b6316f2300bb49ab615919ae9269778aaa6cd76154d89d	80	0	0	[2026-09-05 01:46:02.05]  INFO blockchain: Payload envelope arrivedMs=1858 blobCount=0 blockRoot=0xa1dbc64868cd2d9275b6316f2300bb49ab615919ae9269778aaa6cd76154d89d builderIndex=18446744073709551615 gasUsed=0 payloadBytes=838 slot=80 txCount=0
150	beacon.log	payload_envelope	2026-09-05T01:46:16.349341527Z	920803	0xec192d9e8b421a1dc6781052e8747afed6ed99424f5123fe6b418b8a6ce94d56	81	0	0	[2026-09-05 01:46:16.34]  INFO blockchain: Payload envelope arrivedMs=4341 blobCount=0 blockRoot=0xec192d9e8b421a1dc6781052e8747afed6ed99424f5123fe6b418b8a6ce94d56 builderIndex=18446744073709551615 gasUsed=0 payloadBytes=838 slot=81 txCount=0
150	beacon.log	payload_envelope	2026-09-05T01:46:27.339635991Z	935466	0x6f8acdbaf2daea11e6cffe9af1c6c7db3605ea9c82c7ca09a8f924a780325462	82	0	0	[2026-09-05 01:46:27.33]  INFO blockchain: Payload envelope arrivedMs=3328 blobCount=0 blockRoot=0x6f8acdbaf2daea11e6cffe9af1c6c7db3605ea9c82c7ca09a8f924a780325462 builderIndex=18446744073709551615 gasUsed=0 payloadBytes=838 slot=82 txCount=0
150	beacon.log	payload_envelope	2026-09-05T01:46:37.291151008Z	943147	0x291a139865ba7acbef2fbe6009a58b5d3e97498bb582b5660dc4e8fad7b2576d	83	0	0	[2026-09-05 01:46:37.29]  INFO blockchain: Payload envelope arrivedMs=1283 blobCount=0 blockRoot=0x291a139865ba7acbef2fbe6009a58b5d3e97498bb582b5660dc4e8fad7b2576d builderIndex=18446744073709551615 gasUsed=0 payloadBytes=838 slot=83 txCount=0
150	beacon.log	payload_envelope	2026-09-05T01:46:49.824041886Z	961463	0xc8627db11a7f3e8a3d2cd3de69c729d0017c6c60323d8b07f119a9c3ae32de91	84	0	0	[2026-09-05 01:46:49.82]  INFO blockchain: Payload envelope arrivedMs=1767 blobCount=0 blockRoot=0xc8627db11a7f3e8a3d2cd3de69c729d0017c6c60323d8b07f119a9c3ae32de91 builderIndex=18446744073709551615 gasUsed=0 payloadBytes=838 slot=84 txCount=0
150	beacon.log	payload_envelope	2026-09-05T01:47:01.371371920Z	971409	0xc83c96d48fa7061dd696b0df7a241996d55d3761594ee0fc4d7eddd92cad15ef	85	0	0	[2026-09-05 01:47:01.37]  INFO blockchain: Payload envelope arrivedMs=1319 blobCount=0 blockRoot=0xc83c96d48fa7061dd696b0df7a241996d55d3761594ee0fc4d7eddd92cad15ef builderIndex=18446744073709551615 gasUsed=0 payloadBytes=838 slot=85 txCount=0
150	beacon.log	payload_envelope	2026-09-05T01:47:13.911654944Z	988536	0xe43b82f629dda0866547e43f59629ea31f4240524253df1bde6874cc60d9f444	86	0	0	[2026-09-05 01:47:13.91]  INFO blockchain: Payload envelope arrivedMs=1882 blobCount=0 blockRoot=0xe43b82f629dda0866547e43f59629ea31f4240524253df1bde6874cc60d9f444 builderIndex=18446744073709551615 gasUsed=0 payloadBytes=838 slot=86 txCount=0
150	beacon.log	payload_envelope	2026-09-05T01:47:26.986150068Z	1008086	0x4164585b410e66f98ca23a72c749791ab466665e08c338d65aeaafe0e053de34	87	0	0	[2026-09-05 01:47:26.98]  INFO blockchain: Payload envelope arrivedMs=2976 blobCount=0 blockRoot=0x4164585b410e66f98ca23a72c749791ab466665e08c338d65aeaafe0e053de34 builderIndex=18446744073709551615 gasUsed=0 payloadBytes=838 slot=87 txCount=0
150	beacon.log	payload_envelope	2026-09-05T01:47:38.460666977Z	1019277	0x224521a9082cbb1aff08b0bf1a3134db926aec085a73f3dae04d1de2073cb631	88	0	0	[2026-09-05 01:47:38.46]  INFO blockchain: Payload envelope arrivedMs=2415 blobCount=0 blockRoot=0x224521a9082cbb1aff08b0bf1a3134db926aec085a73f3dae04d1de2073cb631 builderIndex=18446744073709551615 gasUsed=0 payloadBytes=838 slot=88 txCount=0
150	beacon.log	payload_envelope	2026-09-05T01:47:49.735666622Z	1032280	0x4b6290c2fc4a88a1a520437bf4791e7b49b1afba14ab10094edd8314215881a3	89	0	0	[2026-09-05 01:47:49.73]  INFO blockchain: Payload envelope arrivedMs=1720 blobCount=0 blockRoot=0x4b6290c2fc4a88a1a520437bf4791e7b49b1afba14ab10094edd8314215881a3 builderIndex=18446744073709551615 gasUsed=0 payloadBytes=838 slot=89 txCount=0
150	beacon.log	payload_envelope	2026-09-05T01:48:01.818865599Z	1044781	0x7b609d078b5fe84889cd4d55cbdb1dce39842760ece749b01b05943e5f93f23a	90	0	0	[2026-09-05 01:48:01.81]  INFO blockchain: Payload envelope arrivedMs=1694 blobCount=0 blockRoot=0x7b609d078b5fe84889cd4d55cbdb1dce39842760ece749b01b05943e5f93f23a builderIndex=18446744073709551615 gasUsed=0 payloadBytes=838 slot=90 txCount=0
150	beacon.log	payload_envelope	2026-09-05T01:48:13.164025873Z	1056825	0x32f6ce40af3f91455d0a6bacfb17c6b49b8cc7d4249f77c994828b09bcde108a	91	0	0	[2026-09-05 01:48:13.16]  INFO blockchain: Payload envelope arrivedMs=1135 blobCount=0 blockRoot=0x32f6ce40af3f91455d0a6bacfb17c6b49b8cc7d4249f77c994828b09bcde108a builderIndex=18446744073709551615 gasUsed=0 payloadBytes=838 slot=91 txCount=0
150	beacon.log	payload_envelope	2026-09-05T01:48:26.152818697Z	1076451	0xbd3087a87d2ce719d2523f4f7dec64af872539b649c0133de27387bae0b78a1c	92	0	0	[2026-09-05 01:48:26.15]  INFO blockchain: Payload envelope arrivedMs=2069 blobCount=0 blockRoot=0xbd3087a87d2ce719d2523f4f7dec64af872539b649c0133de27387bae0b78a1c builderIndex=18446744073709551615 gasUsed=0 payloadBytes=838 slot=92 txCount=0
150	beacon.log	payload_envelope	2026-09-05T01:48:38.212914697Z	1091524	0x119a0ad33fdb21d76a54e0101e161638d5b8ea1b47808ecd466ba2621f81ae26	93	0	0	[2026-09-05 01:48:38.21]  INFO blockchain: Payload envelope arrivedMs=2202 blobCount=0 blockRoot=0x119a0ad33fdb21d76a54e0101e161638d5b8ea1b47808ecd466ba2621f81ae26 builderIndex=18446744073709551615 gasUsed=0 payloadBytes=838 slot=93 txCount=0
150	beacon.log	payload_envelope	2026-09-05T01:48:49.468304314Z	1099171	0x450c2bf1e8998f40e7956095a516cdb96d884f18bf31198dfde0ed4ce50473c7	94	0	0	[2026-09-05 01:48:49.46]  INFO blockchain: Payload envelope arrivedMs=1445 blobCount=0 blockRoot=0x450c2bf1e8998f40e7956095a516cdb96d884f18bf31198dfde0ed4ce50473c7 builderIndex=18446744073709551615 gasUsed=0 payloadBytes=838 slot=94 txCount=0
150	beacon.log	payload_envelope	2026-09-05T01:49:01.680655530Z	1109243	0x595be2077870ad666af56db86ddc3de6cdf4d90cf418384c711312e8176385c0	95	0	0	[2026-09-05 01:49:01.68]  INFO blockchain: Payload envelope arrivedMs=1657 blobCount=0 blockRoot=0x595be2077870ad666af56db86ddc3de6cdf4d90cf418384c711312e8176385c0 builderIndex=18446744073709551615 gasUsed=0 payloadBytes=838 slot=95 txCount=0
150	beacon.log	payload_envelope	2026-09-05T01:49:14.864953233Z	1122970	0xc3da59207794daa351ec2af7830805288c79cb20f717f2f527d0b8f0eb537237	96	0	0	[2026-09-05 01:49:14.86]  INFO blockchain: Payload envelope arrivedMs=2854 blobCount=0 blockRoot=0xc3da59207794daa351ec2af7830805288c79cb20f717f2f527d0b8f0eb537237 builderIndex=18446744073709551615 gasUsed=0 payloadBytes=838 slot=96 txCount=0
150	beacon.log	payload_envelope	2026-09-05T01:49:28.268724776Z	1136207	0x3331f5a69652649750d783a604c4ca30ce3aa0ce6eede67ccea89771afb08df5	97	0	0	[2026-09-05 01:49:28.26]  INFO blockchain: Payload envelope arrivedMs=4260 blobCount=0 blockRoot=0x3331f5a69652649750d783a604c4ca30ce3aa0ce6eede67ccea89771afb08df5 builderIndex=18446744073709551615 gasUsed=0 payloadBytes=838 slot=97 txCount=0
150	beacon.log	payload_envelope	2026-09-05T01:49:37.946300913Z	1144869	0xddbe5696ef426e3fe576bbbecbcfef6353c195c2fcad079fb2e73856f0836075	98	0	0	[2026-09-05 01:49:37.94]  INFO blockchain: Payload envelope arrivedMs=1823 blobCount=0 blockRoot=0xddbe5696ef426e3fe576bbbecbcfef6353c195c2fcad079fb2e73856f0836075 builderIndex=18446744073709551615 gasUsed=0 payloadBytes=838 slot=98 txCount=0
150	beacon.log	payload_envelope	2026-09-05T01:49:50.032918955Z	1162731	0x4059d3fba97aed35f8b821796903914a723def0f5c067e4c7203c2623d2a0f2a	99	0	0	[2026-09-05 01:49:50.03]  INFO blockchain: Payload envelope arrivedMs=2013 blobCount=0 blockRoot=0x4059d3fba97aed35f8b821796903914a723def0f5c067e4c7203c2623d2a0f2a builderIndex=18446744073709551615 gasUsed=0 payloadBytes=838 slot=99 txCount=0
150	beacon.log	payload_envelope	2026-09-05T01:50:04.806178227Z	1179108	0x2cc54f75db77de24d141412d4e25421cb62260c262d474492f6903cb198a034a	100	0	0	[2026-09-05 01:50:04.80]  INFO blockchain: Payload envelope arrivedMs=4792 blobCount=0 blockRoot=0x2cc54f75db77de24d141412d4e25421cb62260c262d474492f6903cb198a034a builderIndex=18446744073709551615 gasUsed=0 payloadBytes=838 slot=100 txCount=0
150	beacon.log	payload_envelope	2026-09-05T01:50:16.998020104Z	1191738	0xa9ec98f85f1328a8b1290568f2270cde08bd842d0b9b7f9c99767ffc98ffe8d2	101	0	0	[2026-09-05 01:50:16.99]  INFO blockchain: Payload envelope arrivedMs=4989 blobCount=0 blockRoot=0xa9ec98f85f1328a8b1290568f2270cde08bd842d0b9b7f9c99767ffc98ffe8d2 builderIndex=18446744073709551615 gasUsed=0 payloadBytes=838 slot=101 txCount=0
150	beacon.log	payload_envelope	2026-09-05T01:50:25.646864886Z	1200109	0xfa5d509a9f8af9d9ab5cdadcbc51a6994ab27828cb7094c1d06fb469314dc99f	102	0	0	[2026-09-05 01:50:25.64]  INFO blockchain: Payload envelope arrivedMs=1618 blobCount=0 blockRoot=0xfa5d509a9f8af9d9ab5cdadcbc51a6994ab27828cb7094c1d06fb469314dc99f builderIndex=18446744073709551615 gasUsed=0 payloadBytes=838 slot=102 txCount=0
150	beacon.log	payload_envelope	2026-09-05T01:50:37.077009650Z	1209911	0x611a8f2cbf196f99b16f1e8ef14f0b0054a22e5c8f1dfef7fca566d5a7df92f4	103	0	0	[2026-09-05 01:50:37.07]  INFO blockchain: Payload envelope arrivedMs=1053 blobCount=0 blockRoot=0x611a8f2cbf196f99b16f1e8ef14f0b0054a22e5c8f1dfef7fca566d5a7df92f4 builderIndex=18446744073709551615 gasUsed=0 payloadBytes=838 slot=103 txCount=0
150	beacon.log	payload_envelope	2026-09-05T01:50:49.750618595Z	1228516	0xeb187de1dc8753c242d33810dbd495e34d939f559b49e00bf141470d804e7aae	104	0	0	[2026-09-05 01:50:49.75]  INFO blockchain: Payload envelope arrivedMs=1714 blobCount=0 blockRoot=0xeb187de1dc8753c242d33810dbd495e34d939f559b49e00bf141470d804e7aae builderIndex=18446744073709551615 gasUsed=0 payloadBytes=838 slot=104 txCount=0
150	beacon.log	payload_envelope	2026-09-05T01:51:04.032564010Z	1246613	0xcd77c82f45223e930c5722b21162db12fe449e0ef8ec26d01a350cc42cc5765f	105	0	0	[2026-09-05 01:51:04.03]  INFO blockchain: Payload envelope arrivedMs=4024 blobCount=0 blockRoot=0xcd77c82f45223e930c5722b21162db12fe449e0ef8ec26d01a350cc42cc5765f builderIndex=18446744073709551615 gasUsed=0 payloadBytes=838 slot=105 txCount=0
150	beacon.log	payload_envelope	2026-09-05T01:51:13.327961406Z	1253676	0x640b2eaa3b8c9c8d9a551e5c227c8b703ce2cc767482f617ba3fa3f5aaf7f223	106	0	0	[2026-09-05 01:51:13.32]  INFO blockchain: Payload envelope arrivedMs=1269 blobCount=0 blockRoot=0x640b2eaa3b8c9c8d9a551e5c227c8b703ce2cc767482f617ba3fa3f5aaf7f223 builderIndex=18446744073709551615 gasUsed=0 payloadBytes=838 slot=106 txCount=0
150	beacon.log	payload_envelope	2026-09-05T01:51:25.671545324Z	1269098	0x4c0f435e846b667914fcb99b6a94bbf6c0737b403554c14e84b984ccd4297c88	107	0	0	[2026-09-05 01:51:25.67]  INFO blockchain: Payload envelope arrivedMs=1641 blobCount=0 blockRoot=0x4c0f435e846b667914fcb99b6a94bbf6c0737b403554c14e84b984ccd4297c88 builderIndex=18446744073709551615 gasUsed=0 payloadBytes=838 slot=107 txCount=0
150	beacon.log	payload_envelope	2026-09-05T01:51:38.032106101Z	1289177	0x4089c120c8455c58ef9cba4466bbbfa375c45b8b2140b3217473c485924f0609	108	0	0	[2026-09-05 01:51:38.03]  INFO blockchain: Payload envelope arrivedMs=2021 blobCount=0 blockRoot=0x4089c120c8455c58ef9cba4466bbbfa375c45b8b2140b3217473c485924f0609 builderIndex=18446744073709551615 gasUsed=0 payloadBytes=838 slot=108 txCount=0
150	beacon.log	payload_envelope	2026-09-05T01:51:49.361800098Z	1297155	0x8f96234662054009eec13bbb947380f216ed40e5fa3b685e92d5a57da9b4802d	109	0	0	[2026-09-05 01:51:49.36]  INFO blockchain: Payload envelope arrivedMs=1329 blobCount=0 blockRoot=0x8f96234662054009eec13bbb947380f216ed40e5fa3b685e92d5a57da9b4802d builderIndex=18446744073709551615 gasUsed=0 payloadBytes=838 slot=109 txCount=0
150	beacon.log	payload_envelope	2026-09-05T01:52:03.798427259Z	1317236	0xf287cca39adc7e69ca3916a27edcfb2a163627e31989222d1318d902838816de	110	0	0	[2026-09-05 01:52:03.79]  INFO blockchain: Payload envelope arrivedMs=3788 blobCount=0 blockRoot=0xf287cca39adc7e69ca3916a27edcfb2a163627e31989222d1318d902838816de builderIndex=18446744073709551615 gasUsed=0 payloadBytes=838 slot=110 txCount=0
150	beacon.log	payload_envelope	2026-09-05T01:52:13.293641406Z	1323025	0x700efb28069d9c24d9cf1213b1f92a67b7b18e65e8a95a18d88d9109f76000b7	111	0	0	[2026-09-05 01:52:13.29]  INFO blockchain: Payload envelope arrivedMs=1264 blobCount=0 blockRoot=0x700efb28069d9c24d9cf1213b1f92a67b7b18e65e8a95a18d88d9109f76000b7 builderIndex=18446744073709551615 gasUsed=0 payloadBytes=838 slot=111 txCount=0
150	beacon.log	payload_envelope	2026-09-05T01:52:26.456619842Z	1341483	0xa5f27ae11b2d73f8d0b2df93312b0c7e2c5e6e9f15adb1c3654f4dc0e9f4cabe	112	0	0	[2026-09-05 01:52:26.45]  INFO blockchain: Payload envelope arrivedMs=2437 blobCount=0 blockRoot=0xa5f27ae11b2d73f8d0b2df93312b0c7e2c5e6e9f15adb1c3654f4dc0e9f4cabe builderIndex=18446744073709551615 gasUsed=0 payloadBytes=838 slot=112 txCount=0
150	beacon.log	payload_envelope	2026-09-05T01:52:39.945005468Z	1356845	0xfed2295d010f072262e492777253d1c85261e633fa370f82bd7de0002bfa94b0	113	0	0	[2026-09-05 01:52:39.94]  INFO blockchain: Payload envelope arrivedMs=3938 blobCount=0 blockRoot=0xfed2295d010f072262e492777253d1c85261e633fa370f82bd7de0002bfa94b0 builderIndex=18446744073709551615 gasUsed=0 payloadBytes=838 slot=113 txCount=0
150	beacon.log	payload_envelope	2026-09-05T01:52:49.828788525Z	1367717	0x66c93c60b14fe57e8261ba3b3e16f274af7dda2d53869968670d6782e0650655	114	0	0	[2026-09-05 01:52:49.82]  INFO blockchain: Payload envelope arrivedMs=1798 blobCount=0 blockRoot=0x66c93c60b14fe57e8261ba3b3e16f274af7dda2d53869968670d6782e0650655 builderIndex=18446744073709551615 gasUsed=0 payloadBytes=838 slot=114 txCount=0
150	beacon.log	payload_envelope	2026-09-05T01:53:01.531580716Z	1379357	0xd191d9480087894dc624d1e77c2be41a20246ae8c5cd6f9ba5df55067498e177	115	0	0	[2026-09-05 01:53:01.53]  INFO blockchain: Payload envelope arrivedMs=1464 blobCount=0 blockRoot=0xd191d9480087894dc624d1e77c2be41a20246ae8c5cd6f9ba5df55067498e177 builderIndex=18446744073709551615 gasUsed=0 payloadBytes=838 slot=115 txCount=0
150	beacon.log	payload_envelope	2026-09-05T01:53:16.182092350Z	1399380	0x1183b83cf715cf702e24e70af8042ed8709a8d4cc48f61b01a0f61c33feb4b76	116	0	0	[2026-09-05 01:53:16.18]  INFO blockchain: Payload envelope arrivedMs=4175 blobCount=0 blockRoot=0x1183b83cf715cf702e24e70af8042ed8709a8d4cc48f61b01a0f61c33feb4b76 builderIndex=18446744073709551615 gasUsed=0 payloadBytes=838 slot=116 txCount=0
150	beacon.log	payload_envelope	2026-09-05T01:53:26.292310100Z	1411012	0xde9cfb98623648bd4df28400eed1f98469abddc28df66779bc8a9e3f2cc148f8	117	0	0	[2026-09-05 01:53:26.29]  INFO blockchain: Payload envelope arrivedMs=2276 blobCount=0 blockRoot=0xde9cfb98623648bd4df28400eed1f98469abddc28df66779bc8a9e3f2cc148f8 builderIndex=18446744073709551615 gasUsed=0 payloadBytes=838 slot=117 txCount=0
150	beacon.log	payload_envelope	2026-09-05T01:53:39.203820080Z	1425102	0x9347f08929320fbeb4ed4f0b8da34e780f50d1bb1cfa52e265335060a6d27ad6	118	0	0	[2026-09-05 01:53:39.20]  INFO blockchain: Payload envelope arrivedMs=3188 blobCount=0 blockRoot=0x9347f08929320fbeb4ed4f0b8da34e780f50d1bb1cfa52e265335060a6d27ad6 builderIndex=18446744073709551615 gasUsed=0 payloadBytes=838 slot=118 txCount=0
150	beacon.log	payload_envelope	2026-09-05T01:53:51.230335446Z	1440230	0x057b8fa274db86c682dc25024af539b53c3b3a2d02becfc9272fa8e990460ceb	119	0	0	[2026-09-05 01:53:51.22]  INFO blockchain: Payload envelope arrivedMs=3214 blobCount=0 blockRoot=0x057b8fa274db86c682dc25024af539b53c3b3a2d02becfc9272fa8e990460ceb builderIndex=18446744073709551615 gasUsed=0 payloadBytes=838 slot=119 txCount=0
150	beacon.log	payload_envelope	2026-09-05T01:54:02.568087094Z	1451198	0x79e1b67cd5761cfafd2ac332f732e4b7316306e8ab0ad79c6147053236da9710	120	0	0	[2026-09-05 01:54:02.56]  INFO blockchain: Payload envelope arrivedMs=2536 blobCount=0 blockRoot=0x79e1b67cd5761cfafd2ac332f732e4b7316306e8ab0ad79c6147053236da9710 builderIndex=18446744073709551615 gasUsed=0 payloadBytes=838 slot=120 txCount=0
150	beacon.log	payload_envelope	2026-09-05T01:54:13.411327622Z	1456692	0xcda68f1aa1938cbeb2a28982cc907698f55e56532e3405aad189e87105daae1d	121	0	0	[2026-09-05 01:54:13.40]  INFO blockchain: Payload envelope arrivedMs=1386 blobCount=0 blockRoot=0xcda68f1aa1938cbeb2a28982cc907698f55e56532e3405aad189e87105daae1d builderIndex=18446744073709551615 gasUsed=0 payloadBytes=838 slot=121 txCount=0
150	beacon.log	payload_envelope	2026-09-05T01:54:25.513626729Z	1470683	0x7705cdd061883e82dabe7d1ca5cba73854ebe192a64b5483a98b94f600b5d0ca	122	0	0	[2026-09-05 01:54:25.51]  INFO blockchain: Payload envelope arrivedMs=1270 blobCount=0 blockRoot=0x7705cdd061883e82dabe7d1ca5cba73854ebe192a64b5483a98b94f600b5d0ca builderIndex=18446744073709551615 gasUsed=0 payloadBytes=838 slot=122 txCount=0
150	beacon.log	payload_envelope	2026-09-05T01:54:37.161275686Z	1483757	0x4c0f304098520e4cac9d896d389a368ebe1dce68f197d27a2bcee6db18bffb67	123	0	0	[2026-09-05 01:54:37.16]  INFO blockchain: Payload envelope arrivedMs=1150 blobCount=0 blockRoot=0x4c0f304098520e4cac9d896d389a368ebe1dce68f197d27a2bcee6db18bffb67 builderIndex=18446744073709551615 gasUsed=0 payloadBytes=838 slot=123 txCount=0
150	beacon.log	payload_envelope	2026-09-05T01:54:49.194257476Z	1495953	0x884604d12e715a69c304237ee87d0bb62a98ffa0bd1ccedddd36e874b56239ef	124	0	0	[2026-09-05 01:54:49.19]  INFO blockchain: Payload envelope arrivedMs=1183 blobCount=0 blockRoot=0x884604d12e715a69c304237ee87d0bb62a98ffa0bd1ccedddd36e874b56239ef builderIndex=18446744073709551615 gasUsed=0 payloadBytes=838 slot=124 txCount=0
150	beacon.log	payload_envelope	2026-09-05T01:55:01.538649989Z	1504417	0xcb1a1acf669095ea08ce57f624dcb0ac5a5e09fba732d19d8d4d7cbe2fde2bcf	125	0	0	[2026-09-05 01:55:01.53]  INFO blockchain: Payload envelope arrivedMs=1386 blobCount=0 blockRoot=0xcb1a1acf669095ea08ce57f624dcb0ac5a5e09fba732d19d8d4d7cbe2fde2bcf builderIndex=18446744073709551615 gasUsed=0 payloadBytes=838 slot=125 txCount=0
150	beacon.log	payload_envelope	2026-09-05T01:55:15.384066116Z	1518917	0x8af31c19614d2e5a718428d422062b37942f726301eab8fb03b0efc2fd2dbe7f	126	0	0	[2026-09-05 01:55:15.38]  INFO blockchain: Payload envelope arrivedMs=3372 blobCount=0 blockRoot=0x8af31c19614d2e5a718428d422062b37942f726301eab8fb03b0efc2fd2dbe7f builderIndex=18446744073709551615 gasUsed=0 payloadBytes=838 slot=126 txCount=0
150	beacon.log	payload_envelope	2026-09-05T01:55:25.553920658Z	1525123	0x33b63b5c7f8d5b0ee991521445e7972cd43cab2df7c26a8417c28d324bd8aaee	127	0	0	[2026-09-05 01:55:25.55]  INFO blockchain: Payload envelope arrivedMs=1518 blobCount=0 blockRoot=0x33b63b5c7f8d5b0ee991521445e7972cd43cab2df7c26a8417c28d324bd8aaee builderIndex=18446744073709551615 gasUsed=0 payloadBytes=838 slot=127 txCount=0
150	beacon.log	payload_envelope	2026-09-05T01:55:37.329458008Z	1533627	0x4a3a9ee799a77e58812b69a182af3c6044cc1a605540bec754d7ae4638a85d1b	128	0	0	[2026-09-05 01:55:37.32]  INFO blockchain: Payload envelope arrivedMs=1304 blobCount=0 blockRoot=0x4a3a9ee799a77e58812b69a182af3c6044cc1a605540bec754d7ae4638a85d1b builderIndex=18446744073709551615 gasUsed=0 payloadBytes=838 slot=128 txCount=0
150	beacon.log	payload_envelope	2026-09-05T01:59:58.731633650Z	1803097	0x20bb70a909e9596e57295dd6d2e5e55ee356ff1f8a0e1a6d561aee6acfd47e18	149	0	0	[2026-09-05 01:59:58.73]  INFO blockchain: Payload envelope arrivedMs=10723 blobCount=0 blockRoot=0x20bb70a909e9596e57295dd6d2e5e55ee356ff1f8a0e1a6d561aee6acfd47e18 builderIndex=18446744073709551615 gasUsed=0 payloadBytes=838 slot=149 txCount=0
150	beacon.log	payload_envelope	2026-09-05T02:02:28.831897002Z	1944401	0x4f21e4b4837aebeed5ea539c31bcfa811f9419a56d236968dc7cf78ba5b96ab5	159	0	0	[2026-09-05 02:02:28.83]  INFO blockchain: Payload envelope arrivedMs=40825 blobCount=0 blockRoot=0x4f21e4b4837aebeed5ea539c31bcfa811f9419a56d236968dc7cf78ba5b96ab5 builderIndex=18446744073709551615 gasUsed=0 payloadBytes=838 slot=159 txCount=0
150	beacon.log	payload_envelope	2026-09-05T02:03:33.972085904Z	2001970	0x2112a278d82b93efa3aeedba8353a5b9877a2f01370771fae5738fcad2cccc1d	167	0	0	[2026-09-05 02:03:33.97]  INFO blockchain: Payload envelope arrivedMs=9961 blobCount=0 blockRoot=0x2112a278d82b93efa3aeedba8353a5b9877a2f01370771fae5738fcad2cccc1d builderIndex=18446744073709551615 gasUsed=0 payloadBytes=838 slot=167 txCount=0
150	beacon.log	payload_envelope	2026-09-05T02:09:29.963694303Z	2368173	0x0df63543228ab82f1ad144d7375827b5c1fd5f1d6d82d592ee4b9c9077f9f3ac	197	0	0	[2026-09-05 02:09:29.96]  INFO blockchain: Payload envelope arrivedMs=5956 blobCount=0 blockRoot=0x0df63543228ab82f1ad144d7375827b5c1fd5f1d6d82d592ee4b9c9077f9f3ac builderIndex=18446744073709551615 gasUsed=0 payloadBytes=838 slot=197 txCount=0
1	beacon.log	payload_envelope	2026-09-05T01:33:27.869509212Z	19708	0x6856419067eae1ba1bd63c1f519dcff0c921b3363a5f202ea5f69c6ef429df41	15	0	0	[2026-09-05 01:33:27.86]  INFO blockchain: Payload envelope arrivedMs=27230 blobCount=0 blockRoot=0x6856419067eae1ba1bd63c1f519dcff0c921b3363a5f202ea5f69c6ef429df41 builderIndex=18446744073709551615 gasUsed=0 payloadBytes=853 slot=15 txCount=0
1	beacon.log	payload_envelope	2026-09-05T01:33:30.609468385Z	22347	0x4b07a2a4ef496b99e14601673b47caf145ce8834b57e2f365cb40c71b03e9857	16	0	0	[2026-09-05 01:33:30.60]  INFO blockchain: Payload envelope arrivedMs=18176 blobCount=0 blockRoot=0x4b07a2a4ef496b99e14601673b47caf145ce8834b57e2f365cb40c71b03e9857 builderIndex=18446744073709551615 gasUsed=0 payloadBytes=853 slot=16 txCount=0
1	beacon.log	payload_envelope	2026-09-05T01:33:33.364350957Z	24390	0x73aa6168fc7236fe9e1236011240c41d4956e571319d2cb4dc0e90676f5ed646	17	0	0	[2026-09-05 01:33:33.36]  INFO blockchain: Payload envelope arrivedMs=6643 blobCount=0 blockRoot=0x73aa6168fc7236fe9e1236011240c41d4956e571319d2cb4dc0e90676f5ed646 builderIndex=18446744073709551615 gasUsed=0 payloadBytes=838 slot=17 txCount=0
1	beacon.log	payload_envelope	2026-09-05T01:34:09.169569264Z	52892	0x8c623e1e437606a1b75307469b9f95ab4ac707c0d60727bb754842a8a04afb4c	20	0	0	[2026-09-05 01:34:09.16]  INFO blockchain: Payload envelope arrivedMs=8711 blobCount=0 blockRoot=0x8c623e1e437606a1b75307469b9f95ab4ac707c0d60727bb754842a8a04afb4c builderIndex=18446744073709551615 gasUsed=0 payloadBytes=838 slot=20 txCount=0
1	beacon.log	payload_envelope	2026-09-05T01:34:11.192256469Z	53760	0xd91ad8c6ede9322587c895c4d6d8122845a8339a69e8d795c87a9a443595365c	18	0	0	[2026-09-05 01:34:11.19]  INFO blockchain: Payload envelope arrivedMs=35180 blobCount=0 blockRoot=0xd91ad8c6ede9322587c895c4d6d8122845a8339a69e8d795c87a9a443595365c builderIndex=18446744073709551615 gasUsed=0 payloadBytes=838 slot=18 txCount=0
1	beacon.log	payload_envelope	2026-09-05T01:34:11.451664886Z	53806	0xd91ad8c6ede9322587c895c4d6d8122845a8339a69e8d795c87a9a443595365c	18	0	0	[2026-09-05 01:34:11.45]  INFO blockchain: Payload envelope arrivedMs=35423 blobCount=0 blockRoot=0xd91ad8c6ede9322587c895c4d6d8122845a8339a69e8d795c87a9a443595365c builderIndex=18446744073709551615 gasUsed=0 payloadBytes=838 slot=18 txCount=0
1	beacon.log	payload_envelope	2026-09-05T01:34:15.613718715Z	59051	0x6d950d16472c6ac6dbc0ec913b4c3ccfbd57955e687692ca59ac12bde7dbb419	21	0	0	[2026-09-05 01:34:15.61]  INFO blockchain: Payload envelope arrivedMs=3579 blobCount=0 blockRoot=0x6d950d16472c6ac6dbc0ec913b4c3ccfbd57955e687692ca59ac12bde7dbb419 builderIndex=18446744073709551615 gasUsed=0 payloadBytes=838 slot=21 txCount=0
1	beacon.log	payload_envelope	2026-09-05T01:34:25.080665271Z	69046	0xd30e21e5caff469131b6f219258ba4c1eee5bf52993190f9ac6d13b1580553ec	22	0	0	[2026-09-05 01:34:25.07]  INFO blockchain: Payload envelope arrivedMs=1072 blobCount=0 blockRoot=0xd30e21e5caff469131b6f219258ba4c1eee5bf52993190f9ac6d13b1580553ec builderIndex=18446744073709551615 gasUsed=0 payloadBytes=838 slot=22 txCount=0
1	beacon.log	payload_envelope	2026-09-05T01:34:37.160455631Z	83968	0x8905c800caeb676032d12191db928c3d9c47fcb2792e83fdfba1e59617112993	23	0	0	[2026-09-05 01:34:37.16]  INFO blockchain: Payload envelope arrivedMs=1112 blobCount=0 blockRoot=0x8905c800caeb676032d12191db928c3d9c47fcb2792e83fdfba1e59617112993 builderIndex=18446744073709551615 gasUsed=0 payloadBytes=838 slot=23 txCount=0
1	beacon.log	payload_envelope	2026-09-05T01:34:48.873787826Z	97263	0x63ded1dea4d10a23127b6ab613cc921e250d319c5fc57e85846b28c4682735b6	24	0	0	[2026-09-05 01:34:48.87]  INFO blockchain: Payload envelope arrivedMs=851 blobCount=0 blockRoot=0x63ded1dea4d10a23127b6ab613cc921e250d319c5fc57e85846b28c4682735b6 builderIndex=18446744073709551615 gasUsed=0 payloadBytes=838 slot=24 txCount=0
1	beacon.log	payload_envelope	2026-09-05T01:35:00.686997793Z	108770	0x936578d5a63354b949159d4c4100bb97ddf380e1fe5c4edb2bc087d2a4a171c0	25	0	0	[2026-09-05 01:35:00.68]  INFO blockchain: Payload envelope arrivedMs=674 blobCount=0 blockRoot=0x936578d5a63354b949159d4c4100bb97ddf380e1fe5c4edb2bc087d2a4a171c0 builderIndex=18446744073709551615 gasUsed=0 payloadBytes=838 slot=25 txCount=0
1	beacon.log	payload_envelope	2026-09-05T01:35:13.603936352Z	123192	0xaafdddeee471f3873084ee40fe5910f0ec39ebc5004702beb8a8bf4e7789ebbf	26	0	0	[2026-09-05 01:35:13.57]  INFO blockchain: Payload envelope arrivedMs=1559 blobCount=0 blockRoot=0xaafdddeee471f3873084ee40fe5910f0ec39ebc5004702beb8a8bf4e7789ebbf builderIndex=18446744073709551615 gasUsed=0 payloadBytes=838 slot=26 txCount=0
1	beacon.log	payload_envelope	2026-09-05T01:35:24.358834832Z	131518	0x150aba8a7c07ad6e2e42802ffcf0d8882649398e01adbed9b7952a413bc1d707	27	0	0	[2026-09-05 01:35:24.35]  INFO blockchain: Payload envelope arrivedMs=352 blobCount=0 blockRoot=0x150aba8a7c07ad6e2e42802ffcf0d8882649398e01adbed9b7952a413bc1d707 builderIndex=18446744073709551615 gasUsed=0 payloadBytes=838 slot=27 txCount=0
1	beacon.log	payload_envelope	2026-09-05T01:35:36.686587473Z	141010	0x68e13ddc2083f108a231b598324db60e4aee78d482e9eabdb35184725116d943	28	0	0	[2026-09-05 01:35:36.68]  INFO blockchain: Payload envelope arrivedMs=679 blobCount=0 blockRoot=0x68e13ddc2083f108a231b598324db60e4aee78d482e9eabdb35184725116d943 builderIndex=18446744073709551615 gasUsed=0 payloadBytes=838 slot=28 txCount=0
1	beacon.log	payload_envelope	2026-09-05T01:35:48.851571615Z	154971	0x54501df3caace17ae717777b71f0726bc26aa5f8bff4a22b6849b7b3ff799438	29	0	0	[2026-09-05 01:35:48.85]  INFO blockchain: Payload envelope arrivedMs=838 blobCount=0 blockRoot=0x54501df3caace17ae717777b71f0726bc26aa5f8bff4a22b6849b7b3ff799438 builderIndex=18446744073709551615 gasUsed=0 payloadBytes=838 slot=29 txCount=0
1	beacon.log	payload_envelope	2026-09-05T01:36:01.254792953Z	168076	0xb1525c7da628a8cb29178ccc5bc66d0741712dfc8addc0ea54ce7a2e61bc43f5	30	0	0	[2026-09-05 01:36:01.25]  INFO blockchain: Payload envelope arrivedMs=1247 blobCount=0 blockRoot=0xb1525c7da628a8cb29178ccc5bc66d0741712dfc8addc0ea54ce7a2e61bc43f5 builderIndex=18446744073709551615 gasUsed=0 payloadBytes=838 slot=30 txCount=0
1	beacon.log	payload_envelope	2026-09-05T01:36:12.887554177Z	176131	0xacbef2d5203a28ad560623f1f5f890555ec8bcccddb91519ccccd2a0327b329f	31	0	0	[2026-09-05 01:36:12.88]  INFO blockchain: Payload envelope arrivedMs=876 blobCount=0 blockRoot=0xacbef2d5203a28ad560623f1f5f890555ec8bcccddb91519ccccd2a0327b329f builderIndex=18446744073709551615 gasUsed=0 payloadBytes=838 slot=31 txCount=0
1	beacon.log	payload_envelope	2026-09-05T01:36:26.463383162Z	191419	0x997f9537f08a8ec7ef736be49a8c49fb397a7e91c12e31136279ad630bf8b51b	32	0	0	[2026-09-05 01:36:26.46]  INFO blockchain: Payload envelope arrivedMs=2431 blobCount=0 blockRoot=0x997f9537f08a8ec7ef736be49a8c49fb397a7e91c12e31136279ad630bf8b51b builderIndex=18446744073709551615 gasUsed=0 payloadBytes=838 slot=32 txCount=0
1	beacon.log	payload_envelope	2026-09-05T01:36:39.918668631Z	209545	0x5716f7de9700d799de5a9c797632417604467d0272805bf688120ae61125b65b	33	0	0	[2026-09-05 01:36:39.91]  INFO blockchain: Payload envelope arrivedMs=3912 blobCount=0 blockRoot=0x5716f7de9700d799de5a9c797632417604467d0272805bf688120ae61125b65b builderIndex=18446744073709551615 gasUsed=0 payloadBytes=838 slot=33 txCount=0
1	beacon.log	payload_envelope	2026-09-05T01:36:52.560374940Z	225032	0x94c7cbff08f9753688fbf7536f878a175f211fbdbba59fa533a96744070c82c4	34	0	0	[2026-09-05 01:36:52.56]  INFO blockchain: Payload envelope arrivedMs=4553 blobCount=0 blockRoot=0x94c7cbff08f9753688fbf7536f878a175f211fbdbba59fa533a96744070c82c4 builderIndex=18446744073709551615 gasUsed=0 payloadBytes=838 slot=34 txCount=0
1	beacon.log	payload_envelope	2026-09-05T01:37:02.387343461Z	236900	0x0fd5b54bd6d71b7fa1a1b93d225825be30af886f339146bb1404e1df87fd0e35	35	0	0	[2026-09-05 01:37:02.38]  INFO blockchain: Payload envelope arrivedMs=2375 blobCount=0 blockRoot=0x0fd5b54bd6d71b7fa1a1b93d225825be30af886f339146bb1404e1df87fd0e35 builderIndex=18446744073709551615 gasUsed=0 payloadBytes=838 slot=35 txCount=0
1	beacon.log	payload_envelope	2026-09-05T01:37:13.412458621Z	247144	0x57a187b18fa37276a00a620fa5982886a94dd5e668b0bfc7f10fd7ce4ad272e9	36	0	0	[2026-09-05 01:37:13.41]  INFO blockchain: Payload envelope arrivedMs=1391 blobCount=0 blockRoot=0x57a187b18fa37276a00a620fa5982886a94dd5e668b0bfc7f10fd7ce4ad272e9 builderIndex=18446744073709551615 gasUsed=0 payloadBytes=838 slot=36 txCount=0
1	beacon.log	payload_envelope	2026-09-05T01:37:26.661928894Z	268788	0x95aac8bf760602860fc7b58a554cb5bdc86990a0d523ae3ec7f1eea190b15928	37	0	0	[2026-09-05 01:37:26.66]  INFO blockchain: Payload envelope arrivedMs=2654 blobCount=0 blockRoot=0x95aac8bf760602860fc7b58a554cb5bdc86990a0d523ae3ec7f1eea190b15928 builderIndex=18446744073709551615 gasUsed=0 payloadBytes=838 slot=37 txCount=0
1	beacon.log	payload_envelope	2026-09-05T01:37:37.126437028Z	275810	0xa84b6b17513a472736f99b053f3da8d139cbd7e8b07a5563e388143050b6c048	38	0	0	[2026-09-05 01:37:37.12]  INFO blockchain: Payload envelope arrivedMs=1111 blobCount=0 blockRoot=0xa84b6b17513a472736f99b053f3da8d139cbd7e8b07a5563e388143050b6c048 builderIndex=18446744073709551615 gasUsed=0 payloadBytes=838 slot=38 txCount=0
1	beacon.log	payload_envelope	2026-09-05T01:37:51.565275908Z	302474	0x90904ce7c5f001acd4247af743c069943947e703cb48bdddfa6ae653f2f53e96	39	0	0	[2026-09-05 01:37:51.56]  INFO blockchain: Payload envelope arrivedMs=3549 blobCount=0 blockRoot=0x90904ce7c5f001acd4247af743c069943947e703cb48bdddfa6ae653f2f53e96 builderIndex=18446744073709551615 gasUsed=0 payloadBytes=838 slot=39 txCount=0
1	beacon.log	payload_envelope	2026-09-05T01:38:01.767537090Z	310613	0xaa9aee7647fc73903ae1b4b5dd23d61e413c1bd202822128de37bc7072cae187	40	0	0	[2026-09-05 01:38:01.76]  INFO blockchain: Payload envelope arrivedMs=1752 blobCount=0 blockRoot=0xaa9aee7647fc73903ae1b4b5dd23d61e413c1bd202822128de37bc7072cae187 builderIndex=18446744073709551615 gasUsed=0 payloadBytes=838 slot=40 txCount=0
1	beacon.log	payload_envelope	2026-09-05T01:38:13.515431105Z	325690	0xe0aa8bece2b6855b0da2c8947bec576bf28b0b4df9e54ddb9780c000baf63c34	41	0	0	[2026-09-05 01:38:13.51]  INFO blockchain: Payload envelope arrivedMs=1485 blobCount=0 blockRoot=0xe0aa8bece2b6855b0da2c8947bec576bf28b0b4df9e54ddb9780c000baf63c34 builderIndex=18446744073709551615 gasUsed=0 payloadBytes=838 slot=41 txCount=0
1	beacon.log	payload_envelope	2026-09-05T01:38:26.685030124Z	347068	0x708bb9684e17be1d813aa52f02b73dc2a1f530f877f396af03a4a2e8ed50e12f	42	0	0	[2026-09-05 01:38:26.68]  INFO blockchain: Payload envelope arrivedMs=2669 blobCount=0 blockRoot=0x708bb9684e17be1d813aa52f02b73dc2a1f530f877f396af03a4a2e8ed50e12f builderIndex=18446744073709551615 gasUsed=0 payloadBytes=838 slot=42 txCount=0
1	beacon.log	payload_envelope	2026-09-05T01:38:37.620086317Z	356853	0x95a07846790bfb3facf72cc8f0d8b231dd9555eeb7f2c8e05596bda5f1fcbc58	43	0	0	[2026-09-05 01:38:37.61]  INFO blockchain: Payload envelope arrivedMs=1604 blobCount=0 blockRoot=0x95a07846790bfb3facf72cc8f0d8b231dd9555eeb7f2c8e05596bda5f1fcbc58 builderIndex=18446744073709551615 gasUsed=0 payloadBytes=838 slot=43 txCount=0
1	beacon.log	payload_envelope	2026-09-05T01:38:50.148998803Z	374579	0xfe60c97b1d25873d10b3dad4d7b986033d2f429fa88e70dc7b9581e7be29208f	44	0	0	[2026-09-05 01:38:50.14]  INFO blockchain: Payload envelope arrivedMs=2132 blobCount=0 blockRoot=0xfe60c97b1d25873d10b3dad4d7b986033d2f429fa88e70dc7b9581e7be29208f builderIndex=18446744073709551615 gasUsed=0 payloadBytes=838 slot=44 txCount=0
1	beacon.log	payload_envelope	2026-09-05T01:39:03.907937043Z	394317	0xdaeaa8f28a8b6fa56d4f70159675c3308b23072d8eefbb61a518b16f66a6a88a	45	0	0	[2026-09-05 01:39:03.90]  INFO blockchain: Payload envelope arrivedMs=3894 blobCount=0 blockRoot=0xdaeaa8f28a8b6fa56d4f70159675c3308b23072d8eefbb61a518b16f66a6a88a builderIndex=18446744073709551615 gasUsed=0 payloadBytes=838 slot=45 txCount=0
1	beacon.log	payload_envelope	2026-09-05T01:39:14.351808424Z	406735	0x031dbae215ad7b0f8d4211a3cff910f0142f4bd27fe7f46775007df899d45dc4	46	0	0	[2026-09-05 01:39:14.35]  INFO blockchain: Payload envelope arrivedMs=2341 blobCount=0 blockRoot=0x031dbae215ad7b0f8d4211a3cff910f0142f4bd27fe7f46775007df899d45dc4 builderIndex=18446744073709551615 gasUsed=0 payloadBytes=838 slot=46 txCount=0
1	beacon.log	payload_envelope	2026-09-05T01:39:26.908991540Z	422538	0x98466e96fd71f59dc35606a8a106f4246370ce20cfafcdf5f2285916bb3bf631	47	0	0	[2026-09-05 01:39:26.90]  INFO blockchain: Payload envelope arrivedMs=2896 blobCount=0 blockRoot=0x98466e96fd71f59dc35606a8a106f4246370ce20cfafcdf5f2285916bb3bf631 builderIndex=18446744073709551615 gasUsed=0 payloadBytes=838 slot=47 txCount=0
1	beacon.log	payload_envelope	2026-09-05T01:39:38.102766754Z	432973	0x0adb64fdd357d6a100be72c5cde01e071b9c7ad98499d22301c2c94b735d4768	48	0	0	[2026-09-05 01:39:38.10]  INFO blockchain: Payload envelope arrivedMs=2066 blobCount=0 blockRoot=0x0adb64fdd357d6a100be72c5cde01e071b9c7ad98499d22301c2c94b735d4768 builderIndex=18446744073709551615 gasUsed=0 payloadBytes=838 slot=48 txCount=0
1	beacon.log	payload_envelope	2026-09-05T01:39:51.084933372Z	451989	0x54428741af71bb3b2d2fcd79877f9061793145d74d064c042c9b1e50e232952e	49	0	0	[2026-09-05 01:39:51.08]  INFO blockchain: Payload envelope arrivedMs=3064 blobCount=0 blockRoot=0x54428741af71bb3b2d2fcd79877f9061793145d74d064c042c9b1e50e232952e builderIndex=18446744073709551615 gasUsed=0 payloadBytes=838 slot=49 txCount=0
1	beacon.log	payload_envelope	2026-09-05T01:40:03.854530525Z	468015	0x0777d67ee35ea3894f0d65152c30ffbe990b5ad102f13c88290cbfe1c6b99b27	50	0	0	[2026-09-05 01:40:03.85]  INFO blockchain: Payload envelope arrivedMs=3845 blobCount=0 blockRoot=0x0777d67ee35ea3894f0d65152c30ffbe990b5ad102f13c88290cbfe1c6b99b27 builderIndex=18446744073709551615 gasUsed=0 payloadBytes=838 slot=50 txCount=0
1	beacon.log	payload_envelope	2026-09-05T01:40:13.719566816Z	474746	0x87367018ac171eac8da11ef01d6ca055aaac5fed7e448517ed2c00ce2afc843a	51	0	0	[2026-09-05 01:40:13.71]  INFO blockchain: Payload envelope arrivedMs=1697 blobCount=0 blockRoot=0x87367018ac171eac8da11ef01d6ca055aaac5fed7e448517ed2c00ce2afc843a builderIndex=18446744073709551615 gasUsed=0 payloadBytes=838 slot=51 txCount=0
1	beacon.log	payload_envelope	2026-09-05T01:40:25.601106291Z	489849	0x53a4ca7aca1e145fcaaa539dd2ee1d22a2ebfe3bb05b0356d4ffd706b90dbe95	52	0	0	[2026-09-05 01:40:25.60]  INFO blockchain: Payload envelope arrivedMs=1562 blobCount=0 blockRoot=0x53a4ca7aca1e145fcaaa539dd2ee1d22a2ebfe3bb05b0356d4ffd706b90dbe95 builderIndex=18446744073709551615 gasUsed=0 payloadBytes=838 slot=52 txCount=0
1	beacon.log	payload_envelope	2026-09-05T01:40:38.352060350Z	509071	0xfe4d916cae7358428d456093a49b03d06a9e7ea23fddd55f42410ff3f6ec3c93	53	0	0	[2026-09-05 01:40:38.35]  INFO blockchain: Payload envelope arrivedMs=2335 blobCount=0 blockRoot=0xfe4d916cae7358428d456093a49b03d06a9e7ea23fddd55f42410ff3f6ec3c93 builderIndex=18446744073709551615 gasUsed=0 payloadBytes=838 slot=53 txCount=0
1	beacon.log	payload_envelope	2026-09-05T01:40:49.563176193Z	520458	0x1e9777218f0f8e45f1c23095f96677bd501999d7da6061244a121029815f4d0d	54	0	0	[2026-09-05 01:40:49.56]  INFO blockchain: Payload envelope arrivedMs=1549 blobCount=0 blockRoot=0x1e9777218f0f8e45f1c23095f96677bd501999d7da6061244a121029815f4d0d builderIndex=18446744073709551615 gasUsed=0 payloadBytes=838 slot=54 txCount=0
1	beacon.log	payload_envelope	2026-09-05T01:41:02.960151460Z	541341	0x202232f4edcae4def3403c044cb8fa93846ec8afa3c3cdc037e58bd70e23b060	55	0	0	[2026-09-05 01:41:02.95]  INFO blockchain: Payload envelope arrivedMs=2940 blobCount=0 blockRoot=0x202232f4edcae4def3403c044cb8fa93846ec8afa3c3cdc037e58bd70e23b060 builderIndex=18446744073709551615 gasUsed=0 payloadBytes=838 slot=55 txCount=0
1	beacon.log	payload_envelope	2026-09-05T01:41:13.706177804Z	551280	0x08a3a5ea44e72baaa81531a869debfc8f5b423190ae40f6d862788de1992f338	56	0	0	[2026-09-05 01:41:13.69]  INFO blockchain: Payload envelope arrivedMs=1668 blobCount=0 blockRoot=0x08a3a5ea44e72baaa81531a869debfc8f5b423190ae40f6d862788de1992f338 builderIndex=18446744073709551615 gasUsed=0 payloadBytes=838 slot=56 txCount=0
1	beacon.log	payload_envelope	2026-09-05T01:41:26.406838630Z	570992	0x28289a8f5e4bd49ce8735eaf964fe00b17d1ad61f7744ae6eca1abef3b915e10	57	0	0	[2026-09-05 01:41:26.40]  INFO blockchain: Payload envelope arrivedMs=2387 blobCount=0 blockRoot=0x28289a8f5e4bd49ce8735eaf964fe00b17d1ad61f7744ae6eca1abef3b915e10 builderIndex=18446744073709551615 gasUsed=0 payloadBytes=838 slot=57 txCount=0
1	beacon.log	payload_envelope	2026-09-05T01:41:37.543730811Z	578605	0xd7c2c6a72d4ab701eced025f71d9e7d6a5eae17bd1802c01686fa5d0d25b5e02	58	0	0	[2026-09-05 01:41:37.54]  INFO blockchain: Payload envelope arrivedMs=1525 blobCount=0 blockRoot=0xd7c2c6a72d4ab701eced025f71d9e7d6a5eae17bd1802c01686fa5d0d25b5e02 builderIndex=18446744073709551615 gasUsed=0 payloadBytes=838 slot=58 txCount=0
1	beacon.log	payload_envelope	2026-09-05T01:41:51.821158076Z	603056	0x205a49382c082b01e876835cf0aebada208046f377992f531eb77969e10908ea	59	0	0	[2026-09-05 01:41:51.82]  INFO blockchain: Payload envelope arrivedMs=3812 blobCount=0 blockRoot=0x205a49382c082b01e876835cf0aebada208046f377992f531eb77969e10908ea builderIndex=18446744073709551615 gasUsed=0 payloadBytes=838 slot=59 txCount=0
1	beacon.log	payload_envelope	2026-09-05T01:42:02.230283498Z	612394	0x50f5093ae3deca4224d96fb575cd0225bbe8351be878370e9ca4d3b5f42d0c87	60	0	0	[2026-09-05 01:42:02.22]  INFO blockchain: Payload envelope arrivedMs=2215 blobCount=0 blockRoot=0x50f5093ae3deca4224d96fb575cd0225bbe8351be878370e9ca4d3b5f42d0c87 builderIndex=18446744073709551615 gasUsed=0 payloadBytes=838 slot=60 txCount=0
1	beacon.log	payload_envelope	2026-09-05T01:42:13.535795785Z	626016	0x8eaca2d764b1dcf261cf144aaac2494896f6d402c6da1567c72de00bac08a106	61	0	0	[2026-09-05 01:42:13.53]  INFO blockchain: Payload envelope arrivedMs=1466 blobCount=0 blockRoot=0x8eaca2d764b1dcf261cf144aaac2494896f6d402c6da1567c72de00bac08a106 builderIndex=18446744073709551615 gasUsed=0 payloadBytes=838 slot=61 txCount=0
1	beacon.log	payload_envelope	2026-09-05T01:42:27.205317917Z	642775	0x501b6adf3fad1cc679729a985cc1d3fcb2792e40cc1781686804403aaae66854	62	0	0	[2026-09-05 01:42:27.20]  INFO blockchain: Payload envelope arrivedMs=3174 blobCount=0 blockRoot=0x501b6adf3fad1cc679729a985cc1d3fcb2792e40cc1781686804403aaae66854 builderIndex=18446744073709551615 gasUsed=0 payloadBytes=838 slot=62 txCount=0
1	beacon.log	payload_envelope	2026-09-05T01:42:37.580297361Z	648686	0xde60dc9e0a94e4c0334d673e696c091b4363a278331febb32b4b7f66ddc8a2ff	63	0	0	[2026-09-05 01:42:37.57]  INFO blockchain: Payload envelope arrivedMs=1546 blobCount=0 blockRoot=0xde60dc9e0a94e4c0334d673e696c091b4363a278331febb32b4b7f66ddc8a2ff builderIndex=18446744073709551615 gasUsed=0 payloadBytes=838 slot=63 txCount=0
1	beacon.log	payload_envelope	2026-09-05T01:42:50.757135459Z	662531	0x6f4707037e193b2859e47714097e57556529e8bf2657aaf2ef89c0784e02fa40	64	0	0	[2026-09-05 01:42:50.75]  INFO blockchain: Payload envelope arrivedMs=2723 blobCount=0 blockRoot=0x6f4707037e193b2859e47714097e57556529e8bf2657aaf2ef89c0784e02fa40 builderIndex=18446744073709551615 gasUsed=0 payloadBytes=838 slot=64 txCount=0
1	beacon.log	payload_envelope	2026-09-05T01:43:04.068398654Z	680971	0x2dea83a13ad577e6e4c1d2a9bddfcb6d0b5cc178cf90f9c488040fa68a657884	65	0	0	[2026-09-05 01:43:04.06]  INFO blockchain: Payload envelope arrivedMs=4055 blobCount=0 blockRoot=0x2dea83a13ad577e6e4c1d2a9bddfcb6d0b5cc178cf90f9c488040fa68a657884 builderIndex=18446744073709551615 gasUsed=0 payloadBytes=838 slot=65 txCount=0
1	beacon.log	payload_envelope	2026-09-05T01:43:13.409678693Z	685504	0xdd7086fd041a2f9807f41e5aca42928cfa17e32cff09f21ac942e0f68e2e16b4	66	0	0	[2026-09-05 01:43:13.40]  INFO blockchain: Payload envelope arrivedMs=1371 blobCount=0 blockRoot=0xdd7086fd041a2f9807f41e5aca42928cfa17e32cff09f21ac942e0f68e2e16b4 builderIndex=18446744073709551615 gasUsed=0 payloadBytes=838 slot=66 txCount=0
1	beacon.log	payload_envelope	2026-09-05T01:43:29.060231603Z	710429	0x870e50e43b7793efb470bc915cf37b7e70a98d2f03c884b29505c881fd37b0b5	67	0	0	[2026-09-05 01:43:29.05]  INFO blockchain: Payload envelope arrivedMs=5047 blobCount=0 blockRoot=0x870e50e43b7793efb470bc915cf37b7e70a98d2f03c884b29505c881fd37b0b5 builderIndex=18446744073709551615 gasUsed=0 payloadBytes=838 slot=67 txCount=0
1	beacon.log	payload_envelope	2026-09-05T01:43:44.241182834Z	725471	0xbcf13400fa8261ada75b7fdee5aa9360c77427d33676caa6cebebd10375e07a0	68	0	0	[2026-09-05 01:43:44.24]  INFO blockchain: Payload envelope arrivedMs=8231 blobCount=0 blockRoot=0xbcf13400fa8261ada75b7fdee5aa9360c77427d33676caa6cebebd10375e07a0 builderIndex=18446744073709551615 gasUsed=0 payloadBytes=838 slot=68 txCount=0
1	beacon.log	payload_envelope	2026-09-05T01:43:49.818084183Z	733481	0xcf463de934eda0dea542f4dbceaa587867e45ea0cb7b2513e3ee5fde3e858f8f	69	0	0	[2026-09-05 01:43:49.81]  INFO blockchain: Payload envelope arrivedMs=1804 blobCount=0 blockRoot=0xcf463de934eda0dea542f4dbceaa587867e45ea0cb7b2513e3ee5fde3e858f8f builderIndex=18446744073709551615 gasUsed=0 payloadBytes=838 slot=69 txCount=0
1	beacon.log	payload_envelope	2026-09-05T01:44:05.186777611Z	754008	0x061a13a3a48e0a186b4332425c4aaf198345cc9b17b2a3a732a0e310615948ce	70	0	0	[2026-09-05 01:44:05.18]  INFO blockchain: Payload envelope arrivedMs=5178 blobCount=0 blockRoot=0x061a13a3a48e0a186b4332425c4aaf198345cc9b17b2a3a732a0e310615948ce builderIndex=18446744073709551615 gasUsed=0 payloadBytes=838 slot=70 txCount=0
1	beacon.log	payload_envelope	2026-09-05T01:44:15.730287156Z	767653	0x27ed14b32ec0cad8a17de7ad8b640965144aaf31d5ffdf3bdb0737067934bdee	71	0	0	[2026-09-05 01:44:15.72]  INFO blockchain: Payload envelope arrivedMs=3719 blobCount=0 blockRoot=0x27ed14b32ec0cad8a17de7ad8b640965144aaf31d5ffdf3bdb0737067934bdee builderIndex=18446744073709551615 gasUsed=0 payloadBytes=838 slot=71 txCount=0
1	beacon.log	payload_envelope	2026-09-05T01:44:24.963863395Z	771957	0x8b985c2c4f1f12adf02761fdd1d5459afcc9cb2d2b583f1635ac1ccd1eb83734	72	0	0	[2026-09-05 01:44:24.96]  INFO blockchain: Payload envelope arrivedMs=948 blobCount=0 blockRoot=0x8b985c2c4f1f12adf02761fdd1d5459afcc9cb2d2b583f1635ac1ccd1eb83734 builderIndex=18446744073709551615 gasUsed=0 payloadBytes=838 slot=72 txCount=0
1	beacon.log	payload_envelope	2026-09-05T01:44:37.406694248Z	787809	0xcc2b6cca7b10cd85f06aeaea3ed86011aba0f6a45b7cabf6caecd89b94bf7eb9	73	0	0	[2026-09-05 01:44:37.40]  INFO blockchain: Payload envelope arrivedMs=1370 blobCount=0 blockRoot=0xcc2b6cca7b10cd85f06aeaea3ed86011aba0f6a45b7cabf6caecd89b94bf7eb9 builderIndex=18446744073709551615 gasUsed=0 payloadBytes=838 slot=73 txCount=0
1	beacon.log	payload_envelope	2026-09-05T01:44:54.524572802Z	813069	0x07030f26644df757ba0903baf46dbb2bb32234f5ae78366bbeffeedde9b3ba5e	74	0	0	[2026-09-05 01:44:54.52]  INFO blockchain: Payload envelope arrivedMs=6518 blobCount=0 blockRoot=0x07030f26644df757ba0903baf46dbb2bb32234f5ae78366bbeffeedde9b3ba5e builderIndex=18446744073709551615 gasUsed=0 payloadBytes=838 slot=74 txCount=0
1	beacon.log	payload_envelope	2026-09-05T01:45:04.750489575Z	826821	0x7f4ba2ae660888c8b6d163897b4ec961482374cb373170a29b276224dddbff31	75	0	0	[2026-09-05 01:45:04.75]  INFO blockchain: Payload envelope arrivedMs=4742 blobCount=0 blockRoot=0x7f4ba2ae660888c8b6d163897b4ec961482374cb373170a29b276224dddbff31 builderIndex=18446744073709551615 gasUsed=0 payloadBytes=838 slot=75 txCount=0
1	beacon.log	payload_envelope	2026-09-05T01:45:15.516176163Z	840147	0xbf4c3bff7aa8243f58fdd3c001adf14a4c62d4c71714cebbf41f41e10508d0c0	76	0	0	[2026-09-05 01:45:15.51]  INFO blockchain: Payload envelope arrivedMs=3486 blobCount=0 blockRoot=0xbf4c3bff7aa8243f58fdd3c001adf14a4c62d4c71714cebbf41f41e10508d0c0 builderIndex=18446744073709551615 gasUsed=0 payloadBytes=838 slot=76 txCount=0
1	beacon.log	payload_envelope	2026-09-05T01:45:25.385431667Z	847828	0x9b0e991df5f9b4234b5659ef77253d72072a7eef0a3824cb516e352f8b8f2968	77	0	0	[2026-09-05 01:45:25.38]  INFO blockchain: Payload envelope arrivedMs=1353 blobCount=0 blockRoot=0x9b0e991df5f9b4234b5659ef77253d72072a7eef0a3824cb516e352f8b8f2968 builderIndex=18446744073709551615 gasUsed=0 payloadBytes=838 slot=77 txCount=0
1	beacon.log	payload_envelope	2026-09-05T01:45:40.930593196Z	871689	0x1fcdf7a1179abef01270d268ce3be0b5bd3fdd0858c7f781fbd8d348a2215330	78	0	0	[2026-09-05 01:45:40.92]  INFO blockchain: Payload envelope arrivedMs=4920 blobCount=0 blockRoot=0x1fcdf7a1179abef01270d268ce3be0b5bd3fdd0858c7f781fbd8d348a2215330 builderIndex=18446744073709551615 gasUsed=0 payloadBytes=838 slot=78 txCount=0
1	beacon.log	payload_envelope	2026-09-05T01:45:49.331735785Z	877691	0x6cf77cacb12b2e9565f5e60d85ff44d000dd2651ae42425859ddf8804f69a741	79	0	0	[2026-09-05 01:45:49.33]  INFO blockchain: Payload envelope arrivedMs=1323 blobCount=0 blockRoot=0x6cf77cacb12b2e9565f5e60d85ff44d000dd2651ae42425859ddf8804f69a741 builderIndex=18446744073709551615 gasUsed=0 payloadBytes=838 slot=79 txCount=0
1	beacon.log	payload_envelope	2026-09-05T01:46:01.558128513Z	896210	0xa1dbc64868cd2d9275b6316f2300bb49ab615919ae9269778aaa6cd76154d89d	80	0	0	[2026-09-05 01:46:01.55]  INFO blockchain: Payload envelope arrivedMs=1543 blobCount=0 blockRoot=0xa1dbc64868cd2d9275b6316f2300bb49ab615919ae9269778aaa6cd76154d89d builderIndex=18446744073709551615 gasUsed=0 payloadBytes=838 slot=80 txCount=0
1	beacon.log	payload_envelope	2026-09-05T01:46:16.414528636Z	919138	0xec192d9e8b421a1dc6781052e8747afed6ed99424f5123fe6b418b8a6ce94d56	81	0	0	[2026-09-05 01:46:16.41]  INFO blockchain: Payload envelope arrivedMs=4406 blobCount=0 blockRoot=0xec192d9e8b421a1dc6781052e8747afed6ed99424f5123fe6b418b8a6ce94d56 builderIndex=18446744073709551615 gasUsed=0 payloadBytes=838 slot=81 txCount=0
1	beacon.log	payload_envelope	2026-09-05T01:46:27.921160373Z	933077	0x6f8acdbaf2daea11e6cffe9af1c6c7db3605ea9c82c7ca09a8f924a780325462	82	0	0	[2026-09-05 01:46:27.92]  INFO blockchain: Payload envelope arrivedMs=3909 blobCount=0 blockRoot=0x6f8acdbaf2daea11e6cffe9af1c6c7db3605ea9c82c7ca09a8f924a780325462 builderIndex=18446744073709551615 gasUsed=0 payloadBytes=838 slot=82 txCount=0
1	beacon.log	payload_envelope	2026-09-05T01:46:37.323741151Z	940441	0x291a139865ba7acbef2fbe6009a58b5d3e97498bb582b5660dc4e8fad7b2576d	83	0	0	[2026-09-05 01:46:37.32]  INFO blockchain: Payload envelope arrivedMs=1305 blobCount=0 blockRoot=0x291a139865ba7acbef2fbe6009a58b5d3e97498bb582b5660dc4e8fad7b2576d builderIndex=18446744073709551615 gasUsed=0 payloadBytes=838 slot=83 txCount=0
1	beacon.log	payload_envelope	2026-09-05T01:46:48.931069507Z	954145	0xc8627db11a7f3e8a3d2cd3de69c729d0017c6c60323d8b07f119a9c3ae32de91	84	0	0	[2026-09-05 01:46:48.93]  INFO blockchain: Payload envelope arrivedMs=912 blobCount=0 blockRoot=0xc8627db11a7f3e8a3d2cd3de69c729d0017c6c60323d8b07f119a9c3ae32de91 builderIndex=18446744073709551615 gasUsed=0 payloadBytes=838 slot=84 txCount=0
1	beacon.log	payload_envelope	2026-09-05T01:47:01.381183624Z	970666	0xc83c96d48fa7061dd696b0df7a241996d55d3761594ee0fc4d7eddd92cad15ef	85	0	0	[2026-09-05 01:47:01.38]  INFO blockchain: Payload envelope arrivedMs=1350 blobCount=0 blockRoot=0xc83c96d48fa7061dd696b0df7a241996d55d3761594ee0fc4d7eddd92cad15ef builderIndex=18446744073709551615 gasUsed=0 payloadBytes=838 slot=85 txCount=0
1	beacon.log	payload_envelope	2026-09-05T01:47:13.715672310Z	984731	0xe43b82f629dda0866547e43f59629ea31f4240524253df1bde6874cc60d9f444	86	0	0	[2026-09-05 01:47:13.71]  INFO blockchain: Payload envelope arrivedMs=1686 blobCount=0 blockRoot=0xe43b82f629dda0866547e43f59629ea31f4240524253df1bde6874cc60d9f444 builderIndex=18446744073709551615 gasUsed=0 payloadBytes=838 slot=86 txCount=0
1	beacon.log	payload_envelope	2026-09-05T01:47:26.160557766Z	1004797	0x4164585b410e66f98ca23a72c749791ab466665e08c338d65aeaafe0e053de34	87	0	0	[2026-09-05 01:47:26.16]  INFO blockchain: Payload envelope arrivedMs=2146 blobCount=0 blockRoot=0x4164585b410e66f98ca23a72c749791ab466665e08c338d65aeaafe0e053de34 builderIndex=18446744073709551615 gasUsed=0 payloadBytes=838 slot=87 txCount=0
1	beacon.log	payload_envelope	2026-09-05T01:47:37.749537938Z	1016815	0x224521a9082cbb1aff08b0bf1a3134db926aec085a73f3dae04d1de2073cb631	88	0	0	[2026-09-05 01:47:37.74]  INFO blockchain: Payload envelope arrivedMs=1724 blobCount=0 blockRoot=0x224521a9082cbb1aff08b0bf1a3134db926aec085a73f3dae04d1de2073cb631 builderIndex=18446744073709551615 gasUsed=0 payloadBytes=838 slot=88 txCount=0
1	beacon.log	payload_envelope	2026-09-05T01:47:49.337557325Z	1028799	0x4b6290c2fc4a88a1a520437bf4791e7b49b1afba14ab10094edd8314215881a3	89	0	0	[2026-09-05 01:47:49.33]  INFO blockchain: Payload envelope arrivedMs=1297 blobCount=0 blockRoot=0x4b6290c2fc4a88a1a520437bf4791e7b49b1afba14ab10094edd8314215881a3 builderIndex=18446744073709551615 gasUsed=0 payloadBytes=838 slot=89 txCount=0
1	beacon.log	payload_envelope	2026-09-05T01:48:01.242663278Z	1044168	0x7b609d078b5fe84889cd4d55cbdb1dce39842760ece749b01b05943e5f93f23a	90	0	0	[2026-09-05 01:48:01.24]  INFO blockchain: Payload envelope arrivedMs=1212 blobCount=0 blockRoot=0x7b609d078b5fe84889cd4d55cbdb1dce39842760ece749b01b05943e5f93f23a builderIndex=18446744073709551615 gasUsed=0 payloadBytes=838 slot=90 txCount=0
1	beacon.log	payload_envelope	2026-09-05T01:48:14.443642075Z	1063478	0x32f6ce40af3f91455d0a6bacfb17c6b49b8cc7d4249f77c994828b09bcde108a	91	0	0	[2026-09-05 01:48:14.44]  INFO blockchain: Payload envelope arrivedMs=2429 blobCount=0 blockRoot=0x32f6ce40af3f91455d0a6bacfb17c6b49b8cc7d4249f77c994828b09bcde108a builderIndex=18446744073709551615 gasUsed=0 payloadBytes=838 slot=91 txCount=0
1	beacon.log	payload_envelope	2026-09-05T01:48:25.709296386Z	1074368	0xbd3087a87d2ce719d2523f4f7dec64af872539b649c0133de27387bae0b78a1c	92	0	0	[2026-09-05 01:48:25.70]  INFO blockchain: Payload envelope arrivedMs=1699 blobCount=0 blockRoot=0xbd3087a87d2ce719d2523f4f7dec64af872539b649c0133de27387bae0b78a1c builderIndex=18446744073709551615 gasUsed=0 payloadBytes=838 slot=92 txCount=0
1	beacon.log	payload_envelope	2026-09-05T01:48:37.322382494Z	1086500	0x119a0ad33fdb21d76a54e0101e161638d5b8ea1b47808ecd466ba2621f81ae26	93	0	0	[2026-09-05 01:48:37.32]  INFO blockchain: Payload envelope arrivedMs=1301 blobCount=0 blockRoot=0x119a0ad33fdb21d76a54e0101e161638d5b8ea1b47808ecd466ba2621f81ae26 builderIndex=18446744073709551615 gasUsed=0 payloadBytes=838 slot=93 txCount=0
1	beacon.log	payload_envelope	2026-09-05T01:48:48.892906902Z	1093440	0x450c2bf1e8998f40e7956095a516cdb96d884f18bf31198dfde0ed4ce50473c7	94	0	0	[2026-09-05 01:48:48.89]  INFO blockchain: Payload envelope arrivedMs=882 blobCount=0 blockRoot=0x450c2bf1e8998f40e7956095a516cdb96d884f18bf31198dfde0ed4ce50473c7 builderIndex=18446744073709551615 gasUsed=0 payloadBytes=838 slot=94 txCount=0
1	beacon.log	payload_envelope	2026-09-05T01:49:01.078229269Z	1102160	0x595be2077870ad666af56db86ddc3de6cdf4d90cf418384c711312e8176385c0	95	0	0	[2026-09-05 01:49:01.07]  INFO blockchain: Payload envelope arrivedMs=1064 blobCount=0 blockRoot=0x595be2077870ad666af56db86ddc3de6cdf4d90cf418384c711312e8176385c0 builderIndex=18446744073709551615 gasUsed=0 payloadBytes=838 slot=95 txCount=0
1	beacon.log	payload_envelope	2026-09-05T01:49:14.590786693Z	1118904	0xc3da59207794daa351ec2af7830805288c79cb20f717f2f527d0b8f0eb537237	96	0	0	[2026-09-05 01:49:14.59]  INFO blockchain: Payload envelope arrivedMs=2575 blobCount=0 blockRoot=0xc3da59207794daa351ec2af7830805288c79cb20f717f2f527d0b8f0eb537237 builderIndex=18446744073709551615 gasUsed=0 payloadBytes=838 slot=96 txCount=0
1	beacon.log	payload_envelope	2026-09-05T01:49:28.190452731Z	1136905	0x3331f5a69652649750d783a604c4ca30ce3aa0ce6eede67ccea89771afb08df5	97	0	0	[2026-09-05 01:49:28.18]  INFO blockchain: Payload envelope arrivedMs=4174 blobCount=0 blockRoot=0x3331f5a69652649750d783a604c4ca30ce3aa0ce6eede67ccea89771afb08df5 builderIndex=18446744073709551615 gasUsed=0 payloadBytes=838 slot=97 txCount=0
1	beacon.log	payload_envelope	2026-09-05T01:49:37.857675506Z	1146121	0xddbe5696ef426e3fe576bbbecbcfef6353c195c2fcad079fb2e73856f0836075	98	0	0	[2026-09-05 01:49:37.85]  INFO blockchain: Payload envelope arrivedMs=1830 blobCount=0 blockRoot=0xddbe5696ef426e3fe576bbbecbcfef6353c195c2fcad079fb2e73856f0836075 builderIndex=18446744073709551615 gasUsed=0 payloadBytes=838 slot=98 txCount=0
1	beacon.log	payload_envelope	2026-09-05T01:49:49.564648311Z	1159343	0x4059d3fba97aed35f8b821796903914a723def0f5c067e4c7203c2623d2a0f2a	99	0	0	[2026-09-05 01:49:49.56]  INFO blockchain: Payload envelope arrivedMs=1542 blobCount=0 blockRoot=0x4059d3fba97aed35f8b821796903914a723def0f5c067e4c7203c2623d2a0f2a builderIndex=18446744073709551615 gasUsed=0 payloadBytes=838 slot=99 txCount=0
1	beacon.log	payload_envelope	2026-09-05T01:50:04.468129660Z	1181429	0x2cc54f75db77de24d141412d4e25421cb62260c262d474492f6903cb198a034a	100	0	0	[2026-09-05 01:50:04.46]  INFO blockchain: Payload envelope arrivedMs=4461 blobCount=0 blockRoot=0x2cc54f75db77de24d141412d4e25421cb62260c262d474492f6903cb198a034a builderIndex=18446744073709551615 gasUsed=0 payloadBytes=838 slot=100 txCount=0
1	beacon.log	payload_envelope	2026-09-05T01:50:17.039962532Z	1197037	0xa9ec98f85f1328a8b1290568f2270cde08bd842d0b9b7f9c99767ffc98ffe8d2	101	0	0	[2026-09-05 01:50:17.03]  INFO blockchain: Payload envelope arrivedMs=5032 blobCount=0 blockRoot=0xa9ec98f85f1328a8b1290568f2270cde08bd842d0b9b7f9c99767ffc98ffe8d2 builderIndex=18446744073709551615 gasUsed=0 payloadBytes=838 slot=101 txCount=0
1	beacon.log	payload_envelope	2026-09-05T01:50:25.906955422Z	1206063	0xfa5d509a9f8af9d9ab5cdadcbc51a6994ab27828cb7094c1d06fb469314dc99f	102	0	0	[2026-09-05 01:50:25.90]  INFO blockchain: Payload envelope arrivedMs=1890 blobCount=0 blockRoot=0xfa5d509a9f8af9d9ab5cdadcbc51a6994ab27828cb7094c1d06fb469314dc99f builderIndex=18446744073709551615 gasUsed=0 payloadBytes=838 slot=102 txCount=0
1	beacon.log	payload_envelope	2026-09-05T01:50:37.107581988Z	1216252	0x611a8f2cbf196f99b16f1e8ef14f0b0054a22e5c8f1dfef7fca566d5a7df92f4	103	0	0	[2026-09-05 01:50:37.10]  INFO blockchain: Payload envelope arrivedMs=1080 blobCount=0 blockRoot=0x611a8f2cbf196f99b16f1e8ef14f0b0054a22e5c8f1dfef7fca566d5a7df92f4 builderIndex=18446744073709551615 gasUsed=0 payloadBytes=838 slot=103 txCount=0
1	beacon.log	payload_envelope	2026-09-05T01:50:49.614909460Z	1233667	0xeb187de1dc8753c242d33810dbd495e34d939f559b49e00bf141470d804e7aae	104	0	0	[2026-09-05 01:50:49.61]  INFO blockchain: Payload envelope arrivedMs=1553 blobCount=0 blockRoot=0xeb187de1dc8753c242d33810dbd495e34d939f559b49e00bf141470d804e7aae builderIndex=18446744073709551615 gasUsed=0 payloadBytes=838 slot=104 txCount=0
1	beacon.log	payload_envelope	2026-09-05T01:51:03.955103847Z	1257178	0xcd77c82f45223e930c5722b21162db12fe449e0ef8ec26d01a350cc42cc5765f	105	0	0	[2026-09-05 01:51:03.95]  INFO blockchain: Payload envelope arrivedMs=3935 blobCount=0 blockRoot=0xcd77c82f45223e930c5722b21162db12fe449e0ef8ec26d01a350cc42cc5765f builderIndex=18446744073709551615 gasUsed=0 payloadBytes=838 slot=105 txCount=0
1	beacon.log	payload_envelope	2026-09-05T01:51:13.205157727Z	1263215	0x640b2eaa3b8c9c8d9a551e5c227c8b703ce2cc767482f617ba3fa3f5aaf7f223	106	0	0	[2026-09-05 01:51:13.20]  INFO blockchain: Payload envelope arrivedMs=1194 blobCount=0 blockRoot=0x640b2eaa3b8c9c8d9a551e5c227c8b703ce2cc767482f617ba3fa3f5aaf7f223 builderIndex=18446744073709551615 gasUsed=0 payloadBytes=838 slot=106 txCount=0
1	beacon.log	payload_envelope	2026-09-05T01:51:25.468277726Z	1279597	0x4c0f435e846b667914fcb99b6a94bbf6c0737b403554c14e84b984ccd4297c88	107	0	0	[2026-09-05 01:51:25.46]  INFO blockchain: Payload envelope arrivedMs=1457 blobCount=0 blockRoot=0x4c0f435e846b667914fcb99b6a94bbf6c0737b403554c14e84b984ccd4297c88 builderIndex=18446744073709551615 gasUsed=0 payloadBytes=838 slot=107 txCount=0
1	beacon.log	payload_envelope	2026-09-05T01:51:38.112502262Z	1297585	0x4089c120c8455c58ef9cba4466bbbfa375c45b8b2140b3217473c485924f0609	108	0	0	[2026-09-05 01:51:38.11]  INFO blockchain: Payload envelope arrivedMs=2045 blobCount=0 blockRoot=0x4089c120c8455c58ef9cba4466bbbfa375c45b8b2140b3217473c485924f0609 builderIndex=18446744073709551615 gasUsed=0 payloadBytes=838 slot=108 txCount=0
1	beacon.log	payload_envelope	2026-09-05T01:51:49.169498371Z	1309144	0x8f96234662054009eec13bbb947380f216ed40e5fa3b685e92d5a57da9b4802d	109	0	0	[2026-09-05 01:51:49.16]  INFO blockchain: Payload envelope arrivedMs=1142 blobCount=0 blockRoot=0x8f96234662054009eec13bbb947380f216ed40e5fa3b685e92d5a57da9b4802d builderIndex=18446744073709551615 gasUsed=0 payloadBytes=838 slot=109 txCount=0
1	beacon.log	payload_envelope	2026-09-05T01:52:03.869678148Z	1331613	0xf287cca39adc7e69ca3916a27edcfb2a163627e31989222d1318d902838816de	110	0	0	[2026-09-05 01:52:03.86]  INFO blockchain: Payload envelope arrivedMs=3861 blobCount=0 blockRoot=0xf287cca39adc7e69ca3916a27edcfb2a163627e31989222d1318d902838816de builderIndex=18446744073709551615 gasUsed=0 payloadBytes=838 slot=110 txCount=0
1	beacon.log	payload_envelope	2026-09-05T01:52:13.581406227Z	1338317	0x700efb28069d9c24d9cf1213b1f92a67b7b18e65e8a95a18d88d9109f76000b7	111	0	0	[2026-09-05 01:52:13.57]  INFO blockchain: Payload envelope arrivedMs=1552 blobCount=0 blockRoot=0x700efb28069d9c24d9cf1213b1f92a67b7b18e65e8a95a18d88d9109f76000b7 builderIndex=18446744073709551615 gasUsed=0 payloadBytes=838 slot=111 txCount=0
1	beacon.log	payload_envelope	2026-09-05T01:52:25.708724981Z	1352367	0xa5f27ae11b2d73f8d0b2df93312b0c7e2c5e6e9f15adb1c3654f4dc0e9f4cabe	112	0	0	[2026-09-05 01:52:25.70]  INFO blockchain: Payload envelope arrivedMs=1669 blobCount=0 blockRoot=0xa5f27ae11b2d73f8d0b2df93312b0c7e2c5e6e9f15adb1c3654f4dc0e9f4cabe builderIndex=18446744073709551615 gasUsed=0 payloadBytes=838 slot=112 txCount=0
1	beacon.log	payload_envelope	2026-09-05T01:52:40.034005440Z	1373735	0xfed2295d010f072262e492777253d1c85261e633fa370f82bd7de0002bfa94b0	113	0	0	[2026-09-05 01:52:40.03]  INFO blockchain: Payload envelope arrivedMs=4023 blobCount=0 blockRoot=0xfed2295d010f072262e492777253d1c85261e633fa370f82bd7de0002bfa94b0 builderIndex=18446744073709551615 gasUsed=0 payloadBytes=838 slot=113 txCount=0
1	beacon.log	payload_envelope	2026-09-05T01:52:49.603724686Z	1379343	0x66c93c60b14fe57e8261ba3b3e16f274af7dda2d53869968670d6782e0650655	114	0	0	[2026-09-05 01:52:49.60]  INFO blockchain: Payload envelope arrivedMs=1590 blobCount=0 blockRoot=0x66c93c60b14fe57e8261ba3b3e16f274af7dda2d53869968670d6782e0650655 builderIndex=18446744073709551615 gasUsed=0 payloadBytes=838 slot=114 txCount=0
1	beacon.log	payload_envelope	2026-09-05T01:53:01.321962465Z	1394748	0xd191d9480087894dc624d1e77c2be41a20246ae8c5cd6f9ba5df55067498e177	115	0	0	[2026-09-05 01:53:01.31]  INFO blockchain: Payload envelope arrivedMs=1280 blobCount=0 blockRoot=0xd191d9480087894dc624d1e77c2be41a20246ae8c5cd6f9ba5df55067498e177 builderIndex=18446744073709551615 gasUsed=0 payloadBytes=838 slot=115 txCount=0
1	beacon.log	payload_envelope	2026-09-05T01:53:14.667958137Z	1412778	0x1183b83cf715cf702e24e70af8042ed8709a8d4cc48f61b01a0f61c33feb4b76	116	0	0	[2026-09-05 01:53:14.66]  INFO blockchain: Payload envelope arrivedMs=2619 blobCount=0 blockRoot=0x1183b83cf715cf702e24e70af8042ed8709a8d4cc48f61b01a0f61c33feb4b76 builderIndex=18446744073709551615 gasUsed=0 payloadBytes=838 slot=116 txCount=0
1	beacon.log	payload_envelope	2026-09-05T01:53:27.293595987Z	1429571	0xde9cfb98623648bd4df28400eed1f98469abddc28df66779bc8a9e3f2cc148f8	117	0	0	[2026-09-05 01:53:27.29]  INFO blockchain: Payload envelope arrivedMs=3272 blobCount=0 blockRoot=0xde9cfb98623648bd4df28400eed1f98469abddc28df66779bc8a9e3f2cc148f8 builderIndex=18446744073709551615 gasUsed=0 payloadBytes=838 slot=117 txCount=0
1	beacon.log	payload_envelope	2026-09-05T01:53:39.934827457Z	1443469	0x9347f08929320fbeb4ed4f0b8da34e780f50d1bb1cfa52e265335060a6d27ad6	118	0	0	[2026-09-05 01:53:39.93]  INFO blockchain: Payload envelope arrivedMs=3923 blobCount=0 blockRoot=0x9347f08929320fbeb4ed4f0b8da34e780f50d1bb1cfa52e265335060a6d27ad6 builderIndex=18446744073709551615 gasUsed=0 payloadBytes=838 slot=118 txCount=0
1	beacon.log	payload_envelope	2026-09-05T01:53:51.560157939Z	1457153	0x057b8fa274db86c682dc25024af539b53c3b3a2d02becfc9272fa8e990460ceb	119	0	0	[2026-09-05 01:53:51.55]  INFO blockchain: Payload envelope arrivedMs=3547 blobCount=0 blockRoot=0x057b8fa274db86c682dc25024af539b53c3b3a2d02becfc9272fa8e990460ceb builderIndex=18446744073709551615 gasUsed=0 payloadBytes=838 slot=119 txCount=0
1	beacon.log	payload_envelope	2026-09-05T01:54:01.583457013Z	1463874	0x79e1b67cd5761cfafd2ac332f732e4b7316306e8ab0ad79c6147053236da9710	120	0	0	[2026-09-05 01:54:01.58]  INFO blockchain: Payload envelope arrivedMs=1539 blobCount=0 blockRoot=0x79e1b67cd5761cfafd2ac332f732e4b7316306e8ab0ad79c6147053236da9710 builderIndex=18446744073709551615 gasUsed=0 payloadBytes=838 slot=120 txCount=0
1	beacon.log	payload_envelope	2026-09-05T01:54:13.794470834Z	1480050	0xcda68f1aa1938cbeb2a28982cc907698f55e56532e3405aad189e87105daae1d	121	0	0	[2026-09-05 01:54:13.79]  INFO blockchain: Payload envelope arrivedMs=1778 blobCount=0 blockRoot=0xcda68f1aa1938cbeb2a28982cc907698f55e56532e3405aad189e87105daae1d builderIndex=18446744073709551615 gasUsed=0 payloadBytes=838 slot=121 txCount=0
1	beacon.log	payload_envelope	2026-09-05T01:54:25.084821561Z	1489571	0x7705cdd061883e82dabe7d1ca5cba73854ebe192a64b5483a98b94f600b5d0ca	122	0	0	[2026-09-05 01:54:25.08]  INFO blockchain: Payload envelope arrivedMs=1053 blobCount=0 blockRoot=0x7705cdd061883e82dabe7d1ca5cba73854ebe192a64b5483a98b94f600b5d0ca builderIndex=18446744073709551615 gasUsed=0 payloadBytes=838 slot=122 txCount=0
1	beacon.log	payload_envelope	2026-09-05T01:54:37.237393142Z	1505207	0x4c0f304098520e4cac9d896d389a368ebe1dce68f197d27a2bcee6db18bffb67	123	0	0	[2026-09-05 01:54:37.23]  INFO blockchain: Payload envelope arrivedMs=1214 blobCount=0 blockRoot=0x4c0f304098520e4cac9d896d389a368ebe1dce68f197d27a2bcee6db18bffb67 builderIndex=18446744073709551615 gasUsed=0 payloadBytes=838 slot=123 txCount=0
1	beacon.log	payload_envelope	2026-09-05T01:54:49.742635645Z	1519550	0x884604d12e715a69c304237ee87d0bb62a98ffa0bd1ccedddd36e874b56239ef	124	0	0	[2026-09-05 01:54:49.73]  INFO blockchain: Payload envelope arrivedMs=1718 blobCount=0 blockRoot=0x884604d12e715a69c304237ee87d0bb62a98ffa0bd1ccedddd36e874b56239ef builderIndex=18446744073709551615 gasUsed=0 payloadBytes=838 slot=124 txCount=0
1	beacon.log	payload_envelope	2026-09-05T01:55:01.188949744Z	1530508	0xcb1a1acf669095ea08ce57f624dcb0ac5a5e09fba732d19d8d4d7cbe2fde2bcf	125	0	0	[2026-09-05 01:55:01.18]  INFO blockchain: Payload envelope arrivedMs=1134 blobCount=0 blockRoot=0xcb1a1acf669095ea08ce57f624dcb0ac5a5e09fba732d19d8d4d7cbe2fde2bcf builderIndex=18446744073709551615 gasUsed=0 payloadBytes=838 slot=125 txCount=0
1	beacon.log	payload_envelope	2026-09-05T01:55:15.369397559Z	1549594	0x8af31c19614d2e5a718428d422062b37942f726301eab8fb03b0efc2fd2dbe7f	126	0	0	[2026-09-05 01:55:15.36]  INFO blockchain: Payload envelope arrivedMs=3357 blobCount=0 blockRoot=0x8af31c19614d2e5a718428d422062b37942f726301eab8fb03b0efc2fd2dbe7f builderIndex=18446744073709551615 gasUsed=0 payloadBytes=838 slot=126 txCount=0
1	beacon.log	payload_envelope	2026-09-05T01:55:26.011700117Z	1556427	0x33b63b5c7f8d5b0ee991521445e7972cd43cab2df7c26a8417c28d324bd8aaee	127	0	0	[2026-09-05 01:55:26.01]  INFO blockchain: Payload envelope arrivedMs=1935 blobCount=0 blockRoot=0x33b63b5c7f8d5b0ee991521445e7972cd43cab2df7c26a8417c28d324bd8aaee builderIndex=18446744073709551615 gasUsed=0 payloadBytes=838 slot=127 txCount=0
1	beacon.log	payload_envelope	2026-09-05T01:55:37.318869761Z	1566118	0x4a3a9ee799a77e58812b69a182af3c6044cc1a605540bec754d7ae4638a85d1b	128	0	0	[2026-09-05 01:55:37.31]  INFO blockchain: Payload envelope arrivedMs=1296 blobCount=0 blockRoot=0x4a3a9ee799a77e58812b69a182af3c6044cc1a605540bec754d7ae4638a85d1b builderIndex=18446744073709551615 gasUsed=0 payloadBytes=838 slot=128 txCount=0
1	beacon.log	payload_envelope	2026-09-05T01:59:03.686497776Z	1825809	0x4c081d5ca2c948d282e3c12d91d7bc43e19c1ed80850104bf46b28bd801bfe18	144	0	0	[2026-09-05 01:59:03.68]  INFO blockchain: Payload envelope arrivedMs=15676 blobCount=0 blockRoot=0x4c081d5ca2c948d282e3c12d91d7bc43e19c1ed80850104bf46b28bd801bfe18 builderIndex=18446744073709551615 gasUsed=0 payloadBytes=838 slot=144 txCount=0
1	beacon.log	payload_envelope	2026-09-05T02:00:03.865956627Z	1896049	0x20bb70a909e9596e57295dd6d2e5e55ee356ff1f8a0e1a6d561aee6acfd47e18	149	0	0	[2026-09-05 02:00:03.86]  INFO blockchain: Payload envelope arrivedMs=15833 blobCount=0 blockRoot=0x20bb70a909e9596e57295dd6d2e5e55ee356ff1f8a0e1a6d561aee6acfd47e18 builderIndex=18446744073709551615 gasUsed=0 payloadBytes=838 slot=149 txCount=0
1	beacon.log	payload_envelope	2026-09-05T02:01:39.479708218Z	2005336	0x37b3eaa6ffd32444848d89433ecd0fec9f95f305655a2238f15b50880ec5f554	157	0	0	[2026-09-05 02:01:39.47]  INFO blockchain: Payload envelope arrivedMs=15473 blobCount=0 blockRoot=0x37b3eaa6ffd32444848d89433ecd0fec9f95f305655a2238f15b50880ec5f554 builderIndex=18446744073709551615 gasUsed=0 payloadBytes=838 slot=157 txCount=0
1	beacon.log	payload_envelope	2026-09-05T02:02:03.723871049Z	2026285	0x4f21e4b4837aebeed5ea539c31bcfa811f9419a56d236968dc7cf78ba5b96ab5	159	0	0	[2026-09-05 02:02:03.72]  INFO blockchain: Payload envelope arrivedMs=15704 blobCount=0 blockRoot=0x4f21e4b4837aebeed5ea539c31bcfa811f9419a56d236968dc7cf78ba5b96ab5 builderIndex=18446744073709551615 gasUsed=0 payloadBytes=838 slot=159 txCount=0
1	beacon.log	payload_envelope	2026-09-05T02:03:33.835355120Z	2107666	0x2112a278d82b93efa3aeedba8353a5b9877a2f01370771fae5738fcad2cccc1d	167	0	0	[2026-09-05 02:03:33.83]  INFO blockchain: Payload envelope arrivedMs=9827 blobCount=0 blockRoot=0x2112a278d82b93efa3aeedba8353a5b9877a2f01370771fae5738fcad2cccc1d builderIndex=18446744073709551615 gasUsed=0 payloadBytes=838 slot=167 txCount=0
1	beacon.log	payload_envelope	2026-09-05T02:03:50.940970767Z	2131967	0xb26d82c1d9d32d14ae5d7b4d64db7e9338a2fb384fb4969304226beb22c24ada	169	0	0	[2026-09-05 02:03:50.94]  INFO blockchain: Payload envelope arrivedMs=2925 blobCount=0 blockRoot=0xb26d82c1d9d32d14ae5d7b4d64db7e9338a2fb384fb4969304226beb22c24ada builderIndex=18446744073709551615 gasUsed=0 payloadBytes=838 slot=169 txCount=0
50	beacon.log	payload_envelope	2026-09-05T01:33:11.290349091Z	32149	0x6856419067eae1ba1bd63c1f519dcff0c921b3363a5f202ea5f69c6ef429df41	15	0	0	[2026-09-05 01:33:11.29]  INFO blockchain: Payload envelope arrivedMs=10867 blobCount=0 blockRoot=0x6856419067eae1ba1bd63c1f519dcff0c921b3363a5f202ea5f69c6ef429df41 builderIndex=18446744073709551615 gasUsed=0 payloadBytes=853 slot=15 txCount=0
50	beacon.log	payload_envelope	2026-09-05T01:33:20.474746793Z	45750	0x4b07a2a4ef496b99e14601673b47caf145ce8834b57e2f365cb40c71b03e9857	16	0	0	[2026-09-05 01:33:20.47]  INFO blockchain: Payload envelope arrivedMs=7674 blobCount=0 blockRoot=0x4b07a2a4ef496b99e14601673b47caf145ce8834b57e2f365cb40c71b03e9857 builderIndex=18446744073709551615 gasUsed=0 payloadBytes=853 slot=16 txCount=0
50	beacon.log	payload_envelope	2026-09-05T01:33:28.869193771Z	56916	0x73aa6168fc7236fe9e1236011240c41d4956e571319d2cb4dc0e90676f5ed646	17	0	0	[2026-09-05 01:33:28.86]  INFO blockchain: Payload envelope arrivedMs=4665 blobCount=0 blockRoot=0x73aa6168fc7236fe9e1236011240c41d4956e571319d2cb4dc0e90676f5ed646 builderIndex=18446744073709551615 gasUsed=0 payloadBytes=838 slot=17 txCount=0
50	beacon.log	payload_envelope	2026-09-05T01:33:47.032710629Z	83508	0xd91ad8c6ede9322587c895c4d6d8122845a8339a69e8d795c87a9a443595365c	18	0	0	[2026-09-05 01:33:47.03]  INFO blockchain: Payload envelope arrivedMs=11022 blobCount=0 blockRoot=0xd91ad8c6ede9322587c895c4d6d8122845a8339a69e8d795c87a9a443595365c builderIndex=18446744073709551615 gasUsed=0 payloadBytes=838 slot=18 txCount=0
50	beacon.log	payload_envelope	2026-09-05T01:34:06.436895302Z	114701	0x8c623e1e437606a1b75307469b9f95ab4ac707c0d60727bb754842a8a04afb4c	20	0	0	[2026-09-05 01:34:06.43]  INFO blockchain: Payload envelope arrivedMs=6430 blobCount=0 blockRoot=0x8c623e1e437606a1b75307469b9f95ab4ac707c0d60727bb754842a8a04afb4c builderIndex=18446744073709551615 gasUsed=0 payloadBytes=838 slot=20 txCount=0
50	beacon.log	payload_envelope	2026-09-05T01:34:13.439041353Z	122502	0x6d950d16472c6ac6dbc0ec913b4c3ccfbd57955e687692ca59ac12bde7dbb419	21	0	0	[2026-09-05 01:34:13.43]  INFO blockchain: Payload envelope arrivedMs=1396 blobCount=0 blockRoot=0x6d950d16472c6ac6dbc0ec913b4c3ccfbd57955e687692ca59ac12bde7dbb419 builderIndex=18446744073709551615 gasUsed=0 payloadBytes=838 slot=21 txCount=0
50	beacon.log	payload_envelope	2026-09-05T01:34:25.574961548Z	139592	0xd30e21e5caff469131b6f219258ba4c1eee5bf52993190f9ac6d13b1580553ec	22	0	0	[2026-09-05 01:34:25.57]  INFO blockchain: Payload envelope arrivedMs=1562 blobCount=0 blockRoot=0xd30e21e5caff469131b6f219258ba4c1eee5bf52993190f9ac6d13b1580553ec builderIndex=18446744073709551615 gasUsed=0 payloadBytes=838 slot=22 txCount=0
50	beacon.log	payload_envelope	2026-09-05T01:34:38.073147051Z	156797	0x8905c800caeb676032d12191db928c3d9c47fcb2792e83fdfba1e59617112993	23	0	0	[2026-09-05 01:34:38.07]  INFO blockchain: Payload envelope arrivedMs=2057 blobCount=0 blockRoot=0x8905c800caeb676032d12191db928c3d9c47fcb2792e83fdfba1e59617112993 builderIndex=18446744073709551615 gasUsed=0 payloadBytes=838 slot=23 txCount=0
50	beacon.log	payload_envelope	2026-09-05T01:34:49.386326499Z	165267	0x63ded1dea4d10a23127b6ab613cc921e250d319c5fc57e85846b28c4682735b6	24	0	0	[2026-09-05 01:34:49.38]  INFO blockchain: Payload envelope arrivedMs=1278 blobCount=0 blockRoot=0x63ded1dea4d10a23127b6ab613cc921e250d319c5fc57e85846b28c4682735b6 builderIndex=18446744073709551615 gasUsed=0 payloadBytes=838 slot=24 txCount=0
50	beacon.log	payload_envelope	2026-09-05T01:35:00.726998910Z	175941	0x936578d5a63354b949159d4c4100bb97ddf380e1fe5c4edb2bc087d2a4a171c0	25	0	0	[2026-09-05 01:35:00.72]  INFO blockchain: Payload envelope arrivedMs=697 blobCount=0 blockRoot=0x936578d5a63354b949159d4c4100bb97ddf380e1fe5c4edb2bc087d2a4a171c0 builderIndex=18446744073709551615 gasUsed=0 payloadBytes=838 slot=25 txCount=0
50	beacon.log	payload_envelope	2026-09-05T01:35:13.727460199Z	193909	0xaafdddeee471f3873084ee40fe5910f0ec39ebc5004702beb8a8bf4e7789ebbf	26	0	0	[2026-09-05 01:35:13.72]  INFO blockchain: Payload envelope arrivedMs=1714 blobCount=0 blockRoot=0xaafdddeee471f3873084ee40fe5910f0ec39ebc5004702beb8a8bf4e7789ebbf builderIndex=18446744073709551615 gasUsed=0 payloadBytes=838 slot=26 txCount=0
50	beacon.log	payload_envelope	2026-09-05T01:35:24.958626045Z	204845	0x150aba8a7c07ad6e2e42802ffcf0d8882649398e01adbed9b7952a413bc1d707	27	0	0	[2026-09-05 01:35:24.95]  INFO blockchain: Payload envelope arrivedMs=907 blobCount=0 blockRoot=0x150aba8a7c07ad6e2e42802ffcf0d8882649398e01adbed9b7952a413bc1d707 builderIndex=18446744073709551615 gasUsed=0 payloadBytes=838 slot=27 txCount=0
50	beacon.log	payload_envelope	2026-09-05T01:35:36.901591490Z	218663	0x68e13ddc2083f108a231b598324db60e4aee78d482e9eabdb35184725116d943	28	0	0	[2026-09-05 01:35:36.90]  INFO blockchain: Payload envelope arrivedMs=845 blobCount=0 blockRoot=0x68e13ddc2083f108a231b598324db60e4aee78d482e9eabdb35184725116d943 builderIndex=18446744073709551615 gasUsed=0 payloadBytes=838 slot=28 txCount=0
50	beacon.log	payload_envelope	2026-09-05T01:35:49.132288950Z	234904	0x54501df3caace17ae717777b71f0726bc26aa5f8bff4a22b6849b7b3ff799438	29	0	0	[2026-09-05 01:35:49.13]  INFO blockchain: Payload envelope arrivedMs=1083 blobCount=0 blockRoot=0x54501df3caace17ae717777b71f0726bc26aa5f8bff4a22b6849b7b3ff799438 builderIndex=18446744073709551615 gasUsed=0 payloadBytes=838 slot=29 txCount=0
50	beacon.log	payload_envelope	2026-09-05T01:36:01.492041663Z	249956	0xb1525c7da628a8cb29178ccc5bc66d0741712dfc8addc0ea54ce7a2e61bc43f5	30	0	0	[2026-09-05 01:36:01.49]  INFO blockchain: Payload envelope arrivedMs=1480 blobCount=0 blockRoot=0xb1525c7da628a8cb29178ccc5bc66d0741712dfc8addc0ea54ce7a2e61bc43f5 builderIndex=18446744073709551615 gasUsed=0 payloadBytes=838 slot=30 txCount=0
50	beacon.log	payload_envelope	2026-09-05T01:36:13.647508017Z	261838	0xacbef2d5203a28ad560623f1f5f890555ec8bcccddb91519ccccd2a0327b329f	31	0	0	[2026-09-05 01:36:13.64]  INFO blockchain: Payload envelope arrivedMs=1636 blobCount=0 blockRoot=0xacbef2d5203a28ad560623f1f5f890555ec8bcccddb91519ccccd2a0327b329f builderIndex=18446744073709551615 gasUsed=0 payloadBytes=838 slot=31 txCount=0
50	beacon.log	payload_envelope	2026-09-05T01:36:26.362010063Z	274404	0x997f9537f08a8ec7ef736be49a8c49fb397a7e91c12e31136279ad630bf8b51b	32	0	0	[2026-09-05 01:36:26.36]  INFO blockchain: Payload envelope arrivedMs=2336 blobCount=0 blockRoot=0x997f9537f08a8ec7ef736be49a8c49fb397a7e91c12e31136279ad630bf8b51b builderIndex=18446744073709551615 gasUsed=0 payloadBytes=838 slot=32 txCount=0
50	beacon.log	payload_envelope	2026-09-05T01:36:39.817535376Z	291511	0x5716f7de9700d799de5a9c797632417604467d0272805bf688120ae61125b65b	33	0	0	[2026-09-05 01:36:39.81]  INFO blockchain: Payload envelope arrivedMs=3810 blobCount=0 blockRoot=0x5716f7de9700d799de5a9c797632417604467d0272805bf688120ae61125b65b builderIndex=18446744073709551615 gasUsed=0 payloadBytes=838 slot=33 txCount=0
50	beacon.log	payload_envelope	2026-09-05T01:36:52.453954026Z	305827	0x94c7cbff08f9753688fbf7536f878a175f211fbdbba59fa533a96744070c82c4	34	0	0	[2026-09-05 01:36:52.45]  INFO blockchain: Payload envelope arrivedMs=4446 blobCount=0 blockRoot=0x94c7cbff08f9753688fbf7536f878a175f211fbdbba59fa533a96744070c82c4 builderIndex=18446744073709551615 gasUsed=0 payloadBytes=838 slot=34 txCount=0
50	beacon.log	payload_envelope	2026-09-05T01:37:02.435178043Z	319943	0x0fd5b54bd6d71b7fa1a1b93d225825be30af886f339146bb1404e1df87fd0e35	35	0	0	[2026-09-05 01:37:02.43]  INFO blockchain: Payload envelope arrivedMs=2423 blobCount=0 blockRoot=0x0fd5b54bd6d71b7fa1a1b93d225825be30af886f339146bb1404e1df87fd0e35 builderIndex=18446744073709551615 gasUsed=0 payloadBytes=838 slot=35 txCount=0
50	beacon.log	payload_envelope	2026-09-05T01:37:13.629238719Z	330018	0x57a187b18fa37276a00a620fa5982886a94dd5e668b0bfc7f10fd7ce4ad272e9	36	0	0	[2026-09-05 01:37:13.62]  INFO blockchain: Payload envelope arrivedMs=1596 blobCount=0 blockRoot=0x57a187b18fa37276a00a620fa5982886a94dd5e668b0bfc7f10fd7ce4ad272e9 builderIndex=18446744073709551615 gasUsed=0 payloadBytes=838 slot=36 txCount=0
50	beacon.log	payload_envelope	2026-09-05T01:37:26.483113225Z	349728	0x95aac8bf760602860fc7b58a554cb5bdc86990a0d523ae3ec7f1eea190b15928	37	0	0	[2026-09-05 01:37:26.48]  INFO blockchain: Payload envelope arrivedMs=2473 blobCount=0 blockRoot=0x95aac8bf760602860fc7b58a554cb5bdc86990a0d523ae3ec7f1eea190b15928 builderIndex=18446744073709551615 gasUsed=0 payloadBytes=838 slot=37 txCount=0
50	beacon.log	payload_envelope	2026-09-05T01:37:37.234388223Z	357356	0xa84b6b17513a472736f99b053f3da8d139cbd7e8b07a5563e388143050b6c048	38	0	0	[2026-09-05 01:37:37.23]  INFO blockchain: Payload envelope arrivedMs=1204 blobCount=0 blockRoot=0xa84b6b17513a472736f99b053f3da8d139cbd7e8b07a5563e388143050b6c048 builderIndex=18446744073709551615 gasUsed=0 payloadBytes=838 slot=38 txCount=0
50	beacon.log	payload_envelope	2026-09-05T01:37:51.331936370Z	380257	0x90904ce7c5f001acd4247af743c069943947e703cb48bdddfa6ae653f2f53e96	39	0	0	[2026-09-05 01:37:51.33]  INFO blockchain: Payload envelope arrivedMs=3324 blobCount=0 blockRoot=0x90904ce7c5f001acd4247af743c069943947e703cb48bdddfa6ae653f2f53e96 builderIndex=18446744073709551615 gasUsed=0 payloadBytes=838 slot=39 txCount=0
50	beacon.log	payload_envelope	2026-09-05T01:38:01.784220893Z	388169	0xaa9aee7647fc73903ae1b4b5dd23d61e413c1bd202822128de37bc7072cae187	40	0	0	[2026-09-05 01:38:01.78]  INFO blockchain: Payload envelope arrivedMs=1735 blobCount=0 blockRoot=0xaa9aee7647fc73903ae1b4b5dd23d61e413c1bd202822128de37bc7072cae187 builderIndex=18446744073709551615 gasUsed=0 payloadBytes=838 slot=40 txCount=0
50	beacon.log	payload_envelope	2026-09-05T01:38:13.755013895Z	404766	0xe0aa8bece2b6855b0da2c8947bec576bf28b0b4df9e54ddb9780c000baf63c34	41	0	0	[2026-09-05 01:38:13.75]  INFO blockchain: Payload envelope arrivedMs=1727 blobCount=0 blockRoot=0xe0aa8bece2b6855b0da2c8947bec576bf28b0b4df9e54ddb9780c000baf63c34 builderIndex=18446744073709551615 gasUsed=0 payloadBytes=838 slot=41 txCount=0
50	beacon.log	payload_envelope	2026-09-05T01:38:25.934288275Z	419796	0x708bb9684e17be1d813aa52f02b73dc2a1f530f877f396af03a4a2e8ed50e12f	42	0	0	[2026-09-05 01:38:25.93]  INFO blockchain: Payload envelope arrivedMs=1912 blobCount=0 blockRoot=0x708bb9684e17be1d813aa52f02b73dc2a1f530f877f396af03a4a2e8ed50e12f builderIndex=18446744073709551615 gasUsed=0 payloadBytes=838 slot=42 txCount=0
50	beacon.log	payload_envelope	2026-09-05T01:38:37.447252620Z	431244	0x95a07846790bfb3facf72cc8f0d8b231dd9555eeb7f2c8e05596bda5f1fcbc58	43	0	0	[2026-09-05 01:38:37.44]  INFO blockchain: Payload envelope arrivedMs=1432 blobCount=0 blockRoot=0x95a07846790bfb3facf72cc8f0d8b231dd9555eeb7f2c8e05596bda5f1fcbc58 builderIndex=18446744073709551615 gasUsed=0 payloadBytes=838 slot=43 txCount=0
50	beacon.log	payload_envelope	2026-09-05T01:38:50.384097418Z	452972	0xfe60c97b1d25873d10b3dad4d7b986033d2f429fa88e70dc7b9581e7be29208f	44	0	0	[2026-09-05 01:38:50.38]  INFO blockchain: Payload envelope arrivedMs=2376 blobCount=0 blockRoot=0xfe60c97b1d25873d10b3dad4d7b986033d2f429fa88e70dc7b9581e7be29208f builderIndex=18446744073709551615 gasUsed=0 payloadBytes=838 slot=44 txCount=0
50	beacon.log	payload_envelope	2026-09-05T01:39:03.763257670Z	468273	0xdaeaa8f28a8b6fa56d4f70159675c3308b23072d8eefbb61a518b16f66a6a88a	45	0	0	[2026-09-05 01:39:03.76]  INFO blockchain: Payload envelope arrivedMs=3752 blobCount=0 blockRoot=0xdaeaa8f28a8b6fa56d4f70159675c3308b23072d8eefbb61a518b16f66a6a88a builderIndex=18446744073709551615 gasUsed=0 payloadBytes=838 slot=45 txCount=0
50	beacon.log	payload_envelope	2026-09-05T01:39:14.408605152Z	482459	0x031dbae215ad7b0f8d4211a3cff910f0142f4bd27fe7f46775007df899d45dc4	46	0	0	[2026-09-05 01:39:14.40]  INFO blockchain: Payload envelope arrivedMs=2397 blobCount=0 blockRoot=0x031dbae215ad7b0f8d4211a3cff910f0142f4bd27fe7f46775007df899d45dc4 builderIndex=18446744073709551615 gasUsed=0 payloadBytes=838 slot=46 txCount=0
50	beacon.log	payload_envelope	2026-09-05T01:39:25.433362495Z	490825	0x98466e96fd71f59dc35606a8a106f4246370ce20cfafcdf5f2285916bb3bf631	47	0	0	[2026-09-05 01:39:25.43]  INFO blockchain: Payload envelope arrivedMs=1417 blobCount=0 blockRoot=0x98466e96fd71f59dc35606a8a106f4246370ce20cfafcdf5f2285916bb3bf631 builderIndex=18446744073709551615 gasUsed=0 payloadBytes=838 slot=47 txCount=0
50	beacon.log	payload_envelope	2026-09-05T01:39:37.598739032Z	506460	0x0adb64fdd357d6a100be72c5cde01e071b9c7ad98499d22301c2c94b735d4768	48	0	0	[2026-09-05 01:39:37.59]  INFO blockchain: Payload envelope arrivedMs=1570 blobCount=0 blockRoot=0x0adb64fdd357d6a100be72c5cde01e071b9c7ad98499d22301c2c94b735d4768 builderIndex=18446744073709551615 gasUsed=0 payloadBytes=838 slot=48 txCount=0
50	beacon.log	payload_envelope	2026-09-05T01:39:49.144281209Z	518018	0x54428741af71bb3b2d2fcd79877f9061793145d74d064c042c9b1e50e232952e	49	0	0	[2026-09-05 01:39:49.14]  INFO blockchain: Payload envelope arrivedMs=1118 blobCount=0 blockRoot=0x54428741af71bb3b2d2fcd79877f9061793145d74d064c042c9b1e50e232952e builderIndex=18446744073709551615 gasUsed=0 payloadBytes=838 slot=49 txCount=0
50	beacon.log	payload_envelope	2026-09-05T01:40:03.746702196Z	541418	0x0777d67ee35ea3894f0d65152c30ffbe990b5ad102f13c88290cbfe1c6b99b27	50	0	0	[2026-09-05 01:40:03.74]  INFO blockchain: Payload envelope arrivedMs=3736 blobCount=0 blockRoot=0x0777d67ee35ea3894f0d65152c30ffbe990b5ad102f13c88290cbfe1c6b99b27 builderIndex=18446744073709551615 gasUsed=0 payloadBytes=838 slot=50 txCount=0
50	beacon.log	payload_envelope	2026-09-05T01:40:14.069498762Z	550607	0x87367018ac171eac8da11ef01d6ca055aaac5fed7e448517ed2c00ce2afc843a	51	0	0	[2026-09-05 01:40:14.06]  INFO blockchain: Payload envelope arrivedMs=2055 blobCount=0 blockRoot=0x87367018ac171eac8da11ef01d6ca055aaac5fed7e448517ed2c00ce2afc843a builderIndex=18446744073709551615 gasUsed=0 payloadBytes=838 slot=51 txCount=0
50	beacon.log	payload_envelope	2026-09-05T01:40:25.753831220Z	563781	0x53a4ca7aca1e145fcaaa539dd2ee1d22a2ebfe3bb05b0356d4ffd706b90dbe95	52	0	0	[2026-09-05 01:40:25.75]  INFO blockchain: Payload envelope arrivedMs=1745 blobCount=0 blockRoot=0x53a4ca7aca1e145fcaaa539dd2ee1d22a2ebfe3bb05b0356d4ffd706b90dbe95 builderIndex=18446744073709551615 gasUsed=0 payloadBytes=838 slot=52 txCount=0
50	beacon.log	payload_envelope	2026-09-05T01:40:38.017796899Z	578057	0xfe4d916cae7358428d456093a49b03d06a9e7ea23fddd55f42410ff3f6ec3c93	53	0	0	[2026-09-05 01:40:38.01]  INFO blockchain: Payload envelope arrivedMs=1998 blobCount=0 blockRoot=0xfe4d916cae7358428d456093a49b03d06a9e7ea23fddd55f42410ff3f6ec3c93 builderIndex=18446744073709551615 gasUsed=0 payloadBytes=838 slot=53 txCount=0
50	beacon.log	payload_envelope	2026-09-05T01:40:49.512427803Z	588261	0x1e9777218f0f8e45f1c23095f96677bd501999d7da6061244a121029815f4d0d	54	0	0	[2026-09-05 01:40:49.51]  INFO blockchain: Payload envelope arrivedMs=1497 blobCount=0 blockRoot=0x1e9777218f0f8e45f1c23095f96677bd501999d7da6061244a121029815f4d0d builderIndex=18446744073709551615 gasUsed=0 payloadBytes=838 slot=54 txCount=0
50	beacon.log	payload_envelope	2026-09-05T01:41:02.778224987Z	604486	0x202232f4edcae4def3403c044cb8fa93846ec8afa3c3cdc037e58bd70e23b060	55	0	0	[2026-09-05 01:41:02.77]  INFO blockchain: Payload envelope arrivedMs=2770 blobCount=0 blockRoot=0x202232f4edcae4def3403c044cb8fa93846ec8afa3c3cdc037e58bd70e23b060 builderIndex=18446744073709551615 gasUsed=0 payloadBytes=838 slot=55 txCount=0
50	beacon.log	payload_envelope	2026-09-05T01:41:13.870407583Z	612581	0x08a3a5ea44e72baaa81531a869debfc8f5b423190ae40f6d862788de1992f338	56	0	0	[2026-09-05 01:41:13.86]  INFO blockchain: Payload envelope arrivedMs=1846 blobCount=0 blockRoot=0x08a3a5ea44e72baaa81531a869debfc8f5b423190ae40f6d862788de1992f338 builderIndex=18446744073709551615 gasUsed=0 payloadBytes=838 slot=56 txCount=0
50	beacon.log	payload_envelope	2026-09-05T01:41:26.172877535Z	628301	0x28289a8f5e4bd49ce8735eaf964fe00b17d1ad61f7744ae6eca1abef3b915e10	57	0	0	[2026-09-05 01:41:26.17]  INFO blockchain: Payload envelope arrivedMs=2162 blobCount=0 blockRoot=0x28289a8f5e4bd49ce8735eaf964fe00b17d1ad61f7744ae6eca1abef3b915e10 builderIndex=18446744073709551615 gasUsed=0 payloadBytes=838 slot=57 txCount=0
50	beacon.log	payload_envelope	2026-09-05T01:41:37.158589360Z	635366	0xd7c2c6a72d4ab701eced025f71d9e7d6a5eae17bd1802c01686fa5d0d25b5e02	58	0	0	[2026-09-05 01:41:37.15]  INFO blockchain: Payload envelope arrivedMs=1140 blobCount=0 blockRoot=0xd7c2c6a72d4ab701eced025f71d9e7d6a5eae17bd1802c01686fa5d0d25b5e02 builderIndex=18446744073709551615 gasUsed=0 payloadBytes=838 slot=58 txCount=0
50	beacon.log	payload_envelope	2026-09-05T01:41:50.710275534Z	655027	0x205a49382c082b01e876835cf0aebada208046f377992f531eb77969e10908ea	59	0	0	[2026-09-05 01:41:50.70]  INFO blockchain: Payload envelope arrivedMs=2702 blobCount=0 blockRoot=0x205a49382c082b01e876835cf0aebada208046f377992f531eb77969e10908ea builderIndex=18446744073709551615 gasUsed=0 payloadBytes=838 slot=59 txCount=0
50	beacon.log	payload_envelope	2026-09-05T01:42:02.173439346Z	666958	0x50f5093ae3deca4224d96fb575cd0225bbe8351be878370e9ca4d3b5f42d0c87	60	0	0	[2026-09-05 01:42:02.17]  INFO blockchain: Payload envelope arrivedMs=2162 blobCount=0 blockRoot=0x50f5093ae3deca4224d96fb575cd0225bbe8351be878370e9ca4d3b5f42d0c87 builderIndex=18446744073709551615 gasUsed=0 payloadBytes=838 slot=60 txCount=0
50	beacon.log	payload_envelope	2026-09-05T01:42:13.390551660Z	674985	0x8eaca2d764b1dcf261cf144aaac2494896f6d402c6da1567c72de00bac08a106	61	0	0	[2026-09-05 01:42:13.39]  INFO blockchain: Payload envelope arrivedMs=1376 blobCount=0 blockRoot=0x8eaca2d764b1dcf261cf144aaac2494896f6d402c6da1567c72de00bac08a106 builderIndex=18446744073709551615 gasUsed=0 payloadBytes=838 slot=61 txCount=0
50	beacon.log	payload_envelope	2026-09-05T01:42:26.801592592Z	688768	0x501b6adf3fad1cc679729a985cc1d3fcb2792e40cc1781686804403aaae66854	62	0	0	[2026-09-05 01:42:26.80]  INFO blockchain: Payload envelope arrivedMs=2793 blobCount=0 blockRoot=0x501b6adf3fad1cc679729a985cc1d3fcb2792e40cc1781686804403aaae66854 builderIndex=18446744073709551615 gasUsed=0 payloadBytes=838 slot=62 txCount=0
50	beacon.log	payload_envelope	2026-09-05T01:42:37.278567485Z	697145	0xde60dc9e0a94e4c0334d673e696c091b4363a278331febb32b4b7f66ddc8a2ff	63	0	0	[2026-09-05 01:42:37.27]  INFO blockchain: Payload envelope arrivedMs=1268 blobCount=0 blockRoot=0xde60dc9e0a94e4c0334d673e696c091b4363a278331febb32b4b7f66ddc8a2ff builderIndex=18446744073709551615 gasUsed=0 payloadBytes=838 slot=63 txCount=0
50	beacon.log	payload_envelope	2026-09-05T01:42:50.778472354Z	715554	0x6f4707037e193b2859e47714097e57556529e8bf2657aaf2ef89c0784e02fa40	64	0	0	[2026-09-05 01:42:50.77]  INFO blockchain: Payload envelope arrivedMs=2771 blobCount=0 blockRoot=0x6f4707037e193b2859e47714097e57556529e8bf2657aaf2ef89c0784e02fa40 builderIndex=18446744073709551615 gasUsed=0 payloadBytes=838 slot=64 txCount=0
50	beacon.log	payload_envelope	2026-09-05T01:43:04.055104938Z	730513	0x2dea83a13ad577e6e4c1d2a9bddfcb6d0b5cc178cf90f9c488040fa68a657884	65	0	0	[2026-09-05 01:43:04.05]  INFO blockchain: Payload envelope arrivedMs=4045 blobCount=0 blockRoot=0x2dea83a13ad577e6e4c1d2a9bddfcb6d0b5cc178cf90f9c488040fa68a657884 builderIndex=18446744073709551615 gasUsed=0 payloadBytes=838 slot=65 txCount=0
50	beacon.log	payload_envelope	2026-09-05T01:43:13.673613297Z	738631	0xdd7086fd041a2f9807f41e5aca42928cfa17e32cff09f21ac942e0f68e2e16b4	66	0	0	[2026-09-05 01:43:13.67]  INFO blockchain: Payload envelope arrivedMs=1653 blobCount=0 blockRoot=0xdd7086fd041a2f9807f41e5aca42928cfa17e32cff09f21ac942e0f68e2e16b4 builderIndex=18446744073709551615 gasUsed=0 payloadBytes=838 slot=66 txCount=0
50	beacon.log	payload_envelope	2026-09-05T01:43:25.852796748Z	753413	0x870e50e43b7793efb470bc915cf37b7e70a98d2f03c884b29505c881fd37b0b5	67	0	0	[2026-09-05 01:43:25.85]  INFO blockchain: Payload envelope arrivedMs=1798 blobCount=0 blockRoot=0x870e50e43b7793efb470bc915cf37b7e70a98d2f03c884b29505c881fd37b0b5 builderIndex=18446744073709551615 gasUsed=0 payloadBytes=838 slot=67 txCount=0
50	beacon.log	payload_envelope	2026-09-05T01:43:44.175231017Z	775260	0xbcf13400fa8261ada75b7fdee5aa9360c77427d33676caa6cebebd10375e07a0	68	0	0	[2026-09-05 01:43:44.17]  INFO blockchain: Payload envelope arrivedMs=8168 blobCount=0 blockRoot=0xbcf13400fa8261ada75b7fdee5aa9360c77427d33676caa6cebebd10375e07a0 builderIndex=18446744073709551615 gasUsed=0 payloadBytes=838 slot=68 txCount=0
50	beacon.log	payload_envelope	2026-09-05T01:43:49.860749393Z	784714	0xcf463de934eda0dea542f4dbceaa587867e45ea0cb7b2513e3ee5fde3e858f8f	69	0	0	[2026-09-05 01:43:49.86]  INFO blockchain: Payload envelope arrivedMs=1836 blobCount=0 blockRoot=0xcf463de934eda0dea542f4dbceaa587867e45ea0cb7b2513e3ee5fde3e858f8f builderIndex=18446744073709551615 gasUsed=0 payloadBytes=838 slot=69 txCount=0
50	beacon.log	payload_envelope	2026-09-05T01:44:05.124616659Z	807179	0x061a13a3a48e0a186b4332425c4aaf198345cc9b17b2a3a732a0e310615948ce	70	0	0	[2026-09-05 01:44:05.12]  INFO blockchain: Payload envelope arrivedMs=5118 blobCount=0 blockRoot=0x061a13a3a48e0a186b4332425c4aaf198345cc9b17b2a3a732a0e310615948ce builderIndex=18446744073709551615 gasUsed=0 payloadBytes=838 slot=70 txCount=0
50	beacon.log	payload_envelope	2026-09-05T01:44:15.010330909Z	821964	0x27ed14b32ec0cad8a17de7ad8b640965144aaf31d5ffdf3bdb0737067934bdee	71	0	0	[2026-09-05 01:44:15.01]  INFO blockchain: Payload envelope arrivedMs=2985 blobCount=0 blockRoot=0x27ed14b32ec0cad8a17de7ad8b640965144aaf31d5ffdf3bdb0737067934bdee builderIndex=18446744073709551615 gasUsed=0 payloadBytes=838 slot=71 txCount=0
50	beacon.log	payload_envelope	2026-09-05T01:44:25.104751326Z	827793	0x8b985c2c4f1f12adf02761fdd1d5459afcc9cb2d2b583f1635ac1ccd1eb83734	72	0	0	[2026-09-05 01:44:25.10]  INFO blockchain: Payload envelope arrivedMs=1094 blobCount=0 blockRoot=0x8b985c2c4f1f12adf02761fdd1d5459afcc9cb2d2b583f1635ac1ccd1eb83734 builderIndex=18446744073709551615 gasUsed=0 payloadBytes=838 slot=72 txCount=0
50	beacon.log	payload_envelope	2026-09-05T01:44:37.570216548Z	845913	0xcc2b6cca7b10cd85f06aeaea3ed86011aba0f6a45b7cabf6caecd89b94bf7eb9	73	0	0	[2026-09-05 01:44:37.57]  INFO blockchain: Payload envelope arrivedMs=1267 blobCount=0 blockRoot=0xcc2b6cca7b10cd85f06aeaea3ed86011aba0f6a45b7cabf6caecd89b94bf7eb9 builderIndex=18446744073709551615 gasUsed=0 payloadBytes=838 slot=73 txCount=0
50	beacon.log	payload_envelope	2026-09-05T01:44:54.460498559Z	864841	0x07030f26644df757ba0903baf46dbb2bb32234f5ae78366bbeffeedde9b3ba5e	74	0	0	[2026-09-05 01:44:54.46]  INFO blockchain: Payload envelope arrivedMs=6454 blobCount=0 blockRoot=0x07030f26644df757ba0903baf46dbb2bb32234f5ae78366bbeffeedde9b3ba5e builderIndex=18446744073709551615 gasUsed=0 payloadBytes=838 slot=74 txCount=0
50	beacon.log	payload_envelope	2026-09-05T01:45:04.855166736Z	878433	0x7f4ba2ae660888c8b6d163897b4ec961482374cb373170a29b276224dddbff31	75	0	0	[2026-09-05 01:45:04.85]  INFO blockchain: Payload envelope arrivedMs=4845 blobCount=0 blockRoot=0x7f4ba2ae660888c8b6d163897b4ec961482374cb373170a29b276224dddbff31 builderIndex=18446744073709551615 gasUsed=0 payloadBytes=838 slot=75 txCount=0
50	beacon.log	payload_envelope	2026-09-05T01:45:14.684341416Z	891829	0xbf4c3bff7aa8243f58fdd3c001adf14a4c62d4c71714cebbf41f41e10508d0c0	76	0	0	[2026-09-05 01:45:14.68]  INFO blockchain: Payload envelope arrivedMs=2674 blobCount=0 blockRoot=0xbf4c3bff7aa8243f58fdd3c001adf14a4c62d4c71714cebbf41f41e10508d0c0 builderIndex=18446744073709551615 gasUsed=0 payloadBytes=838 slot=76 txCount=0
50	beacon.log	payload_envelope	2026-09-05T01:45:25.408490664Z	902243	0x9b0e991df5f9b4234b5659ef77253d72072a7eef0a3824cb516e352f8b8f2968	77	0	0	[2026-09-05 01:45:25.40]  INFO blockchain: Payload envelope arrivedMs=1387 blobCount=0 blockRoot=0x9b0e991df5f9b4234b5659ef77253d72072a7eef0a3824cb516e352f8b8f2968 builderIndex=18446744073709551615 gasUsed=0 payloadBytes=838 slot=77 txCount=0
50	beacon.log	payload_envelope	2026-09-05T01:45:40.782361061Z	923517	0x1fcdf7a1179abef01270d268ce3be0b5bd3fdd0858c7f781fbd8d348a2215330	78	0	0	[2026-09-05 01:45:40.78]  INFO blockchain: Payload envelope arrivedMs=4775 blobCount=0 blockRoot=0x1fcdf7a1179abef01270d268ce3be0b5bd3fdd0858c7f781fbd8d348a2215330 builderIndex=18446744073709551615 gasUsed=0 payloadBytes=838 slot=78 txCount=0
50	beacon.log	payload_envelope	2026-09-05T01:45:49.731103549Z	932656	0x6cf77cacb12b2e9565f5e60d85ff44d000dd2651ae42425859ddf8804f69a741	79	0	0	[2026-09-05 01:45:49.73]  INFO blockchain: Payload envelope arrivedMs=1706 blobCount=0 blockRoot=0x6cf77cacb12b2e9565f5e60d85ff44d000dd2651ae42425859ddf8804f69a741 builderIndex=18446744073709551615 gasUsed=0 payloadBytes=838 slot=79 txCount=0
50	beacon.log	payload_envelope	2026-09-05T01:46:01.526404128Z	948060	0xa1dbc64868cd2d9275b6316f2300bb49ab615919ae9269778aaa6cd76154d89d	80	0	0	[2026-09-05 01:46:01.52]  INFO blockchain: Payload envelope arrivedMs=1496 blobCount=0 blockRoot=0xa1dbc64868cd2d9275b6316f2300bb49ab615919ae9269778aaa6cd76154d89d builderIndex=18446744073709551615 gasUsed=0 payloadBytes=838 slot=80 txCount=0
50	beacon.log	payload_envelope	2026-09-05T01:46:16.421339498Z	968282	0xec192d9e8b421a1dc6781052e8747afed6ed99424f5123fe6b418b8a6ce94d56	81	0	0	[2026-09-05 01:46:16.42]  INFO blockchain: Payload envelope arrivedMs=4414 blobCount=0 blockRoot=0xec192d9e8b421a1dc6781052e8747afed6ed99424f5123fe6b418b8a6ce94d56 builderIndex=18446744073709551615 gasUsed=0 payloadBytes=838 slot=81 txCount=0
50	beacon.log	payload_envelope	2026-09-05T01:46:26.873253295Z	982924	0x6f8acdbaf2daea11e6cffe9af1c6c7db3605ea9c82c7ca09a8f924a780325462	82	0	0	[2026-09-05 01:46:26.87]  INFO blockchain: Payload envelope arrivedMs=2867 blobCount=0 blockRoot=0x6f8acdbaf2daea11e6cffe9af1c6c7db3605ea9c82c7ca09a8f924a780325462 builderIndex=18446744073709551615 gasUsed=0 payloadBytes=838 slot=82 txCount=0
50	beacon.log	payload_envelope	2026-09-05T01:46:37.238094497Z	992014	0x291a139865ba7acbef2fbe6009a58b5d3e97498bb582b5660dc4e8fad7b2576d	83	0	0	[2026-09-05 01:46:37.23]  INFO blockchain: Payload envelope arrivedMs=1220 blobCount=0 blockRoot=0x291a139865ba7acbef2fbe6009a58b5d3e97498bb582b5660dc4e8fad7b2576d builderIndex=18446744073709551615 gasUsed=0 payloadBytes=838 slot=83 txCount=0
50	beacon.log	payload_envelope	2026-09-05T01:46:49.019064466Z	1005585	0xc8627db11a7f3e8a3d2cd3de69c729d0017c6c60323d8b07f119a9c3ae32de91	84	0	0	[2026-09-05 01:46:49.01]  INFO blockchain: Payload envelope arrivedMs=1007 blobCount=0 blockRoot=0xc8627db11a7f3e8a3d2cd3de69c729d0017c6c60323d8b07f119a9c3ae32de91 builderIndex=18446744073709551615 gasUsed=0 payloadBytes=838 slot=84 txCount=0
50	beacon.log	payload_envelope	2026-09-05T01:47:01.275180480Z	1022144	0xc83c96d48fa7061dd696b0df7a241996d55d3761594ee0fc4d7eddd92cad15ef	85	0	0	[2026-09-05 01:47:01.27]  INFO blockchain: Payload envelope arrivedMs=1226 blobCount=0 blockRoot=0xc83c96d48fa7061dd696b0df7a241996d55d3761594ee0fc4d7eddd92cad15ef builderIndex=18446744073709551615 gasUsed=0 payloadBytes=838 slot=85 txCount=0
50	beacon.log	payload_envelope	2026-09-05T01:47:13.197543555Z	1035491	0xe43b82f629dda0866547e43f59629ea31f4240524253df1bde6874cc60d9f444	86	0	0	[2026-09-05 01:47:13.19]  INFO blockchain: Payload envelope arrivedMs=1173 blobCount=0 blockRoot=0xe43b82f629dda0866547e43f59629ea31f4240524253df1bde6874cc60d9f444 builderIndex=18446744073709551615 gasUsed=0 payloadBytes=838 slot=86 txCount=0
50	beacon.log	payload_envelope	2026-09-05T01:47:26.458845710Z	1055648	0x4164585b410e66f98ca23a72c749791ab466665e08c338d65aeaafe0e053de34	87	0	0	[2026-09-05 01:47:26.45]  INFO blockchain: Payload envelope arrivedMs=2448 blobCount=0 blockRoot=0x4164585b410e66f98ca23a72c749791ab466665e08c338d65aeaafe0e053de34 builderIndex=18446744073709551615 gasUsed=0 payloadBytes=838 slot=87 txCount=0
50	beacon.log	payload_envelope	2026-09-05T01:47:38.073176879Z	1067774	0x224521a9082cbb1aff08b0bf1a3134db926aec085a73f3dae04d1de2073cb631	88	0	0	[2026-09-05 01:47:38.06]  INFO blockchain: Payload envelope arrivedMs=1971 blobCount=0 blockRoot=0x224521a9082cbb1aff08b0bf1a3134db926aec085a73f3dae04d1de2073cb631 builderIndex=18446744073709551615 gasUsed=0 payloadBytes=838 slot=88 txCount=0
50	beacon.log	payload_envelope	2026-09-05T01:47:49.114203940Z	1077260	0x4b6290c2fc4a88a1a520437bf4791e7b49b1afba14ab10094edd8314215881a3	89	0	0	[2026-09-05 01:47:49.11]  INFO blockchain: Payload envelope arrivedMs=1103 blobCount=0 blockRoot=0x4b6290c2fc4a88a1a520437bf4791e7b49b1afba14ab10094edd8314215881a3 builderIndex=18446744073709551615 gasUsed=0 payloadBytes=838 slot=89 txCount=0
50	beacon.log	payload_envelope	2026-09-05T01:48:01.325396691Z	1094162	0x7b609d078b5fe84889cd4d55cbdb1dce39842760ece749b01b05943e5f93f23a	90	0	0	[2026-09-05 01:48:01.32]  INFO blockchain: Payload envelope arrivedMs=1293 blobCount=0 blockRoot=0x7b609d078b5fe84889cd4d55cbdb1dce39842760ece749b01b05943e5f93f23a builderIndex=18446744073709551615 gasUsed=0 payloadBytes=838 slot=90 txCount=0
50	beacon.log	payload_envelope	2026-09-05T01:48:13.066023015Z	1108109	0x32f6ce40af3f91455d0a6bacfb17c6b49b8cc7d4249f77c994828b09bcde108a	91	0	0	[2026-09-05 01:48:13.06]  INFO blockchain: Payload envelope arrivedMs=1052 blobCount=0 blockRoot=0x32f6ce40af3f91455d0a6bacfb17c6b49b8cc7d4249f77c994828b09bcde108a builderIndex=18446744073709551615 gasUsed=0 payloadBytes=838 slot=91 txCount=0
50	beacon.log	payload_envelope	2026-09-05T01:48:26.220785201Z	1129182	0xbd3087a87d2ce719d2523f4f7dec64af872539b649c0133de27387bae0b78a1c	92	0	0	[2026-09-05 01:48:26.21]  INFO blockchain: Payload envelope arrivedMs=2208 blobCount=0 blockRoot=0xbd3087a87d2ce719d2523f4f7dec64af872539b649c0133de27387bae0b78a1c builderIndex=18446744073709551615 gasUsed=0 payloadBytes=838 slot=92 txCount=0
50	beacon.log	payload_envelope	2026-09-05T01:48:37.784976879Z	1143138	0x119a0ad33fdb21d76a54e0101e161638d5b8ea1b47808ecd466ba2621f81ae26	93	0	0	[2026-09-05 01:48:37.78]  INFO blockchain: Payload envelope arrivedMs=1774 blobCount=0 blockRoot=0x119a0ad33fdb21d76a54e0101e161638d5b8ea1b47808ecd466ba2621f81ae26 builderIndex=18446744073709551615 gasUsed=0 payloadBytes=838 slot=93 txCount=0
50	beacon.log	payload_envelope	2026-09-05T01:48:50.615674661Z	1159843	0x450c2bf1e8998f40e7956095a516cdb96d884f18bf31198dfde0ed4ce50473c7	94	0	0	[2026-09-05 01:48:50.61]  INFO blockchain: Payload envelope arrivedMs=2604 blobCount=0 blockRoot=0x450c2bf1e8998f40e7956095a516cdb96d884f18bf31198dfde0ed4ce50473c7 builderIndex=18446744073709551615 gasUsed=0 payloadBytes=838 slot=94 txCount=0
50	beacon.log	payload_envelope	2026-09-05T01:49:01.942491963Z	1172183	0x595be2077870ad666af56db86ddc3de6cdf4d90cf418384c711312e8176385c0	95	0	0	[2026-09-05 01:49:01.94]  INFO blockchain: Payload envelope arrivedMs=1928 blobCount=0 blockRoot=0x595be2077870ad666af56db86ddc3de6cdf4d90cf418384c711312e8176385c0 builderIndex=18446744073709551615 gasUsed=0 payloadBytes=838 slot=95 txCount=0
50	beacon.log	payload_envelope	2026-09-05T01:49:14.727215007Z	1187966	0xc3da59207794daa351ec2af7830805288c79cb20f717f2f527d0b8f0eb537237	96	0	0	[2026-09-05 01:49:14.72]  INFO blockchain: Payload envelope arrivedMs=2717 blobCount=0 blockRoot=0xc3da59207794daa351ec2af7830805288c79cb20f717f2f527d0b8f0eb537237 builderIndex=18446744073709551615 gasUsed=0 payloadBytes=838 slot=96 txCount=0
50	beacon.log	payload_envelope	2026-09-05T01:49:28.304348993Z	1203927	0x3331f5a69652649750d783a604c4ca30ce3aa0ce6eede67ccea89771afb08df5	97	0	0	[2026-09-05 01:49:28.30]  INFO blockchain: Payload envelope arrivedMs=4294 blobCount=0 blockRoot=0x3331f5a69652649750d783a604c4ca30ce3aa0ce6eede67ccea89771afb08df5 builderIndex=18446744073709551615 gasUsed=0 payloadBytes=838 slot=97 txCount=0
50	beacon.log	payload_envelope	2026-09-05T01:49:38.064816930Z	1213543	0xddbe5696ef426e3fe576bbbecbcfef6353c195c2fcad079fb2e73856f0836075	98	0	0	[2026-09-05 01:49:38.03]  INFO blockchain: Payload envelope arrivedMs=1931 blobCount=0 blockRoot=0xddbe5696ef426e3fe576bbbecbcfef6353c195c2fcad079fb2e73856f0836075 builderIndex=18446744073709551615 gasUsed=0 payloadBytes=838 slot=98 txCount=0
50	beacon.log	payload_envelope	2026-09-05T01:49:50.129860479Z	1230790	0x4059d3fba97aed35f8b821796903914a723def0f5c067e4c7203c2623d2a0f2a	99	0	0	[2026-09-05 01:49:50.12]  INFO blockchain: Payload envelope arrivedMs=2114 blobCount=0 blockRoot=0x4059d3fba97aed35f8b821796903914a723def0f5c067e4c7203c2623d2a0f2a builderIndex=18446744073709551615 gasUsed=0 payloadBytes=838 slot=99 txCount=0
50	beacon.log	payload_envelope	2026-09-05T01:50:04.657185438Z	1248688	0x2cc54f75db77de24d141412d4e25421cb62260c262d474492f6903cb198a034a	100	0	0	[2026-09-05 01:50:04.65]  INFO blockchain: Payload envelope arrivedMs=4647 blobCount=0 blockRoot=0x2cc54f75db77de24d141412d4e25421cb62260c262d474492f6903cb198a034a builderIndex=18446744073709551615 gasUsed=0 payloadBytes=838 slot=100 txCount=0
50	beacon.log	payload_envelope	2026-09-05T01:50:17.052389567Z	1262533	0xa9ec98f85f1328a8b1290568f2270cde08bd842d0b9b7f9c99767ffc98ffe8d2	101	0	0	[2026-09-05 01:50:17.05]  INFO blockchain: Payload envelope arrivedMs=5045 blobCount=0 blockRoot=0xa9ec98f85f1328a8b1290568f2270cde08bd842d0b9b7f9c99767ffc98ffe8d2 builderIndex=18446744073709551615 gasUsed=0 payloadBytes=838 slot=101 txCount=0
50	beacon.log	payload_envelope	2026-09-05T01:50:25.367955879Z	1269037	0xfa5d509a9f8af9d9ab5cdadcbc51a6994ab27828cb7094c1d06fb469314dc99f	102	0	0	[2026-09-05 01:50:25.36]  INFO blockchain: Payload envelope arrivedMs=1316 blobCount=0 blockRoot=0xfa5d509a9f8af9d9ab5cdadcbc51a6994ab27828cb7094c1d06fb469314dc99f builderIndex=18446744073709551615 gasUsed=0 payloadBytes=838 slot=102 txCount=0
50	beacon.log	payload_envelope	2026-09-05T01:50:37.396826895Z	1285177	0x611a8f2cbf196f99b16f1e8ef14f0b0054a22e5c8f1dfef7fca566d5a7df92f4	103	0	0	[2026-09-05 01:50:37.39]  INFO blockchain: Payload envelope arrivedMs=1385 blobCount=0 blockRoot=0x611a8f2cbf196f99b16f1e8ef14f0b0054a22e5c8f1dfef7fca566d5a7df92f4 builderIndex=18446744073709551615 gasUsed=0 payloadBytes=838 slot=103 txCount=0
50	beacon.log	payload_envelope	2026-09-05T01:50:50.236794022Z	1305125	0xeb187de1dc8753c242d33810dbd495e34d939f559b49e00bf141470d804e7aae	104	0	0	[2026-09-05 01:50:50.23]  INFO blockchain: Payload envelope arrivedMs=2207 blobCount=0 blockRoot=0xeb187de1dc8753c242d33810dbd495e34d939f559b49e00bf141470d804e7aae builderIndex=18446744073709551615 gasUsed=0 payloadBytes=838 slot=104 txCount=0
50	beacon.log	payload_envelope	2026-09-05T01:51:04.067857480Z	1320906	0xcd77c82f45223e930c5722b21162db12fe449e0ef8ec26d01a350cc42cc5765f	105	0	0	[2026-09-05 01:51:04.06]  INFO blockchain: Payload envelope arrivedMs=4058 blobCount=0 blockRoot=0xcd77c82f45223e930c5722b21162db12fe449e0ef8ec26d01a350cc42cc5765f builderIndex=18446744073709551615 gasUsed=0 payloadBytes=838 slot=105 txCount=0
50	beacon.log	payload_envelope	2026-09-05T01:51:13.847438304Z	1330849	0x640b2eaa3b8c9c8d9a551e5c227c8b703ce2cc767482f617ba3fa3f5aaf7f223	106	0	0	[2026-09-05 01:51:13.84]  INFO blockchain: Payload envelope arrivedMs=1837 blobCount=0 blockRoot=0x640b2eaa3b8c9c8d9a551e5c227c8b703ce2cc767482f617ba3fa3f5aaf7f223 builderIndex=18446744073709551615 gasUsed=0 payloadBytes=838 slot=106 txCount=0
50	beacon.log	payload_envelope	2026-09-05T01:51:26.023319692Z	1348280	0x4c0f435e846b667914fcb99b6a94bbf6c0737b403554c14e84b984ccd4297c88	107	0	0	[2026-09-05 01:51:26.02]  INFO blockchain: Payload envelope arrivedMs=2005 blobCount=0 blockRoot=0x4c0f435e846b667914fcb99b6a94bbf6c0737b403554c14e84b984ccd4297c88 builderIndex=18446744073709551615 gasUsed=0 payloadBytes=838 slot=107 txCount=0
50	beacon.log	payload_envelope	2026-09-05T01:51:38.221191571Z	1363625	0x4089c120c8455c58ef9cba4466bbbfa375c45b8b2140b3217473c485924f0609	108	0	0	[2026-09-05 01:51:38.21]  INFO blockchain: Payload envelope arrivedMs=2196 blobCount=0 blockRoot=0x4089c120c8455c58ef9cba4466bbbfa375c45b8b2140b3217473c485924f0609 builderIndex=18446744073709551615 gasUsed=0 payloadBytes=838 slot=108 txCount=0
50	beacon.log	payload_envelope	2026-09-05T01:51:49.567167600Z	1376443	0x8f96234662054009eec13bbb947380f216ed40e5fa3b685e92d5a57da9b4802d	109	0	0	[2026-09-05 01:51:49.56]  INFO blockchain: Payload envelope arrivedMs=1552 blobCount=0 blockRoot=0x8f96234662054009eec13bbb947380f216ed40e5fa3b685e92d5a57da9b4802d builderIndex=18446744073709551615 gasUsed=0 payloadBytes=838 slot=109 txCount=0
50	beacon.log	payload_envelope	2026-09-05T01:52:04.057982426Z	1396342	0xf287cca39adc7e69ca3916a27edcfb2a163627e31989222d1318d902838816de	110	0	0	[2026-09-05 01:52:04.05]  INFO blockchain: Payload envelope arrivedMs=4047 blobCount=0 blockRoot=0xf287cca39adc7e69ca3916a27edcfb2a163627e31989222d1318d902838816de builderIndex=18446744073709551615 gasUsed=0 payloadBytes=838 slot=110 txCount=0
50	beacon.log	payload_envelope	2026-09-05T01:52:15.024511797Z	1410213	0x700efb28069d9c24d9cf1213b1f92a67b7b18e65e8a95a18d88d9109f76000b7	111	0	0	[2026-09-05 01:52:15.02]  INFO blockchain: Payload envelope arrivedMs=3014 blobCount=0 blockRoot=0x700efb28069d9c24d9cf1213b1f92a67b7b18e65e8a95a18d88d9109f76000b7 builderIndex=18446744073709551615 gasUsed=0 payloadBytes=838 slot=111 txCount=0
50	beacon.log	payload_envelope	2026-09-05T01:52:25.969442820Z	1422427	0xa5f27ae11b2d73f8d0b2df93312b0c7e2c5e6e9f15adb1c3654f4dc0e9f4cabe	112	0	0	[2026-09-05 01:52:25.96]  INFO blockchain: Payload envelope arrivedMs=1955 blobCount=0 blockRoot=0xa5f27ae11b2d73f8d0b2df93312b0c7e2c5e6e9f15adb1c3654f4dc0e9f4cabe builderIndex=18446744073709551615 gasUsed=0 payloadBytes=838 slot=112 txCount=0
50	beacon.log	payload_envelope	2026-09-05T01:52:40.016865780Z	1440331	0xfed2295d010f072262e492777253d1c85261e633fa370f82bd7de0002bfa94b0	113	0	0	[2026-09-05 01:52:40.01]  INFO blockchain: Payload envelope arrivedMs=4010 blobCount=0 blockRoot=0xfed2295d010f072262e492777253d1c85261e633fa370f82bd7de0002bfa94b0 builderIndex=18446744073709551615 gasUsed=0 payloadBytes=838 slot=113 txCount=0
50	beacon.log	payload_envelope	2026-09-05T01:52:50.235774500Z	1452766	0x66c93c60b14fe57e8261ba3b3e16f274af7dda2d53869968670d6782e0650655	114	0	0	[2026-09-05 01:52:50.23]  INFO blockchain: Payload envelope arrivedMs=2217 blobCount=0 blockRoot=0x66c93c60b14fe57e8261ba3b3e16f274af7dda2d53869968670d6782e0650655 builderIndex=18446744073709551615 gasUsed=0 payloadBytes=838 slot=114 txCount=0
50	beacon.log	payload_envelope	2026-09-05T01:53:01.113253167Z	1459310	0xd191d9480087894dc624d1e77c2be41a20246ae8c5cd6f9ba5df55067498e177	115	0	0	[2026-09-05 01:53:01.10]  INFO blockchain: Payload envelope arrivedMs=1089 blobCount=0 blockRoot=0xd191d9480087894dc624d1e77c2be41a20246ae8c5cd6f9ba5df55067498e177 builderIndex=18446744073709551615 gasUsed=0 payloadBytes=838 slot=115 txCount=0
50	beacon.log	payload_envelope	2026-09-05T01:53:16.861013653Z	1479392	0x1183b83cf715cf702e24e70af8042ed8709a8d4cc48f61b01a0f61c33feb4b76	116	0	0	[2026-09-05 01:53:16.86]  INFO blockchain: Payload envelope arrivedMs=4852 blobCount=0 blockRoot=0x1183b83cf715cf702e24e70af8042ed8709a8d4cc48f61b01a0f61c33feb4b76 builderIndex=18446744073709551615 gasUsed=0 payloadBytes=838 slot=116 txCount=0
50	beacon.log	payload_envelope	2026-09-05T01:53:26.384382394Z	1491809	0xde9cfb98623648bd4df28400eed1f98469abddc28df66779bc8a9e3f2cc148f8	117	0	0	[2026-09-05 01:53:26.38]  INFO blockchain: Payload envelope arrivedMs=2368 blobCount=0 blockRoot=0xde9cfb98623648bd4df28400eed1f98469abddc28df66779bc8a9e3f2cc148f8 builderIndex=18446744073709551615 gasUsed=0 payloadBytes=838 slot=117 txCount=0
50	beacon.log	payload_envelope	2026-09-05T01:53:39.112622915Z	1505129	0x9347f08929320fbeb4ed4f0b8da34e780f50d1bb1cfa52e265335060a6d27ad6	118	0	0	[2026-09-05 01:53:39.11]  INFO blockchain: Payload envelope arrivedMs=3105 blobCount=0 blockRoot=0x9347f08929320fbeb4ed4f0b8da34e780f50d1bb1cfa52e265335060a6d27ad6 builderIndex=18446744073709551615 gasUsed=0 payloadBytes=838 slot=118 txCount=0
50	beacon.log	payload_envelope	2026-09-05T01:53:51.147688567Z	1518099	0x057b8fa274db86c682dc25024af539b53c3b3a2d02becfc9272fa8e990460ceb	119	0	0	[2026-09-05 01:53:51.14]  INFO blockchain: Payload envelope arrivedMs=3137 blobCount=0 blockRoot=0x057b8fa274db86c682dc25024af539b53c3b3a2d02becfc9272fa8e990460ceb builderIndex=18446744073709551615 gasUsed=0 payloadBytes=838 slot=119 txCount=0
50	beacon.log	payload_envelope	2026-09-05T01:54:01.568717631Z	1526759	0x79e1b67cd5761cfafd2ac332f732e4b7316306e8ab0ad79c6147053236da9710	120	0	0	[2026-09-05 01:54:01.56]  INFO blockchain: Payload envelope arrivedMs=1554 blobCount=0 blockRoot=0x79e1b67cd5761cfafd2ac332f732e4b7316306e8ab0ad79c6147053236da9710 builderIndex=18446744073709551615 gasUsed=0 payloadBytes=838 slot=120 txCount=0
50	beacon.log	payload_envelope	2026-09-05T01:54:12.946444465Z	1536206	0xcda68f1aa1938cbeb2a28982cc907698f55e56532e3405aad189e87105daae1d	121	0	0	[2026-09-05 01:54:12.94]  INFO blockchain: Payload envelope arrivedMs=912 blobCount=0 blockRoot=0xcda68f1aa1938cbeb2a28982cc907698f55e56532e3405aad189e87105daae1d builderIndex=18446744073709551615 gasUsed=0 payloadBytes=838 slot=121 txCount=0
50	beacon.log	payload_envelope	2026-09-05T01:54:24.878119840Z	1548591	0x7705cdd061883e82dabe7d1ca5cba73854ebe192a64b5483a98b94f600b5d0ca	122	0	0	[2026-09-05 01:54:24.87]  INFO blockchain: Payload envelope arrivedMs=862 blobCount=0 blockRoot=0x7705cdd061883e82dabe7d1ca5cba73854ebe192a64b5483a98b94f600b5d0ca builderIndex=18446744073709551615 gasUsed=0 payloadBytes=838 slot=122 txCount=0
50	beacon.log	payload_envelope	2026-09-05T01:54:37.419372778Z	1565005	0x4c0f304098520e4cac9d896d389a368ebe1dce68f197d27a2bcee6db18bffb67	123	0	0	[2026-09-05 01:54:37.41]  INFO blockchain: Payload envelope arrivedMs=1409 blobCount=0 blockRoot=0x4c0f304098520e4cac9d896d389a368ebe1dce68f197d27a2bcee6db18bffb67 builderIndex=18446744073709551615 gasUsed=0 payloadBytes=838 slot=123 txCount=0
50	beacon.log	payload_envelope	2026-09-05T01:54:50.904084855Z	1581536	0x884604d12e715a69c304237ee87d0bb62a98ffa0bd1ccedddd36e874b56239ef	124	0	0	[2026-09-05 01:54:50.90]  INFO blockchain: Payload envelope arrivedMs=2894 blobCount=0 blockRoot=0x884604d12e715a69c304237ee87d0bb62a98ffa0bd1ccedddd36e874b56239ef builderIndex=18446744073709551615 gasUsed=0 payloadBytes=838 slot=124 txCount=0
50	beacon.log	payload_envelope	2026-09-05T01:55:01.325210250Z	1588026	0xcb1a1acf669095ea08ce57f624dcb0ac5a5e09fba732d19d8d4d7cbe2fde2bcf	125	0	0	[2026-09-05 01:55:01.32]  INFO blockchain: Payload envelope arrivedMs=1223 blobCount=0 blockRoot=0xcb1a1acf669095ea08ce57f624dcb0ac5a5e09fba732d19d8d4d7cbe2fde2bcf builderIndex=18446744073709551615 gasUsed=0 payloadBytes=838 slot=125 txCount=0
50	beacon.log	payload_envelope	2026-09-05T01:55:15.148886105Z	1604687	0x8af31c19614d2e5a718428d422062b37942f726301eab8fb03b0efc2fd2dbe7f	126	0	0	[2026-09-05 01:55:15.14]  INFO blockchain: Payload envelope arrivedMs=3136 blobCount=0 blockRoot=0x8af31c19614d2e5a718428d422062b37942f726301eab8fb03b0efc2fd2dbe7f builderIndex=18446744073709551615 gasUsed=0 payloadBytes=838 slot=126 txCount=0
50	beacon.log	payload_envelope	2026-09-05T01:55:25.175802612Z	1611156	0x33b63b5c7f8d5b0ee991521445e7972cd43cab2df7c26a8417c28d324bd8aaee	127	0	0	[2026-09-05 01:55:25.17]  INFO blockchain: Payload envelope arrivedMs=1164 blobCount=0 blockRoot=0x33b63b5c7f8d5b0ee991521445e7972cd43cab2df7c26a8417c28d324bd8aaee builderIndex=18446744073709551615 gasUsed=0 payloadBytes=838 slot=127 txCount=0
50	beacon.log	payload_envelope	2026-09-05T01:55:38.708894362Z	1624608	0x4a3a9ee799a77e58812b69a182af3c6044cc1a605540bec754d7ae4638a85d1b	128	0	0	[2026-09-05 01:55:38.70]  INFO blockchain: Payload envelope arrivedMs=2702 blobCount=0 blockRoot=0x4a3a9ee799a77e58812b69a182af3c6044cc1a605540bec754d7ae4638a85d1b builderIndex=18446744073709551615 gasUsed=0 payloadBytes=838 slot=128 txCount=0
50	beacon.log	payload_envelope	2026-09-05T02:02:02.437200247Z	2054347	0x4f21e4b4837aebeed5ea539c31bcfa811f9419a56d236968dc7cf78ba5b96ab5	159	0	0	[2026-09-05 02:02:02.43]  INFO blockchain: Payload envelope arrivedMs=14407 blobCount=0 blockRoot=0x4f21e4b4837aebeed5ea539c31bcfa811f9419a56d236968dc7cf78ba5b96ab5 builderIndex=18446744073709551615 gasUsed=0 payloadBytes=838 slot=159 txCount=0
50	beacon.log	payload_envelope	2026-09-05T02:03:33.724804863Z	2134095	0x2112a278d82b93efa3aeedba8353a5b9877a2f01370771fae5738fcad2cccc1d	167	0	0	[2026-09-05 02:03:33.72]  INFO blockchain: Payload envelope arrivedMs=9717 blobCount=0 blockRoot=0x2112a278d82b93efa3aeedba8353a5b9877a2f01370771fae5738fcad2cccc1d builderIndex=18446744073709551615 gasUsed=0 payloadBytes=838 slot=167 txCount=0
