node	selected_archive	all_archive_copies	member_basenames	genesis_marker_count	activation_count
1	/home/sukun/dev/prysm2/runs/round2/round2-prysm-geth-1.tar.gz	/home/sukun/dev/prysm2/runs/round2/round2-prysm-geth-1.tar.gz	execution.log;xatu-sentry.log;beacon.log;validator.log;snooper-engine.log	1	596
2	/home/sukun/dev/prysm2/runs/round2/round2-prysm-geth-2.tar.gz	/home/sukun/dev/prysm2/runs/round2/round2-prysm-geth-2.tar.gz	execution.log;xatu-sentry.log;beacon.log;validator.log;snooper-engine.log	1	596
3	/home/sukun/dev/prysm2/runs/round2/round2-prysm-geth-3.tar.gz	/home/sukun/dev/prysm2/runs/round2/round2-prysm-geth-3.tar.gz	execution.log;xatu-sentry.log;beacon.log;validator.log;snooper-engine.log	1	596
4	/tmp/prysm-r2-extra-logs.Rd7MjT/round2-prysm-geth-4.tar.gz	/tmp/prysm-r2-extra-logs.Rd7MjT/round2-prysm-geth-4.tar.gz	execution.log;xatu-sentry.log;beacon.log;validator.log;snooper-engine.log	1	596
5	/tmp/prysm-r2-extra-logs.Rd7MjT/round2-prysm-geth-5.tar.gz	/tmp/prysm-r2-extra-logs.Rd7MjT/round2-prysm-geth-5.tar.gz	execution.log;xatu-sentry.log;beacon.log;validator.log;snooper-engine.log	1	596
6	/tmp/prysm-r2-extra-logs.Rd7MjT/round2-prysm-geth-6.tar.gz	/tmp/prysm-r2-extra-logs.Rd7MjT/round2-prysm-geth-6.tar.gz	execution.log;xatu-sentry.log;beacon.log;validator.log;snooper-engine.log	1	596
7	/tmp/prysm-r2-extra-logs.Rd7MjT/round2-prysm-geth-7.tar.gz	/tmp/prysm-r2-extra-logs.Rd7MjT/round2-prysm-geth-7.tar.gz	execution.log;xatu-sentry.log;beacon.log;validator.log;snooper-engine.log	1	596
8	/tmp/prysm-r2-extra-logs.Rd7MjT/round2-prysm-geth-8.tar.gz	/tmp/prysm-r2-extra-logs.Rd7MjT/round2-prysm-geth-8.tar.gz	execution.log;xatu-sentry.log;beacon.log;validator.log;snooper-engine.log	1	596
9	/tmp/prysm-r2-extra-logs.Rd7MjT/round2-prysm-geth-9.tar.gz	/tmp/prysm-r2-extra-logs.Rd7MjT/round2-prysm-geth-9.tar.gz	execution.log;xatu-sentry.log;beacon.log;validator.log;snooper-engine.log	1	596
10	/tmp/prysm-r2-extra-logs.Rd7MjT/round2-prysm-geth-10.tar.gz	/tmp/prysm-r2-extra-logs.Rd7MjT/round2-prysm-geth-10.tar.gz	execution.log;xatu-sentry.log;beacon.log;validator.log;snooper-engine.log	1	596
11	/tmp/prysm-r2-extra-logs.Rd7MjT/round2-prysm-geth-11.tar.gz	/tmp/prysm-r2-extra-logs.Rd7MjT/round2-prysm-geth-11.tar.gz	execution.log;xatu-sentry.log;beacon.log;validator.log;snooper-engine.log	1	596
12	/tmp/prysm-r2-extra-logs.Rd7MjT/round2-prysm-geth-12.tar.gz	/tmp/prysm-r2-extra-logs.Rd7MjT/round2-prysm-geth-12.tar.gz	execution.log;xatu-sentry.log;beacon.log;validator.log;snooper-engine.log	1	596
13	/tmp/prysm-r2-extra-logs.Rd7MjT/round2-prysm-geth-13.tar.gz	/tmp/prysm-r2-extra-logs.Rd7MjT/round2-prysm-geth-13.tar.gz	execution.log;xatu-sentry.log;beacon.log;validator.log;snooper-engine.log	1	596
14	/tmp/prysm-r2-extra-logs.Rd7MjT/round2-prysm-geth-14.tar.gz	/tmp/prysm-r2-extra-logs.Rd7MjT/round2-prysm-geth-14.tar.gz	execution.log;xatu-sentry.log;beacon.log;validator.log;snooper-engine.log	1	596
15	/tmp/prysm-r2-extra-logs.Rd7MjT/round2-prysm-geth-15.tar.gz	/tmp/prysm-r2-extra-logs.Rd7MjT/round2-prysm-geth-15.tar.gz	execution.log;xatu-sentry.log;beacon.log;validator.log;snooper-engine.log	1	596
16	/tmp/prysm-r2-extra-logs.Rd7MjT/round2-prysm-geth-16.tar.gz	/tmp/prysm-r2-extra-logs.Rd7MjT/round2-prysm-geth-16.tar.gz	execution.log;xatu-sentry.log;beacon.log;validator.log;snooper-engine.log	1	596
17	/tmp/prysm-r2-extra-logs.Rd7MjT/round2-prysm-geth-17.tar.gz	/tmp/prysm-r2-extra-logs.Rd7MjT/round2-prysm-geth-17.tar.gz	execution.log;xatu-sentry.log;beacon.log;validator.log;snooper-engine.log	1	596
18	/tmp/prysm-r2-extra-logs.Rd7MjT/round2-prysm-geth-18.tar.gz	/tmp/prysm-r2-extra-logs.Rd7MjT/round2-prysm-geth-18.tar.gz	execution.log;xatu-sentry.log;beacon.log;validator.log;snooper-engine.log	1	596
19	/tmp/prysm-r2-extra-logs.Rd7MjT/round2-prysm-geth-19.tar.gz	/tmp/prysm-r2-extra-logs.Rd7MjT/round2-prysm-geth-19.tar.gz	execution.log;xatu-sentry.log;beacon.log;validator.log;snooper-engine.log	1	596
20	/tmp/prysm-r2-extra-logs.Rd7MjT/round2-prysm-geth-20.tar.gz	/tmp/prysm-r2-extra-logs.Rd7MjT/round2-prysm-geth-20.tar.gz	execution.log;xatu-sentry.log;beacon.log;validator.log;snooper-engine.log	1	596
21	/tmp/prysm-r2-extra-logs.Rd7MjT/round2-prysm-geth-21.tar.gz	/tmp/prysm-r2-extra-logs.Rd7MjT/round2-prysm-geth-21.tar.gz	execution.log;xatu-sentry.log;beacon.log;validator.log;snooper-engine.log	1	596
22	/tmp/prysm-r2-extra-logs.Rd7MjT/round2-prysm-geth-22.tar.gz	/tmp/prysm-r2-extra-logs.Rd7MjT/round2-prysm-geth-22.tar.gz	execution.log;xatu-sentry.log;beacon.log;validator.log;snooper-engine.log	1	596
23	/tmp/prysm-r2-extra-logs.Rd7MjT/round2-prysm-geth-23.tar.gz	/tmp/prysm-r2-extra-logs.Rd7MjT/round2-prysm-geth-23.tar.gz	execution.log;xatu-sentry.log;beacon.log;validator.log;snooper-engine.log	1	596
24	/tmp/prysm-r2-extra-logs.Rd7MjT/round2-prysm-geth-24.tar.gz	/tmp/prysm-r2-extra-logs.Rd7MjT/round2-prysm-geth-24.tar.gz	execution.log;xatu-sentry.log;beacon.log;validator.log;snooper-engine.log	1	596
25	/tmp/prysm-r2-extra-logs.Rd7MjT/round2-prysm-geth-25.tar.gz	/tmp/prysm-r2-extra-logs.Rd7MjT/round2-prysm-geth-25.tar.gz	execution.log;xatu-sentry.log;beacon.log;validator.log;snooper-engine.log	1	596
26	/tmp/prysm-r2-extra-logs.Rd7MjT/round2-prysm-geth-26.tar.gz	/tmp/prysm-r2-extra-logs.Rd7MjT/round2-prysm-geth-26.tar.gz	execution.log;xatu-sentry.log;beacon.log;validator.log;snooper-engine.log	1	596
27	/tmp/prysm-r2-extra-logs.Rd7MjT/round2-prysm-geth-27.tar.gz	/tmp/prysm-r2-extra-logs.Rd7MjT/round2-prysm-geth-27.tar.gz	execution.log;xatu-sentry.log;beacon.log;validator.log;snooper-engine.log	1	596
28	/tmp/prysm-r2-extra-logs.Rd7MjT/round2-prysm-geth-28.tar.gz	/tmp/prysm-r2-extra-logs.Rd7MjT/round2-prysm-geth-28.tar.gz	execution.log;xatu-sentry.log;beacon.log;validator.log;snooper-engine.log	1	596
29	/tmp/prysm-r2-extra-logs.Rd7MjT/round2-prysm-geth-29.tar.gz	/tmp/prysm-r2-extra-logs.Rd7MjT/round2-prysm-geth-29.tar.gz	execution.log;xatu-sentry.log;beacon.log;validator.log;snooper-engine.log	1	596
30	/tmp/prysm-r2-extra-logs.Rd7MjT/round2-prysm-geth-30.tar.gz	/tmp/prysm-r2-extra-logs.Rd7MjT/round2-prysm-geth-30.tar.gz	execution.log;xatu-sentry.log;beacon.log;validator.log;snooper-engine.log	1	596
31	/tmp/prysm-r2-extra-logs.Rd7MjT/round2-prysm-geth-31.tar.gz	/tmp/prysm-r2-extra-logs.Rd7MjT/round2-prysm-geth-31.tar.gz	execution.log;xatu-sentry.log;beacon.log;validator.log;snooper-engine.log	1	596
32	/tmp/prysm-r2-extra-logs.Rd7MjT/round2-prysm-geth-32.tar.gz	/tmp/prysm-r2-extra-logs.Rd7MjT/round2-prysm-geth-32.tar.gz	execution.log;xatu-sentry.log;beacon.log;validator.log;snooper-engine.log	1	596
33	/tmp/prysm-r2-extra-logs.Rd7MjT/round2-prysm-geth-33.tar.gz	/tmp/prysm-r2-extra-logs.Rd7MjT/round2-prysm-geth-33.tar.gz	execution.log;xatu-sentry.log;beacon.log;validator.log;snooper-engine.log	1	596
34	/tmp/prysm-r2-extra-logs.Rd7MjT/round2-prysm-geth-34.tar.gz	/tmp/prysm-r2-extra-logs.Rd7MjT/round2-prysm-geth-34.tar.gz	execution.log;xatu-sentry.log;beacon.log;validator.log;snooper-engine.log	1	596
35	/tmp/prysm-r2-extra-logs.Rd7MjT/round2-prysm-geth-35.tar.gz	/tmp/prysm-r2-extra-logs.Rd7MjT/round2-prysm-geth-35.tar.gz	execution.log;xatu-sentry.log;beacon.log;validator.log;snooper-engine.log	1	596
36	/tmp/prysm-r2-extra-logs.Rd7MjT/round2-prysm-geth-36.tar.gz	/tmp/prysm-r2-extra-logs.Rd7MjT/round2-prysm-geth-36.tar.gz	execution.log;xatu-sentry.log;beacon.log;validator.log;snooper-engine.log	1	596
37	/tmp/prysm-r2-extra-logs.Rd7MjT/round2-prysm-geth-37.tar.gz	/tmp/prysm-r2-extra-logs.Rd7MjT/round2-prysm-geth-37.tar.gz	execution.log;xatu-sentry.log;beacon.log;validator.log;snooper-engine.log	1	596
38	/tmp/prysm-r2-extra-logs.Rd7MjT/round2-prysm-geth-38.tar.gz	/tmp/prysm-r2-extra-logs.Rd7MjT/round2-prysm-geth-38.tar.gz	execution.log;xatu-sentry.log;beacon.log;validator.log;snooper-engine.log	1	596
39	/tmp/prysm-r2-extra-logs.Rd7MjT/round2-prysm-geth-39.tar.gz	/tmp/prysm-r2-extra-logs.Rd7MjT/round2-prysm-geth-39.tar.gz	execution.log;xatu-sentry.log;beacon.log;validator.log;snooper-engine.log	1	596
40	/tmp/prysm-r2-extra-logs.Rd7MjT/round2-prysm-geth-40.tar.gz	/tmp/prysm-r2-extra-logs.Rd7MjT/round2-prysm-geth-40.tar.gz	execution.log;xatu-sentry.log;beacon.log;validator.log;snooper-engine.log	1	596
41	/tmp/prysm-r2-extra-logs.Rd7MjT/round2-prysm-geth-41.tar.gz	/tmp/prysm-r2-extra-logs.Rd7MjT/round2-prysm-geth-41.tar.gz	execution.log;xatu-sentry.log;beacon.log;validator.log;snooper-engine.log	1	596
42	/tmp/prysm-r2-extra-logs.Rd7MjT/round2-prysm-geth-42.tar.gz	/tmp/prysm-r2-extra-logs.Rd7MjT/round2-prysm-geth-42.tar.gz	execution.log;xatu-sentry.log;beacon.log;validator.log;snooper-engine.log	1	596
43	/tmp/prysm-r2-extra-logs.Rd7MjT/round2-prysm-geth-43.tar.gz	/tmp/prysm-r2-extra-logs.Rd7MjT/round2-prysm-geth-43.tar.gz	execution.log;xatu-sentry.log;beacon.log;validator.log;snooper-engine.log	1	596
44	/tmp/prysm-r2-extra-logs.Rd7MjT/round2-prysm-geth-44.tar.gz	/tmp/prysm-r2-extra-logs.Rd7MjT/round2-prysm-geth-44.tar.gz	execution.log;xatu-sentry.log;beacon.log;validator.log;snooper-engine.log	1	596
45	/tmp/prysm-r2-extra-logs.Rd7MjT/round2-prysm-geth-45.tar.gz	/tmp/prysm-r2-extra-logs.Rd7MjT/round2-prysm-geth-45.tar.gz	execution.log;xatu-sentry.log;beacon.log;validator.log;snooper-engine.log	1	596
46	/tmp/prysm-r2-extra-logs.Rd7MjT/round2-prysm-geth-46.tar.gz	/tmp/prysm-r2-extra-logs.Rd7MjT/round2-prysm-geth-46.tar.gz	execution.log;xatu-sentry.log;beacon.log;validator.log;snooper-engine.log	1	596
47	/tmp/prysm-r2-extra-logs.Rd7MjT/round2-prysm-geth-47.tar.gz	/tmp/prysm-r2-extra-logs.Rd7MjT/round2-prysm-geth-47.tar.gz	execution.log;xatu-sentry.log;beacon.log;validator.log;snooper-engine.log	1	596
48	/tmp/prysm-r2-extra-logs.Rd7MjT/round2-prysm-geth-48.tar.gz	/tmp/prysm-r2-extra-logs.Rd7MjT/round2-prysm-geth-48.tar.gz	execution.log;xatu-sentry.log;beacon.log;validator.log;snooper-engine.log	1	596
49	/tmp/prysm-r2-extra-logs.Rd7MjT/round2-prysm-geth-49.tar.gz	/tmp/prysm-r2-extra-logs.Rd7MjT/round2-prysm-geth-49.tar.gz	execution.log;xatu-sentry.log;beacon.log;validator.log;snooper-engine.log	1	596
50	/home/sukun/dev/prysm2/runs/round2/round2-prysm-geth-50.tar.gz	/home/sukun/dev/prysm2/runs/round2/round2-prysm-geth-50.tar.gz	execution.log;xatu-sentry.log;beacon.log;validator.log;snooper-engine.log	1	596
51	/tmp/prysm-r2-extra-logs.Rd7MjT/round2-prysm-geth-51.tar.gz	/tmp/prysm-r2-extra-logs.Rd7MjT/round2-prysm-geth-51.tar.gz	execution.log;xatu-sentry.log;beacon.log;validator.log;snooper-engine.log	1	596
52	/tmp/prysm-r2-extra-logs.Rd7MjT/round2-prysm-geth-52.tar.gz	/tmp/prysm-r2-extra-logs.Rd7MjT/round2-prysm-geth-52.tar.gz	execution.log;xatu-sentry.log;beacon.log;validator.log;snooper-engine.log	1	596
53	/tmp/prysm-r2-extra-logs.Rd7MjT/round2-prysm-geth-53.tar.gz	/tmp/prysm-r2-extra-logs.Rd7MjT/round2-prysm-geth-53.tar.gz	execution.log;xatu-sentry.log;beacon.log;validator.log;snooper-engine.log	1	596
54	/tmp/prysm-r2-extra-logs.Rd7MjT/round2-prysm-geth-54.tar.gz	/tmp/prysm-r2-extra-logs.Rd7MjT/round2-prysm-geth-54.tar.gz	execution.log;xatu-sentry.log;beacon.log;validator.log;snooper-engine.log	1	596
55	/tmp/prysm-r2-extra-logs.Rd7MjT/round2-prysm-geth-55.tar.gz	/tmp/prysm-r2-extra-logs.Rd7MjT/round2-prysm-geth-55.tar.gz	execution.log;xatu-sentry.log;beacon.log;validator.log;snooper-engine.log	1	596
56	/tmp/prysm-r2-extra-logs.Rd7MjT/round2-prysm-geth-56.tar.gz	/tmp/prysm-r2-extra-logs.Rd7MjT/round2-prysm-geth-56.tar.gz	execution.log;xatu-sentry.log;beacon.log;validator.log;snooper-engine.log	1	596
57	/tmp/prysm-r2-extra-logs.Rd7MjT/round2-prysm-geth-57.tar.gz	/tmp/prysm-r2-extra-logs.Rd7MjT/round2-prysm-geth-57.tar.gz	execution.log;xatu-sentry.log;beacon.log;validator.log;snooper-engine.log	1	596
58	/tmp/prysm-r2-extra-logs.Rd7MjT/round2-prysm-geth-58.tar.gz	/tmp/prysm-r2-extra-logs.Rd7MjT/round2-prysm-geth-58.tar.gz	execution.log;xatu-sentry.log;beacon.log;validator.log;snooper-engine.log	1	596
59	/tmp/prysm-r2-extra-logs.Rd7MjT/round2-prysm-geth-59.tar.gz	/tmp/prysm-r2-extra-logs.Rd7MjT/round2-prysm-geth-59.tar.gz	execution.log;xatu-sentry.log;beacon.log;validator.log;snooper-engine.log	1	596
60	/tmp/prysm-r2-extra-logs.Rd7MjT/round2-prysm-geth-60.tar.gz	/tmp/prysm-r2-extra-logs.Rd7MjT/round2-prysm-geth-60.tar.gz	execution.log;xatu-sentry.log;beacon.log;validator.log;snooper-engine.log	1	596
61	/tmp/prysm-r2-extra-logs.Rd7MjT/round2-prysm-geth-61.tar.gz	/tmp/prysm-r2-extra-logs.Rd7MjT/round2-prysm-geth-61.tar.gz	execution.log;xatu-sentry.log;beacon.log;validator.log;snooper-engine.log	1	596
62	/tmp/prysm-r2-extra-logs.Rd7MjT/round2-prysm-geth-62.tar.gz	/tmp/prysm-r2-extra-logs.Rd7MjT/round2-prysm-geth-62.tar.gz	execution.log;xatu-sentry.log;beacon.log;validator.log;snooper-engine.log	1	596
63	/tmp/prysm-r2-extra-logs.Rd7MjT/round2-prysm-geth-63.tar.gz	/tmp/prysm-r2-extra-logs.Rd7MjT/round2-prysm-geth-63.tar.gz	execution.log;xatu-sentry.log;beacon.log;validator.log;snooper-engine.log	1	596
64	/tmp/prysm-r2-extra-logs.Rd7MjT/round2-prysm-geth-64.tar.gz	/tmp/prysm-r2-extra-logs.Rd7MjT/round2-prysm-geth-64.tar.gz	execution.log;xatu-sentry.log;beacon.log;validator.log;snooper-engine.log	1	596
65	/tmp/prysm-r2-extra-logs.Rd7MjT/round2-prysm-geth-65.tar.gz	/tmp/prysm-r2-extra-logs.Rd7MjT/round2-prysm-geth-65.tar.gz	execution.log;xatu-sentry.log;beacon.log;validator.log;snooper-engine.log	1	596
66	/tmp/prysm-r2-extra-logs.Rd7MjT/round2-prysm-geth-66.tar.gz	/tmp/prysm-r2-extra-logs.Rd7MjT/round2-prysm-geth-66.tar.gz	execution.log;xatu-sentry.log;beacon.log;validator.log;snooper-engine.log	1	596
67	/tmp/prysm-r2-extra-logs.Rd7MjT/round2-prysm-geth-67.tar.gz	/tmp/prysm-r2-extra-logs.Rd7MjT/round2-prysm-geth-67.tar.gz	execution.log;xatu-sentry.log;beacon.log;validator.log;snooper-engine.log	1	596
68	/tmp/prysm-r2-extra-logs.Rd7MjT/round2-prysm-geth-68.tar.gz	/tmp/prysm-r2-extra-logs.Rd7MjT/round2-prysm-geth-68.tar.gz	execution.log;xatu-sentry.log;beacon.log;validator.log;snooper-engine.log	1	596
69	/tmp/prysm-r2-extra-logs.Rd7MjT/round2-prysm-geth-69.tar.gz	/tmp/prysm-r2-extra-logs.Rd7MjT/round2-prysm-geth-69.tar.gz	execution.log;xatu-sentry.log;beacon.log;validator.log;snooper-engine.log	1	596
70	/tmp/prysm-r2-extra-logs.Rd7MjT/round2-prysm-geth-70.tar.gz	/tmp/prysm-r2-extra-logs.Rd7MjT/round2-prysm-geth-70.tar.gz	execution.log;xatu-sentry.log;beacon.log;validator.log;snooper-engine.log	1	596
71	/tmp/prysm-r2-extra-logs.Rd7MjT/round2-prysm-geth-71.tar.gz	/tmp/prysm-r2-extra-logs.Rd7MjT/round2-prysm-geth-71.tar.gz	execution.log;xatu-sentry.log;beacon.log;validator.log;snooper-engine.log	1	596
72	/tmp/prysm-r2-extra-logs.Rd7MjT/round2-prysm-geth-72.tar.gz	/tmp/prysm-r2-extra-logs.Rd7MjT/round2-prysm-geth-72.tar.gz	execution.log;xatu-sentry.log;beacon.log;validator.log;snooper-engine.log	1	596
73	/tmp/prysm-r2-extra-logs.Rd7MjT/round2-prysm-geth-73.tar.gz	/tmp/prysm-r2-extra-logs.Rd7MjT/round2-prysm-geth-73.tar.gz	execution.log;xatu-sentry.log;beacon.log;validator.log;snooper-engine.log	1	596
74	/tmp/prysm-r2-extra-logs.Rd7MjT/round2-prysm-geth-74.tar.gz	/tmp/prysm-r2-extra-logs.Rd7MjT/round2-prysm-geth-74.tar.gz	execution.log;xatu-sentry.log;beacon.log;validator.log;snooper-engine.log	1	596
75	/tmp/prysm-r2-extra-logs.Rd7MjT/round2-prysm-geth-75.tar.gz	/tmp/prysm-r2-extra-logs.Rd7MjT/round2-prysm-geth-75.tar.gz	execution.log;xatu-sentry.log;beacon.log;validator.log;snooper-engine.log	1	596
76	/tmp/prysm-r2-extra-logs.Rd7MjT/round2-prysm-geth-76.tar.gz	/tmp/prysm-r2-extra-logs.Rd7MjT/round2-prysm-geth-76.tar.gz	execution.log;xatu-sentry.log;beacon.log;validator.log;snooper-engine.log	1	596
77	/tmp/prysm-r2-extra-logs.Rd7MjT/round2-prysm-geth-77.tar.gz	/tmp/prysm-r2-extra-logs.Rd7MjT/round2-prysm-geth-77.tar.gz	execution.log;xatu-sentry.log;beacon.log;validator.log;snooper-engine.log	1	596
78	/tmp/prysm-r2-extra-logs.Rd7MjT/round2-prysm-geth-78.tar.gz	/tmp/prysm-r2-extra-logs.Rd7MjT/round2-prysm-geth-78.tar.gz	execution.log;xatu-sentry.log;beacon.log;validator.log;snooper-engine.log	1	596
79	/tmp/prysm-r2-extra-logs.Rd7MjT/round2-prysm-geth-79.tar.gz	/tmp/prysm-r2-extra-logs.Rd7MjT/round2-prysm-geth-79.tar.gz	execution.log;xatu-sentry.log;beacon.log;validator.log;snooper-engine.log	1	596
80	/tmp/prysm-r2-extra-logs.Rd7MjT/round2-prysm-geth-80.tar.gz	/tmp/prysm-r2-extra-logs.Rd7MjT/round2-prysm-geth-80.tar.gz	execution.log;xatu-sentry.log;beacon.log;validator.log;snooper-engine.log	1	596
81	/tmp/prysm-r2-extra-logs.Rd7MjT/round2-prysm-geth-81.tar.gz	/tmp/prysm-r2-extra-logs.Rd7MjT/round2-prysm-geth-81.tar.gz	execution.log;xatu-sentry.log;beacon.log;validator.log;snooper-engine.log	1	596
82	/tmp/prysm-r2-extra-logs.Rd7MjT/round2-prysm-geth-82.tar.gz	/tmp/prysm-r2-extra-logs.Rd7MjT/round2-prysm-geth-82.tar.gz	execution.log;xatu-sentry.log;beacon.log;validator.log;snooper-engine.log	1	596
83	/tmp/prysm-r2-extra-logs.Rd7MjT/round2-prysm-geth-83.tar.gz	/tmp/prysm-r2-extra-logs.Rd7MjT/round2-prysm-geth-83.tar.gz	execution.log;xatu-sentry.log;beacon.log;validator.log;snooper-engine.log	1	596
84	/tmp/prysm-r2-extra-logs.Rd7MjT/round2-prysm-geth-84.tar.gz	/tmp/prysm-r2-extra-logs.Rd7MjT/round2-prysm-geth-84.tar.gz	execution.log;xatu-sentry.log;beacon.log;validator.log;snooper-engine.log	1	596
85	/tmp/prysm-r2-extra-logs.Rd7MjT/round2-prysm-geth-85.tar.gz	/tmp/prysm-r2-extra-logs.Rd7MjT/round2-prysm-geth-85.tar.gz	execution.log;xatu-sentry.log;beacon.log;validator.log;snooper-engine.log	1	596
86	/tmp/prysm-r2-extra-logs.Rd7MjT/round2-prysm-geth-86.tar.gz	/tmp/prysm-r2-extra-logs.Rd7MjT/round2-prysm-geth-86.tar.gz	execution.log;xatu-sentry.log;beacon.log;validator.log;snooper-engine.log	1	596
87	/tmp/prysm-r2-extra-logs.Rd7MjT/round2-prysm-geth-87.tar.gz	/tmp/prysm-r2-extra-logs.Rd7MjT/round2-prysm-geth-87.tar.gz	execution.log;xatu-sentry.log;beacon.log;validator.log;snooper-engine.log	1	596
88	/tmp/prysm-r2-extra-logs.Rd7MjT/round2-prysm-geth-88.tar.gz	/tmp/prysm-r2-extra-logs.Rd7MjT/round2-prysm-geth-88.tar.gz	execution.log;xatu-sentry.log;beacon.log;validator.log;snooper-engine.log	1	596
89	/tmp/prysm-r2-extra-logs.Rd7MjT/round2-prysm-geth-89.tar.gz	/tmp/prysm-r2-extra-logs.Rd7MjT/round2-prysm-geth-89.tar.gz	execution.log;xatu-sentry.log;beacon.log;validator.log;snooper-engine.log	1	596
90	/tmp/prysm-r2-extra-logs.Rd7MjT/round2-prysm-geth-90.tar.gz	/tmp/prysm-r2-extra-logs.Rd7MjT/round2-prysm-geth-90.tar.gz	execution.log;xatu-sentry.log;beacon.log;validator.log;snooper-engine.log	1	596
91	/tmp/prysm-r2-extra-logs.Rd7MjT/round2-prysm-geth-91.tar.gz	/tmp/prysm-r2-extra-logs.Rd7MjT/round2-prysm-geth-91.tar.gz	execution.log;xatu-sentry.log;beacon.log;validator.log;snooper-engine.log	1	596
92	/tmp/prysm-r2-extra-logs.Rd7MjT/round2-prysm-geth-92.tar.gz	/tmp/prysm-r2-extra-logs.Rd7MjT/round2-prysm-geth-92.tar.gz	execution.log;xatu-sentry.log;beacon.log;validator.log;snooper-engine.log	1	596
93	/tmp/prysm-r2-extra-logs.Rd7MjT/round2-prysm-geth-93.tar.gz	/tmp/prysm-r2-extra-logs.Rd7MjT/round2-prysm-geth-93.tar.gz	execution.log;xatu-sentry.log;beacon.log;validator.log;snooper-engine.log	1	596
94	/tmp/prysm-r2-extra-logs.Rd7MjT/round2-prysm-geth-94.tar.gz	/tmp/prysm-r2-extra-logs.Rd7MjT/round2-prysm-geth-94.tar.gz	execution.log;xatu-sentry.log;beacon.log;validator.log;snooper-engine.log	1	596
95	/tmp/prysm-r2-extra-logs.Rd7MjT/round2-prysm-geth-95.tar.gz	/tmp/prysm-r2-extra-logs.Rd7MjT/round2-prysm-geth-95.tar.gz	execution.log;xatu-sentry.log;beacon.log;validator.log;snooper-engine.log	1	596
96	/tmp/prysm-r2-extra-logs.Rd7MjT/round2-prysm-geth-96.tar.gz	/tmp/prysm-r2-extra-logs.Rd7MjT/round2-prysm-geth-96.tar.gz	execution.log;xatu-sentry.log;beacon.log;validator.log;snooper-engine.log	1	596
97	/tmp/prysm-r2-extra-logs.Rd7MjT/round2-prysm-geth-97.tar.gz	/tmp/prysm-r2-extra-logs.Rd7MjT/round2-prysm-geth-97.tar.gz	execution.log;xatu-sentry.log;beacon.log;validator.log;snooper-engine.log	1	596
98	/tmp/prysm-r2-extra-logs.Rd7MjT/round2-prysm-geth-98.tar.gz	/tmp/prysm-r2-extra-logs.Rd7MjT/round2-prysm-geth-98.tar.gz	execution.log;xatu-sentry.log;beacon.log;validator.log;snooper-engine.log	1	596
99	/tmp/prysm-r2-extra-logs.Rd7MjT/round2-prysm-geth-99.tar.gz	/tmp/prysm-r2-extra-logs.Rd7MjT/round2-prysm-geth-99.tar.gz	execution.log;xatu-sentry.log;beacon.log;validator.log;snooper-engine.log	1	596
100	/tmp/prysm-r2-extra-logs.Rd7MjT/round2-prysm-geth-100.tar.gz	/tmp/prysm-r2-extra-logs.Rd7MjT/round2-prysm-geth-100.tar.gz	execution.log;xatu-sentry.log;beacon.log;validator.log;snooper-engine.log	1	596
101	/tmp/prysm-r2-extra-logs.Rd7MjT/round2-prysm-geth-101.tar.gz	/tmp/prysm-r2-extra-logs.Rd7MjT/round2-prysm-geth-101.tar.gz	execution.log;xatu-sentry.log;beacon.log;validator.log;snooper-engine.log	1	596
102	/tmp/prysm-r2-extra-logs.Rd7MjT/round2-prysm-geth-102.tar.gz	/tmp/prysm-r2-extra-logs.Rd7MjT/round2-prysm-geth-102.tar.gz	execution.log;xatu-sentry.log;beacon.log;validator.log;snooper-engine.log	1	596
103	/tmp/prysm-r2-extra-logs.Rd7MjT/round2-prysm-geth-103.tar.gz	/tmp/prysm-r2-extra-logs.Rd7MjT/round2-prysm-geth-103.tar.gz	execution.log;xatu-sentry.log;beacon.log;validator.log;snooper-engine.log	1	596
104	/tmp/prysm-r2-extra-logs.Rd7MjT/round2-prysm-geth-104.tar.gz	/tmp/prysm-r2-extra-logs.Rd7MjT/round2-prysm-geth-104.tar.gz	execution.log;xatu-sentry.log;beacon.log;validator.log;snooper-engine.log	1	596
105	/tmp/prysm-r2-extra-logs.Rd7MjT/round2-prysm-geth-105.tar.gz	/tmp/prysm-r2-extra-logs.Rd7MjT/round2-prysm-geth-105.tar.gz	execution.log;xatu-sentry.log;beacon.log;validator.log;snooper-engine.log	1	596
106	/tmp/prysm-r2-extra-logs.Rd7MjT/round2-prysm-geth-106.tar.gz	/tmp/prysm-r2-extra-logs.Rd7MjT/round2-prysm-geth-106.tar.gz	execution.log;xatu-sentry.log;beacon.log;validator.log;snooper-engine.log	1	596
107	/tmp/prysm-r2-extra-logs.Rd7MjT/round2-prysm-geth-107.tar.gz	/tmp/prysm-r2-extra-logs.Rd7MjT/round2-prysm-geth-107.tar.gz	execution.log;xatu-sentry.log;beacon.log;validator.log;snooper-engine.log	1	596
108	/tmp/prysm-r2-extra-logs.Rd7MjT/round2-prysm-geth-108.tar.gz	/tmp/prysm-r2-extra-logs.Rd7MjT/round2-prysm-geth-108.tar.gz	execution.log;xatu-sentry.log;beacon.log;validator.log;snooper-engine.log	1	596
109	/tmp/prysm-r2-extra-logs.Rd7MjT/round2-prysm-geth-109.tar.gz	/tmp/prysm-r2-extra-logs.Rd7MjT/round2-prysm-geth-109.tar.gz	execution.log;xatu-sentry.log;beacon.log;validator.log;snooper-engine.log	1	596
110	/tmp/prysm-r2-extra-logs.Rd7MjT/round2-prysm-geth-110.tar.gz	/tmp/prysm-r2-extra-logs.Rd7MjT/round2-prysm-geth-110.tar.gz	execution.log;xatu-sentry.log;beacon.log;validator.log;snooper-engine.log	1	596
111	/tmp/prysm-r2-extra-logs.Rd7MjT/round2-prysm-geth-111.tar.gz	/tmp/prysm-r2-extra-logs.Rd7MjT/round2-prysm-geth-111.tar.gz	execution.log;xatu-sentry.log;beacon.log;validator.log;snooper-engine.log	1	596
112	/tmp/prysm-r2-extra-logs.Rd7MjT/round2-prysm-geth-112.tar.gz	/tmp/prysm-r2-extra-logs.Rd7MjT/round2-prysm-geth-112.tar.gz	execution.log;xatu-sentry.log;beacon.log;validator.log;snooper-engine.log	1	596
113	/tmp/prysm-r2-extra-logs.Rd7MjT/round2-prysm-geth-113.tar.gz	/tmp/prysm-r2-extra-logs.Rd7MjT/round2-prysm-geth-113.tar.gz	execution.log;xatu-sentry.log;beacon.log;validator.log;snooper-engine.log	1	596
114	/tmp/prysm-r2-extra-logs.Rd7MjT/round2-prysm-geth-114.tar.gz	/tmp/prysm-r2-extra-logs.Rd7MjT/round2-prysm-geth-114.tar.gz	execution.log;xatu-sentry.log;beacon.log;validator.log;snooper-engine.log	1	596
115	/tmp/prysm-r2-extra-logs.Rd7MjT/round2-prysm-geth-115.tar.gz	/tmp/prysm-r2-extra-logs.Rd7MjT/round2-prysm-geth-115.tar.gz	execution.log;xatu-sentry.log;beacon.log;validator.log;snooper-engine.log	1	596
116	/tmp/prysm-r2-extra-logs.Rd7MjT/round2-prysm-geth-116.tar.gz	/tmp/prysm-r2-extra-logs.Rd7MjT/round2-prysm-geth-116.tar.gz	execution.log;xatu-sentry.log;beacon.log;validator.log;snooper-engine.log	1	596
117	/tmp/prysm-r2-extra-logs.Rd7MjT/round2-prysm-geth-117.tar.gz	/tmp/prysm-r2-extra-logs.Rd7MjT/round2-prysm-geth-117.tar.gz	execution.log;xatu-sentry.log;beacon.log;validator.log;snooper-engine.log	1	596
118	/tmp/prysm-r2-extra-logs.Rd7MjT/round2-prysm-geth-118.tar.gz	/tmp/prysm-r2-extra-logs.Rd7MjT/round2-prysm-geth-118.tar.gz	execution.log;xatu-sentry.log;beacon.log;validator.log;snooper-engine.log	1	596
119	/tmp/prysm-r2-extra-logs.Rd7MjT/round2-prysm-geth-119.tar.gz	/tmp/prysm-r2-extra-logs.Rd7MjT/round2-prysm-geth-119.tar.gz	execution.log;xatu-sentry.log;beacon.log;validator.log;snooper-engine.log	1	596
120	/tmp/prysm-r2-extra-logs.Rd7MjT/round2-prysm-geth-120.tar.gz	/tmp/prysm-r2-extra-logs.Rd7MjT/round2-prysm-geth-120.tar.gz	execution.log;xatu-sentry.log;beacon.log;validator.log;snooper-engine.log	1	596
121	/tmp/prysm-r2-extra-logs.Rd7MjT/round2-prysm-geth-121.tar.gz	/tmp/prysm-r2-extra-logs.Rd7MjT/round2-prysm-geth-121.tar.gz	execution.log;xatu-sentry.log;beacon.log;validator.log;snooper-engine.log	1	596
122	/tmp/prysm-r2-extra-logs.Rd7MjT/round2-prysm-geth-122.tar.gz	/tmp/prysm-r2-extra-logs.Rd7MjT/round2-prysm-geth-122.tar.gz	execution.log;xatu-sentry.log;beacon.log;validator.log;snooper-engine.log	1	596
123	/tmp/prysm-r2-extra-logs.Rd7MjT/round2-prysm-geth-123.tar.gz	/tmp/prysm-r2-extra-logs.Rd7MjT/round2-prysm-geth-123.tar.gz	execution.log;xatu-sentry.log;beacon.log;validator.log;snooper-engine.log	1	596
124	/tmp/prysm-r2-extra-logs.Rd7MjT/round2-prysm-geth-124.tar.gz	/tmp/prysm-r2-extra-logs.Rd7MjT/round2-prysm-geth-124.tar.gz	execution.log;xatu-sentry.log;beacon.log;validator.log;snooper-engine.log	1	596
125	/tmp/prysm-r2-extra-logs.Rd7MjT/round2-prysm-geth-125.tar.gz	/tmp/prysm-r2-extra-logs.Rd7MjT/round2-prysm-geth-125.tar.gz	execution.log;xatu-sentry.log;beacon.log;validator.log;snooper-engine.log	1	596
126	/tmp/prysm-r2-extra-logs.Rd7MjT/round2-prysm-geth-126.tar.gz	/tmp/prysm-r2-extra-logs.Rd7MjT/round2-prysm-geth-126.tar.gz	execution.log;xatu-sentry.log;beacon.log;validator.log;snooper-engine.log	1	596
127	/tmp/prysm-r2-extra-logs.Rd7MjT/round2-prysm-geth-127.tar.gz	/tmp/prysm-r2-extra-logs.Rd7MjT/round2-prysm-geth-127.tar.gz	execution.log;xatu-sentry.log;beacon.log;validator.log;snooper-engine.log	1	596
128	/tmp/prysm-r2-extra-logs.Rd7MjT/round2-prysm-geth-128.tar.gz	/tmp/prysm-r2-extra-logs.Rd7MjT/round2-prysm-geth-128.tar.gz	execution.log;xatu-sentry.log;beacon.log;validator.log;snooper-engine.log	1	596
129	/tmp/prysm-r2-extra-logs.Rd7MjT/round2-prysm-geth-129.tar.gz	/tmp/prysm-r2-extra-logs.Rd7MjT/round2-prysm-geth-129.tar.gz	execution.log;xatu-sentry.log;beacon.log;validator.log;snooper-engine.log	1	596
130	/tmp/prysm-r2-extra-logs.Rd7MjT/round2-prysm-geth-130.tar.gz	/tmp/prysm-r2-extra-logs.Rd7MjT/round2-prysm-geth-130.tar.gz	execution.log;xatu-sentry.log;beacon.log;validator.log;snooper-engine.log	1	596
131	/tmp/prysm-r2-extra-logs.Rd7MjT/round2-prysm-geth-131.tar.gz	/tmp/prysm-r2-extra-logs.Rd7MjT/round2-prysm-geth-131.tar.gz	execution.log;xatu-sentry.log;beacon.log;validator.log;snooper-engine.log	1	596
132	/tmp/prysm-r2-extra-logs.Rd7MjT/round2-prysm-geth-132.tar.gz	/tmp/prysm-r2-extra-logs.Rd7MjT/round2-prysm-geth-132.tar.gz	execution.log;xatu-sentry.log;beacon.log;validator.log;snooper-engine.log	1	596
133	/tmp/prysm-r2-extra-logs.Rd7MjT/round2-prysm-geth-133.tar.gz	/tmp/prysm-r2-extra-logs.Rd7MjT/round2-prysm-geth-133.tar.gz	execution.log;xatu-sentry.log;beacon.log;validator.log;snooper-engine.log	1	596
134	/tmp/prysm-r2-extra-logs.Rd7MjT/round2-prysm-geth-134.tar.gz	/tmp/prysm-r2-extra-logs.Rd7MjT/round2-prysm-geth-134.tar.gz	execution.log;xatu-sentry.log;beacon.log;validator.log;snooper-engine.log	1	596
135	/tmp/prysm-r2-extra-logs.Rd7MjT/round2-prysm-geth-135.tar.gz	/tmp/prysm-r2-extra-logs.Rd7MjT/round2-prysm-geth-135.tar.gz	execution.log;xatu-sentry.log;beacon.log;validator.log;snooper-engine.log	1	596
136	/tmp/prysm-r2-extra-logs.Rd7MjT/round2-prysm-geth-136.tar.gz	/tmp/prysm-r2-extra-logs.Rd7MjT/round2-prysm-geth-136.tar.gz	execution.log;xatu-sentry.log;beacon.log;validator.log;snooper-engine.log	1	596
137	/tmp/prysm-r2-extra-logs.Rd7MjT/round2-prysm-geth-137.tar.gz	/tmp/prysm-r2-extra-logs.Rd7MjT/round2-prysm-geth-137.tar.gz	execution.log;xatu-sentry.log;beacon.log;validator.log;snooper-engine.log	1	596
138	/tmp/prysm-r2-extra-logs.Rd7MjT/round2-prysm-geth-138.tar.gz	/tmp/prysm-r2-extra-logs.Rd7MjT/round2-prysm-geth-138.tar.gz	execution.log;xatu-sentry.log;beacon.log;validator.log;snooper-engine.log	1	596
139	/tmp/prysm-r2-extra-logs.Rd7MjT/round2-prysm-geth-139.tar.gz	/tmp/prysm-r2-extra-logs.Rd7MjT/round2-prysm-geth-139.tar.gz	execution.log;xatu-sentry.log;beacon.log;validator.log;snooper-engine.log	1	596
140	/tmp/prysm-r2-extra-logs.Rd7MjT/round2-prysm-geth-140.tar.gz	/tmp/prysm-r2-extra-logs.Rd7MjT/round2-prysm-geth-140.tar.gz	execution.log;xatu-sentry.log;beacon.log;validator.log;snooper-engine.log	1	596
141	/tmp/prysm-r2-extra-logs.Rd7MjT/round2-prysm-geth-141.tar.gz	/tmp/prysm-r2-extra-logs.Rd7MjT/round2-prysm-geth-141.tar.gz	execution.log;xatu-sentry.log;beacon.log;validator.log;snooper-engine.log	1	596
142	/tmp/prysm-r2-extra-logs.Rd7MjT/round2-prysm-geth-142.tar.gz	/tmp/prysm-r2-extra-logs.Rd7MjT/round2-prysm-geth-142.tar.gz	execution.log;xatu-sentry.log;beacon.log;validator.log;snooper-engine.log	1	596
143	/tmp/prysm-r2-extra-logs.Rd7MjT/round2-prysm-geth-143.tar.gz	/tmp/prysm-r2-extra-logs.Rd7MjT/round2-prysm-geth-143.tar.gz	execution.log;xatu-sentry.log;beacon.log;validator.log;snooper-engine.log	1	596
144	/tmp/prysm-r2-extra-logs.Rd7MjT/round2-prysm-geth-144.tar.gz	/tmp/prysm-r2-extra-logs.Rd7MjT/round2-prysm-geth-144.tar.gz	execution.log;xatu-sentry.log;beacon.log;validator.log;snooper-engine.log	1	596
145	/tmp/prysm-r2-extra-logs.Rd7MjT/round2-prysm-geth-145.tar.gz	/tmp/prysm-r2-extra-logs.Rd7MjT/round2-prysm-geth-145.tar.gz	execution.log;xatu-sentry.log;beacon.log;validator.log;snooper-engine.log	1	596
146	/tmp/prysm-r2-extra-logs.Rd7MjT/round2-prysm-geth-146.tar.gz	/tmp/prysm-r2-extra-logs.Rd7MjT/round2-prysm-geth-146.tar.gz	execution.log;xatu-sentry.log;beacon.log;validator.log;snooper-engine.log	1	596
147	/tmp/prysm-r2-extra-logs.Rd7MjT/round2-prysm-geth-147.tar.gz	/tmp/prysm-r2-extra-logs.Rd7MjT/round2-prysm-geth-147.tar.gz	execution.log;xatu-sentry.log;beacon.log;validator.log;snooper-engine.log	1	596
148	/tmp/prysm-r2-extra-logs.Rd7MjT/round2-prysm-geth-148.tar.gz	/tmp/prysm-r2-extra-logs.Rd7MjT/round2-prysm-geth-148.tar.gz	execution.log;xatu-sentry.log;beacon.log;validator.log;snooper-engine.log	1	596
149	/tmp/prysm-r2-extra-logs.Rd7MjT/round2-prysm-geth-149.tar.gz	/tmp/prysm-r2-extra-logs.Rd7MjT/round2-prysm-geth-149.tar.gz	execution.log;xatu-sentry.log;beacon.log;validator.log;snooper-engine.log	1	596
150	/home/sukun/dev/prysm2/runs/round2/round2-prysm-geth-150.tar.gz	/home/sukun/dev/prysm2/runs/round2/round2-prysm-geth-150.tar.gz	execution.log;xatu-sentry.log;beacon.log;validator.log;snooper-engine.log	1	596
151	/tmp/prysm-r2-extra-logs.Rd7MjT/round2-prysm-geth-151.tar.gz	/tmp/prysm-r2-extra-logs.Rd7MjT/round2-prysm-geth-151.tar.gz;/home/sukun/dev/prysm2/runs/round2/round2-prysm-geth-151.tar.gz	execution.log;xatu-sentry.log;beacon.log;validator.log;snooper-engine.log	1	596
152	/tmp/prysm-r2-extra-logs.Rd7MjT/round2-prysm-geth-152.tar.gz	/tmp/prysm-r2-extra-logs.Rd7MjT/round2-prysm-geth-152.tar.gz	execution.log;xatu-sentry.log;beacon.log;validator.log;snooper-engine.log	1	596
153	/tmp/prysm-r2-extra-logs.Rd7MjT/round2-prysm-geth-153.tar.gz	/tmp/prysm-r2-extra-logs.Rd7MjT/round2-prysm-geth-153.tar.gz	execution.log;xatu-sentry.log;beacon.log;validator.log;snooper-engine.log	1	596
154	/tmp/prysm-r2-extra-logs.Rd7MjT/round2-prysm-geth-154.tar.gz	/tmp/prysm-r2-extra-logs.Rd7MjT/round2-prysm-geth-154.tar.gz	execution.log;xatu-sentry.log;beacon.log;validator.log;snooper-engine.log	1	596
155	/tmp/prysm-r2-extra-logs.Rd7MjT/round2-prysm-geth-155.tar.gz	/tmp/prysm-r2-extra-logs.Rd7MjT/round2-prysm-geth-155.tar.gz	execution.log;xatu-sentry.log;beacon.log;validator.log;snooper-engine.log	1	596
156	/tmp/prysm-r2-extra-logs.Rd7MjT/round2-prysm-geth-156.tar.gz	/tmp/prysm-r2-extra-logs.Rd7MjT/round2-prysm-geth-156.tar.gz	execution.log;xatu-sentry.log;beacon.log;validator.log;snooper-engine.log	1	596
157	/tmp/prysm-r2-extra-logs.Rd7MjT/round2-prysm-geth-157.tar.gz	/tmp/prysm-r2-extra-logs.Rd7MjT/round2-prysm-geth-157.tar.gz	execution.log;xatu-sentry.log;beacon.log;validator.log;snooper-engine.log	1	596
158	/tmp/prysm-r2-extra-logs.Rd7MjT/round2-prysm-geth-158.tar.gz	/tmp/prysm-r2-extra-logs.Rd7MjT/round2-prysm-geth-158.tar.gz	execution.log;xatu-sentry.log;beacon.log;validator.log;snooper-engine.log	1	596
159	/tmp/prysm-r2-extra-logs.Rd7MjT/round2-prysm-geth-159.tar.gz	/tmp/prysm-r2-extra-logs.Rd7MjT/round2-prysm-geth-159.tar.gz	execution.log;xatu-sentry.log;beacon.log;validator.log;snooper-engine.log	1	596
160	/tmp/prysm-r2-extra-logs.Rd7MjT/round2-prysm-geth-160.tar.gz	/tmp/prysm-r2-extra-logs.Rd7MjT/round2-prysm-geth-160.tar.gz	execution.log;xatu-sentry.log;beacon.log;validator.log;snooper-engine.log	1	596
161	/tmp/prysm-r2-extra-logs.Rd7MjT/round2-prysm-geth-161.tar.gz	/tmp/prysm-r2-extra-logs.Rd7MjT/round2-prysm-geth-161.tar.gz	execution.log;xatu-sentry.log;beacon.log;validator.log;snooper-engine.log	1	596
162	/tmp/prysm-r2-extra-logs.Rd7MjT/round2-prysm-geth-162.tar.gz	/tmp/prysm-r2-extra-logs.Rd7MjT/round2-prysm-geth-162.tar.gz	execution.log;xatu-sentry.log;beacon.log;validator.log;snooper-engine.log	1	596
163	/tmp/prysm-r2-extra-logs.Rd7MjT/round2-prysm-geth-163.tar.gz	/tmp/prysm-r2-extra-logs.Rd7MjT/round2-prysm-geth-163.tar.gz	execution.log;xatu-sentry.log;beacon.log;validator.log;snooper-engine.log	1	596
164	/tmp/prysm-r2-extra-logs.Rd7MjT/round2-prysm-geth-164.tar.gz	/tmp/prysm-r2-extra-logs.Rd7MjT/round2-prysm-geth-164.tar.gz	execution.log;xatu-sentry.log;beacon.log;validator.log;snooper-engine.log	1	596
165	/tmp/prysm-r2-extra-logs.Rd7MjT/round2-prysm-geth-165.tar.gz	/tmp/prysm-r2-extra-logs.Rd7MjT/round2-prysm-geth-165.tar.gz	execution.log;xatu-sentry.log;beacon.log;validator.log;snooper-engine.log	1	596
166	/tmp/prysm-r2-extra-logs.Rd7MjT/round2-prysm-geth-166.tar.gz	/tmp/prysm-r2-extra-logs.Rd7MjT/round2-prysm-geth-166.tar.gz	execution.log;xatu-sentry.log;beacon.log;validator.log;snooper-engine.log	1	596
167	/tmp/prysm-r2-extra-logs.Rd7MjT/round2-prysm-geth-167.tar.gz	/tmp/prysm-r2-extra-logs.Rd7MjT/round2-prysm-geth-167.tar.gz	execution.log;xatu-sentry.log;beacon.log;validator.log;snooper-engine.log	1	596
168	/tmp/prysm-r2-extra-logs.Rd7MjT/round2-prysm-geth-168.tar.gz	/tmp/prysm-r2-extra-logs.Rd7MjT/round2-prysm-geth-168.tar.gz	execution.log;xatu-sentry.log;beacon.log;validator.log;snooper-engine.log	1	596
169	/tmp/prysm-r2-extra-logs.Rd7MjT/round2-prysm-geth-169.tar.gz	/tmp/prysm-r2-extra-logs.Rd7MjT/round2-prysm-geth-169.tar.gz	execution.log;xatu-sentry.log;beacon.log;validator.log;snooper-engine.log	1	596
170	/tmp/prysm-r2-extra-logs.Rd7MjT/round2-prysm-geth-170.tar.gz	/tmp/prysm-r2-extra-logs.Rd7MjT/round2-prysm-geth-170.tar.gz	execution.log;xatu-sentry.log;beacon.log;validator.log;snooper-engine.log	1	596
171	/tmp/prysm-r2-extra-logs.Rd7MjT/round2-prysm-geth-171.tar.gz	/tmp/prysm-r2-extra-logs.Rd7MjT/round2-prysm-geth-171.tar.gz	execution.log;xatu-sentry.log;beacon.log;validator.log;snooper-engine.log	1	596
172	/tmp/prysm-r2-extra-logs.Rd7MjT/round2-prysm-geth-172.tar.gz	/tmp/prysm-r2-extra-logs.Rd7MjT/round2-prysm-geth-172.tar.gz	execution.log;xatu-sentry.log;beacon.log;validator.log;snooper-engine.log	1	596
173	/tmp/prysm-r2-extra-logs.Rd7MjT/round2-prysm-geth-173.tar.gz	/tmp/prysm-r2-extra-logs.Rd7MjT/round2-prysm-geth-173.tar.gz	execution.log;xatu-sentry.log;beacon.log;validator.log;snooper-engine.log	1	596
174	/tmp/prysm-r2-extra-logs.Rd7MjT/round2-prysm-geth-174.tar.gz	/tmp/prysm-r2-extra-logs.Rd7MjT/round2-prysm-geth-174.tar.gz	execution.log;xatu-sentry.log;beacon.log;validator.log;snooper-engine.log	1	596
175	/tmp/prysm-r2-extra-logs.Rd7MjT/round2-prysm-geth-175.tar.gz	/tmp/prysm-r2-extra-logs.Rd7MjT/round2-prysm-geth-175.tar.gz	execution.log;xatu-sentry.log;beacon.log;validator.log;snooper-engine.log	1	596
176	/tmp/prysm-r2-extra-logs.Rd7MjT/round2-prysm-geth-176.tar.gz	/tmp/prysm-r2-extra-logs.Rd7MjT/round2-prysm-geth-176.tar.gz	execution.log;xatu-sentry.log;beacon.log;validator.log;snooper-engine.log	1	596
177	/tmp/prysm-r2-extra-logs.Rd7MjT/round2-prysm-geth-177.tar.gz	/tmp/prysm-r2-extra-logs.Rd7MjT/round2-prysm-geth-177.tar.gz	execution.log;xatu-sentry.log;beacon.log;validator.log;snooper-engine.log	1	596
178	/tmp/prysm-r2-extra-logs.Rd7MjT/round2-prysm-geth-178.tar.gz	/tmp/prysm-r2-extra-logs.Rd7MjT/round2-prysm-geth-178.tar.gz	execution.log;xatu-sentry.log;beacon.log;validator.log;snooper-engine.log	1	596
179	/tmp/prysm-r2-extra-logs.Rd7MjT/round2-prysm-geth-179.tar.gz	/tmp/prysm-r2-extra-logs.Rd7MjT/round2-prysm-geth-179.tar.gz	execution.log;xatu-sentry.log;beacon.log;validator.log;snooper-engine.log	1	596
180	/tmp/prysm-r2-extra-logs.Rd7MjT/round2-prysm-geth-180.tar.gz	/tmp/prysm-r2-extra-logs.Rd7MjT/round2-prysm-geth-180.tar.gz	execution.log;xatu-sentry.log;beacon.log;validator.log;snooper-engine.log	1	596
181	/tmp/prysm-r2-extra-logs.Rd7MjT/round2-prysm-geth-181.tar.gz	/tmp/prysm-r2-extra-logs.Rd7MjT/round2-prysm-geth-181.tar.gz	execution.log;xatu-sentry.log;beacon.log;validator.log;snooper-engine.log	1	596
182	/tmp/prysm-r2-extra-logs.Rd7MjT/round2-prysm-geth-182.tar.gz	/tmp/prysm-r2-extra-logs.Rd7MjT/round2-prysm-geth-182.tar.gz	execution.log;xatu-sentry.log;beacon.log;validator.log;snooper-engine.log	1	596
183	/tmp/prysm-r2-extra-logs.Rd7MjT/round2-prysm-geth-183.tar.gz	/tmp/prysm-r2-extra-logs.Rd7MjT/round2-prysm-geth-183.tar.gz	execution.log;xatu-sentry.log;beacon.log;validator.log;snooper-engine.log	1	596
184	/tmp/prysm-r2-extra-logs.Rd7MjT/round2-prysm-geth-184.tar.gz	/tmp/prysm-r2-extra-logs.Rd7MjT/round2-prysm-geth-184.tar.gz	execution.log;xatu-sentry.log;beacon.log;validator.log;snooper-engine.log	1	596
185	/tmp/prysm-r2-extra-logs.Rd7MjT/round2-prysm-geth-185.tar.gz	/tmp/prysm-r2-extra-logs.Rd7MjT/round2-prysm-geth-185.tar.gz	execution.log;xatu-sentry.log;beacon.log;validator.log;snooper-engine.log	1	596
186	/tmp/prysm-r2-extra-logs.Rd7MjT/round2-prysm-geth-186.tar.gz	/tmp/prysm-r2-extra-logs.Rd7MjT/round2-prysm-geth-186.tar.gz	execution.log;xatu-sentry.log;beacon.log;validator.log;snooper-engine.log	1	596
187	/tmp/prysm-r2-extra-logs.Rd7MjT/round2-prysm-geth-187.tar.gz	/tmp/prysm-r2-extra-logs.Rd7MjT/round2-prysm-geth-187.tar.gz	execution.log;xatu-sentry.log;beacon.log;validator.log;snooper-engine.log	1	596
188	/tmp/prysm-r2-extra-logs.Rd7MjT/round2-prysm-geth-188.tar.gz	/tmp/prysm-r2-extra-logs.Rd7MjT/round2-prysm-geth-188.tar.gz	execution.log;xatu-sentry.log;beacon.log;validator.log;snooper-engine.log	1	596
189	/tmp/prysm-r2-extra-logs.Rd7MjT/round2-prysm-geth-189.tar.gz	/tmp/prysm-r2-extra-logs.Rd7MjT/round2-prysm-geth-189.tar.gz	execution.log;xatu-sentry.log;beacon.log;validator.log;snooper-engine.log	1	596
190	/tmp/prysm-r2-extra-logs.Rd7MjT/round2-prysm-geth-190.tar.gz	/tmp/prysm-r2-extra-logs.Rd7MjT/round2-prysm-geth-190.tar.gz	execution.log;xatu-sentry.log;beacon.log;validator.log;snooper-engine.log	1	596
191	/tmp/prysm-r2-extra-logs.Rd7MjT/round2-prysm-geth-191.tar.gz	/tmp/prysm-r2-extra-logs.Rd7MjT/round2-prysm-geth-191.tar.gz	execution.log;xatu-sentry.log;beacon.log;validator.log;snooper-engine.log	1	596
192	/tmp/prysm-r2-extra-logs.Rd7MjT/round2-prysm-geth-192.tar.gz	/tmp/prysm-r2-extra-logs.Rd7MjT/round2-prysm-geth-192.tar.gz	execution.log;xatu-sentry.log;beacon.log;validator.log;snooper-engine.log	1	596
193	/tmp/prysm-r2-extra-logs.Rd7MjT/round2-prysm-geth-193.tar.gz	/tmp/prysm-r2-extra-logs.Rd7MjT/round2-prysm-geth-193.tar.gz	execution.log;xatu-sentry.log;beacon.log;validator.log;snooper-engine.log	1	596
194	/tmp/prysm-r2-extra-logs.Rd7MjT/round2-prysm-geth-194.tar.gz	/tmp/prysm-r2-extra-logs.Rd7MjT/round2-prysm-geth-194.tar.gz	execution.log;xatu-sentry.log;beacon.log;validator.log;snooper-engine.log	1	596
195	/tmp/prysm-r2-extra-logs.Rd7MjT/round2-prysm-geth-195.tar.gz	/tmp/prysm-r2-extra-logs.Rd7MjT/round2-prysm-geth-195.tar.gz	execution.log;xatu-sentry.log;beacon.log;validator.log;snooper-engine.log	1	596
196	/tmp/prysm-r2-extra-logs.Rd7MjT/round2-prysm-geth-196.tar.gz	/tmp/prysm-r2-extra-logs.Rd7MjT/round2-prysm-geth-196.tar.gz	execution.log;xatu-sentry.log;beacon.log;validator.log;snooper-engine.log	1	596
197	/tmp/prysm-r2-extra-logs.Rd7MjT/round2-prysm-geth-197.tar.gz	/tmp/prysm-r2-extra-logs.Rd7MjT/round2-prysm-geth-197.tar.gz	execution.log;xatu-sentry.log;beacon.log;validator.log;snooper-engine.log	1	596
198	/tmp/prysm-r2-extra-logs.Rd7MjT/round2-prysm-geth-198.tar.gz	/tmp/prysm-r2-extra-logs.Rd7MjT/round2-prysm-geth-198.tar.gz	execution.log;xatu-sentry.log;beacon.log;validator.log;snooper-engine.log	1	596
199	/tmp/prysm-r2-extra-logs.Rd7MjT/round2-prysm-geth-199.tar.gz	/tmp/prysm-r2-extra-logs.Rd7MjT/round2-prysm-geth-199.tar.gz	execution.log;xatu-sentry.log;beacon.log;validator.log;snooper-engine.log	1	596
200	/tmp/prysm-r2-extra-logs.Rd7MjT/round2-prysm-geth-200.tar.gz	/tmp/prysm-r2-extra-logs.Rd7MjT/round2-prysm-geth-200.tar.gz	execution.log;xatu-sentry.log;beacon.log;validator.log;snooper-engine.log	1	596
201	/home/sukun/dev/prysm2/runs/round2/round2-prysm-geth-201.tar.gz	/home/sukun/dev/prysm2/runs/round2/round2-prysm-geth-201.tar.gz	execution.log;xatu-sentry.log;beacon.log;validator.log;snooper-engine.log	1	1
202	/tmp/prysm-r2-extra-logs.Rd7MjT/round2-prysm-geth-202.tar.gz	/tmp/prysm-r2-extra-logs.Rd7MjT/round2-prysm-geth-202.tar.gz	execution.log;xatu-sentry.log;beacon.log;validator.log;snooper-engine.log	1	1
203	/tmp/prysm-r2-extra-logs.Rd7MjT/round2-prysm-geth-203.tar.gz	/tmp/prysm-r2-extra-logs.Rd7MjT/round2-prysm-geth-203.tar.gz	execution.log;xatu-sentry.log;beacon.log;validator.log;snooper-engine.log	1	1
204	/tmp/prysm-r2-extra-logs.Rd7MjT/round2-prysm-geth-204.tar.gz	/tmp/prysm-r2-extra-logs.Rd7MjT/round2-prysm-geth-204.tar.gz	execution.log;xatu-sentry.log;beacon.log;validator.log;snooper-engine.log	1	1
205	/tmp/prysm-r2-extra-logs.Rd7MjT/round2-prysm-geth-205.tar.gz	/tmp/prysm-r2-extra-logs.Rd7MjT/round2-prysm-geth-205.tar.gz	execution.log;xatu-sentry.log;beacon.log;validator.log;snooper-engine.log	1	1
206	/tmp/prysm-r2-extra-logs.Rd7MjT/round2-prysm-geth-206.tar.gz	/tmp/prysm-r2-extra-logs.Rd7MjT/round2-prysm-geth-206.tar.gz	execution.log;xatu-sentry.log;beacon.log;validator.log;snooper-engine.log	1	1
207	/tmp/prysm-r2-extra-logs.Rd7MjT/round2-prysm-geth-207.tar.gz	/tmp/prysm-r2-extra-logs.Rd7MjT/round2-prysm-geth-207.tar.gz	execution.log;xatu-sentry.log;beacon.log;validator.log;snooper-engine.log	1	1
208	/tmp/prysm-r2-extra-logs.Rd7MjT/round2-prysm-geth-208.tar.gz	/tmp/prysm-r2-extra-logs.Rd7MjT/round2-prysm-geth-208.tar.gz	execution.log;xatu-sentry.log;beacon.log;validator.log;snooper-engine.log	1	1
209	/tmp/prysm-r2-extra-logs.Rd7MjT/round2-prysm-geth-209.tar.gz	/tmp/prysm-r2-extra-logs.Rd7MjT/round2-prysm-geth-209.tar.gz	execution.log;xatu-sentry.log;beacon.log;validator.log;snooper-engine.log	1	1
210	/tmp/prysm-r2-extra-logs.Rd7MjT/round2-prysm-geth-210.tar.gz	/tmp/prysm-r2-extra-logs.Rd7MjT/round2-prysm-geth-210.tar.gz	execution.log;xatu-sentry.log;beacon.log;validator.log;snooper-engine.log	1	1
211	/tmp/prysm-r2-extra-logs.Rd7MjT/round2-prysm-geth-211.tar.gz	/tmp/prysm-r2-extra-logs.Rd7MjT/round2-prysm-geth-211.tar.gz	execution.log;xatu-sentry.log;beacon.log;validator.log;snooper-engine.log	1	1
212	/tmp/prysm-r2-extra-logs.Rd7MjT/round2-prysm-geth-212.tar.gz	/tmp/prysm-r2-extra-logs.Rd7MjT/round2-prysm-geth-212.tar.gz	execution.log;xatu-sentry.log;beacon.log;validator.log;snooper-engine.log	1	1
213	/tmp/prysm-r2-extra-logs.Rd7MjT/round2-prysm-geth-213.tar.gz	/tmp/prysm-r2-extra-logs.Rd7MjT/round2-prysm-geth-213.tar.gz	execution.log;xatu-sentry.log;beacon.log;validator.log;snooper-engine.log	1	1
214	/tmp/prysm-r2-extra-logs.Rd7MjT/round2-prysm-geth-214.tar.gz	/tmp/prysm-r2-extra-logs.Rd7MjT/round2-prysm-geth-214.tar.gz	execution.log;xatu-sentry.log;beacon.log;validator.log;snooper-engine.log	1	1
215	/tmp/prysm-r2-extra-logs.Rd7MjT/round2-prysm-geth-215.tar.gz	/tmp/prysm-r2-extra-logs.Rd7MjT/round2-prysm-geth-215.tar.gz	execution.log;xatu-sentry.log;beacon.log;validator.log;snooper-engine.log	1	1
216	/tmp/prysm-r2-extra-logs.Rd7MjT/round2-prysm-geth-216.tar.gz	/tmp/prysm-r2-extra-logs.Rd7MjT/round2-prysm-geth-216.tar.gz	execution.log;xatu-sentry.log;beacon.log;validator.log;snooper-engine.log	1	1
217	/tmp/prysm-r2-extra-logs.Rd7MjT/round2-prysm-geth-217.tar.gz	/tmp/prysm-r2-extra-logs.Rd7MjT/round2-prysm-geth-217.tar.gz	execution.log;xatu-sentry.log;beacon.log;validator.log;snooper-engine.log	1	1
218	/tmp/prysm-r2-extra-logs.Rd7MjT/round2-prysm-geth-218.tar.gz	/tmp/prysm-r2-extra-logs.Rd7MjT/round2-prysm-geth-218.tar.gz	execution.log;xatu-sentry.log;beacon.log;validator.log;snooper-engine.log	1	1
219	/tmp/prysm-r2-extra-logs.Rd7MjT/round2-prysm-geth-219.tar.gz	/tmp/prysm-r2-extra-logs.Rd7MjT/round2-prysm-geth-219.tar.gz	execution.log;xatu-sentry.log;beacon.log;validator.log;snooper-engine.log	1	1
220	/tmp/prysm-r2-extra-logs.Rd7MjT/round2-prysm-geth-220.tar.gz	/tmp/prysm-r2-extra-logs.Rd7MjT/round2-prysm-geth-220.tar.gz	execution.log;xatu-sentry.log;beacon.log;validator.log;snooper-engine.log	1	1
221	/tmp/prysm-r2-extra-logs.Rd7MjT/round2-prysm-geth-221.tar.gz	/tmp/prysm-r2-extra-logs.Rd7MjT/round2-prysm-geth-221.tar.gz	execution.log;xatu-sentry.log;beacon.log;validator.log;snooper-engine.log	1	1
222	/tmp/prysm-r2-extra-logs.Rd7MjT/round2-prysm-geth-222.tar.gz	/tmp/prysm-r2-extra-logs.Rd7MjT/round2-prysm-geth-222.tar.gz	execution.log;xatu-sentry.log;beacon.log;validator.log;snooper-engine.log	1	1
223	/tmp/prysm-r2-extra-logs.Rd7MjT/round2-prysm-geth-223.tar.gz	/tmp/prysm-r2-extra-logs.Rd7MjT/round2-prysm-geth-223.tar.gz	execution.log;xatu-sentry.log;beacon.log;validator.log;snooper-engine.log	1	1
224	/tmp/prysm-r2-extra-logs.Rd7MjT/round2-prysm-geth-224.tar.gz	/tmp/prysm-r2-extra-logs.Rd7MjT/round2-prysm-geth-224.tar.gz	execution.log;xatu-sentry.log;beacon.log;validator.log;snooper-engine.log	1	1
225	/tmp/prysm-r2-extra-logs.Rd7MjT/round2-prysm-geth-225.tar.gz	/tmp/prysm-r2-extra-logs.Rd7MjT/round2-prysm-geth-225.tar.gz	execution.log;xatu-sentry.log;beacon.log;validator.log;snooper-engine.log	1	1
226	/tmp/prysm-r2-extra-logs.Rd7MjT/round2-prysm-geth-226.tar.gz	/tmp/prysm-r2-extra-logs.Rd7MjT/round2-prysm-geth-226.tar.gz	execution.log;xatu-sentry.log;beacon.log;validator.log;snooper-engine.log	1	1
227	/tmp/prysm-r2-extra-logs.Rd7MjT/round2-prysm-geth-227.tar.gz	/tmp/prysm-r2-extra-logs.Rd7MjT/round2-prysm-geth-227.tar.gz	execution.log;xatu-sentry.log;beacon.log;validator.log;snooper-engine.log	1	1
228	/tmp/prysm-r2-extra-logs.Rd7MjT/round2-prysm-geth-228.tar.gz	/tmp/prysm-r2-extra-logs.Rd7MjT/round2-prysm-geth-228.tar.gz	execution.log;xatu-sentry.log;beacon.log;validator.log;snooper-engine.log	1	1
229	/tmp/prysm-r2-extra-logs.Rd7MjT/round2-prysm-geth-229.tar.gz	/tmp/prysm-r2-extra-logs.Rd7MjT/round2-prysm-geth-229.tar.gz	execution.log;xatu-sentry.log;beacon.log;validator.log;snooper-engine.log	1	1
230	/tmp/prysm-r2-extra-logs.Rd7MjT/round2-prysm-geth-230.tar.gz	/tmp/prysm-r2-extra-logs.Rd7MjT/round2-prysm-geth-230.tar.gz	execution.log;xatu-sentry.log;beacon.log;validator.log;snooper-engine.log	1	1
231	/tmp/prysm-r2-extra-logs.Rd7MjT/round2-prysm-geth-231.tar.gz	/tmp/prysm-r2-extra-logs.Rd7MjT/round2-prysm-geth-231.tar.gz	execution.log;xatu-sentry.log;beacon.log;validator.log;snooper-engine.log	1	1
232	/tmp/prysm-r2-extra-logs.Rd7MjT/round2-prysm-geth-232.tar.gz	/tmp/prysm-r2-extra-logs.Rd7MjT/round2-prysm-geth-232.tar.gz	execution.log;xatu-sentry.log;beacon.log;validator.log;snooper-engine.log	1	1
233	/tmp/prysm-r2-extra-logs.Rd7MjT/round2-prysm-geth-233.tar.gz	/tmp/prysm-r2-extra-logs.Rd7MjT/round2-prysm-geth-233.tar.gz	execution.log;xatu-sentry.log;beacon.log;validator.log;snooper-engine.log	1	1
234	/tmp/prysm-r2-extra-logs.Rd7MjT/round2-prysm-geth-234.tar.gz	/tmp/prysm-r2-extra-logs.Rd7MjT/round2-prysm-geth-234.tar.gz	execution.log;xatu-sentry.log;beacon.log;validator.log;snooper-engine.log	1	1
235	/tmp/prysm-r2-extra-logs.Rd7MjT/round2-prysm-geth-235.tar.gz	/tmp/prysm-r2-extra-logs.Rd7MjT/round2-prysm-geth-235.tar.gz	execution.log;xatu-sentry.log;beacon.log;validator.log;snooper-engine.log	1	1
236	/tmp/prysm-r2-extra-logs.Rd7MjT/round2-prysm-geth-236.tar.gz	/tmp/prysm-r2-extra-logs.Rd7MjT/round2-prysm-geth-236.tar.gz	execution.log;xatu-sentry.log;beacon.log;validator.log;snooper-engine.log	1	1
237	/tmp/prysm-r2-extra-logs.Rd7MjT/round2-prysm-geth-237.tar.gz	/tmp/prysm-r2-extra-logs.Rd7MjT/round2-prysm-geth-237.tar.gz	execution.log;xatu-sentry.log;beacon.log;validator.log;snooper-engine.log	1	1
238	/tmp/prysm-r2-extra-logs.Rd7MjT/round2-prysm-geth-238.tar.gz	/tmp/prysm-r2-extra-logs.Rd7MjT/round2-prysm-geth-238.tar.gz	execution.log;xatu-sentry.log;beacon.log;validator.log;snooper-engine.log	1	1
239	/tmp/prysm-r2-extra-logs.Rd7MjT/round2-prysm-geth-239.tar.gz	/tmp/prysm-r2-extra-logs.Rd7MjT/round2-prysm-geth-239.tar.gz	execution.log;xatu-sentry.log;beacon.log;validator.log;snooper-engine.log	1	1
240	/tmp/prysm-r2-extra-logs.Rd7MjT/round2-prysm-geth-240.tar.gz	/tmp/prysm-r2-extra-logs.Rd7MjT/round2-prysm-geth-240.tar.gz	execution.log;xatu-sentry.log;beacon.log;validator.log;snooper-engine.log	1	1
241	/tmp/prysm-r2-extra-logs.Rd7MjT/round2-prysm-geth-241.tar.gz	/tmp/prysm-r2-extra-logs.Rd7MjT/round2-prysm-geth-241.tar.gz	execution.log;xatu-sentry.log;beacon.log;validator.log;snooper-engine.log	1	1
242	/tmp/prysm-r2-extra-logs.Rd7MjT/round2-prysm-geth-242.tar.gz	/tmp/prysm-r2-extra-logs.Rd7MjT/round2-prysm-geth-242.tar.gz	execution.log;xatu-sentry.log;beacon.log;validator.log;snooper-engine.log	1	1
243	/tmp/prysm-r2-extra-logs.Rd7MjT/round2-prysm-geth-243.tar.gz	/tmp/prysm-r2-extra-logs.Rd7MjT/round2-prysm-geth-243.tar.gz	execution.log;xatu-sentry.log;beacon.log;validator.log;snooper-engine.log	1	1
244	/tmp/prysm-r2-extra-logs.Rd7MjT/round2-prysm-geth-244.tar.gz	/tmp/prysm-r2-extra-logs.Rd7MjT/round2-prysm-geth-244.tar.gz	execution.log;xatu-sentry.log;beacon.log;validator.log;snooper-engine.log	1	1
245	/tmp/prysm-r2-extra-logs.Rd7MjT/round2-prysm-geth-245.tar.gz	/tmp/prysm-r2-extra-logs.Rd7MjT/round2-prysm-geth-245.tar.gz	execution.log;xatu-sentry.log;beacon.log;validator.log;snooper-engine.log	1	1
246	/tmp/prysm-r2-extra-logs.Rd7MjT/round2-prysm-geth-246.tar.gz	/tmp/prysm-r2-extra-logs.Rd7MjT/round2-prysm-geth-246.tar.gz	execution.log;xatu-sentry.log;beacon.log;validator.log;snooper-engine.log	1	1
247	/tmp/prysm-r2-extra-logs.Rd7MjT/round2-prysm-geth-247.tar.gz	/tmp/prysm-r2-extra-logs.Rd7MjT/round2-prysm-geth-247.tar.gz	execution.log;xatu-sentry.log;beacon.log;validator.log;snooper-engine.log	1	1
248	/tmp/prysm-r2-extra-logs.Rd7MjT/round2-prysm-geth-248.tar.gz	/tmp/prysm-r2-extra-logs.Rd7MjT/round2-prysm-geth-248.tar.gz	execution.log;xatu-sentry.log;beacon.log;validator.log;snooper-engine.log	1	1
249	/tmp/prysm-r2-extra-logs.Rd7MjT/round2-prysm-geth-249.tar.gz	/tmp/prysm-r2-extra-logs.Rd7MjT/round2-prysm-geth-249.tar.gz	execution.log;xatu-sentry.log;beacon.log;validator.log;snooper-engine.log	1	1
250	/tmp/prysm-r2-extra-logs.Rd7MjT/round2-prysm-geth-250.tar.gz	/tmp/prysm-r2-extra-logs.Rd7MjT/round2-prysm-geth-250.tar.gz	execution.log;xatu-sentry.log;beacon.log;validator.log;snooper-engine.log	1	1
251	/tmp/prysm-r2-extra-logs.Rd7MjT/round2-prysm-geth-251.tar.gz	/tmp/prysm-r2-extra-logs.Rd7MjT/round2-prysm-geth-251.tar.gz	execution.log;xatu-sentry.log;beacon.log;validator.log;snooper-engine.log	1	1
252	/tmp/prysm-r2-extra-logs.Rd7MjT/round2-prysm-geth-252.tar.gz	/tmp/prysm-r2-extra-logs.Rd7MjT/round2-prysm-geth-252.tar.gz	execution.log;xatu-sentry.log;beacon.log;validator.log;snooper-engine.log	1	1
253	/tmp/prysm-r2-extra-logs.Rd7MjT/round2-prysm-geth-253.tar.gz	/tmp/prysm-r2-extra-logs.Rd7MjT/round2-prysm-geth-253.tar.gz	execution.log;xatu-sentry.log;beacon.log;validator.log;snooper-engine.log	1	1
254	/tmp/prysm-r2-extra-logs.Rd7MjT/round2-prysm-geth-254.tar.gz	/tmp/prysm-r2-extra-logs.Rd7MjT/round2-prysm-geth-254.tar.gz	execution.log;xatu-sentry.log;beacon.log;validator.log;snooper-engine.log	1	1
255	/tmp/prysm-r2-extra-logs.Rd7MjT/round2-prysm-geth-255.tar.gz	/tmp/prysm-r2-extra-logs.Rd7MjT/round2-prysm-geth-255.tar.gz	execution.log;xatu-sentry.log;beacon.log;validator.log;snooper-engine.log	1	1
256	/tmp/prysm-r2-extra-logs.Rd7MjT/round2-prysm-geth-256.tar.gz	/tmp/prysm-r2-extra-logs.Rd7MjT/round2-prysm-geth-256.tar.gz	execution.log;xatu-sentry.log;beacon.log;validator.log;snooper-engine.log	1	1
257	/tmp/prysm-r2-extra-logs.Rd7MjT/round2-prysm-geth-257.tar.gz	/tmp/prysm-r2-extra-logs.Rd7MjT/round2-prysm-geth-257.tar.gz	execution.log;xatu-sentry.log;beacon.log;validator.log;snooper-engine.log	1	1
258	/tmp/prysm-r2-extra-logs.Rd7MjT/round2-prysm-geth-258.tar.gz	/tmp/prysm-r2-extra-logs.Rd7MjT/round2-prysm-geth-258.tar.gz	execution.log;xatu-sentry.log;beacon.log;validator.log;snooper-engine.log	1	1
259	/tmp/prysm-r2-extra-logs.Rd7MjT/round2-prysm-geth-259.tar.gz	/tmp/prysm-r2-extra-logs.Rd7MjT/round2-prysm-geth-259.tar.gz	execution.log;xatu-sentry.log;beacon.log;validator.log;snooper-engine.log	1	1
260	/tmp/prysm-r2-extra-logs.Rd7MjT/round2-prysm-geth-260.tar.gz	/tmp/prysm-r2-extra-logs.Rd7MjT/round2-prysm-geth-260.tar.gz	execution.log;xatu-sentry.log;beacon.log;validator.log;snooper-engine.log	1	1
261	/tmp/prysm-r2-extra-logs.Rd7MjT/round2-prysm-geth-261.tar.gz	/tmp/prysm-r2-extra-logs.Rd7MjT/round2-prysm-geth-261.tar.gz	execution.log;xatu-sentry.log;beacon.log;validator.log;snooper-engine.log	1	1
262	/tmp/prysm-r2-extra-logs.Rd7MjT/round2-prysm-geth-262.tar.gz	/tmp/prysm-r2-extra-logs.Rd7MjT/round2-prysm-geth-262.tar.gz	execution.log;xatu-sentry.log;beacon.log;validator.log;snooper-engine.log	1	1
263	/tmp/prysm-r2-extra-logs.Rd7MjT/round2-prysm-geth-263.tar.gz	/tmp/prysm-r2-extra-logs.Rd7MjT/round2-prysm-geth-263.tar.gz	execution.log;xatu-sentry.log;beacon.log;validator.log;snooper-engine.log	1	1
264	/tmp/prysm-r2-extra-logs.Rd7MjT/round2-prysm-geth-264.tar.gz	/tmp/prysm-r2-extra-logs.Rd7MjT/round2-prysm-geth-264.tar.gz	execution.log;xatu-sentry.log;beacon.log;validator.log;snooper-engine.log	1	1
265	/tmp/prysm-r2-extra-logs.Rd7MjT/round2-prysm-geth-265.tar.gz	/tmp/prysm-r2-extra-logs.Rd7MjT/round2-prysm-geth-265.tar.gz	execution.log;xatu-sentry.log;beacon.log;validator.log;snooper-engine.log	1	1
266	/tmp/prysm-r2-extra-logs.Rd7MjT/round2-prysm-geth-266.tar.gz	/tmp/prysm-r2-extra-logs.Rd7MjT/round2-prysm-geth-266.tar.gz	execution.log;xatu-sentry.log;beacon.log;validator.log;snooper-engine.log	1	1
267	/tmp/prysm-r2-extra-logs.Rd7MjT/round2-prysm-geth-267.tar.gz	/tmp/prysm-r2-extra-logs.Rd7MjT/round2-prysm-geth-267.tar.gz	execution.log;xatu-sentry.log;beacon.log;validator.log;snooper-engine.log	1	1
268	/tmp/prysm-r2-extra-logs.Rd7MjT/round2-prysm-geth-268.tar.gz	/tmp/prysm-r2-extra-logs.Rd7MjT/round2-prysm-geth-268.tar.gz	execution.log;xatu-sentry.log;beacon.log;validator.log;snooper-engine.log	1	1
269	/tmp/prysm-r2-extra-logs.Rd7MjT/round2-prysm-geth-269.tar.gz	/tmp/prysm-r2-extra-logs.Rd7MjT/round2-prysm-geth-269.tar.gz	execution.log;xatu-sentry.log;beacon.log;validator.log;snooper-engine.log	1	1
270	/tmp/prysm-r2-extra-logs.Rd7MjT/round2-prysm-geth-270.tar.gz	/tmp/prysm-r2-extra-logs.Rd7MjT/round2-prysm-geth-270.tar.gz	execution.log;xatu-sentry.log;beacon.log;validator.log;snooper-engine.log	1	1
271	/tmp/prysm-r2-extra-logs.Rd7MjT/round2-prysm-geth-271.tar.gz	/tmp/prysm-r2-extra-logs.Rd7MjT/round2-prysm-geth-271.tar.gz	execution.log;xatu-sentry.log;beacon.log;validator.log;snooper-engine.log	1	1
272	/tmp/prysm-r2-extra-logs.Rd7MjT/round2-prysm-geth-272.tar.gz	/tmp/prysm-r2-extra-logs.Rd7MjT/round2-prysm-geth-272.tar.gz	execution.log;xatu-sentry.log;beacon.log;validator.log;snooper-engine.log	1	1
273	/tmp/prysm-r2-extra-logs.Rd7MjT/round2-prysm-geth-273.tar.gz	/tmp/prysm-r2-extra-logs.Rd7MjT/round2-prysm-geth-273.tar.gz	execution.log;xatu-sentry.log;beacon.log;validator.log;snooper-engine.log	1	1
274	/tmp/prysm-r2-extra-logs.Rd7MjT/round2-prysm-geth-274.tar.gz	/tmp/prysm-r2-extra-logs.Rd7MjT/round2-prysm-geth-274.tar.gz	execution.log;xatu-sentry.log;beacon.log;validator.log;snooper-engine.log	1	1
275	/tmp/prysm-r2-extra-logs.Rd7MjT/round2-prysm-geth-275.tar.gz	/tmp/prysm-r2-extra-logs.Rd7MjT/round2-prysm-geth-275.tar.gz	execution.log;xatu-sentry.log;beacon.log;validator.log;snooper-engine.log	1	1
276	/tmp/prysm-r2-extra-logs.Rd7MjT/round2-prysm-geth-276.tar.gz	/tmp/prysm-r2-extra-logs.Rd7MjT/round2-prysm-geth-276.tar.gz	execution.log;xatu-sentry.log;beacon.log;validator.log;snooper-engine.log	1	1
277	/tmp/prysm-r2-extra-logs.Rd7MjT/round2-prysm-geth-277.tar.gz	/tmp/prysm-r2-extra-logs.Rd7MjT/round2-prysm-geth-277.tar.gz	execution.log;xatu-sentry.log;beacon.log;validator.log;snooper-engine.log	1	1
278	/tmp/prysm-r2-extra-logs.Rd7MjT/round2-prysm-geth-278.tar.gz	/tmp/prysm-r2-extra-logs.Rd7MjT/round2-prysm-geth-278.tar.gz	execution.log;xatu-sentry.log;beacon.log;validator.log;snooper-engine.log	1	1
279	/tmp/prysm-r2-extra-logs.Rd7MjT/round2-prysm-geth-279.tar.gz	/tmp/prysm-r2-extra-logs.Rd7MjT/round2-prysm-geth-279.tar.gz	execution.log;xatu-sentry.log;beacon.log;validator.log;snooper-engine.log	1	1
280	/tmp/prysm-r2-extra-logs.Rd7MjT/round2-prysm-geth-280.tar.gz	/tmp/prysm-r2-extra-logs.Rd7MjT/round2-prysm-geth-280.tar.gz	execution.log;xatu-sentry.log;beacon.log;validator.log;snooper-engine.log	1	1
281	/tmp/prysm-r2-extra-logs.Rd7MjT/round2-prysm-geth-281.tar.gz	/tmp/prysm-r2-extra-logs.Rd7MjT/round2-prysm-geth-281.tar.gz	execution.log;xatu-sentry.log;beacon.log;validator.log;snooper-engine.log	1	1
282	/tmp/prysm-r2-extra-logs.Rd7MjT/round2-prysm-geth-282.tar.gz	/tmp/prysm-r2-extra-logs.Rd7MjT/round2-prysm-geth-282.tar.gz	execution.log;xatu-sentry.log;beacon.log;validator.log;snooper-engine.log	1	1
283	/tmp/prysm-r2-extra-logs.Rd7MjT/round2-prysm-geth-283.tar.gz	/tmp/prysm-r2-extra-logs.Rd7MjT/round2-prysm-geth-283.tar.gz	execution.log;xatu-sentry.log;beacon.log;validator.log;snooper-engine.log	1	1
284	/tmp/prysm-r2-extra-logs.Rd7MjT/round2-prysm-geth-284.tar.gz	/tmp/prysm-r2-extra-logs.Rd7MjT/round2-prysm-geth-284.tar.gz	execution.log;xatu-sentry.log;beacon.log;validator.log;snooper-engine.log	1	1
285	/tmp/prysm-r2-extra-logs.Rd7MjT/round2-prysm-geth-285.tar.gz	/tmp/prysm-r2-extra-logs.Rd7MjT/round2-prysm-geth-285.tar.gz	execution.log;xatu-sentry.log;beacon.log;validator.log;snooper-engine.log	1	1
286	/tmp/prysm-r2-extra-logs.Rd7MjT/round2-prysm-geth-286.tar.gz	/tmp/prysm-r2-extra-logs.Rd7MjT/round2-prysm-geth-286.tar.gz	execution.log;xatu-sentry.log;beacon.log;validator.log;snooper-engine.log	1	1
287	/tmp/prysm-r2-extra-logs.Rd7MjT/round2-prysm-geth-287.tar.gz	/tmp/prysm-r2-extra-logs.Rd7MjT/round2-prysm-geth-287.tar.gz	execution.log;xatu-sentry.log;beacon.log;validator.log;snooper-engine.log	1	1
288	/tmp/prysm-r2-extra-logs.Rd7MjT/round2-prysm-geth-288.tar.gz	/tmp/prysm-r2-extra-logs.Rd7MjT/round2-prysm-geth-288.tar.gz	execution.log;xatu-sentry.log;beacon.log;validator.log;snooper-engine.log	1	1
289	/tmp/prysm-r2-extra-logs.Rd7MjT/round2-prysm-geth-289.tar.gz	/tmp/prysm-r2-extra-logs.Rd7MjT/round2-prysm-geth-289.tar.gz	execution.log;xatu-sentry.log;beacon.log;validator.log;snooper-engine.log	1	1
290	/tmp/prysm-r2-extra-logs.Rd7MjT/round2-prysm-geth-290.tar.gz	/tmp/prysm-r2-extra-logs.Rd7MjT/round2-prysm-geth-290.tar.gz	execution.log;xatu-sentry.log;beacon.log;validator.log;snooper-engine.log	1	1
291	/tmp/prysm-r2-extra-logs.Rd7MjT/round2-prysm-geth-291.tar.gz	/tmp/prysm-r2-extra-logs.Rd7MjT/round2-prysm-geth-291.tar.gz	execution.log;xatu-sentry.log;beacon.log;validator.log;snooper-engine.log	1	1
292	/tmp/prysm-r2-extra-logs.Rd7MjT/round2-prysm-geth-292.tar.gz	/tmp/prysm-r2-extra-logs.Rd7MjT/round2-prysm-geth-292.tar.gz	execution.log;xatu-sentry.log;beacon.log;validator.log;snooper-engine.log	1	1
293	/tmp/prysm-r2-extra-logs.Rd7MjT/round2-prysm-geth-293.tar.gz	/tmp/prysm-r2-extra-logs.Rd7MjT/round2-prysm-geth-293.tar.gz	execution.log;xatu-sentry.log;beacon.log;validator.log;snooper-engine.log	1	1
294	/tmp/prysm-r2-extra-logs.Rd7MjT/round2-prysm-geth-294.tar.gz	/tmp/prysm-r2-extra-logs.Rd7MjT/round2-prysm-geth-294.tar.gz	execution.log;xatu-sentry.log;beacon.log;validator.log;snooper-engine.log	1	1
295	/tmp/prysm-r2-extra-logs.Rd7MjT/round2-prysm-geth-295.tar.gz	/tmp/prysm-r2-extra-logs.Rd7MjT/round2-prysm-geth-295.tar.gz	execution.log;xatu-sentry.log;beacon.log;validator.log;snooper-engine.log	1	1
296	/tmp/prysm-r2-extra-logs.Rd7MjT/round2-prysm-geth-296.tar.gz	/tmp/prysm-r2-extra-logs.Rd7MjT/round2-prysm-geth-296.tar.gz	execution.log;xatu-sentry.log;beacon.log;validator.log;snooper-engine.log	1	1
297	/tmp/prysm-r2-extra-logs.Rd7MjT/round2-prysm-geth-297.tar.gz	/tmp/prysm-r2-extra-logs.Rd7MjT/round2-prysm-geth-297.tar.gz	execution.log;xatu-sentry.log;beacon.log;validator.log;snooper-engine.log	1	1
298	/tmp/prysm-r2-extra-logs.Rd7MjT/round2-prysm-geth-298.tar.gz	/tmp/prysm-r2-extra-logs.Rd7MjT/round2-prysm-geth-298.tar.gz	execution.log;xatu-sentry.log;beacon.log;validator.log;snooper-engine.log	1	1
299	/tmp/prysm-r2-extra-logs.Rd7MjT/round2-prysm-geth-299.tar.gz	/tmp/prysm-r2-extra-logs.Rd7MjT/round2-prysm-geth-299.tar.gz	execution.log;xatu-sentry.log;beacon.log;validator.log;snooper-engine.log	1	1
300	/tmp/prysm-r2-extra-logs.Rd7MjT/round2-prysm-geth-300.tar.gz	/tmp/prysm-r2-extra-logs.Rd7MjT/round2-prysm-geth-300.tar.gz;/home/sukun/dev/prysm2/runs/round2/round2-prysm-geth-300.tar.gz	execution.log;xatu-sentry.log;beacon.log;validator.log;snooper-engine.log	1	1
301	/tmp/prysm-r2-extra-logs.Rd7MjT/round2-prysm-geth-301.tar.gz	/tmp/prysm-r2-extra-logs.Rd7MjT/round2-prysm-geth-301.tar.gz	execution.log;xatu-sentry.log;beacon.log;validator.log;snooper-engine.log	1	1
302	/tmp/prysm-r2-extra-logs.Rd7MjT/round2-prysm-geth-302.tar.gz	/tmp/prysm-r2-extra-logs.Rd7MjT/round2-prysm-geth-302.tar.gz	execution.log;xatu-sentry.log;beacon.log;validator.log;snooper-engine.log	1	1
303	/tmp/prysm-r2-extra-logs.Rd7MjT/round2-prysm-geth-303.tar.gz	/tmp/prysm-r2-extra-logs.Rd7MjT/round2-prysm-geth-303.tar.gz	execution.log;xatu-sentry.log;beacon.log;validator.log;snooper-engine.log	1	1
304	/tmp/prysm-r2-extra-logs.Rd7MjT/round2-prysm-geth-304.tar.gz	/tmp/prysm-r2-extra-logs.Rd7MjT/round2-prysm-geth-304.tar.gz	execution.log;xatu-sentry.log;beacon.log;validator.log;snooper-engine.log	1	1
305	/tmp/prysm-r2-extra-logs.Rd7MjT/round2-prysm-geth-305.tar.gz	/tmp/prysm-r2-extra-logs.Rd7MjT/round2-prysm-geth-305.tar.gz	execution.log;xatu-sentry.log;beacon.log;validator.log;snooper-engine.log	1	1
306	/tmp/prysm-r2-extra-logs.Rd7MjT/round2-prysm-geth-306.tar.gz	/tmp/prysm-r2-extra-logs.Rd7MjT/round2-prysm-geth-306.tar.gz	execution.log;xatu-sentry.log;beacon.log;validator.log;snooper-engine.log	1	1
307	/tmp/prysm-r2-extra-logs.Rd7MjT/round2-prysm-geth-307.tar.gz	/tmp/prysm-r2-extra-logs.Rd7MjT/round2-prysm-geth-307.tar.gz	execution.log;xatu-sentry.log;beacon.log;validator.log;snooper-engine.log	1	1
308	/tmp/prysm-r2-extra-logs.Rd7MjT/round2-prysm-geth-308.tar.gz	/tmp/prysm-r2-extra-logs.Rd7MjT/round2-prysm-geth-308.tar.gz	execution.log;xatu-sentry.log;beacon.log;validator.log;snooper-engine.log	1	1
309	/tmp/prysm-r2-extra-logs.Rd7MjT/round2-prysm-geth-309.tar.gz	/tmp/prysm-r2-extra-logs.Rd7MjT/round2-prysm-geth-309.tar.gz	execution.log;xatu-sentry.log;beacon.log;validator.log;snooper-engine.log	1	1
310	/tmp/prysm-r2-extra-logs.Rd7MjT/round2-prysm-geth-310.tar.gz	/tmp/prysm-r2-extra-logs.Rd7MjT/round2-prysm-geth-310.tar.gz	execution.log;xatu-sentry.log;beacon.log;validator.log;snooper-engine.log	1	1
311	/tmp/prysm-r2-extra-logs.Rd7MjT/round2-prysm-geth-311.tar.gz	/tmp/prysm-r2-extra-logs.Rd7MjT/round2-prysm-geth-311.tar.gz	execution.log;xatu-sentry.log;beacon.log;validator.log;snooper-engine.log	1	1
312	/tmp/prysm-r2-extra-logs.Rd7MjT/round2-prysm-geth-312.tar.gz	/tmp/prysm-r2-extra-logs.Rd7MjT/round2-prysm-geth-312.tar.gz	execution.log;xatu-sentry.log;beacon.log;validator.log;snooper-engine.log	1	1
313	/tmp/prysm-r2-extra-logs.Rd7MjT/round2-prysm-geth-313.tar.gz	/tmp/prysm-r2-extra-logs.Rd7MjT/round2-prysm-geth-313.tar.gz	execution.log;xatu-sentry.log;beacon.log;validator.log;snooper-engine.log	1	1
314	/tmp/prysm-r2-extra-logs.Rd7MjT/round2-prysm-geth-314.tar.gz	/tmp/prysm-r2-extra-logs.Rd7MjT/round2-prysm-geth-314.tar.gz	execution.log;xatu-sentry.log;beacon.log;validator.log;snooper-engine.log	1	1
315	/tmp/prysm-r2-extra-logs.Rd7MjT/round2-prysm-geth-315.tar.gz	/tmp/prysm-r2-extra-logs.Rd7MjT/round2-prysm-geth-315.tar.gz	execution.log;xatu-sentry.log;beacon.log;validator.log;snooper-engine.log	1	1
316	/tmp/prysm-r2-extra-logs.Rd7MjT/round2-prysm-geth-316.tar.gz	/tmp/prysm-r2-extra-logs.Rd7MjT/round2-prysm-geth-316.tar.gz	execution.log;xatu-sentry.log;beacon.log;validator.log;snooper-engine.log	1	1
317	/tmp/prysm-r2-extra-logs.Rd7MjT/round2-prysm-geth-317.tar.gz	/tmp/prysm-r2-extra-logs.Rd7MjT/round2-prysm-geth-317.tar.gz	execution.log;xatu-sentry.log;beacon.log;validator.log;snooper-engine.log	1	1
318	/tmp/prysm-r2-extra-logs.Rd7MjT/round2-prysm-geth-318.tar.gz	/tmp/prysm-r2-extra-logs.Rd7MjT/round2-prysm-geth-318.tar.gz	execution.log;xatu-sentry.log;beacon.log;validator.log;snooper-engine.log	1	1
319	/tmp/prysm-r2-extra-logs.Rd7MjT/round2-prysm-geth-319.tar.gz	/tmp/prysm-r2-extra-logs.Rd7MjT/round2-prysm-geth-319.tar.gz	execution.log;xatu-sentry.log;beacon.log;validator.log;snooper-engine.log	1	1
320	/tmp/prysm-r2-extra-logs.Rd7MjT/round2-prysm-geth-320.tar.gz	/tmp/prysm-r2-extra-logs.Rd7MjT/round2-prysm-geth-320.tar.gz	execution.log;xatu-sentry.log;beacon.log;validator.log;snooper-engine.log	1	1
321	/tmp/prysm-r2-extra-logs.Rd7MjT/round2-prysm-geth-321.tar.gz	/tmp/prysm-r2-extra-logs.Rd7MjT/round2-prysm-geth-321.tar.gz	execution.log;xatu-sentry.log;beacon.log;validator.log;snooper-engine.log	1	1
322	/tmp/prysm-r2-extra-logs.Rd7MjT/round2-prysm-geth-322.tar.gz	/tmp/prysm-r2-extra-logs.Rd7MjT/round2-prysm-geth-322.tar.gz	execution.log;xatu-sentry.log;beacon.log;validator.log;snooper-engine.log	1	1
323	/tmp/prysm-r2-extra-logs.Rd7MjT/round2-prysm-geth-323.tar.gz	/tmp/prysm-r2-extra-logs.Rd7MjT/round2-prysm-geth-323.tar.gz	execution.log;xatu-sentry.log;beacon.log;validator.log;snooper-engine.log	1	1
324	/tmp/prysm-r2-extra-logs.Rd7MjT/round2-prysm-geth-324.tar.gz	/tmp/prysm-r2-extra-logs.Rd7MjT/round2-prysm-geth-324.tar.gz	execution.log;xatu-sentry.log;beacon.log;validator.log;snooper-engine.log	1	1
325	/tmp/prysm-r2-extra-logs.Rd7MjT/round2-prysm-geth-325.tar.gz	/tmp/prysm-r2-extra-logs.Rd7MjT/round2-prysm-geth-325.tar.gz	execution.log;xatu-sentry.log;beacon.log;validator.log;snooper-engine.log	1	1
326	/tmp/prysm-r2-extra-logs.Rd7MjT/round2-prysm-geth-326.tar.gz	/tmp/prysm-r2-extra-logs.Rd7MjT/round2-prysm-geth-326.tar.gz	execution.log;xatu-sentry.log;beacon.log;validator.log;snooper-engine.log	1	1
327	/tmp/prysm-r2-extra-logs.Rd7MjT/round2-prysm-geth-327.tar.gz	/tmp/prysm-r2-extra-logs.Rd7MjT/round2-prysm-geth-327.tar.gz	execution.log;xatu-sentry.log;beacon.log;validator.log;snooper-engine.log	1	1
328	/tmp/prysm-r2-extra-logs.Rd7MjT/round2-prysm-geth-328.tar.gz	/tmp/prysm-r2-extra-logs.Rd7MjT/round2-prysm-geth-328.tar.gz	execution.log;xatu-sentry.log;beacon.log;validator.log;snooper-engine.log	1	1
329	/tmp/prysm-r2-extra-logs.Rd7MjT/round2-prysm-geth-329.tar.gz	/tmp/prysm-r2-extra-logs.Rd7MjT/round2-prysm-geth-329.tar.gz	execution.log;xatu-sentry.log;beacon.log;validator.log;snooper-engine.log	1	1
330	/tmp/prysm-r2-extra-logs.Rd7MjT/round2-prysm-geth-330.tar.gz	/tmp/prysm-r2-extra-logs.Rd7MjT/round2-prysm-geth-330.tar.gz	execution.log;xatu-sentry.log;beacon.log;validator.log;snooper-engine.log	1	1
331	/tmp/prysm-r2-extra-logs.Rd7MjT/round2-prysm-geth-331.tar.gz	/tmp/prysm-r2-extra-logs.Rd7MjT/round2-prysm-geth-331.tar.gz	execution.log;xatu-sentry.log;beacon.log;validator.log;snooper-engine.log	1	1
332	/tmp/prysm-r2-extra-logs.Rd7MjT/round2-prysm-geth-332.tar.gz	/tmp/prysm-r2-extra-logs.Rd7MjT/round2-prysm-geth-332.tar.gz	execution.log;xatu-sentry.log;beacon.log;validator.log;snooper-engine.log	1	1
333	/tmp/prysm-r2-extra-logs.Rd7MjT/round2-prysm-geth-333.tar.gz	/tmp/prysm-r2-extra-logs.Rd7MjT/round2-prysm-geth-333.tar.gz	execution.log;xatu-sentry.log;beacon.log;validator.log;snooper-engine.log	1	1
334	/tmp/prysm-r2-extra-logs.Rd7MjT/round2-prysm-geth-334.tar.gz	/tmp/prysm-r2-extra-logs.Rd7MjT/round2-prysm-geth-334.tar.gz	execution.log;xatu-sentry.log;beacon.log;validator.log;snooper-engine.log	1	1
335	/tmp/prysm-r2-extra-logs.Rd7MjT/round2-prysm-geth-335.tar.gz	/tmp/prysm-r2-extra-logs.Rd7MjT/round2-prysm-geth-335.tar.gz	execution.log;xatu-sentry.log;beacon.log;validator.log;snooper-engine.log	1	1
336	/tmp/prysm-r2-extra-logs.Rd7MjT/round2-prysm-geth-336.tar.gz	/tmp/prysm-r2-extra-logs.Rd7MjT/round2-prysm-geth-336.tar.gz	execution.log;xatu-sentry.log;beacon.log;validator.log;snooper-engine.log	1	1
337	/tmp/prysm-r2-extra-logs.Rd7MjT/round2-prysm-geth-337.tar.gz	/tmp/prysm-r2-extra-logs.Rd7MjT/round2-prysm-geth-337.tar.gz	execution.log;xatu-sentry.log;beacon.log;validator.log;snooper-engine.log	1	1
338	/tmp/prysm-r2-extra-logs.Rd7MjT/round2-prysm-geth-338.tar.gz	/tmp/prysm-r2-extra-logs.Rd7MjT/round2-prysm-geth-338.tar.gz	execution.log;xatu-sentry.log;beacon.log;validator.log;snooper-engine.log	1	1
339	/tmp/prysm-r2-extra-logs.Rd7MjT/round2-prysm-geth-339.tar.gz	/tmp/prysm-r2-extra-logs.Rd7MjT/round2-prysm-geth-339.tar.gz	execution.log;xatu-sentry.log;beacon.log;validator.log;snooper-engine.log	1	1
340	/tmp/prysm-r2-extra-logs.Rd7MjT/round2-prysm-geth-340.tar.gz	/tmp/prysm-r2-extra-logs.Rd7MjT/round2-prysm-geth-340.tar.gz	execution.log;xatu-sentry.log;beacon.log;validator.log;snooper-engine.log	1	1
341	/tmp/prysm-r2-extra-logs.Rd7MjT/round2-prysm-geth-341.tar.gz	/tmp/prysm-r2-extra-logs.Rd7MjT/round2-prysm-geth-341.tar.gz	execution.log;xatu-sentry.log;beacon.log;validator.log;snooper-engine.log	1	1
342	/tmp/prysm-r2-extra-logs.Rd7MjT/round2-prysm-geth-342.tar.gz	/tmp/prysm-r2-extra-logs.Rd7MjT/round2-prysm-geth-342.tar.gz	execution.log;xatu-sentry.log;beacon.log;validator.log;snooper-engine.log	1	1
343	/tmp/prysm-r2-extra-logs.Rd7MjT/round2-prysm-geth-343.tar.gz	/tmp/prysm-r2-extra-logs.Rd7MjT/round2-prysm-geth-343.tar.gz	execution.log;xatu-sentry.log;beacon.log;validator.log;snooper-engine.log	1	1
344	/tmp/prysm-r2-extra-logs.Rd7MjT/round2-prysm-geth-344.tar.gz	/tmp/prysm-r2-extra-logs.Rd7MjT/round2-prysm-geth-344.tar.gz	execution.log;xatu-sentry.log;beacon.log;validator.log;snooper-engine.log	1	1
345	/tmp/prysm-r2-extra-logs.Rd7MjT/round2-prysm-geth-345.tar.gz	/tmp/prysm-r2-extra-logs.Rd7MjT/round2-prysm-geth-345.tar.gz	execution.log;xatu-sentry.log;beacon.log;validator.log;snooper-engine.log	1	1
346	/tmp/prysm-r2-extra-logs.Rd7MjT/round2-prysm-geth-346.tar.gz	/tmp/prysm-r2-extra-logs.Rd7MjT/round2-prysm-geth-346.tar.gz	execution.log;xatu-sentry.log;beacon.log;validator.log;snooper-engine.log	1	1
347	/tmp/prysm-r2-extra-logs.Rd7MjT/round2-prysm-geth-347.tar.gz	/tmp/prysm-r2-extra-logs.Rd7MjT/round2-prysm-geth-347.tar.gz	execution.log;xatu-sentry.log;beacon.log;validator.log;snooper-engine.log	1	1
348	/tmp/prysm-r2-extra-logs.Rd7MjT/round2-prysm-geth-348.tar.gz	/tmp/prysm-r2-extra-logs.Rd7MjT/round2-prysm-geth-348.tar.gz	execution.log;xatu-sentry.log;beacon.log;validator.log;snooper-engine.log	1	1
349	/tmp/prysm-r2-extra-logs.Rd7MjT/round2-prysm-geth-349.tar.gz	/tmp/prysm-r2-extra-logs.Rd7MjT/round2-prysm-geth-349.tar.gz	execution.log;xatu-sentry.log;beacon.log;validator.log;snooper-engine.log	1	1
350	/tmp/prysm-r2-extra-logs.Rd7MjT/round2-prysm-geth-350.tar.gz	/tmp/prysm-r2-extra-logs.Rd7MjT/round2-prysm-geth-350.tar.gz	execution.log;xatu-sentry.log;beacon.log;validator.log;snooper-engine.log	1	1
351	/tmp/prysm-r2-extra-logs.Rd7MjT/round2-prysm-geth-351.tar.gz	/tmp/prysm-r2-extra-logs.Rd7MjT/round2-prysm-geth-351.tar.gz	execution.log;xatu-sentry.log;beacon.log;validator.log;snooper-engine.log	1	1
352	/tmp/prysm-r2-extra-logs.Rd7MjT/round2-prysm-geth-352.tar.gz	/tmp/prysm-r2-extra-logs.Rd7MjT/round2-prysm-geth-352.tar.gz	execution.log;xatu-sentry.log;beacon.log;validator.log;snooper-engine.log	1	1
353	/tmp/prysm-r2-extra-logs.Rd7MjT/round2-prysm-geth-353.tar.gz	/tmp/prysm-r2-extra-logs.Rd7MjT/round2-prysm-geth-353.tar.gz	execution.log;xatu-sentry.log;beacon.log;validator.log;snooper-engine.log	1	1
354	/tmp/prysm-r2-extra-logs.Rd7MjT/round2-prysm-geth-354.tar.gz	/tmp/prysm-r2-extra-logs.Rd7MjT/round2-prysm-geth-354.tar.gz	execution.log;xatu-sentry.log;beacon.log;validator.log;snooper-engine.log	1	1
355	/tmp/prysm-r2-extra-logs.Rd7MjT/round2-prysm-geth-355.tar.gz	/tmp/prysm-r2-extra-logs.Rd7MjT/round2-prysm-geth-355.tar.gz	execution.log;xatu-sentry.log;beacon.log;validator.log;snooper-engine.log	1	1
356	/tmp/prysm-r2-extra-logs.Rd7MjT/round2-prysm-geth-356.tar.gz	/tmp/prysm-r2-extra-logs.Rd7MjT/round2-prysm-geth-356.tar.gz	execution.log;xatu-sentry.log;beacon.log;validator.log;snooper-engine.log	1	1
357	/tmp/prysm-r2-extra-logs.Rd7MjT/round2-prysm-geth-357.tar.gz	/tmp/prysm-r2-extra-logs.Rd7MjT/round2-prysm-geth-357.tar.gz	execution.log;xatu-sentry.log;beacon.log;validator.log;snooper-engine.log	1	1
358	/tmp/prysm-r2-extra-logs.Rd7MjT/round2-prysm-geth-358.tar.gz	/tmp/prysm-r2-extra-logs.Rd7MjT/round2-prysm-geth-358.tar.gz	execution.log;xatu-sentry.log;beacon.log;validator.log;snooper-engine.log	1	1
359	/tmp/prysm-r2-extra-logs.Rd7MjT/round2-prysm-geth-359.tar.gz	/tmp/prysm-r2-extra-logs.Rd7MjT/round2-prysm-geth-359.tar.gz	execution.log;xatu-sentry.log;beacon.log;validator.log;snooper-engine.log	1	1
360	/tmp/prysm-r2-extra-logs.Rd7MjT/round2-prysm-geth-360.tar.gz	/tmp/prysm-r2-extra-logs.Rd7MjT/round2-prysm-geth-360.tar.gz	execution.log;xatu-sentry.log;beacon.log;validator.log;snooper-engine.log	1	1
361	/tmp/prysm-r2-extra-logs.Rd7MjT/round2-prysm-geth-361.tar.gz	/tmp/prysm-r2-extra-logs.Rd7MjT/round2-prysm-geth-361.tar.gz	execution.log;xatu-sentry.log;beacon.log;validator.log;snooper-engine.log	1	1
362	/tmp/prysm-r2-extra-logs.Rd7MjT/round2-prysm-geth-362.tar.gz	/tmp/prysm-r2-extra-logs.Rd7MjT/round2-prysm-geth-362.tar.gz	execution.log;xatu-sentry.log;beacon.log;validator.log;snooper-engine.log	1	1
363	/tmp/prysm-r2-extra-logs.Rd7MjT/round2-prysm-geth-363.tar.gz	/tmp/prysm-r2-extra-logs.Rd7MjT/round2-prysm-geth-363.tar.gz	execution.log;xatu-sentry.log;beacon.log;validator.log;snooper-engine.log	1	1
364	/tmp/prysm-r2-extra-logs.Rd7MjT/round2-prysm-geth-364.tar.gz	/tmp/prysm-r2-extra-logs.Rd7MjT/round2-prysm-geth-364.tar.gz	execution.log;xatu-sentry.log;beacon.log;validator.log;snooper-engine.log	1	1
365	/tmp/prysm-r2-extra-logs.Rd7MjT/round2-prysm-geth-365.tar.gz	/tmp/prysm-r2-extra-logs.Rd7MjT/round2-prysm-geth-365.tar.gz	execution.log;xatu-sentry.log;beacon.log;validator.log;snooper-engine.log	1	1
366	/tmp/prysm-r2-extra-logs.Rd7MjT/round2-prysm-geth-366.tar.gz	/tmp/prysm-r2-extra-logs.Rd7MjT/round2-prysm-geth-366.tar.gz	execution.log;xatu-sentry.log;beacon.log;validator.log;snooper-engine.log	1	1
367	/tmp/prysm-r2-extra-logs.Rd7MjT/round2-prysm-geth-367.tar.gz	/tmp/prysm-r2-extra-logs.Rd7MjT/round2-prysm-geth-367.tar.gz	execution.log;xatu-sentry.log;beacon.log;validator.log;snooper-engine.log	1	1
368	/tmp/prysm-r2-extra-logs.Rd7MjT/round2-prysm-geth-368.tar.gz	/tmp/prysm-r2-extra-logs.Rd7MjT/round2-prysm-geth-368.tar.gz	execution.log;xatu-sentry.log;beacon.log;validator.log;snooper-engine.log	1	1
369	/tmp/prysm-r2-extra-logs.Rd7MjT/round2-prysm-geth-369.tar.gz	/tmp/prysm-r2-extra-logs.Rd7MjT/round2-prysm-geth-369.tar.gz	execution.log;xatu-sentry.log;beacon.log;validator.log;snooper-engine.log	1	1
370	/tmp/prysm-r2-extra-logs.Rd7MjT/round2-prysm-geth-370.tar.gz	/tmp/prysm-r2-extra-logs.Rd7MjT/round2-prysm-geth-370.tar.gz	execution.log;xatu-sentry.log;beacon.log;validator.log;snooper-engine.log	1	1
371	/tmp/prysm-r2-extra-logs.Rd7MjT/round2-prysm-geth-371.tar.gz	/tmp/prysm-r2-extra-logs.Rd7MjT/round2-prysm-geth-371.tar.gz	execution.log;xatu-sentry.log;beacon.log;validator.log;snooper-engine.log	1	1
372	/tmp/prysm-r2-extra-logs.Rd7MjT/round2-prysm-geth-372.tar.gz	/tmp/prysm-r2-extra-logs.Rd7MjT/round2-prysm-geth-372.tar.gz	execution.log;xatu-sentry.log;beacon.log;validator.log;snooper-engine.log	1	1
373	/tmp/prysm-r2-extra-logs.Rd7MjT/round2-prysm-geth-373.tar.gz	/tmp/prysm-r2-extra-logs.Rd7MjT/round2-prysm-geth-373.tar.gz	execution.log;xatu-sentry.log;beacon.log;validator.log;snooper-engine.log	1	1
374	/tmp/prysm-r2-extra-logs.Rd7MjT/round2-prysm-geth-374.tar.gz	/tmp/prysm-r2-extra-logs.Rd7MjT/round2-prysm-geth-374.tar.gz	execution.log;xatu-sentry.log;beacon.log;validator.log;snooper-engine.log	1	1
375	/tmp/prysm-r2-extra-logs.Rd7MjT/round2-prysm-geth-375.tar.gz	/tmp/prysm-r2-extra-logs.Rd7MjT/round2-prysm-geth-375.tar.gz	execution.log;xatu-sentry.log;beacon.log;validator.log;snooper-engine.log	1	1
376	/tmp/prysm-r2-extra-logs.Rd7MjT/round2-prysm-geth-376.tar.gz	/tmp/prysm-r2-extra-logs.Rd7MjT/round2-prysm-geth-376.tar.gz	execution.log;xatu-sentry.log;beacon.log;validator.log;snooper-engine.log	1	1
377	/tmp/prysm-r2-extra-logs.Rd7MjT/round2-prysm-geth-377.tar.gz	/tmp/prysm-r2-extra-logs.Rd7MjT/round2-prysm-geth-377.tar.gz	execution.log;xatu-sentry.log;beacon.log;validator.log;snooper-engine.log	1	1
378	/tmp/prysm-r2-extra-logs.Rd7MjT/round2-prysm-geth-378.tar.gz	/tmp/prysm-r2-extra-logs.Rd7MjT/round2-prysm-geth-378.tar.gz	execution.log;xatu-sentry.log;beacon.log;validator.log;snooper-engine.log	1	1
379	/tmp/prysm-r2-extra-logs.Rd7MjT/round2-prysm-geth-379.tar.gz	/tmp/prysm-r2-extra-logs.Rd7MjT/round2-prysm-geth-379.tar.gz	execution.log;xatu-sentry.log;beacon.log;validator.log;snooper-engine.log	1	1
380	/tmp/prysm-r2-extra-logs.Rd7MjT/round2-prysm-geth-380.tar.gz	/tmp/prysm-r2-extra-logs.Rd7MjT/round2-prysm-geth-380.tar.gz	execution.log;xatu-sentry.log;beacon.log;validator.log;snooper-engine.log	1	1
381	/tmp/prysm-r2-extra-logs.Rd7MjT/round2-prysm-geth-381.tar.gz	/tmp/prysm-r2-extra-logs.Rd7MjT/round2-prysm-geth-381.tar.gz	execution.log;xatu-sentry.log;beacon.log;validator.log;snooper-engine.log	1	1
382	/tmp/prysm-r2-extra-logs.Rd7MjT/round2-prysm-geth-382.tar.gz	/tmp/prysm-r2-extra-logs.Rd7MjT/round2-prysm-geth-382.tar.gz	execution.log;xatu-sentry.log;beacon.log;validator.log;snooper-engine.log	1	1
383	/tmp/prysm-r2-extra-logs.Rd7MjT/round2-prysm-geth-383.tar.gz	/tmp/prysm-r2-extra-logs.Rd7MjT/round2-prysm-geth-383.tar.gz	execution.log;xatu-sentry.log;beacon.log;validator.log;snooper-engine.log	1	1
384	/tmp/prysm-r2-extra-logs.Rd7MjT/round2-prysm-geth-384.tar.gz	/tmp/prysm-r2-extra-logs.Rd7MjT/round2-prysm-geth-384.tar.gz	execution.log;xatu-sentry.log;beacon.log;validator.log;snooper-engine.log	1	1
385	/tmp/prysm-r2-extra-logs.Rd7MjT/round2-prysm-geth-385.tar.gz	/tmp/prysm-r2-extra-logs.Rd7MjT/round2-prysm-geth-385.tar.gz	execution.log;xatu-sentry.log;beacon.log;validator.log;snooper-engine.log	1	1
386	/tmp/prysm-r2-extra-logs.Rd7MjT/round2-prysm-geth-386.tar.gz	/tmp/prysm-r2-extra-logs.Rd7MjT/round2-prysm-geth-386.tar.gz	execution.log;xatu-sentry.log;beacon.log;validator.log;snooper-engine.log	1	1
387	/tmp/prysm-r2-extra-logs.Rd7MjT/round2-prysm-geth-387.tar.gz	/tmp/prysm-r2-extra-logs.Rd7MjT/round2-prysm-geth-387.tar.gz	execution.log;xatu-sentry.log;beacon.log;validator.log;snooper-engine.log	1	1
388	/tmp/prysm-r2-extra-logs.Rd7MjT/round2-prysm-geth-388.tar.gz	/tmp/prysm-r2-extra-logs.Rd7MjT/round2-prysm-geth-388.tar.gz	execution.log;xatu-sentry.log;beacon.log;validator.log;snooper-engine.log	1	1
389	/tmp/prysm-r2-extra-logs.Rd7MjT/round2-prysm-geth-389.tar.gz	/tmp/prysm-r2-extra-logs.Rd7MjT/round2-prysm-geth-389.tar.gz	execution.log;xatu-sentry.log;beacon.log;validator.log;snooper-engine.log	1	1
390	/tmp/prysm-r2-extra-logs.Rd7MjT/round2-prysm-geth-390.tar.gz	/tmp/prysm-r2-extra-logs.Rd7MjT/round2-prysm-geth-390.tar.gz	execution.log;xatu-sentry.log;beacon.log;validator.log;snooper-engine.log	1	1
391	/tmp/prysm-r2-extra-logs.Rd7MjT/round2-prysm-geth-391.tar.gz	/tmp/prysm-r2-extra-logs.Rd7MjT/round2-prysm-geth-391.tar.gz	execution.log;xatu-sentry.log;beacon.log;validator.log;snooper-engine.log	1	1
392	/tmp/prysm-r2-extra-logs.Rd7MjT/round2-prysm-geth-392.tar.gz	/tmp/prysm-r2-extra-logs.Rd7MjT/round2-prysm-geth-392.tar.gz	execution.log;xatu-sentry.log;beacon.log;validator.log;snooper-engine.log	1	1
393	/tmp/prysm-r2-extra-logs.Rd7MjT/round2-prysm-geth-393.tar.gz	/tmp/prysm-r2-extra-logs.Rd7MjT/round2-prysm-geth-393.tar.gz	execution.log;xatu-sentry.log;beacon.log;validator.log;snooper-engine.log	1	1
394	/tmp/prysm-r2-extra-logs.Rd7MjT/round2-prysm-geth-394.tar.gz	/tmp/prysm-r2-extra-logs.Rd7MjT/round2-prysm-geth-394.tar.gz	execution.log;xatu-sentry.log;beacon.log;validator.log;snooper-engine.log	1	1
395	/tmp/prysm-r2-extra-logs.Rd7MjT/round2-prysm-geth-395.tar.gz	/tmp/prysm-r2-extra-logs.Rd7MjT/round2-prysm-geth-395.tar.gz	execution.log;xatu-sentry.log;beacon.log;validator.log;snooper-engine.log	1	1
396	/tmp/prysm-r2-extra-logs.Rd7MjT/round2-prysm-geth-396.tar.gz	/tmp/prysm-r2-extra-logs.Rd7MjT/round2-prysm-geth-396.tar.gz	execution.log;xatu-sentry.log;beacon.log;validator.log;snooper-engine.log	1	1
397	/tmp/prysm-r2-extra-logs.Rd7MjT/round2-prysm-geth-397.tar.gz	/tmp/prysm-r2-extra-logs.Rd7MjT/round2-prysm-geth-397.tar.gz	execution.log;xatu-sentry.log;beacon.log;validator.log;snooper-engine.log	1	1
398	/tmp/prysm-r2-extra-logs.Rd7MjT/round2-prysm-geth-398.tar.gz	/tmp/prysm-r2-extra-logs.Rd7MjT/round2-prysm-geth-398.tar.gz	execution.log;xatu-sentry.log;beacon.log;validator.log;snooper-engine.log	1	1
399	/tmp/prysm-r2-extra-logs.Rd7MjT/round2-prysm-geth-399.tar.gz	/tmp/prysm-r2-extra-logs.Rd7MjT/round2-prysm-geth-399.tar.gz	execution.log;xatu-sentry.log;beacon.log;validator.log;snooper-engine.log	1	1
400	/home/sukun/dev/prysm2/runs/round2/round2-prysm-geth-400.tar.gz	/home/sukun/dev/prysm2/runs/round2/round2-prysm-geth-400.tar.gz	execution.log;xatu-sentry.log;beacon.log;validator.log;snooper-engine.log	1	1
401	/tmp/prysm-r2-extra-logs.Rd7MjT/round2-prysm-geth-401.tar.gz	/tmp/prysm-r2-extra-logs.Rd7MjT/round2-prysm-geth-401.tar.gz	execution.log;xatu-sentry.log;beacon.log;validator.log;snooper-engine.log	1	1
402	/tmp/prysm-r2-extra-logs.Rd7MjT/round2-prysm-geth-402.tar.gz	/tmp/prysm-r2-extra-logs.Rd7MjT/round2-prysm-geth-402.tar.gz	execution.log;xatu-sentry.log;beacon.log;validator.log;snooper-engine.log	1	1
403	/tmp/prysm-r2-extra-logs.Rd7MjT/round2-prysm-geth-403.tar.gz	/tmp/prysm-r2-extra-logs.Rd7MjT/round2-prysm-geth-403.tar.gz	execution.log;xatu-sentry.log;beacon.log;validator.log;snooper-engine.log	1	1
404	/tmp/prysm-r2-extra-logs.Rd7MjT/round2-prysm-geth-404.tar.gz	/tmp/prysm-r2-extra-logs.Rd7MjT/round2-prysm-geth-404.tar.gz	execution.log;xatu-sentry.log;beacon.log;validator.log;snooper-engine.log	1	1
405	/tmp/prysm-r2-extra-logs.Rd7MjT/round2-prysm-geth-405.tar.gz	/tmp/prysm-r2-extra-logs.Rd7MjT/round2-prysm-geth-405.tar.gz	execution.log;xatu-sentry.log;beacon.log;validator.log;snooper-engine.log	1	1
406	/tmp/prysm-r2-extra-logs.Rd7MjT/round2-prysm-geth-406.tar.gz	/tmp/prysm-r2-extra-logs.Rd7MjT/round2-prysm-geth-406.tar.gz	execution.log;xatu-sentry.log;beacon.log;validator.log;snooper-engine.log	1	1
407	/tmp/prysm-r2-extra-logs.Rd7MjT/round2-prysm-geth-407.tar.gz	/tmp/prysm-r2-extra-logs.Rd7MjT/round2-prysm-geth-407.tar.gz	execution.log;xatu-sentry.log;beacon.log;validator.log;snooper-engine.log	1	1
408	/tmp/prysm-r2-extra-logs.Rd7MjT/round2-prysm-geth-408.tar.gz	/tmp/prysm-r2-extra-logs.Rd7MjT/round2-prysm-geth-408.tar.gz	execution.log;xatu-sentry.log;beacon.log;validator.log;snooper-engine.log	1	1
409	/tmp/prysm-r2-extra-logs.Rd7MjT/round2-prysm-geth-409.tar.gz	/tmp/prysm-r2-extra-logs.Rd7MjT/round2-prysm-geth-409.tar.gz	execution.log;xatu-sentry.log;beacon.log;validator.log;snooper-engine.log	1	1
410	/tmp/prysm-r2-extra-logs.Rd7MjT/round2-prysm-geth-410.tar.gz	/tmp/prysm-r2-extra-logs.Rd7MjT/round2-prysm-geth-410.tar.gz	execution.log;xatu-sentry.log;beacon.log;validator.log;snooper-engine.log	1	1
411	/tmp/prysm-r2-extra-logs.Rd7MjT/round2-prysm-geth-411.tar.gz	/tmp/prysm-r2-extra-logs.Rd7MjT/round2-prysm-geth-411.tar.gz	execution.log;xatu-sentry.log;beacon.log;validator.log;snooper-engine.log	1	1
412	/tmp/prysm-r2-extra-logs.Rd7MjT/round2-prysm-geth-412.tar.gz	/tmp/prysm-r2-extra-logs.Rd7MjT/round2-prysm-geth-412.tar.gz	execution.log;xatu-sentry.log;beacon.log;validator.log;snooper-engine.log	1	1
413	/tmp/prysm-r2-extra-logs.Rd7MjT/round2-prysm-geth-413.tar.gz	/tmp/prysm-r2-extra-logs.Rd7MjT/round2-prysm-geth-413.tar.gz	execution.log;xatu-sentry.log;beacon.log;validator.log;snooper-engine.log	1	1
414	/tmp/prysm-r2-extra-logs.Rd7MjT/round2-prysm-geth-414.tar.gz	/tmp/prysm-r2-extra-logs.Rd7MjT/round2-prysm-geth-414.tar.gz	execution.log;xatu-sentry.log;beacon.log;validator.log;snooper-engine.log	1	1
415	/tmp/prysm-r2-extra-logs.Rd7MjT/round2-prysm-geth-415.tar.gz	/tmp/prysm-r2-extra-logs.Rd7MjT/round2-prysm-geth-415.tar.gz	execution.log;xatu-sentry.log;beacon.log;validator.log;snooper-engine.log	1	1
416	/tmp/prysm-r2-extra-logs.Rd7MjT/round2-prysm-geth-416.tar.gz	/tmp/prysm-r2-extra-logs.Rd7MjT/round2-prysm-geth-416.tar.gz	execution.log;xatu-sentry.log;beacon.log;validator.log;snooper-engine.log	1	1
417	/tmp/prysm-r2-extra-logs.Rd7MjT/round2-prysm-geth-417.tar.gz	/tmp/prysm-r2-extra-logs.Rd7MjT/round2-prysm-geth-417.tar.gz	execution.log;xatu-sentry.log;beacon.log;validator.log;snooper-engine.log	1	1
418	/tmp/prysm-r2-extra-logs.Rd7MjT/round2-prysm-geth-418.tar.gz	/tmp/prysm-r2-extra-logs.Rd7MjT/round2-prysm-geth-418.tar.gz	execution.log;xatu-sentry.log;beacon.log;validator.log;snooper-engine.log	1	1
419	/tmp/prysm-r2-extra-logs.Rd7MjT/round2-prysm-geth-419.tar.gz	/tmp/prysm-r2-extra-logs.Rd7MjT/round2-prysm-geth-419.tar.gz	execution.log;xatu-sentry.log;beacon.log;validator.log;snooper-engine.log	1	1
420	/tmp/prysm-r2-extra-logs.Rd7MjT/round2-prysm-geth-420.tar.gz	/tmp/prysm-r2-extra-logs.Rd7MjT/round2-prysm-geth-420.tar.gz	execution.log;xatu-sentry.log;beacon.log;validator.log;snooper-engine.log	1	1
421	/tmp/prysm-r2-extra-logs.Rd7MjT/round2-prysm-geth-421.tar.gz	/tmp/prysm-r2-extra-logs.Rd7MjT/round2-prysm-geth-421.tar.gz	execution.log;xatu-sentry.log;beacon.log;validator.log;snooper-engine.log	1	1
422	/tmp/prysm-r2-extra-logs.Rd7MjT/round2-prysm-geth-422.tar.gz	/tmp/prysm-r2-extra-logs.Rd7MjT/round2-prysm-geth-422.tar.gz	execution.log;xatu-sentry.log;beacon.log;validator.log;snooper-engine.log	1	1
423	/tmp/prysm-r2-extra-logs.Rd7MjT/round2-prysm-geth-423.tar.gz	/tmp/prysm-r2-extra-logs.Rd7MjT/round2-prysm-geth-423.tar.gz	execution.log;xatu-sentry.log;beacon.log;validator.log;snooper-engine.log	1	1
424	/tmp/prysm-r2-extra-logs.Rd7MjT/round2-prysm-geth-424.tar.gz	/tmp/prysm-r2-extra-logs.Rd7MjT/round2-prysm-geth-424.tar.gz	execution.log;xatu-sentry.log;beacon.log;validator.log;snooper-engine.log	1	1
425	/tmp/prysm-r2-extra-logs.Rd7MjT/round2-prysm-geth-425.tar.gz	/tmp/prysm-r2-extra-logs.Rd7MjT/round2-prysm-geth-425.tar.gz	execution.log;xatu-sentry.log;beacon.log;validator.log;snooper-engine.log	1	1
426	/tmp/prysm-r2-extra-logs.Rd7MjT/round2-prysm-geth-426.tar.gz	/tmp/prysm-r2-extra-logs.Rd7MjT/round2-prysm-geth-426.tar.gz	execution.log;xatu-sentry.log;beacon.log;validator.log;snooper-engine.log	1	1
427	/tmp/prysm-r2-extra-logs.Rd7MjT/round2-prysm-geth-427.tar.gz	/tmp/prysm-r2-extra-logs.Rd7MjT/round2-prysm-geth-427.tar.gz	execution.log;xatu-sentry.log;beacon.log;validator.log;snooper-engine.log	1	1
428	/tmp/prysm-r2-extra-logs.Rd7MjT/round2-prysm-geth-428.tar.gz	/tmp/prysm-r2-extra-logs.Rd7MjT/round2-prysm-geth-428.tar.gz	execution.log;xatu-sentry.log;beacon.log;validator.log;snooper-engine.log	1	1
429	/tmp/prysm-r2-extra-logs.Rd7MjT/round2-prysm-geth-429.tar.gz	/tmp/prysm-r2-extra-logs.Rd7MjT/round2-prysm-geth-429.tar.gz	execution.log;xatu-sentry.log;beacon.log;validator.log;snooper-engine.log	1	1
430	/tmp/prysm-r2-extra-logs.Rd7MjT/round2-prysm-geth-430.tar.gz	/tmp/prysm-r2-extra-logs.Rd7MjT/round2-prysm-geth-430.tar.gz	execution.log;xatu-sentry.log;beacon.log;validator.log;snooper-engine.log	1	1
431	/tmp/prysm-r2-extra-logs.Rd7MjT/round2-prysm-geth-431.tar.gz	/tmp/prysm-r2-extra-logs.Rd7MjT/round2-prysm-geth-431.tar.gz	execution.log;xatu-sentry.log;beacon.log;validator.log;snooper-engine.log	1	1
432	/tmp/prysm-r2-extra-logs.Rd7MjT/round2-prysm-geth-432.tar.gz	/tmp/prysm-r2-extra-logs.Rd7MjT/round2-prysm-geth-432.tar.gz	execution.log;xatu-sentry.log;beacon.log;validator.log;snooper-engine.log	1	1
433	/tmp/prysm-r2-extra-logs.Rd7MjT/round2-prysm-geth-433.tar.gz	/tmp/prysm-r2-extra-logs.Rd7MjT/round2-prysm-geth-433.tar.gz	execution.log;xatu-sentry.log;beacon.log;validator.log;snooper-engine.log	1	1
434	/tmp/prysm-r2-extra-logs.Rd7MjT/round2-prysm-geth-434.tar.gz	/tmp/prysm-r2-extra-logs.Rd7MjT/round2-prysm-geth-434.tar.gz	execution.log;xatu-sentry.log;beacon.log;validator.log;snooper-engine.log	1	1
435	/tmp/prysm-r2-extra-logs.Rd7MjT/round2-prysm-geth-435.tar.gz	/tmp/prysm-r2-extra-logs.Rd7MjT/round2-prysm-geth-435.tar.gz	execution.log;xatu-sentry.log;beacon.log;validator.log;snooper-engine.log	1	1
436	/tmp/prysm-r2-extra-logs.Rd7MjT/round2-prysm-geth-436.tar.gz	/tmp/prysm-r2-extra-logs.Rd7MjT/round2-prysm-geth-436.tar.gz	execution.log;xatu-sentry.log;beacon.log;validator.log;snooper-engine.log	1	1
437	/tmp/prysm-r2-extra-logs.Rd7MjT/round2-prysm-geth-437.tar.gz	/tmp/prysm-r2-extra-logs.Rd7MjT/round2-prysm-geth-437.tar.gz	execution.log;xatu-sentry.log;beacon.log;validator.log;snooper-engine.log	1	1
438	/tmp/prysm-r2-extra-logs.Rd7MjT/round2-prysm-geth-438.tar.gz	/tmp/prysm-r2-extra-logs.Rd7MjT/round2-prysm-geth-438.tar.gz	execution.log;xatu-sentry.log;beacon.log;validator.log;snooper-engine.log	1	1
439	/tmp/prysm-r2-extra-logs.Rd7MjT/round2-prysm-geth-439.tar.gz	/tmp/prysm-r2-extra-logs.Rd7MjT/round2-prysm-geth-439.tar.gz	execution.log;xatu-sentry.log;beacon.log;validator.log;snooper-engine.log	1	1
440	/tmp/prysm-r2-extra-logs.Rd7MjT/round2-prysm-geth-440.tar.gz	/tmp/prysm-r2-extra-logs.Rd7MjT/round2-prysm-geth-440.tar.gz	execution.log;xatu-sentry.log;beacon.log;validator.log;snooper-engine.log	1	1
441	/tmp/prysm-r2-extra-logs.Rd7MjT/round2-prysm-geth-441.tar.gz	/tmp/prysm-r2-extra-logs.Rd7MjT/round2-prysm-geth-441.tar.gz	execution.log;xatu-sentry.log;beacon.log;validator.log;snooper-engine.log	1	1
442	/tmp/prysm-r2-extra-logs.Rd7MjT/round2-prysm-geth-442.tar.gz	/tmp/prysm-r2-extra-logs.Rd7MjT/round2-prysm-geth-442.tar.gz	execution.log;xatu-sentry.log;beacon.log;validator.log;snooper-engine.log	1	1
443	/tmp/prysm-r2-extra-logs.Rd7MjT/round2-prysm-geth-443.tar.gz	/tmp/prysm-r2-extra-logs.Rd7MjT/round2-prysm-geth-443.tar.gz	execution.log;xatu-sentry.log;beacon.log;validator.log;snooper-engine.log	1	1
444	/tmp/prysm-r2-extra-logs.Rd7MjT/round2-prysm-geth-444.tar.gz	/tmp/prysm-r2-extra-logs.Rd7MjT/round2-prysm-geth-444.tar.gz	execution.log;xatu-sentry.log;beacon.log;validator.log;snooper-engine.log	1	1
445	/tmp/prysm-r2-extra-logs.Rd7MjT/round2-prysm-geth-445.tar.gz	/tmp/prysm-r2-extra-logs.Rd7MjT/round2-prysm-geth-445.tar.gz	execution.log;xatu-sentry.log;beacon.log;validator.log;snooper-engine.log	1	1
446	/tmp/prysm-r2-extra-logs.Rd7MjT/round2-prysm-geth-446.tar.gz	/tmp/prysm-r2-extra-logs.Rd7MjT/round2-prysm-geth-446.tar.gz	execution.log;xatu-sentry.log;beacon.log;validator.log;snooper-engine.log	1	1
447	/tmp/prysm-r2-extra-logs.Rd7MjT/round2-prysm-geth-447.tar.gz	/tmp/prysm-r2-extra-logs.Rd7MjT/round2-prysm-geth-447.tar.gz	execution.log;xatu-sentry.log;beacon.log;validator.log;snooper-engine.log	1	1
448	/tmp/prysm-r2-extra-logs.Rd7MjT/round2-prysm-geth-448.tar.gz	/tmp/prysm-r2-extra-logs.Rd7MjT/round2-prysm-geth-448.tar.gz	execution.log;xatu-sentry.log;beacon.log;validator.log;snooper-engine.log	1	1
449	/tmp/prysm-r2-extra-logs.Rd7MjT/round2-prysm-geth-449.tar.gz	/tmp/prysm-r2-extra-logs.Rd7MjT/round2-prysm-geth-449.tar.gz	execution.log;xatu-sentry.log;beacon.log;validator.log;snooper-engine.log	1	1
450	/tmp/prysm-r2-extra-logs.Rd7MjT/round2-prysm-geth-450.tar.gz	/tmp/prysm-r2-extra-logs.Rd7MjT/round2-prysm-geth-450.tar.gz	execution.log;xatu-sentry.log;beacon.log;validator.log;snooper-engine.log	1	1
451	/tmp/prysm-r2-extra-logs.Rd7MjT/round2-prysm-geth-451.tar.gz	/tmp/prysm-r2-extra-logs.Rd7MjT/round2-prysm-geth-451.tar.gz	execution.log;xatu-sentry.log;beacon.log;validator.log;snooper-engine.log	1	1
452	/tmp/prysm-r2-extra-logs.Rd7MjT/round2-prysm-geth-452.tar.gz	/tmp/prysm-r2-extra-logs.Rd7MjT/round2-prysm-geth-452.tar.gz	execution.log;xatu-sentry.log;beacon.log;validator.log;snooper-engine.log	1	1
453	/tmp/prysm-r2-extra-logs.Rd7MjT/round2-prysm-geth-453.tar.gz	/tmp/prysm-r2-extra-logs.Rd7MjT/round2-prysm-geth-453.tar.gz	execution.log;xatu-sentry.log;beacon.log;validator.log;snooper-engine.log	1	1
454	/tmp/prysm-r2-extra-logs.Rd7MjT/round2-prysm-geth-454.tar.gz	/tmp/prysm-r2-extra-logs.Rd7MjT/round2-prysm-geth-454.tar.gz	execution.log;xatu-sentry.log;beacon.log;validator.log;snooper-engine.log	1	1
455	/tmp/prysm-r2-extra-logs.Rd7MjT/round2-prysm-geth-455.tar.gz	/tmp/prysm-r2-extra-logs.Rd7MjT/round2-prysm-geth-455.tar.gz	execution.log;xatu-sentry.log;beacon.log;validator.log;snooper-engine.log	1	1
456	/tmp/prysm-r2-extra-logs.Rd7MjT/round2-prysm-geth-456.tar.gz	/tmp/prysm-r2-extra-logs.Rd7MjT/round2-prysm-geth-456.tar.gz	execution.log;xatu-sentry.log;beacon.log;validator.log;snooper-engine.log	1	1
457	/tmp/prysm-r2-extra-logs.Rd7MjT/round2-prysm-geth-457.tar.gz	/tmp/prysm-r2-extra-logs.Rd7MjT/round2-prysm-geth-457.tar.gz	execution.log;xatu-sentry.log;beacon.log;validator.log;snooper-engine.log	1	1
458	/tmp/prysm-r2-extra-logs.Rd7MjT/round2-prysm-geth-458.tar.gz	/tmp/prysm-r2-extra-logs.Rd7MjT/round2-prysm-geth-458.tar.gz	execution.log;xatu-sentry.log;beacon.log;validator.log;snooper-engine.log	1	1
459	/tmp/prysm-r2-extra-logs.Rd7MjT/round2-prysm-geth-459.tar.gz	/tmp/prysm-r2-extra-logs.Rd7MjT/round2-prysm-geth-459.tar.gz	execution.log;xatu-sentry.log;beacon.log;validator.log;snooper-engine.log	1	1
460	/tmp/prysm-r2-extra-logs.Rd7MjT/round2-prysm-geth-460.tar.gz	/tmp/prysm-r2-extra-logs.Rd7MjT/round2-prysm-geth-460.tar.gz	execution.log;xatu-sentry.log;beacon.log;validator.log;snooper-engine.log	1	1
461	/tmp/prysm-r2-extra-logs.Rd7MjT/round2-prysm-geth-461.tar.gz	/tmp/prysm-r2-extra-logs.Rd7MjT/round2-prysm-geth-461.tar.gz	execution.log;xatu-sentry.log;beacon.log;validator.log;snooper-engine.log	1	1
462	/tmp/prysm-r2-extra-logs.Rd7MjT/round2-prysm-geth-462.tar.gz	/tmp/prysm-r2-extra-logs.Rd7MjT/round2-prysm-geth-462.tar.gz	execution.log;xatu-sentry.log;beacon.log;validator.log;snooper-engine.log	1	1
463	/tmp/prysm-r2-extra-logs.Rd7MjT/round2-prysm-geth-463.tar.gz	/tmp/prysm-r2-extra-logs.Rd7MjT/round2-prysm-geth-463.tar.gz	execution.log;xatu-sentry.log;beacon.log;validator.log;snooper-engine.log	1	1
464	/tmp/prysm-r2-extra-logs.Rd7MjT/round2-prysm-geth-464.tar.gz	/tmp/prysm-r2-extra-logs.Rd7MjT/round2-prysm-geth-464.tar.gz	execution.log;xatu-sentry.log;beacon.log;validator.log;snooper-engine.log	1	1
465	/tmp/prysm-r2-extra-logs.Rd7MjT/round2-prysm-geth-465.tar.gz	/tmp/prysm-r2-extra-logs.Rd7MjT/round2-prysm-geth-465.tar.gz	execution.log;xatu-sentry.log;beacon.log;validator.log;snooper-engine.log	1	1
466	/tmp/prysm-r2-extra-logs.Rd7MjT/round2-prysm-geth-466.tar.gz	/tmp/prysm-r2-extra-logs.Rd7MjT/round2-prysm-geth-466.tar.gz	execution.log;xatu-sentry.log;beacon.log;validator.log;snooper-engine.log	1	1
467	/tmp/prysm-r2-extra-logs.Rd7MjT/round2-prysm-geth-467.tar.gz	/tmp/prysm-r2-extra-logs.Rd7MjT/round2-prysm-geth-467.tar.gz	execution.log;xatu-sentry.log;beacon.log;validator.log;snooper-engine.log	1	1
468	/tmp/prysm-r2-extra-logs.Rd7MjT/round2-prysm-geth-468.tar.gz	/tmp/prysm-r2-extra-logs.Rd7MjT/round2-prysm-geth-468.tar.gz	execution.log;xatu-sentry.log;beacon.log;validator.log;snooper-engine.log	1	1
469	/tmp/prysm-r2-extra-logs.Rd7MjT/round2-prysm-geth-469.tar.gz	/tmp/prysm-r2-extra-logs.Rd7MjT/round2-prysm-geth-469.tar.gz	execution.log;xatu-sentry.log;beacon.log;validator.log;snooper-engine.log	1	1
470	/tmp/prysm-r2-extra-logs.Rd7MjT/round2-prysm-geth-470.tar.gz	/tmp/prysm-r2-extra-logs.Rd7MjT/round2-prysm-geth-470.tar.gz	execution.log;xatu-sentry.log;beacon.log;validator.log;snooper-engine.log	1	1
471	/tmp/prysm-r2-extra-logs.Rd7MjT/round2-prysm-geth-471.tar.gz	/tmp/prysm-r2-extra-logs.Rd7MjT/round2-prysm-geth-471.tar.gz	execution.log;xatu-sentry.log;beacon.log;validator.log;snooper-engine.log	1	1
472	/tmp/prysm-r2-extra-logs.Rd7MjT/round2-prysm-geth-472.tar.gz	/tmp/prysm-r2-extra-logs.Rd7MjT/round2-prysm-geth-472.tar.gz	execution.log;xatu-sentry.log;beacon.log;validator.log;snooper-engine.log	1	1
473	/tmp/prysm-r2-extra-logs.Rd7MjT/round2-prysm-geth-473.tar.gz	/tmp/prysm-r2-extra-logs.Rd7MjT/round2-prysm-geth-473.tar.gz	execution.log;xatu-sentry.log;beacon.log;validator.log;snooper-engine.log	1	1
474	/tmp/prysm-r2-extra-logs.Rd7MjT/round2-prysm-geth-474.tar.gz	/tmp/prysm-r2-extra-logs.Rd7MjT/round2-prysm-geth-474.tar.gz	execution.log;xatu-sentry.log;beacon.log;validator.log;snooper-engine.log	1	1
475	/tmp/prysm-r2-extra-logs.Rd7MjT/round2-prysm-geth-475.tar.gz	/tmp/prysm-r2-extra-logs.Rd7MjT/round2-prysm-geth-475.tar.gz	execution.log;xatu-sentry.log;beacon.log;validator.log;snooper-engine.log	1	1
476	/tmp/prysm-r2-extra-logs.Rd7MjT/round2-prysm-geth-476.tar.gz	/tmp/prysm-r2-extra-logs.Rd7MjT/round2-prysm-geth-476.tar.gz	execution.log;xatu-sentry.log;beacon.log;validator.log;snooper-engine.log	1	1
477	/tmp/prysm-r2-extra-logs.Rd7MjT/round2-prysm-geth-477.tar.gz	/tmp/prysm-r2-extra-logs.Rd7MjT/round2-prysm-geth-477.tar.gz	execution.log;xatu-sentry.log;beacon.log;validator.log;snooper-engine.log	1	1
478	/tmp/prysm-r2-extra-logs.Rd7MjT/round2-prysm-geth-478.tar.gz	/tmp/prysm-r2-extra-logs.Rd7MjT/round2-prysm-geth-478.tar.gz	execution.log;xatu-sentry.log;beacon.log;validator.log;snooper-engine.log	1	1
479	/tmp/prysm-r2-extra-logs.Rd7MjT/round2-prysm-geth-479.tar.gz	/tmp/prysm-r2-extra-logs.Rd7MjT/round2-prysm-geth-479.tar.gz	execution.log;xatu-sentry.log;beacon.log;validator.log;snooper-engine.log	1	1
480	/tmp/prysm-r2-extra-logs.Rd7MjT/round2-prysm-geth-480.tar.gz	/tmp/prysm-r2-extra-logs.Rd7MjT/round2-prysm-geth-480.tar.gz	execution.log;xatu-sentry.log;beacon.log;validator.log;snooper-engine.log	1	1
481	/tmp/prysm-r2-extra-logs.Rd7MjT/round2-prysm-geth-481.tar.gz	/tmp/prysm-r2-extra-logs.Rd7MjT/round2-prysm-geth-481.tar.gz	execution.log;xatu-sentry.log;beacon.log;validator.log;snooper-engine.log	1	1
482	/tmp/prysm-r2-extra-logs.Rd7MjT/round2-prysm-geth-482.tar.gz	/tmp/prysm-r2-extra-logs.Rd7MjT/round2-prysm-geth-482.tar.gz	execution.log;xatu-sentry.log;beacon.log;validator.log;snooper-engine.log	1	1
483	/tmp/prysm-r2-extra-logs.Rd7MjT/round2-prysm-geth-483.tar.gz	/tmp/prysm-r2-extra-logs.Rd7MjT/round2-prysm-geth-483.tar.gz	execution.log;xatu-sentry.log;beacon.log;validator.log;snooper-engine.log	1	1
484	/tmp/prysm-r2-extra-logs.Rd7MjT/round2-prysm-geth-484.tar.gz	/tmp/prysm-r2-extra-logs.Rd7MjT/round2-prysm-geth-484.tar.gz	execution.log;xatu-sentry.log;beacon.log;validator.log;snooper-engine.log	1	1
485	/tmp/prysm-r2-extra-logs.Rd7MjT/round2-prysm-geth-485.tar.gz	/tmp/prysm-r2-extra-logs.Rd7MjT/round2-prysm-geth-485.tar.gz	execution.log;xatu-sentry.log;beacon.log;validator.log;snooper-engine.log	1	1
486	/tmp/prysm-r2-extra-logs.Rd7MjT/round2-prysm-geth-486.tar.gz	/tmp/prysm-r2-extra-logs.Rd7MjT/round2-prysm-geth-486.tar.gz	execution.log;xatu-sentry.log;beacon.log;validator.log;snooper-engine.log	1	1
487	/tmp/prysm-r2-extra-logs.Rd7MjT/round2-prysm-geth-487.tar.gz	/tmp/prysm-r2-extra-logs.Rd7MjT/round2-prysm-geth-487.tar.gz	execution.log;xatu-sentry.log;beacon.log;validator.log;snooper-engine.log	1	1
488	/tmp/prysm-r2-extra-logs.Rd7MjT/round2-prysm-geth-488.tar.gz	/tmp/prysm-r2-extra-logs.Rd7MjT/round2-prysm-geth-488.tar.gz	execution.log;xatu-sentry.log;beacon.log;validator.log;snooper-engine.log	1	1
489	/tmp/prysm-r2-extra-logs.Rd7MjT/round2-prysm-geth-489.tar.gz	/tmp/prysm-r2-extra-logs.Rd7MjT/round2-prysm-geth-489.tar.gz	execution.log;xatu-sentry.log;beacon.log;validator.log;snooper-engine.log	1	1
490	/tmp/prysm-r2-extra-logs.Rd7MjT/round2-prysm-geth-490.tar.gz	/tmp/prysm-r2-extra-logs.Rd7MjT/round2-prysm-geth-490.tar.gz	execution.log;xatu-sentry.log;beacon.log;validator.log;snooper-engine.log	1	1
491	/tmp/prysm-r2-extra-logs.Rd7MjT/round2-prysm-geth-491.tar.gz	/tmp/prysm-r2-extra-logs.Rd7MjT/round2-prysm-geth-491.tar.gz	execution.log;xatu-sentry.log;beacon.log;validator.log;snooper-engine.log	1	1
492	/tmp/prysm-r2-extra-logs.Rd7MjT/round2-prysm-geth-492.tar.gz	/tmp/prysm-r2-extra-logs.Rd7MjT/round2-prysm-geth-492.tar.gz	execution.log;xatu-sentry.log;beacon.log;validator.log;snooper-engine.log	1	1
493	/tmp/prysm-r2-extra-logs.Rd7MjT/round2-prysm-geth-493.tar.gz	/tmp/prysm-r2-extra-logs.Rd7MjT/round2-prysm-geth-493.tar.gz	execution.log;xatu-sentry.log;beacon.log;validator.log;snooper-engine.log	1	1
494	/tmp/prysm-r2-extra-logs.Rd7MjT/round2-prysm-geth-494.tar.gz	/tmp/prysm-r2-extra-logs.Rd7MjT/round2-prysm-geth-494.tar.gz	execution.log;xatu-sentry.log;beacon.log;validator.log;snooper-engine.log	1	1
495	/tmp/prysm-r2-extra-logs.Rd7MjT/round2-prysm-geth-495.tar.gz	/tmp/prysm-r2-extra-logs.Rd7MjT/round2-prysm-geth-495.tar.gz	execution.log;xatu-sentry.log;beacon.log;validator.log;snooper-engine.log	1	1
496	/tmp/prysm-r2-extra-logs.Rd7MjT/round2-prysm-geth-496.tar.gz	/tmp/prysm-r2-extra-logs.Rd7MjT/round2-prysm-geth-496.tar.gz	execution.log;xatu-sentry.log;beacon.log;validator.log;snooper-engine.log	1	1
497	/tmp/prysm-r2-extra-logs.Rd7MjT/round2-prysm-geth-497.tar.gz	/tmp/prysm-r2-extra-logs.Rd7MjT/round2-prysm-geth-497.tar.gz	execution.log;xatu-sentry.log;beacon.log;validator.log;snooper-engine.log	1	1
498	/tmp/prysm-r2-extra-logs.Rd7MjT/round2-prysm-geth-498.tar.gz	/tmp/prysm-r2-extra-logs.Rd7MjT/round2-prysm-geth-498.tar.gz	execution.log;xatu-sentry.log;beacon.log;validator.log;snooper-engine.log	1	1
499	/tmp/prysm-r2-extra-logs.Rd7MjT/round2-prysm-geth-499.tar.gz	/tmp/prysm-r2-extra-logs.Rd7MjT/round2-prysm-geth-499.tar.gz	execution.log;xatu-sentry.log;beacon.log;validator.log;snooper-engine.log	1	1
500	/tmp/prysm-r2-extra-logs.Rd7MjT/round2-prysm-geth-500.tar.gz	/tmp/prysm-r2-extra-logs.Rd7MjT/round2-prysm-geth-500.tar.gz;/home/sukun/dev/prysm2/runs/round2/round2-prysm-geth-500.tar.gz	execution.log;xatu-sentry.log;beacon.log;validator.log;snooper-engine.log	1	1
501	/tmp/prysm-r2-extra-logs.Rd7MjT/round2-prysm-geth-501.tar.gz	/tmp/prysm-r2-extra-logs.Rd7MjT/round2-prysm-geth-501.tar.gz	execution.log;xatu-sentry.log;beacon.log;validator.log;snooper-engine.log	1	1
502	/tmp/prysm-r2-extra-logs.Rd7MjT/round2-prysm-geth-502.tar.gz	/tmp/prysm-r2-extra-logs.Rd7MjT/round2-prysm-geth-502.tar.gz	execution.log;xatu-sentry.log;beacon.log;validator.log;snooper-engine.log	1	1
503	/tmp/prysm-r2-extra-logs.Rd7MjT/round2-prysm-geth-503.tar.gz	/tmp/prysm-r2-extra-logs.Rd7MjT/round2-prysm-geth-503.tar.gz	execution.log;xatu-sentry.log;beacon.log;validator.log;snooper-engine.log	1	1
504	/tmp/prysm-r2-extra-logs.Rd7MjT/round2-prysm-geth-504.tar.gz	/tmp/prysm-r2-extra-logs.Rd7MjT/round2-prysm-geth-504.tar.gz	execution.log;xatu-sentry.log;beacon.log;validator.log;snooper-engine.log	1	1
505	/tmp/prysm-r2-extra-logs.Rd7MjT/round2-prysm-geth-505.tar.gz	/tmp/prysm-r2-extra-logs.Rd7MjT/round2-prysm-geth-505.tar.gz	execution.log;xatu-sentry.log;beacon.log;validator.log;snooper-engine.log	1	1
506	/tmp/prysm-r2-extra-logs.Rd7MjT/round2-prysm-geth-506.tar.gz	/tmp/prysm-r2-extra-logs.Rd7MjT/round2-prysm-geth-506.tar.gz	execution.log;xatu-sentry.log;beacon.log;validator.log;snooper-engine.log	1	1
507	/tmp/prysm-r2-extra-logs.Rd7MjT/round2-prysm-geth-507.tar.gz	/tmp/prysm-r2-extra-logs.Rd7MjT/round2-prysm-geth-507.tar.gz	execution.log;xatu-sentry.log;beacon.log;validator.log;snooper-engine.log	1	1
508	/tmp/prysm-r2-extra-logs.Rd7MjT/round2-prysm-geth-508.tar.gz	/tmp/prysm-r2-extra-logs.Rd7MjT/round2-prysm-geth-508.tar.gz	execution.log;xatu-sentry.log;beacon.log;validator.log;snooper-engine.log	1	1
509	/tmp/prysm-r2-extra-logs.Rd7MjT/round2-prysm-geth-509.tar.gz	/tmp/prysm-r2-extra-logs.Rd7MjT/round2-prysm-geth-509.tar.gz	execution.log;xatu-sentry.log;beacon.log;validator.log;snooper-engine.log	1	1
510	/tmp/prysm-r2-extra-logs.Rd7MjT/round2-prysm-geth-510.tar.gz	/tmp/prysm-r2-extra-logs.Rd7MjT/round2-prysm-geth-510.tar.gz	execution.log;xatu-sentry.log;beacon.log;validator.log;snooper-engine.log	1	1
511	/tmp/prysm-r2-extra-logs.Rd7MjT/round2-prysm-geth-511.tar.gz	/tmp/prysm-r2-extra-logs.Rd7MjT/round2-prysm-geth-511.tar.gz	execution.log;xatu-sentry.log;beacon.log;validator.log;snooper-engine.log	1	1
512	/tmp/prysm-r2-extra-logs.Rd7MjT/round2-prysm-geth-512.tar.gz	/tmp/prysm-r2-extra-logs.Rd7MjT/round2-prysm-geth-512.tar.gz	execution.log;xatu-sentry.log;beacon.log;validator.log;snooper-engine.log	1	1
513	/tmp/prysm-r2-extra-logs.Rd7MjT/round2-prysm-geth-513.tar.gz	/tmp/prysm-r2-extra-logs.Rd7MjT/round2-prysm-geth-513.tar.gz	execution.log;xatu-sentry.log;beacon.log;validator.log;snooper-engine.log	1	1
514	/tmp/prysm-r2-extra-logs.Rd7MjT/round2-prysm-geth-514.tar.gz	/tmp/prysm-r2-extra-logs.Rd7MjT/round2-prysm-geth-514.tar.gz	execution.log;xatu-sentry.log;beacon.log;validator.log;snooper-engine.log	1	1
515	/tmp/prysm-r2-extra-logs.Rd7MjT/round2-prysm-geth-515.tar.gz	/tmp/prysm-r2-extra-logs.Rd7MjT/round2-prysm-geth-515.tar.gz	execution.log;xatu-sentry.log;beacon.log;validator.log;snooper-engine.log	1	1
516	/tmp/prysm-r2-extra-logs.Rd7MjT/round2-prysm-geth-516.tar.gz	/tmp/prysm-r2-extra-logs.Rd7MjT/round2-prysm-geth-516.tar.gz	execution.log;xatu-sentry.log;beacon.log;validator.log;snooper-engine.log	1	1
517	/tmp/prysm-r2-extra-logs.Rd7MjT/round2-prysm-geth-517.tar.gz	/tmp/prysm-r2-extra-logs.Rd7MjT/round2-prysm-geth-517.tar.gz	execution.log;xatu-sentry.log;beacon.log;validator.log;snooper-engine.log	1	1
518	/tmp/prysm-r2-extra-logs.Rd7MjT/round2-prysm-geth-518.tar.gz	/tmp/prysm-r2-extra-logs.Rd7MjT/round2-prysm-geth-518.tar.gz	execution.log;xatu-sentry.log;beacon.log;validator.log;snooper-engine.log	1	1
519	/tmp/prysm-r2-extra-logs.Rd7MjT/round2-prysm-geth-519.tar.gz	/tmp/prysm-r2-extra-logs.Rd7MjT/round2-prysm-geth-519.tar.gz	execution.log;xatu-sentry.log;beacon.log;validator.log;snooper-engine.log	1	1
520	/tmp/prysm-r2-extra-logs.Rd7MjT/round2-prysm-geth-520.tar.gz	/tmp/prysm-r2-extra-logs.Rd7MjT/round2-prysm-geth-520.tar.gz	execution.log;xatu-sentry.log;beacon.log;validator.log;snooper-engine.log	1	1
521	/tmp/prysm-r2-extra-logs.Rd7MjT/round2-prysm-geth-521.tar.gz	/tmp/prysm-r2-extra-logs.Rd7MjT/round2-prysm-geth-521.tar.gz	execution.log;xatu-sentry.log;beacon.log;validator.log;snooper-engine.log	1	1
522	/tmp/prysm-r2-extra-logs.Rd7MjT/round2-prysm-geth-522.tar.gz	/tmp/prysm-r2-extra-logs.Rd7MjT/round2-prysm-geth-522.tar.gz	execution.log;xatu-sentry.log;beacon.log;validator.log;snooper-engine.log	1	1
523	/tmp/prysm-r2-extra-logs.Rd7MjT/round2-prysm-geth-523.tar.gz	/tmp/prysm-r2-extra-logs.Rd7MjT/round2-prysm-geth-523.tar.gz	execution.log;xatu-sentry.log;beacon.log;validator.log;snooper-engine.log	1	1
524	/tmp/prysm-r2-extra-logs.Rd7MjT/round2-prysm-geth-524.tar.gz	/tmp/prysm-r2-extra-logs.Rd7MjT/round2-prysm-geth-524.tar.gz	execution.log;xatu-sentry.log;beacon.log;validator.log;snooper-engine.log	1	1
525	/tmp/prysm-r2-extra-logs.Rd7MjT/round2-prysm-geth-525.tar.gz	/tmp/prysm-r2-extra-logs.Rd7MjT/round2-prysm-geth-525.tar.gz	execution.log;xatu-sentry.log;beacon.log;validator.log;snooper-engine.log	1	1
526	/tmp/prysm-r2-extra-logs.Rd7MjT/round2-prysm-geth-526.tar.gz	/tmp/prysm-r2-extra-logs.Rd7MjT/round2-prysm-geth-526.tar.gz	execution.log;xatu-sentry.log;beacon.log;validator.log;snooper-engine.log	1	1
527	/tmp/prysm-r2-extra-logs.Rd7MjT/round2-prysm-geth-527.tar.gz	/tmp/prysm-r2-extra-logs.Rd7MjT/round2-prysm-geth-527.tar.gz	execution.log;xatu-sentry.log;beacon.log;validator.log;snooper-engine.log	1	1
528	/tmp/prysm-r2-extra-logs.Rd7MjT/round2-prysm-geth-528.tar.gz	/tmp/prysm-r2-extra-logs.Rd7MjT/round2-prysm-geth-528.tar.gz	execution.log;xatu-sentry.log;beacon.log;validator.log;snooper-engine.log	1	1
529	/tmp/prysm-r2-extra-logs.Rd7MjT/round2-prysm-geth-529.tar.gz	/tmp/prysm-r2-extra-logs.Rd7MjT/round2-prysm-geth-529.tar.gz	execution.log;xatu-sentry.log;beacon.log;validator.log;snooper-engine.log	1	1
530	/tmp/prysm-r2-extra-logs.Rd7MjT/round2-prysm-geth-530.tar.gz	/tmp/prysm-r2-extra-logs.Rd7MjT/round2-prysm-geth-530.tar.gz	execution.log;xatu-sentry.log;beacon.log;validator.log;snooper-engine.log	1	1
531	/tmp/prysm-r2-extra-logs.Rd7MjT/round2-prysm-geth-531.tar.gz	/tmp/prysm-r2-extra-logs.Rd7MjT/round2-prysm-geth-531.tar.gz	execution.log;xatu-sentry.log;beacon.log;validator.log;snooper-engine.log	1	1
532	/tmp/prysm-r2-extra-logs.Rd7MjT/round2-prysm-geth-532.tar.gz	/tmp/prysm-r2-extra-logs.Rd7MjT/round2-prysm-geth-532.tar.gz	execution.log;xatu-sentry.log;beacon.log;validator.log;snooper-engine.log	1	1
533	/tmp/prysm-r2-extra-logs.Rd7MjT/round2-prysm-geth-533.tar.gz	/tmp/prysm-r2-extra-logs.Rd7MjT/round2-prysm-geth-533.tar.gz	execution.log;xatu-sentry.log;beacon.log;validator.log;snooper-engine.log	1	1
534	/tmp/prysm-r2-extra-logs.Rd7MjT/round2-prysm-geth-534.tar.gz	/tmp/prysm-r2-extra-logs.Rd7MjT/round2-prysm-geth-534.tar.gz	execution.log;xatu-sentry.log;beacon.log;validator.log;snooper-engine.log	1	1
535	/tmp/prysm-r2-extra-logs.Rd7MjT/round2-prysm-geth-535.tar.gz	/tmp/prysm-r2-extra-logs.Rd7MjT/round2-prysm-geth-535.tar.gz	execution.log;xatu-sentry.log;beacon.log;validator.log;snooper-engine.log	1	1
536	/tmp/prysm-r2-extra-logs.Rd7MjT/round2-prysm-geth-536.tar.gz	/tmp/prysm-r2-extra-logs.Rd7MjT/round2-prysm-geth-536.tar.gz	execution.log;xatu-sentry.log;beacon.log;validator.log;snooper-engine.log	1	1
537	/tmp/prysm-r2-extra-logs.Rd7MjT/round2-prysm-geth-537.tar.gz	/tmp/prysm-r2-extra-logs.Rd7MjT/round2-prysm-geth-537.tar.gz	execution.log;xatu-sentry.log;beacon.log;validator.log;snooper-engine.log	1	1
538	/tmp/prysm-r2-extra-logs.Rd7MjT/round2-prysm-geth-538.tar.gz	/tmp/prysm-r2-extra-logs.Rd7MjT/round2-prysm-geth-538.tar.gz	execution.log;xatu-sentry.log;beacon.log;validator.log;snooper-engine.log	1	1
539	/tmp/prysm-r2-extra-logs.Rd7MjT/round2-prysm-geth-539.tar.gz	/tmp/prysm-r2-extra-logs.Rd7MjT/round2-prysm-geth-539.tar.gz	execution.log;xatu-sentry.log;beacon.log;validator.log;snooper-engine.log	1	1
540	/tmp/prysm-r2-extra-logs.Rd7MjT/round2-prysm-geth-540.tar.gz	/tmp/prysm-r2-extra-logs.Rd7MjT/round2-prysm-geth-540.tar.gz	execution.log;xatu-sentry.log;beacon.log;validator.log;snooper-engine.log	1	1
541	/tmp/prysm-r2-extra-logs.Rd7MjT/round2-prysm-geth-541.tar.gz	/tmp/prysm-r2-extra-logs.Rd7MjT/round2-prysm-geth-541.tar.gz	execution.log;xatu-sentry.log;beacon.log;validator.log;snooper-engine.log	1	1
542	/tmp/prysm-r2-extra-logs.Rd7MjT/round2-prysm-geth-542.tar.gz	/tmp/prysm-r2-extra-logs.Rd7MjT/round2-prysm-geth-542.tar.gz	execution.log;xatu-sentry.log;beacon.log;validator.log;snooper-engine.log	1	1
543	/tmp/prysm-r2-extra-logs.Rd7MjT/round2-prysm-geth-543.tar.gz	/tmp/prysm-r2-extra-logs.Rd7MjT/round2-prysm-geth-543.tar.gz	execution.log;xatu-sentry.log;beacon.log;validator.log;snooper-engine.log	1	1
544	/tmp/prysm-r2-extra-logs.Rd7MjT/round2-prysm-geth-544.tar.gz	/tmp/prysm-r2-extra-logs.Rd7MjT/round2-prysm-geth-544.tar.gz	execution.log;xatu-sentry.log;beacon.log;validator.log;snooper-engine.log	1	1
545	/tmp/prysm-r2-extra-logs.Rd7MjT/round2-prysm-geth-545.tar.gz	/tmp/prysm-r2-extra-logs.Rd7MjT/round2-prysm-geth-545.tar.gz	execution.log;xatu-sentry.log;beacon.log;validator.log;snooper-engine.log	1	1
546	/tmp/prysm-r2-extra-logs.Rd7MjT/round2-prysm-geth-546.tar.gz	/tmp/prysm-r2-extra-logs.Rd7MjT/round2-prysm-geth-546.tar.gz	execution.log;xatu-sentry.log;beacon.log;validator.log;snooper-engine.log	1	1
547	/tmp/prysm-r2-extra-logs.Rd7MjT/round2-prysm-geth-547.tar.gz	/tmp/prysm-r2-extra-logs.Rd7MjT/round2-prysm-geth-547.tar.gz	execution.log;xatu-sentry.log;beacon.log;validator.log;snooper-engine.log	1	1
548	/tmp/prysm-r2-extra-logs.Rd7MjT/round2-prysm-geth-548.tar.gz	/tmp/prysm-r2-extra-logs.Rd7MjT/round2-prysm-geth-548.tar.gz	execution.log;xatu-sentry.log;beacon.log;validator.log;snooper-engine.log	1	1
549	/tmp/prysm-r2-extra-logs.Rd7MjT/round2-prysm-geth-549.tar.gz	/tmp/prysm-r2-extra-logs.Rd7MjT/round2-prysm-geth-549.tar.gz	execution.log;xatu-sentry.log;beacon.log;validator.log;snooper-engine.log	1	1
550	/tmp/prysm-r2-extra-logs.Rd7MjT/round2-prysm-geth-550.tar.gz	/tmp/prysm-r2-extra-logs.Rd7MjT/round2-prysm-geth-550.tar.gz	execution.log;xatu-sentry.log;beacon.log;validator.log;snooper-engine.log	1	1
551	/tmp/prysm-r2-extra-logs.Rd7MjT/round2-prysm-geth-551.tar.gz	/tmp/prysm-r2-extra-logs.Rd7MjT/round2-prysm-geth-551.tar.gz	execution.log;xatu-sentry.log;beacon.log;validator.log;snooper-engine.log	1	1
552	/tmp/prysm-r2-extra-logs.Rd7MjT/round2-prysm-geth-552.tar.gz	/tmp/prysm-r2-extra-logs.Rd7MjT/round2-prysm-geth-552.tar.gz	execution.log;xatu-sentry.log;beacon.log;validator.log;snooper-engine.log	1	1
553	/tmp/prysm-r2-extra-logs.Rd7MjT/round2-prysm-geth-553.tar.gz	/tmp/prysm-r2-extra-logs.Rd7MjT/round2-prysm-geth-553.tar.gz	execution.log;xatu-sentry.log;beacon.log;validator.log;snooper-engine.log	1	1
554	/tmp/prysm-r2-extra-logs.Rd7MjT/round2-prysm-geth-554.tar.gz	/tmp/prysm-r2-extra-logs.Rd7MjT/round2-prysm-geth-554.tar.gz	execution.log;xatu-sentry.log;beacon.log;validator.log;snooper-engine.log	1	1
555	/tmp/prysm-r2-extra-logs.Rd7MjT/round2-prysm-geth-555.tar.gz	/tmp/prysm-r2-extra-logs.Rd7MjT/round2-prysm-geth-555.tar.gz	execution.log;xatu-sentry.log;beacon.log;validator.log;snooper-engine.log	1	1
556	/tmp/prysm-r2-extra-logs.Rd7MjT/round2-prysm-geth-556.tar.gz	/tmp/prysm-r2-extra-logs.Rd7MjT/round2-prysm-geth-556.tar.gz	execution.log;xatu-sentry.log;beacon.log;validator.log;snooper-engine.log	1	1
557	/tmp/prysm-r2-extra-logs.Rd7MjT/round2-prysm-geth-557.tar.gz	/tmp/prysm-r2-extra-logs.Rd7MjT/round2-prysm-geth-557.tar.gz	execution.log;xatu-sentry.log;beacon.log;validator.log;snooper-engine.log	1	1
558	/tmp/prysm-r2-extra-logs.Rd7MjT/round2-prysm-geth-558.tar.gz	/tmp/prysm-r2-extra-logs.Rd7MjT/round2-prysm-geth-558.tar.gz	execution.log;xatu-sentry.log;beacon.log;validator.log;snooper-engine.log	1	1
559	/tmp/prysm-r2-extra-logs.Rd7MjT/round2-prysm-geth-559.tar.gz	/tmp/prysm-r2-extra-logs.Rd7MjT/round2-prysm-geth-559.tar.gz	execution.log;xatu-sentry.log;beacon.log;validator.log;snooper-engine.log	1	1
560	/tmp/prysm-r2-extra-logs.Rd7MjT/round2-prysm-geth-560.tar.gz	/tmp/prysm-r2-extra-logs.Rd7MjT/round2-prysm-geth-560.tar.gz	execution.log;xatu-sentry.log;beacon.log;validator.log;snooper-engine.log	1	1
561	/tmp/prysm-r2-extra-logs.Rd7MjT/round2-prysm-geth-561.tar.gz	/tmp/prysm-r2-extra-logs.Rd7MjT/round2-prysm-geth-561.tar.gz	execution.log;xatu-sentry.log;beacon.log;validator.log;snooper-engine.log	1	1
562	/tmp/prysm-r2-extra-logs.Rd7MjT/round2-prysm-geth-562.tar.gz	/tmp/prysm-r2-extra-logs.Rd7MjT/round2-prysm-geth-562.tar.gz	execution.log;xatu-sentry.log;beacon.log;validator.log;snooper-engine.log	1	1
563	/tmp/prysm-r2-extra-logs.Rd7MjT/round2-prysm-geth-563.tar.gz	/tmp/prysm-r2-extra-logs.Rd7MjT/round2-prysm-geth-563.tar.gz	execution.log;xatu-sentry.log;beacon.log;validator.log;snooper-engine.log	1	1
564	/tmp/prysm-r2-extra-logs.Rd7MjT/round2-prysm-geth-564.tar.gz	/tmp/prysm-r2-extra-logs.Rd7MjT/round2-prysm-geth-564.tar.gz	execution.log;xatu-sentry.log;beacon.log;validator.log;snooper-engine.log	1	1
565	/tmp/prysm-r2-extra-logs.Rd7MjT/round2-prysm-geth-565.tar.gz	/tmp/prysm-r2-extra-logs.Rd7MjT/round2-prysm-geth-565.tar.gz	execution.log;xatu-sentry.log;beacon.log;validator.log;snooper-engine.log	1	1
566	/tmp/prysm-r2-extra-logs.Rd7MjT/round2-prysm-geth-566.tar.gz	/tmp/prysm-r2-extra-logs.Rd7MjT/round2-prysm-geth-566.tar.gz	execution.log;xatu-sentry.log;beacon.log;validator.log;snooper-engine.log	1	1
567	/tmp/prysm-r2-extra-logs.Rd7MjT/round2-prysm-geth-567.tar.gz	/tmp/prysm-r2-extra-logs.Rd7MjT/round2-prysm-geth-567.tar.gz	execution.log;xatu-sentry.log;beacon.log;validator.log;snooper-engine.log	1	1
568	/tmp/prysm-r2-extra-logs.Rd7MjT/round2-prysm-geth-568.tar.gz	/tmp/prysm-r2-extra-logs.Rd7MjT/round2-prysm-geth-568.tar.gz	execution.log;xatu-sentry.log;beacon.log;validator.log;snooper-engine.log	1	1
569	/tmp/prysm-r2-extra-logs.Rd7MjT/round2-prysm-geth-569.tar.gz	/tmp/prysm-r2-extra-logs.Rd7MjT/round2-prysm-geth-569.tar.gz	execution.log;xatu-sentry.log;beacon.log;validator.log;snooper-engine.log	1	1
570	/tmp/prysm-r2-extra-logs.Rd7MjT/round2-prysm-geth-570.tar.gz	/tmp/prysm-r2-extra-logs.Rd7MjT/round2-prysm-geth-570.tar.gz	execution.log;xatu-sentry.log;beacon.log;validator.log;snooper-engine.log	1	1
571	/tmp/prysm-r2-extra-logs.Rd7MjT/round2-prysm-geth-571.tar.gz	/tmp/prysm-r2-extra-logs.Rd7MjT/round2-prysm-geth-571.tar.gz	execution.log;xatu-sentry.log;beacon.log;validator.log;snooper-engine.log	1	1
572	/tmp/prysm-r2-extra-logs.Rd7MjT/round2-prysm-geth-572.tar.gz	/tmp/prysm-r2-extra-logs.Rd7MjT/round2-prysm-geth-572.tar.gz	execution.log;xatu-sentry.log;beacon.log;validator.log;snooper-engine.log	1	1
573	/tmp/prysm-r2-extra-logs.Rd7MjT/round2-prysm-geth-573.tar.gz	/tmp/prysm-r2-extra-logs.Rd7MjT/round2-prysm-geth-573.tar.gz	execution.log;xatu-sentry.log;beacon.log;validator.log;snooper-engine.log	1	1
574	/tmp/prysm-r2-extra-logs.Rd7MjT/round2-prysm-geth-574.tar.gz	/tmp/prysm-r2-extra-logs.Rd7MjT/round2-prysm-geth-574.tar.gz	execution.log;xatu-sentry.log;beacon.log;validator.log;snooper-engine.log	1	1
575	/tmp/prysm-r2-extra-logs.Rd7MjT/round2-prysm-geth-575.tar.gz	/tmp/prysm-r2-extra-logs.Rd7MjT/round2-prysm-geth-575.tar.gz	execution.log;xatu-sentry.log;beacon.log;validator.log;snooper-engine.log	1	1
576	/tmp/prysm-r2-extra-logs.Rd7MjT/round2-prysm-geth-576.tar.gz	/tmp/prysm-r2-extra-logs.Rd7MjT/round2-prysm-geth-576.tar.gz	execution.log;xatu-sentry.log;beacon.log;validator.log;snooper-engine.log	1	1
577	/tmp/prysm-r2-extra-logs.Rd7MjT/round2-prysm-geth-577.tar.gz	/tmp/prysm-r2-extra-logs.Rd7MjT/round2-prysm-geth-577.tar.gz	execution.log;xatu-sentry.log;beacon.log;validator.log;snooper-engine.log	1	1
578	/tmp/prysm-r2-extra-logs.Rd7MjT/round2-prysm-geth-578.tar.gz	/tmp/prysm-r2-extra-logs.Rd7MjT/round2-prysm-geth-578.tar.gz	execution.log;xatu-sentry.log;beacon.log;validator.log;snooper-engine.log	1	1
579	/tmp/prysm-r2-extra-logs.Rd7MjT/round2-prysm-geth-579.tar.gz	/tmp/prysm-r2-extra-logs.Rd7MjT/round2-prysm-geth-579.tar.gz	execution.log;xatu-sentry.log;beacon.log;validator.log;snooper-engine.log	1	1
580	/tmp/prysm-r2-extra-logs.Rd7MjT/round2-prysm-geth-580.tar.gz	/tmp/prysm-r2-extra-logs.Rd7MjT/round2-prysm-geth-580.tar.gz	execution.log;xatu-sentry.log;beacon.log;validator.log;snooper-engine.log	1	1
581	/tmp/prysm-r2-extra-logs.Rd7MjT/round2-prysm-geth-581.tar.gz	/tmp/prysm-r2-extra-logs.Rd7MjT/round2-prysm-geth-581.tar.gz	execution.log;xatu-sentry.log;beacon.log;validator.log;snooper-engine.log	1	1
582	/tmp/prysm-r2-extra-logs.Rd7MjT/round2-prysm-geth-582.tar.gz	/tmp/prysm-r2-extra-logs.Rd7MjT/round2-prysm-geth-582.tar.gz	execution.log;xatu-sentry.log;beacon.log;validator.log;snooper-engine.log	1	1
583	/tmp/prysm-r2-extra-logs.Rd7MjT/round2-prysm-geth-583.tar.gz	/tmp/prysm-r2-extra-logs.Rd7MjT/round2-prysm-geth-583.tar.gz	execution.log;xatu-sentry.log;beacon.log;validator.log;snooper-engine.log	1	1
584	/tmp/prysm-r2-extra-logs.Rd7MjT/round2-prysm-geth-584.tar.gz	/tmp/prysm-r2-extra-logs.Rd7MjT/round2-prysm-geth-584.tar.gz	execution.log;xatu-sentry.log;beacon.log;validator.log;snooper-engine.log	1	1
585	/tmp/prysm-r2-extra-logs.Rd7MjT/round2-prysm-geth-585.tar.gz	/tmp/prysm-r2-extra-logs.Rd7MjT/round2-prysm-geth-585.tar.gz	execution.log;xatu-sentry.log;beacon.log;validator.log;snooper-engine.log	1	1
586	/tmp/prysm-r2-extra-logs.Rd7MjT/round2-prysm-geth-586.tar.gz	/tmp/prysm-r2-extra-logs.Rd7MjT/round2-prysm-geth-586.tar.gz	execution.log;xatu-sentry.log;beacon.log;validator.log;snooper-engine.log	1	1
587	/tmp/prysm-r2-extra-logs.Rd7MjT/round2-prysm-geth-587.tar.gz	/tmp/prysm-r2-extra-logs.Rd7MjT/round2-prysm-geth-587.tar.gz	execution.log;xatu-sentry.log;beacon.log;validator.log;snooper-engine.log	1	1
588	/tmp/prysm-r2-extra-logs.Rd7MjT/round2-prysm-geth-588.tar.gz	/tmp/prysm-r2-extra-logs.Rd7MjT/round2-prysm-geth-588.tar.gz	execution.log;xatu-sentry.log;beacon.log;validator.log;snooper-engine.log	1	1
589	/tmp/prysm-r2-extra-logs.Rd7MjT/round2-prysm-geth-589.tar.gz	/tmp/prysm-r2-extra-logs.Rd7MjT/round2-prysm-geth-589.tar.gz	execution.log;xatu-sentry.log;beacon.log;validator.log;snooper-engine.log	1	1
590	/tmp/prysm-r2-extra-logs.Rd7MjT/round2-prysm-geth-590.tar.gz	/tmp/prysm-r2-extra-logs.Rd7MjT/round2-prysm-geth-590.tar.gz	execution.log;xatu-sentry.log;beacon.log;validator.log;snooper-engine.log	1	1
591	/tmp/prysm-r2-extra-logs.Rd7MjT/round2-prysm-geth-591.tar.gz	/tmp/prysm-r2-extra-logs.Rd7MjT/round2-prysm-geth-591.tar.gz	execution.log;xatu-sentry.log;beacon.log;validator.log;snooper-engine.log	1	1
592	/tmp/prysm-r2-extra-logs.Rd7MjT/round2-prysm-geth-592.tar.gz	/tmp/prysm-r2-extra-logs.Rd7MjT/round2-prysm-geth-592.tar.gz	execution.log;xatu-sentry.log;beacon.log;validator.log;snooper-engine.log	1	1
593	/tmp/prysm-r2-extra-logs.Rd7MjT/round2-prysm-geth-593.tar.gz	/tmp/prysm-r2-extra-logs.Rd7MjT/round2-prysm-geth-593.tar.gz	execution.log;xatu-sentry.log;beacon.log;validator.log;snooper-engine.log	1	1
594	/tmp/prysm-r2-extra-logs.Rd7MjT/round2-prysm-geth-594.tar.gz	/tmp/prysm-r2-extra-logs.Rd7MjT/round2-prysm-geth-594.tar.gz	execution.log;xatu-sentry.log;beacon.log;validator.log;snooper-engine.log	1	1
595	/tmp/prysm-r2-extra-logs.Rd7MjT/round2-prysm-geth-595.tar.gz	/tmp/prysm-r2-extra-logs.Rd7MjT/round2-prysm-geth-595.tar.gz	execution.log;xatu-sentry.log;beacon.log;validator.log;snooper-engine.log	1	1
596	/tmp/prysm-r2-extra-logs.Rd7MjT/round2-prysm-geth-596.tar.gz	/tmp/prysm-r2-extra-logs.Rd7MjT/round2-prysm-geth-596.tar.gz	execution.log;xatu-sentry.log;beacon.log;validator.log;snooper-engine.log	1	1
597	/tmp/prysm-r2-extra-logs.Rd7MjT/round2-prysm-geth-597.tar.gz	/tmp/prysm-r2-extra-logs.Rd7MjT/round2-prysm-geth-597.tar.gz	execution.log;xatu-sentry.log;beacon.log;validator.log;snooper-engine.log	1	1
598	/tmp/prysm-r2-extra-logs.Rd7MjT/round2-prysm-geth-598.tar.gz	/tmp/prysm-r2-extra-logs.Rd7MjT/round2-prysm-geth-598.tar.gz	execution.log;xatu-sentry.log;beacon.log;validator.log;snooper-engine.log	1	1
599	/tmp/prysm-r2-extra-logs.Rd7MjT/round2-prysm-geth-599.tar.gz	/tmp/prysm-r2-extra-logs.Rd7MjT/round2-prysm-geth-599.tar.gz	execution.log;xatu-sentry.log;beacon.log;validator.log;snooper-engine.log	1	1
600	/tmp/prysm-r2-extra-logs.Rd7MjT/round2-prysm-geth-600.tar.gz	/tmp/prysm-r2-extra-logs.Rd7MjT/round2-prysm-geth-600.tar.gz	execution.log;xatu-sentry.log;beacon.log;validator.log;snooper-engine.log	1	1
601	/tmp/prysm-r2-extra-logs.Rd7MjT/round2-prysm-geth-601.tar.gz	/tmp/prysm-r2-extra-logs.Rd7MjT/round2-prysm-geth-601.tar.gz	execution.log;xatu-sentry.log;beacon.log;validator.log;snooper-engine.log	1	1
602	/tmp/prysm-r2-extra-logs.Rd7MjT/round2-prysm-geth-602.tar.gz	/tmp/prysm-r2-extra-logs.Rd7MjT/round2-prysm-geth-602.tar.gz	execution.log;xatu-sentry.log;beacon.log;validator.log;snooper-engine.log	1	1
603	/tmp/prysm-r2-extra-logs.Rd7MjT/round2-prysm-geth-603.tar.gz	/tmp/prysm-r2-extra-logs.Rd7MjT/round2-prysm-geth-603.tar.gz	execution.log;xatu-sentry.log;beacon.log;validator.log;snooper-engine.log	1	1
604	/tmp/prysm-r2-extra-logs.Rd7MjT/round2-prysm-geth-604.tar.gz	/tmp/prysm-r2-extra-logs.Rd7MjT/round2-prysm-geth-604.tar.gz	execution.log;xatu-sentry.log;beacon.log;validator.log;snooper-engine.log	1	1
605	/tmp/prysm-r2-extra-logs.Rd7MjT/round2-prysm-geth-605.tar.gz	/tmp/prysm-r2-extra-logs.Rd7MjT/round2-prysm-geth-605.tar.gz	execution.log;xatu-sentry.log;beacon.log;validator.log;snooper-engine.log	1	1
606	/tmp/prysm-r2-extra-logs.Rd7MjT/round2-prysm-geth-606.tar.gz	/tmp/prysm-r2-extra-logs.Rd7MjT/round2-prysm-geth-606.tar.gz	execution.log;xatu-sentry.log;beacon.log;validator.log;snooper-engine.log	1	1
607	/tmp/prysm-r2-extra-logs.Rd7MjT/round2-prysm-geth-607.tar.gz	/tmp/prysm-r2-extra-logs.Rd7MjT/round2-prysm-geth-607.tar.gz	execution.log;xatu-sentry.log;beacon.log;validator.log;snooper-engine.log	1	1
608	/tmp/prysm-r2-extra-logs.Rd7MjT/round2-prysm-geth-608.tar.gz	/tmp/prysm-r2-extra-logs.Rd7MjT/round2-prysm-geth-608.tar.gz	execution.log;xatu-sentry.log;beacon.log;validator.log;snooper-engine.log	1	1
609	/tmp/prysm-r2-extra-logs.Rd7MjT/round2-prysm-geth-609.tar.gz	/tmp/prysm-r2-extra-logs.Rd7MjT/round2-prysm-geth-609.tar.gz	execution.log;xatu-sentry.log;beacon.log;validator.log;snooper-engine.log	1	1
610	/tmp/prysm-r2-extra-logs.Rd7MjT/round2-prysm-geth-610.tar.gz	/tmp/prysm-r2-extra-logs.Rd7MjT/round2-prysm-geth-610.tar.gz	execution.log;xatu-sentry.log;beacon.log;validator.log;snooper-engine.log	1	1
611	/tmp/prysm-r2-extra-logs.Rd7MjT/round2-prysm-geth-611.tar.gz	/tmp/prysm-r2-extra-logs.Rd7MjT/round2-prysm-geth-611.tar.gz	execution.log;xatu-sentry.log;beacon.log;validator.log;snooper-engine.log	1	1
612	/tmp/prysm-r2-extra-logs.Rd7MjT/round2-prysm-geth-612.tar.gz	/tmp/prysm-r2-extra-logs.Rd7MjT/round2-prysm-geth-612.tar.gz	execution.log;xatu-sentry.log;beacon.log;validator.log;snooper-engine.log	1	1
613	/tmp/prysm-r2-extra-logs.Rd7MjT/round2-prysm-geth-613.tar.gz	/tmp/prysm-r2-extra-logs.Rd7MjT/round2-prysm-geth-613.tar.gz	execution.log;xatu-sentry.log;beacon.log;validator.log;snooper-engine.log	1	1
614	/tmp/prysm-r2-extra-logs.Rd7MjT/round2-prysm-geth-614.tar.gz	/tmp/prysm-r2-extra-logs.Rd7MjT/round2-prysm-geth-614.tar.gz	execution.log;xatu-sentry.log;beacon.log;validator.log;snooper-engine.log	1	1
615	/tmp/prysm-r2-extra-logs.Rd7MjT/round2-prysm-geth-615.tar.gz	/tmp/prysm-r2-extra-logs.Rd7MjT/round2-prysm-geth-615.tar.gz	execution.log;xatu-sentry.log;beacon.log;validator.log;snooper-engine.log	1	1
616	/tmp/prysm-r2-extra-logs.Rd7MjT/round2-prysm-geth-616.tar.gz	/tmp/prysm-r2-extra-logs.Rd7MjT/round2-prysm-geth-616.tar.gz	execution.log;xatu-sentry.log;beacon.log;validator.log;snooper-engine.log	1	1
617	/tmp/prysm-r2-extra-logs.Rd7MjT/round2-prysm-geth-617.tar.gz	/tmp/prysm-r2-extra-logs.Rd7MjT/round2-prysm-geth-617.tar.gz	execution.log;xatu-sentry.log;beacon.log;validator.log;snooper-engine.log	1	1
618	/tmp/prysm-r2-extra-logs.Rd7MjT/round2-prysm-geth-618.tar.gz	/tmp/prysm-r2-extra-logs.Rd7MjT/round2-prysm-geth-618.tar.gz	execution.log;xatu-sentry.log;beacon.log;validator.log;snooper-engine.log	1	1
619	/tmp/prysm-r2-extra-logs.Rd7MjT/round2-prysm-geth-619.tar.gz	/tmp/prysm-r2-extra-logs.Rd7MjT/round2-prysm-geth-619.tar.gz	execution.log;xatu-sentry.log;beacon.log;validator.log;snooper-engine.log	1	1
620	/tmp/prysm-r2-extra-logs.Rd7MjT/round2-prysm-geth-620.tar.gz	/tmp/prysm-r2-extra-logs.Rd7MjT/round2-prysm-geth-620.tar.gz	execution.log;xatu-sentry.log;beacon.log;validator.log;snooper-engine.log	1	1
621	/tmp/prysm-r2-extra-logs.Rd7MjT/round2-prysm-geth-621.tar.gz	/tmp/prysm-r2-extra-logs.Rd7MjT/round2-prysm-geth-621.tar.gz	execution.log;xatu-sentry.log;beacon.log;validator.log;snooper-engine.log	1	1
622	/tmp/prysm-r2-extra-logs.Rd7MjT/round2-prysm-geth-622.tar.gz	/tmp/prysm-r2-extra-logs.Rd7MjT/round2-prysm-geth-622.tar.gz	execution.log;xatu-sentry.log;beacon.log;validator.log;snooper-engine.log	1	1
623	/tmp/prysm-r2-extra-logs.Rd7MjT/round2-prysm-geth-623.tar.gz	/tmp/prysm-r2-extra-logs.Rd7MjT/round2-prysm-geth-623.tar.gz	execution.log;xatu-sentry.log;beacon.log;validator.log;snooper-engine.log	1	1
624	/tmp/prysm-r2-extra-logs.Rd7MjT/round2-prysm-geth-624.tar.gz	/tmp/prysm-r2-extra-logs.Rd7MjT/round2-prysm-geth-624.tar.gz	execution.log;xatu-sentry.log;beacon.log;validator.log;snooper-engine.log	1	1
625	/tmp/prysm-r2-extra-logs.Rd7MjT/round2-prysm-geth-625.tar.gz	/tmp/prysm-r2-extra-logs.Rd7MjT/round2-prysm-geth-625.tar.gz	execution.log;xatu-sentry.log;beacon.log;validator.log;snooper-engine.log	1	1
626	/tmp/prysm-r2-extra-logs.Rd7MjT/round2-prysm-geth-626.tar.gz	/tmp/prysm-r2-extra-logs.Rd7MjT/round2-prysm-geth-626.tar.gz	execution.log;xatu-sentry.log;beacon.log;validator.log;snooper-engine.log	1	1
627	/tmp/prysm-r2-extra-logs.Rd7MjT/round2-prysm-geth-627.tar.gz	/tmp/prysm-r2-extra-logs.Rd7MjT/round2-prysm-geth-627.tar.gz	execution.log;xatu-sentry.log;beacon.log;validator.log;snooper-engine.log	1	1
628	/tmp/prysm-r2-extra-logs.Rd7MjT/round2-prysm-geth-628.tar.gz	/tmp/prysm-r2-extra-logs.Rd7MjT/round2-prysm-geth-628.tar.gz	execution.log;xatu-sentry.log;beacon.log;validator.log;snooper-engine.log	1	1
629	/tmp/prysm-r2-extra-logs.Rd7MjT/round2-prysm-geth-629.tar.gz	/tmp/prysm-r2-extra-logs.Rd7MjT/round2-prysm-geth-629.tar.gz	execution.log;xatu-sentry.log;beacon.log;validator.log;snooper-engine.log	1	1
630	/tmp/prysm-r2-extra-logs.Rd7MjT/round2-prysm-geth-630.tar.gz	/tmp/prysm-r2-extra-logs.Rd7MjT/round2-prysm-geth-630.tar.gz	execution.log;xatu-sentry.log;beacon.log;validator.log;snooper-engine.log	1	1
631	/tmp/prysm-r2-extra-logs.Rd7MjT/round2-prysm-geth-631.tar.gz	/tmp/prysm-r2-extra-logs.Rd7MjT/round2-prysm-geth-631.tar.gz	execution.log;xatu-sentry.log;beacon.log;validator.log;snooper-engine.log	1	1
632	/tmp/prysm-r2-extra-logs.Rd7MjT/round2-prysm-geth-632.tar.gz	/tmp/prysm-r2-extra-logs.Rd7MjT/round2-prysm-geth-632.tar.gz	execution.log;xatu-sentry.log;beacon.log;validator.log;snooper-engine.log	1	1
633	/tmp/prysm-r2-extra-logs.Rd7MjT/round2-prysm-geth-633.tar.gz	/tmp/prysm-r2-extra-logs.Rd7MjT/round2-prysm-geth-633.tar.gz	execution.log;xatu-sentry.log;beacon.log;validator.log;snooper-engine.log	1	1
634	/tmp/prysm-r2-extra-logs.Rd7MjT/round2-prysm-geth-634.tar.gz	/tmp/prysm-r2-extra-logs.Rd7MjT/round2-prysm-geth-634.tar.gz	execution.log;xatu-sentry.log;beacon.log;validator.log;snooper-engine.log	1	1
635	/tmp/prysm-r2-extra-logs.Rd7MjT/round2-prysm-geth-635.tar.gz	/tmp/prysm-r2-extra-logs.Rd7MjT/round2-prysm-geth-635.tar.gz	execution.log;xatu-sentry.log;beacon.log;validator.log;snooper-engine.log	1	1
636	/tmp/prysm-r2-extra-logs.Rd7MjT/round2-prysm-geth-636.tar.gz	/tmp/prysm-r2-extra-logs.Rd7MjT/round2-prysm-geth-636.tar.gz	execution.log;xatu-sentry.log;beacon.log;validator.log;snooper-engine.log	1	1
637	/tmp/prysm-r2-extra-logs.Rd7MjT/round2-prysm-geth-637.tar.gz	/tmp/prysm-r2-extra-logs.Rd7MjT/round2-prysm-geth-637.tar.gz	execution.log;xatu-sentry.log;beacon.log;validator.log;snooper-engine.log	1	1
638	/tmp/prysm-r2-extra-logs.Rd7MjT/round2-prysm-geth-638.tar.gz	/tmp/prysm-r2-extra-logs.Rd7MjT/round2-prysm-geth-638.tar.gz	execution.log;xatu-sentry.log;beacon.log;validator.log;snooper-engine.log	1	1
639	/tmp/prysm-r2-extra-logs.Rd7MjT/round2-prysm-geth-639.tar.gz	/tmp/prysm-r2-extra-logs.Rd7MjT/round2-prysm-geth-639.tar.gz	execution.log;xatu-sentry.log;beacon.log;validator.log;snooper-engine.log	1	1
640	/tmp/prysm-r2-extra-logs.Rd7MjT/round2-prysm-geth-640.tar.gz	/tmp/prysm-r2-extra-logs.Rd7MjT/round2-prysm-geth-640.tar.gz	execution.log;xatu-sentry.log;beacon.log;validator.log;snooper-engine.log	1	1
641	/tmp/prysm-r2-extra-logs.Rd7MjT/round2-prysm-geth-641.tar.gz	/tmp/prysm-r2-extra-logs.Rd7MjT/round2-prysm-geth-641.tar.gz	execution.log;xatu-sentry.log;beacon.log;validator.log;snooper-engine.log	1	1
642	/tmp/prysm-r2-extra-logs.Rd7MjT/round2-prysm-geth-642.tar.gz	/tmp/prysm-r2-extra-logs.Rd7MjT/round2-prysm-geth-642.tar.gz	execution.log;xatu-sentry.log;beacon.log;validator.log;snooper-engine.log	1	1
643	/tmp/prysm-r2-extra-logs.Rd7MjT/round2-prysm-geth-643.tar.gz	/tmp/prysm-r2-extra-logs.Rd7MjT/round2-prysm-geth-643.tar.gz	execution.log;xatu-sentry.log;beacon.log;validator.log;snooper-engine.log	1	1
644	/tmp/prysm-r2-extra-logs.Rd7MjT/round2-prysm-geth-644.tar.gz	/tmp/prysm-r2-extra-logs.Rd7MjT/round2-prysm-geth-644.tar.gz	execution.log;xatu-sentry.log;beacon.log;validator.log;snooper-engine.log	1	1
645	/tmp/prysm-r2-extra-logs.Rd7MjT/round2-prysm-geth-645.tar.gz	/tmp/prysm-r2-extra-logs.Rd7MjT/round2-prysm-geth-645.tar.gz	execution.log;xatu-sentry.log;beacon.log;validator.log;snooper-engine.log	1	1
646	/tmp/prysm-r2-extra-logs.Rd7MjT/round2-prysm-geth-646.tar.gz	/tmp/prysm-r2-extra-logs.Rd7MjT/round2-prysm-geth-646.tar.gz	execution.log;xatu-sentry.log;beacon.log;validator.log;snooper-engine.log	1	1
647	/tmp/prysm-r2-extra-logs.Rd7MjT/round2-prysm-geth-647.tar.gz	/tmp/prysm-r2-extra-logs.Rd7MjT/round2-prysm-geth-647.tar.gz	execution.log;xatu-sentry.log;beacon.log;validator.log;snooper-engine.log	1	1
648	/tmp/prysm-r2-extra-logs.Rd7MjT/round2-prysm-geth-648.tar.gz	/tmp/prysm-r2-extra-logs.Rd7MjT/round2-prysm-geth-648.tar.gz	execution.log;xatu-sentry.log;beacon.log;validator.log;snooper-engine.log	1	1
649	/tmp/prysm-r2-extra-logs.Rd7MjT/round2-prysm-geth-649.tar.gz	/tmp/prysm-r2-extra-logs.Rd7MjT/round2-prysm-geth-649.tar.gz	execution.log;xatu-sentry.log;beacon.log;validator.log;snooper-engine.log	1	1
650	/tmp/prysm-r2-extra-logs.Rd7MjT/round2-prysm-geth-650.tar.gz	/tmp/prysm-r2-extra-logs.Rd7MjT/round2-prysm-geth-650.tar.gz	execution.log;xatu-sentry.log;beacon.log;validator.log;snooper-engine.log	1	1
651	/tmp/prysm-r2-extra-logs.Rd7MjT/round2-prysm-geth-651.tar.gz	/tmp/prysm-r2-extra-logs.Rd7MjT/round2-prysm-geth-651.tar.gz	execution.log;xatu-sentry.log;beacon.log;validator.log;snooper-engine.log	1	1
652	/tmp/prysm-r2-extra-logs.Rd7MjT/round2-prysm-geth-652.tar.gz	/tmp/prysm-r2-extra-logs.Rd7MjT/round2-prysm-geth-652.tar.gz	execution.log;xatu-sentry.log;beacon.log;validator.log;snooper-engine.log	1	1
653	/tmp/prysm-r2-extra-logs.Rd7MjT/round2-prysm-geth-653.tar.gz	/tmp/prysm-r2-extra-logs.Rd7MjT/round2-prysm-geth-653.tar.gz	execution.log;xatu-sentry.log;beacon.log;validator.log;snooper-engine.log	1	1
654	/tmp/prysm-r2-extra-logs.Rd7MjT/round2-prysm-geth-654.tar.gz	/tmp/prysm-r2-extra-logs.Rd7MjT/round2-prysm-geth-654.tar.gz	execution.log;xatu-sentry.log;beacon.log;validator.log;snooper-engine.log	1	1
655	/tmp/prysm-r2-extra-logs.Rd7MjT/round2-prysm-geth-655.tar.gz	/tmp/prysm-r2-extra-logs.Rd7MjT/round2-prysm-geth-655.tar.gz	execution.log;xatu-sentry.log;beacon.log;validator.log;snooper-engine.log	1	1
656	/tmp/prysm-r2-extra-logs.Rd7MjT/round2-prysm-geth-656.tar.gz	/tmp/prysm-r2-extra-logs.Rd7MjT/round2-prysm-geth-656.tar.gz	execution.log;xatu-sentry.log;beacon.log;validator.log;snooper-engine.log	1	1
657	/tmp/prysm-r2-extra-logs.Rd7MjT/round2-prysm-geth-657.tar.gz	/tmp/prysm-r2-extra-logs.Rd7MjT/round2-prysm-geth-657.tar.gz	execution.log;xatu-sentry.log;beacon.log;validator.log;snooper-engine.log	1	1
658	/tmp/prysm-r2-extra-logs.Rd7MjT/round2-prysm-geth-658.tar.gz	/tmp/prysm-r2-extra-logs.Rd7MjT/round2-prysm-geth-658.tar.gz	execution.log;xatu-sentry.log;beacon.log;validator.log;snooper-engine.log	1	1
659	/tmp/prysm-r2-extra-logs.Rd7MjT/round2-prysm-geth-659.tar.gz	/tmp/prysm-r2-extra-logs.Rd7MjT/round2-prysm-geth-659.tar.gz	execution.log;xatu-sentry.log;beacon.log;validator.log;snooper-engine.log	1	1
660	/tmp/prysm-r2-extra-logs.Rd7MjT/round2-prysm-geth-660.tar.gz	/tmp/prysm-r2-extra-logs.Rd7MjT/round2-prysm-geth-660.tar.gz	execution.log;xatu-sentry.log;beacon.log;validator.log;snooper-engine.log	1	1
661	/tmp/prysm-r2-extra-logs.Rd7MjT/round2-prysm-geth-661.tar.gz	/tmp/prysm-r2-extra-logs.Rd7MjT/round2-prysm-geth-661.tar.gz	execution.log;xatu-sentry.log;beacon.log;validator.log;snooper-engine.log	1	1
662	/tmp/prysm-r2-extra-logs.Rd7MjT/round2-prysm-geth-662.tar.gz	/tmp/prysm-r2-extra-logs.Rd7MjT/round2-prysm-geth-662.tar.gz	execution.log;xatu-sentry.log;beacon.log;validator.log;snooper-engine.log	1	1
663	/tmp/prysm-r2-extra-logs.Rd7MjT/round2-prysm-geth-663.tar.gz	/tmp/prysm-r2-extra-logs.Rd7MjT/round2-prysm-geth-663.tar.gz	execution.log;xatu-sentry.log;beacon.log;validator.log;snooper-engine.log	1	1
664	/tmp/prysm-r2-extra-logs.Rd7MjT/round2-prysm-geth-664.tar.gz	/tmp/prysm-r2-extra-logs.Rd7MjT/round2-prysm-geth-664.tar.gz	execution.log;xatu-sentry.log;beacon.log;validator.log;snooper-engine.log	1	1
665	/tmp/prysm-r2-extra-logs.Rd7MjT/round2-prysm-geth-665.tar.gz	/tmp/prysm-r2-extra-logs.Rd7MjT/round2-prysm-geth-665.tar.gz	execution.log;xatu-sentry.log;beacon.log;validator.log;snooper-engine.log	1	1
666	/tmp/prysm-r2-extra-logs.Rd7MjT/round2-prysm-geth-666.tar.gz	/tmp/prysm-r2-extra-logs.Rd7MjT/round2-prysm-geth-666.tar.gz	execution.log;xatu-sentry.log;beacon.log;validator.log;snooper-engine.log	1	1
667	/tmp/prysm-r2-extra-logs.Rd7MjT/round2-prysm-geth-667.tar.gz	/tmp/prysm-r2-extra-logs.Rd7MjT/round2-prysm-geth-667.tar.gz	execution.log;xatu-sentry.log;beacon.log;validator.log;snooper-engine.log	1	1
668	/tmp/prysm-r2-extra-logs.Rd7MjT/round2-prysm-geth-668.tar.gz	/tmp/prysm-r2-extra-logs.Rd7MjT/round2-prysm-geth-668.tar.gz	execution.log;xatu-sentry.log;beacon.log;validator.log;snooper-engine.log	1	1
669	/tmp/prysm-r2-extra-logs.Rd7MjT/round2-prysm-geth-669.tar.gz	/tmp/prysm-r2-extra-logs.Rd7MjT/round2-prysm-geth-669.tar.gz	execution.log;xatu-sentry.log;beacon.log;validator.log;snooper-engine.log	1	1
670	/tmp/prysm-r2-extra-logs.Rd7MjT/round2-prysm-geth-670.tar.gz	/tmp/prysm-r2-extra-logs.Rd7MjT/round2-prysm-geth-670.tar.gz	execution.log;xatu-sentry.log;beacon.log;validator.log;snooper-engine.log	1	1
671	/tmp/prysm-r2-extra-logs.Rd7MjT/round2-prysm-geth-671.tar.gz	/tmp/prysm-r2-extra-logs.Rd7MjT/round2-prysm-geth-671.tar.gz	execution.log;xatu-sentry.log;beacon.log;validator.log;snooper-engine.log	1	1
672	/tmp/prysm-r2-extra-logs.Rd7MjT/round2-prysm-geth-672.tar.gz	/tmp/prysm-r2-extra-logs.Rd7MjT/round2-prysm-geth-672.tar.gz	execution.log;xatu-sentry.log;beacon.log;validator.log;snooper-engine.log	1	1
673	/tmp/prysm-r2-extra-logs.Rd7MjT/round2-prysm-geth-673.tar.gz	/tmp/prysm-r2-extra-logs.Rd7MjT/round2-prysm-geth-673.tar.gz	execution.log;xatu-sentry.log;beacon.log;validator.log;snooper-engine.log	1	1
674	/tmp/prysm-r2-extra-logs.Rd7MjT/round2-prysm-geth-674.tar.gz	/tmp/prysm-r2-extra-logs.Rd7MjT/round2-prysm-geth-674.tar.gz	execution.log;xatu-sentry.log;beacon.log;validator.log;snooper-engine.log	1	1
675	/tmp/prysm-r2-extra-logs.Rd7MjT/round2-prysm-geth-675.tar.gz	/tmp/prysm-r2-extra-logs.Rd7MjT/round2-prysm-geth-675.tar.gz	execution.log;xatu-sentry.log;beacon.log;validator.log;snooper-engine.log	1	1
676	/tmp/prysm-r2-extra-logs.Rd7MjT/round2-prysm-geth-676.tar.gz	/tmp/prysm-r2-extra-logs.Rd7MjT/round2-prysm-geth-676.tar.gz	execution.log;xatu-sentry.log;beacon.log;validator.log;snooper-engine.log	1	1
677	/tmp/prysm-r2-extra-logs.Rd7MjT/round2-prysm-geth-677.tar.gz	/tmp/prysm-r2-extra-logs.Rd7MjT/round2-prysm-geth-677.tar.gz	execution.log;xatu-sentry.log;beacon.log;validator.log;snooper-engine.log	1	1
678	/tmp/prysm-r2-extra-logs.Rd7MjT/round2-prysm-geth-678.tar.gz	/tmp/prysm-r2-extra-logs.Rd7MjT/round2-prysm-geth-678.tar.gz	execution.log;xatu-sentry.log;beacon.log;validator.log;snooper-engine.log	1	1
679	/tmp/prysm-r2-extra-logs.Rd7MjT/round2-prysm-geth-679.tar.gz	/tmp/prysm-r2-extra-logs.Rd7MjT/round2-prysm-geth-679.tar.gz	execution.log;xatu-sentry.log;beacon.log;validator.log;snooper-engine.log	1	1
680	/tmp/prysm-r2-extra-logs.Rd7MjT/round2-prysm-geth-680.tar.gz	/tmp/prysm-r2-extra-logs.Rd7MjT/round2-prysm-geth-680.tar.gz	execution.log;xatu-sentry.log;beacon.log;validator.log;snooper-engine.log	1	1
681	/tmp/prysm-r2-extra-logs.Rd7MjT/round2-prysm-geth-681.tar.gz	/tmp/prysm-r2-extra-logs.Rd7MjT/round2-prysm-geth-681.tar.gz	execution.log;xatu-sentry.log;beacon.log;validator.log;snooper-engine.log	1	1
682	/tmp/prysm-r2-extra-logs.Rd7MjT/round2-prysm-geth-682.tar.gz	/tmp/prysm-r2-extra-logs.Rd7MjT/round2-prysm-geth-682.tar.gz	execution.log;xatu-sentry.log;beacon.log;validator.log;snooper-engine.log	1	1
683	/tmp/prysm-r2-extra-logs.Rd7MjT/round2-prysm-geth-683.tar.gz	/tmp/prysm-r2-extra-logs.Rd7MjT/round2-prysm-geth-683.tar.gz	execution.log;xatu-sentry.log;beacon.log;validator.log;snooper-engine.log	1	1
684	/tmp/prysm-r2-extra-logs.Rd7MjT/round2-prysm-geth-684.tar.gz	/tmp/prysm-r2-extra-logs.Rd7MjT/round2-prysm-geth-684.tar.gz	execution.log;xatu-sentry.log;beacon.log;validator.log;snooper-engine.log	1	1
685	/tmp/prysm-r2-extra-logs.Rd7MjT/round2-prysm-geth-685.tar.gz	/tmp/prysm-r2-extra-logs.Rd7MjT/round2-prysm-geth-685.tar.gz	execution.log;xatu-sentry.log;beacon.log;validator.log;snooper-engine.log	1	1
686	/tmp/prysm-r2-extra-logs.Rd7MjT/round2-prysm-geth-686.tar.gz	/tmp/prysm-r2-extra-logs.Rd7MjT/round2-prysm-geth-686.tar.gz	execution.log;xatu-sentry.log;beacon.log;validator.log;snooper-engine.log	1	1
687	/tmp/prysm-r2-extra-logs.Rd7MjT/round2-prysm-geth-687.tar.gz	/tmp/prysm-r2-extra-logs.Rd7MjT/round2-prysm-geth-687.tar.gz	execution.log;xatu-sentry.log;beacon.log;validator.log;snooper-engine.log	1	1
688	/tmp/prysm-r2-extra-logs.Rd7MjT/round2-prysm-geth-688.tar.gz	/tmp/prysm-r2-extra-logs.Rd7MjT/round2-prysm-geth-688.tar.gz	execution.log;xatu-sentry.log;beacon.log;validator.log;snooper-engine.log	1	1
689	/tmp/prysm-r2-extra-logs.Rd7MjT/round2-prysm-geth-689.tar.gz	/tmp/prysm-r2-extra-logs.Rd7MjT/round2-prysm-geth-689.tar.gz	execution.log;xatu-sentry.log;beacon.log;validator.log;snooper-engine.log	1	1
690	/tmp/prysm-r2-extra-logs.Rd7MjT/round2-prysm-geth-690.tar.gz	/tmp/prysm-r2-extra-logs.Rd7MjT/round2-prysm-geth-690.tar.gz	execution.log;xatu-sentry.log;beacon.log;validator.log;snooper-engine.log	1	1
691	/tmp/prysm-r2-extra-logs.Rd7MjT/round2-prysm-geth-691.tar.gz	/tmp/prysm-r2-extra-logs.Rd7MjT/round2-prysm-geth-691.tar.gz	execution.log;xatu-sentry.log;beacon.log;validator.log;snooper-engine.log	1	1
692	/tmp/prysm-r2-extra-logs.Rd7MjT/round2-prysm-geth-692.tar.gz	/tmp/prysm-r2-extra-logs.Rd7MjT/round2-prysm-geth-692.tar.gz	execution.log;xatu-sentry.log;beacon.log;validator.log;snooper-engine.log	1	1
693	/tmp/prysm-r2-extra-logs.Rd7MjT/round2-prysm-geth-693.tar.gz	/tmp/prysm-r2-extra-logs.Rd7MjT/round2-prysm-geth-693.tar.gz	execution.log;xatu-sentry.log;beacon.log;validator.log;snooper-engine.log	1	1
694	/tmp/prysm-r2-extra-logs.Rd7MjT/round2-prysm-geth-694.tar.gz	/tmp/prysm-r2-extra-logs.Rd7MjT/round2-prysm-geth-694.tar.gz	execution.log;xatu-sentry.log;beacon.log;validator.log;snooper-engine.log	1	1
695	/tmp/prysm-r2-extra-logs.Rd7MjT/round2-prysm-geth-695.tar.gz	/tmp/prysm-r2-extra-logs.Rd7MjT/round2-prysm-geth-695.tar.gz	execution.log;xatu-sentry.log;beacon.log;validator.log;snooper-engine.log	1	1
696	/tmp/prysm-r2-extra-logs.Rd7MjT/round2-prysm-geth-696.tar.gz	/tmp/prysm-r2-extra-logs.Rd7MjT/round2-prysm-geth-696.tar.gz	execution.log;xatu-sentry.log;beacon.log;validator.log;snooper-engine.log	1	1
697	/tmp/prysm-r2-extra-logs.Rd7MjT/round2-prysm-geth-697.tar.gz	/tmp/prysm-r2-extra-logs.Rd7MjT/round2-prysm-geth-697.tar.gz	execution.log;xatu-sentry.log;beacon.log;validator.log;snooper-engine.log	1	1
698	/tmp/prysm-r2-extra-logs.Rd7MjT/round2-prysm-geth-698.tar.gz	/tmp/prysm-r2-extra-logs.Rd7MjT/round2-prysm-geth-698.tar.gz	execution.log;xatu-sentry.log;beacon.log;validator.log;snooper-engine.log	1	1
699	/tmp/prysm-r2-extra-logs.Rd7MjT/round2-prysm-geth-699.tar.gz	/tmp/prysm-r2-extra-logs.Rd7MjT/round2-prysm-geth-699.tar.gz	execution.log;xatu-sentry.log;beacon.log;validator.log;snooper-engine.log	1	1
700	/tmp/prysm-r2-extra-logs.Rd7MjT/round2-prysm-geth-700.tar.gz	/tmp/prysm-r2-extra-logs.Rd7MjT/round2-prysm-geth-700.tar.gz;/home/sukun/dev/prysm2/runs/round2/round2-prysm-geth-700.tar.gz	execution.log;xatu-sentry.log;beacon.log;validator.log;snooper-engine.log	1	1
701	/tmp/prysm-r2-extra-logs.Rd7MjT/round2-prysm-geth-701.tar.gz	/tmp/prysm-r2-extra-logs.Rd7MjT/round2-prysm-geth-701.tar.gz	execution.log;xatu-sentry.log;beacon.log;validator.log;snooper-engine.log	1	1
702	/tmp/prysm-r2-extra-logs.Rd7MjT/round2-prysm-geth-702.tar.gz	/tmp/prysm-r2-extra-logs.Rd7MjT/round2-prysm-geth-702.tar.gz	execution.log;xatu-sentry.log;beacon.log;validator.log;snooper-engine.log	1	1
703	/tmp/prysm-r2-extra-logs.Rd7MjT/round2-prysm-geth-703.tar.gz	/tmp/prysm-r2-extra-logs.Rd7MjT/round2-prysm-geth-703.tar.gz	execution.log;xatu-sentry.log;beacon.log;validator.log;snooper-engine.log	1	1
704	/tmp/prysm-r2-extra-logs.Rd7MjT/round2-prysm-geth-704.tar.gz	/tmp/prysm-r2-extra-logs.Rd7MjT/round2-prysm-geth-704.tar.gz	execution.log;xatu-sentry.log;beacon.log;validator.log;snooper-engine.log	1	1
705	/tmp/prysm-r2-extra-logs.Rd7MjT/round2-prysm-geth-705.tar.gz	/tmp/prysm-r2-extra-logs.Rd7MjT/round2-prysm-geth-705.tar.gz	execution.log;xatu-sentry.log;beacon.log;validator.log;snooper-engine.log	1	1
706	/tmp/prysm-r2-extra-logs.Rd7MjT/round2-prysm-geth-706.tar.gz	/tmp/prysm-r2-extra-logs.Rd7MjT/round2-prysm-geth-706.tar.gz	execution.log;xatu-sentry.log;beacon.log;validator.log;snooper-engine.log	1	1
707	/tmp/prysm-r2-extra-logs.Rd7MjT/round2-prysm-geth-707.tar.gz	/tmp/prysm-r2-extra-logs.Rd7MjT/round2-prysm-geth-707.tar.gz	execution.log;xatu-sentry.log;beacon.log;validator.log;snooper-engine.log	1	1
708	/tmp/prysm-r2-extra-logs.Rd7MjT/round2-prysm-geth-708.tar.gz	/tmp/prysm-r2-extra-logs.Rd7MjT/round2-prysm-geth-708.tar.gz	execution.log;xatu-sentry.log;beacon.log;validator.log;snooper-engine.log	1	1
709	/tmp/prysm-r2-extra-logs.Rd7MjT/round2-prysm-geth-709.tar.gz	/tmp/prysm-r2-extra-logs.Rd7MjT/round2-prysm-geth-709.tar.gz	execution.log;xatu-sentry.log;beacon.log;validator.log;snooper-engine.log	1	1
710	/tmp/prysm-r2-extra-logs.Rd7MjT/round2-prysm-geth-710.tar.gz	/tmp/prysm-r2-extra-logs.Rd7MjT/round2-prysm-geth-710.tar.gz	execution.log;xatu-sentry.log;beacon.log;validator.log;snooper-engine.log	1	1
711	/tmp/prysm-r2-extra-logs.Rd7MjT/round2-prysm-geth-711.tar.gz	/tmp/prysm-r2-extra-logs.Rd7MjT/round2-prysm-geth-711.tar.gz	execution.log;xatu-sentry.log;beacon.log;validator.log;snooper-engine.log	1	1
712	/tmp/prysm-r2-extra-logs.Rd7MjT/round2-prysm-geth-712.tar.gz	/tmp/prysm-r2-extra-logs.Rd7MjT/round2-prysm-geth-712.tar.gz	execution.log;xatu-sentry.log;beacon.log;validator.log;snooper-engine.log	1	1
713	/tmp/prysm-r2-extra-logs.Rd7MjT/round2-prysm-geth-713.tar.gz	/tmp/prysm-r2-extra-logs.Rd7MjT/round2-prysm-geth-713.tar.gz	execution.log;xatu-sentry.log;beacon.log;validator.log;snooper-engine.log	1	1
714	/tmp/prysm-r2-extra-logs.Rd7MjT/round2-prysm-geth-714.tar.gz	/tmp/prysm-r2-extra-logs.Rd7MjT/round2-prysm-geth-714.tar.gz	execution.log;xatu-sentry.log;beacon.log;validator.log;snooper-engine.log	1	1
715	/tmp/prysm-r2-extra-logs.Rd7MjT/round2-prysm-geth-715.tar.gz	/tmp/prysm-r2-extra-logs.Rd7MjT/round2-prysm-geth-715.tar.gz	execution.log;xatu-sentry.log;beacon.log;validator.log;snooper-engine.log	1	1
716	/tmp/prysm-r2-extra-logs.Rd7MjT/round2-prysm-geth-716.tar.gz	/tmp/prysm-r2-extra-logs.Rd7MjT/round2-prysm-geth-716.tar.gz	execution.log;xatu-sentry.log;beacon.log;validator.log;snooper-engine.log	1	1
717	/tmp/prysm-r2-extra-logs.Rd7MjT/round2-prysm-geth-717.tar.gz	/tmp/prysm-r2-extra-logs.Rd7MjT/round2-prysm-geth-717.tar.gz	execution.log;xatu-sentry.log;beacon.log;validator.log;snooper-engine.log	1	1
718	/tmp/prysm-r2-extra-logs.Rd7MjT/round2-prysm-geth-718.tar.gz	/tmp/prysm-r2-extra-logs.Rd7MjT/round2-prysm-geth-718.tar.gz	execution.log;xatu-sentry.log;beacon.log;validator.log;snooper-engine.log	1	1
719	/tmp/prysm-r2-extra-logs.Rd7MjT/round2-prysm-geth-719.tar.gz	/tmp/prysm-r2-extra-logs.Rd7MjT/round2-prysm-geth-719.tar.gz	execution.log;xatu-sentry.log;beacon.log;validator.log;snooper-engine.log	1	1
720	/tmp/prysm-r2-extra-logs.Rd7MjT/round2-prysm-geth-720.tar.gz	/tmp/prysm-r2-extra-logs.Rd7MjT/round2-prysm-geth-720.tar.gz	execution.log;xatu-sentry.log;beacon.log;validator.log;snooper-engine.log	1	1
721	/tmp/prysm-r2-extra-logs.Rd7MjT/round2-prysm-geth-721.tar.gz	/tmp/prysm-r2-extra-logs.Rd7MjT/round2-prysm-geth-721.tar.gz	execution.log;xatu-sentry.log;beacon.log;validator.log;snooper-engine.log	1	1
722	/tmp/prysm-r2-extra-logs.Rd7MjT/round2-prysm-geth-722.tar.gz	/tmp/prysm-r2-extra-logs.Rd7MjT/round2-prysm-geth-722.tar.gz	execution.log;xatu-sentry.log;beacon.log;validator.log;snooper-engine.log	1	1
723	/tmp/prysm-r2-extra-logs.Rd7MjT/round2-prysm-geth-723.tar.gz	/tmp/prysm-r2-extra-logs.Rd7MjT/round2-prysm-geth-723.tar.gz	execution.log;xatu-sentry.log;beacon.log;validator.log;snooper-engine.log	1	1
724	/tmp/prysm-r2-extra-logs.Rd7MjT/round2-prysm-geth-724.tar.gz	/tmp/prysm-r2-extra-logs.Rd7MjT/round2-prysm-geth-724.tar.gz	execution.log;xatu-sentry.log;beacon.log;validator.log;snooper-engine.log	1	1
725	/tmp/prysm-r2-extra-logs.Rd7MjT/round2-prysm-geth-725.tar.gz	/tmp/prysm-r2-extra-logs.Rd7MjT/round2-prysm-geth-725.tar.gz	execution.log;xatu-sentry.log;beacon.log;validator.log;snooper-engine.log	1	1
726	/tmp/prysm-r2-extra-logs.Rd7MjT/round2-prysm-geth-726.tar.gz	/tmp/prysm-r2-extra-logs.Rd7MjT/round2-prysm-geth-726.tar.gz	execution.log;xatu-sentry.log;beacon.log;validator.log;snooper-engine.log	1	1
727	/tmp/prysm-r2-extra-logs.Rd7MjT/round2-prysm-geth-727.tar.gz	/tmp/prysm-r2-extra-logs.Rd7MjT/round2-prysm-geth-727.tar.gz	execution.log;xatu-sentry.log;beacon.log;validator.log;snooper-engine.log	1	1
728	/tmp/prysm-r2-extra-logs.Rd7MjT/round2-prysm-geth-728.tar.gz	/tmp/prysm-r2-extra-logs.Rd7MjT/round2-prysm-geth-728.tar.gz	execution.log;xatu-sentry.log;beacon.log;validator.log;snooper-engine.log	1	1
729	/tmp/prysm-r2-extra-logs.Rd7MjT/round2-prysm-geth-729.tar.gz	/tmp/prysm-r2-extra-logs.Rd7MjT/round2-prysm-geth-729.tar.gz	execution.log;xatu-sentry.log;beacon.log;validator.log;snooper-engine.log	1	1
730	/tmp/prysm-r2-extra-logs.Rd7MjT/round2-prysm-geth-730.tar.gz	/tmp/prysm-r2-extra-logs.Rd7MjT/round2-prysm-geth-730.tar.gz	execution.log;xatu-sentry.log;beacon.log;validator.log;snooper-engine.log	1	1
731	/tmp/prysm-r2-extra-logs.Rd7MjT/round2-prysm-geth-731.tar.gz	/tmp/prysm-r2-extra-logs.Rd7MjT/round2-prysm-geth-731.tar.gz	execution.log;xatu-sentry.log;beacon.log;validator.log;snooper-engine.log	1	1
732	/tmp/prysm-r2-extra-logs.Rd7MjT/round2-prysm-geth-732.tar.gz	/tmp/prysm-r2-extra-logs.Rd7MjT/round2-prysm-geth-732.tar.gz	execution.log;xatu-sentry.log;beacon.log;validator.log;snooper-engine.log	1	1
733	/tmp/prysm-r2-extra-logs.Rd7MjT/round2-prysm-geth-733.tar.gz	/tmp/prysm-r2-extra-logs.Rd7MjT/round2-prysm-geth-733.tar.gz	execution.log;xatu-sentry.log;beacon.log;validator.log;snooper-engine.log	1	1
734	/tmp/prysm-r2-extra-logs.Rd7MjT/round2-prysm-geth-734.tar.gz	/tmp/prysm-r2-extra-logs.Rd7MjT/round2-prysm-geth-734.tar.gz	execution.log;xatu-sentry.log;beacon.log;validator.log;snooper-engine.log	1	1
735	/tmp/prysm-r2-extra-logs.Rd7MjT/round2-prysm-geth-735.tar.gz	/tmp/prysm-r2-extra-logs.Rd7MjT/round2-prysm-geth-735.tar.gz	execution.log;xatu-sentry.log;beacon.log;validator.log;snooper-engine.log	1	1
736	/tmp/prysm-r2-extra-logs.Rd7MjT/round2-prysm-geth-736.tar.gz	/tmp/prysm-r2-extra-logs.Rd7MjT/round2-prysm-geth-736.tar.gz	execution.log;xatu-sentry.log;beacon.log;validator.log;snooper-engine.log	1	1
737	/tmp/prysm-r2-extra-logs.Rd7MjT/round2-prysm-geth-737.tar.gz	/tmp/prysm-r2-extra-logs.Rd7MjT/round2-prysm-geth-737.tar.gz	execution.log;xatu-sentry.log;beacon.log;validator.log;snooper-engine.log	1	1
738	/tmp/prysm-r2-extra-logs.Rd7MjT/round2-prysm-geth-738.tar.gz	/tmp/prysm-r2-extra-logs.Rd7MjT/round2-prysm-geth-738.tar.gz	execution.log;xatu-sentry.log;beacon.log;validator.log;snooper-engine.log	1	1
739	/tmp/prysm-r2-extra-logs.Rd7MjT/round2-prysm-geth-739.tar.gz	/tmp/prysm-r2-extra-logs.Rd7MjT/round2-prysm-geth-739.tar.gz	execution.log;xatu-sentry.log;beacon.log;validator.log;snooper-engine.log	1	1
740	/tmp/prysm-r2-extra-logs.Rd7MjT/round2-prysm-geth-740.tar.gz	/tmp/prysm-r2-extra-logs.Rd7MjT/round2-prysm-geth-740.tar.gz	execution.log;xatu-sentry.log;beacon.log;validator.log;snooper-engine.log	1	1
741	/tmp/prysm-r2-extra-logs.Rd7MjT/round2-prysm-geth-741.tar.gz	/tmp/prysm-r2-extra-logs.Rd7MjT/round2-prysm-geth-741.tar.gz	execution.log;xatu-sentry.log;beacon.log;validator.log;snooper-engine.log	1	1
742	/tmp/prysm-r2-extra-logs.Rd7MjT/round2-prysm-geth-742.tar.gz	/tmp/prysm-r2-extra-logs.Rd7MjT/round2-prysm-geth-742.tar.gz	execution.log;xatu-sentry.log;beacon.log;validator.log;snooper-engine.log	1	1
743	/tmp/prysm-r2-extra-logs.Rd7MjT/round2-prysm-geth-743.tar.gz	/tmp/prysm-r2-extra-logs.Rd7MjT/round2-prysm-geth-743.tar.gz	execution.log;xatu-sentry.log;beacon.log;validator.log;snooper-engine.log	1	1
744	/tmp/prysm-r2-extra-logs.Rd7MjT/round2-prysm-geth-744.tar.gz	/tmp/prysm-r2-extra-logs.Rd7MjT/round2-prysm-geth-744.tar.gz	execution.log;xatu-sentry.log;beacon.log;validator.log;snooper-engine.log	1	1
745	/tmp/prysm-r2-extra-logs.Rd7MjT/round2-prysm-geth-745.tar.gz	/tmp/prysm-r2-extra-logs.Rd7MjT/round2-prysm-geth-745.tar.gz	execution.log;xatu-sentry.log;beacon.log;validator.log;snooper-engine.log	1	1
746	/tmp/prysm-r2-extra-logs.Rd7MjT/round2-prysm-geth-746.tar.gz	/tmp/prysm-r2-extra-logs.Rd7MjT/round2-prysm-geth-746.tar.gz	execution.log;xatu-sentry.log;beacon.log;validator.log;snooper-engine.log	1	1
747	/tmp/prysm-r2-extra-logs.Rd7MjT/round2-prysm-geth-747.tar.gz	/tmp/prysm-r2-extra-logs.Rd7MjT/round2-prysm-geth-747.tar.gz	execution.log;xatu-sentry.log;beacon.log;validator.log;snooper-engine.log	1	1
748	/tmp/prysm-r2-extra-logs.Rd7MjT/round2-prysm-geth-748.tar.gz	/tmp/prysm-r2-extra-logs.Rd7MjT/round2-prysm-geth-748.tar.gz	execution.log;xatu-sentry.log;beacon.log;validator.log;snooper-engine.log	1	1
749	/tmp/prysm-r2-extra-logs.Rd7MjT/round2-prysm-geth-749.tar.gz	/tmp/prysm-r2-extra-logs.Rd7MjT/round2-prysm-geth-749.tar.gz	execution.log;xatu-sentry.log;beacon.log;validator.log;snooper-engine.log	1	1
750	/tmp/prysm-r2-extra-logs.Rd7MjT/round2-prysm-geth-750.tar.gz	/tmp/prysm-r2-extra-logs.Rd7MjT/round2-prysm-geth-750.tar.gz	execution.log;xatu-sentry.log;beacon.log;validator.log;snooper-engine.log	1	1
751	/tmp/prysm-r2-extra-logs.Rd7MjT/round2-prysm-geth-751.tar.gz	/tmp/prysm-r2-extra-logs.Rd7MjT/round2-prysm-geth-751.tar.gz	execution.log;xatu-sentry.log;beacon.log;validator.log;snooper-engine.log	1	1
752	/tmp/prysm-r2-extra-logs.Rd7MjT/round2-prysm-geth-752.tar.gz	/tmp/prysm-r2-extra-logs.Rd7MjT/round2-prysm-geth-752.tar.gz	execution.log;xatu-sentry.log;beacon.log;validator.log;snooper-engine.log	1	1
753	/tmp/prysm-r2-extra-logs.Rd7MjT/round2-prysm-geth-753.tar.gz	/tmp/prysm-r2-extra-logs.Rd7MjT/round2-prysm-geth-753.tar.gz	execution.log;xatu-sentry.log;beacon.log;validator.log;snooper-engine.log	1	1
754	/tmp/prysm-r2-extra-logs.Rd7MjT/round2-prysm-geth-754.tar.gz	/tmp/prysm-r2-extra-logs.Rd7MjT/round2-prysm-geth-754.tar.gz	execution.log;xatu-sentry.log;beacon.log;validator.log;snooper-engine.log	1	1
755	/tmp/prysm-r2-extra-logs.Rd7MjT/round2-prysm-geth-755.tar.gz	/tmp/prysm-r2-extra-logs.Rd7MjT/round2-prysm-geth-755.tar.gz	execution.log;xatu-sentry.log;beacon.log;validator.log;snooper-engine.log	1	1
756	/tmp/prysm-r2-extra-logs.Rd7MjT/round2-prysm-geth-756.tar.gz	/tmp/prysm-r2-extra-logs.Rd7MjT/round2-prysm-geth-756.tar.gz	execution.log;xatu-sentry.log;beacon.log;validator.log;snooper-engine.log	1	1
757	/tmp/prysm-r2-extra-logs.Rd7MjT/round2-prysm-geth-757.tar.gz	/tmp/prysm-r2-extra-logs.Rd7MjT/round2-prysm-geth-757.tar.gz	execution.log;xatu-sentry.log;beacon.log;validator.log;snooper-engine.log	1	1
758	/tmp/prysm-r2-extra-logs.Rd7MjT/round2-prysm-geth-758.tar.gz	/tmp/prysm-r2-extra-logs.Rd7MjT/round2-prysm-geth-758.tar.gz	execution.log;xatu-sentry.log;beacon.log;validator.log;snooper-engine.log	1	1
759	/tmp/prysm-r2-extra-logs.Rd7MjT/round2-prysm-geth-759.tar.gz	/tmp/prysm-r2-extra-logs.Rd7MjT/round2-prysm-geth-759.tar.gz	execution.log;xatu-sentry.log;beacon.log;validator.log;snooper-engine.log	1	1
760	/tmp/prysm-r2-extra-logs.Rd7MjT/round2-prysm-geth-760.tar.gz	/tmp/prysm-r2-extra-logs.Rd7MjT/round2-prysm-geth-760.tar.gz	execution.log;xatu-sentry.log;beacon.log;validator.log;snooper-engine.log	1	1
761	/tmp/prysm-r2-extra-logs.Rd7MjT/round2-prysm-geth-761.tar.gz	/tmp/prysm-r2-extra-logs.Rd7MjT/round2-prysm-geth-761.tar.gz	execution.log;xatu-sentry.log;beacon.log;validator.log;snooper-engine.log	1	1
762	/tmp/prysm-r2-extra-logs.Rd7MjT/round2-prysm-geth-762.tar.gz	/tmp/prysm-r2-extra-logs.Rd7MjT/round2-prysm-geth-762.tar.gz	execution.log;xatu-sentry.log;beacon.log;validator.log;snooper-engine.log	1	1
763	/tmp/prysm-r2-extra-logs.Rd7MjT/round2-prysm-geth-763.tar.gz	/tmp/prysm-r2-extra-logs.Rd7MjT/round2-prysm-geth-763.tar.gz	execution.log;xatu-sentry.log;beacon.log;validator.log;snooper-engine.log	1	1
764	/tmp/prysm-r2-extra-logs.Rd7MjT/round2-prysm-geth-764.tar.gz	/tmp/prysm-r2-extra-logs.Rd7MjT/round2-prysm-geth-764.tar.gz	execution.log;xatu-sentry.log;beacon.log;validator.log;snooper-engine.log	1	1
765	/tmp/prysm-r2-extra-logs.Rd7MjT/round2-prysm-geth-765.tar.gz	/tmp/prysm-r2-extra-logs.Rd7MjT/round2-prysm-geth-765.tar.gz	execution.log;xatu-sentry.log;beacon.log;validator.log;snooper-engine.log	1	1
766	/tmp/prysm-r2-extra-logs.Rd7MjT/round2-prysm-geth-766.tar.gz	/tmp/prysm-r2-extra-logs.Rd7MjT/round2-prysm-geth-766.tar.gz	execution.log;xatu-sentry.log;beacon.log;validator.log;snooper-engine.log	1	1
767	/tmp/prysm-r2-extra-logs.Rd7MjT/round2-prysm-geth-767.tar.gz	/tmp/prysm-r2-extra-logs.Rd7MjT/round2-prysm-geth-767.tar.gz	execution.log;xatu-sentry.log;beacon.log;validator.log;snooper-engine.log	1	1
768	/tmp/prysm-r2-extra-logs.Rd7MjT/round2-prysm-geth-768.tar.gz	/tmp/prysm-r2-extra-logs.Rd7MjT/round2-prysm-geth-768.tar.gz	execution.log;xatu-sentry.log;beacon.log;validator.log;snooper-engine.log	1	1
769	/tmp/prysm-r2-extra-logs.Rd7MjT/round2-prysm-geth-769.tar.gz	/tmp/prysm-r2-extra-logs.Rd7MjT/round2-prysm-geth-769.tar.gz	execution.log;xatu-sentry.log;beacon.log;validator.log;snooper-engine.log	1	1
770	/tmp/prysm-r2-extra-logs.Rd7MjT/round2-prysm-geth-770.tar.gz	/tmp/prysm-r2-extra-logs.Rd7MjT/round2-prysm-geth-770.tar.gz	execution.log;xatu-sentry.log;beacon.log;validator.log;snooper-engine.log	1	1
771	/tmp/prysm-r2-extra-logs.Rd7MjT/round2-prysm-geth-771.tar.gz	/tmp/prysm-r2-extra-logs.Rd7MjT/round2-prysm-geth-771.tar.gz	execution.log;xatu-sentry.log;beacon.log;validator.log;snooper-engine.log	1	1
772	/tmp/prysm-r2-extra-logs.Rd7MjT/round2-prysm-geth-772.tar.gz	/tmp/prysm-r2-extra-logs.Rd7MjT/round2-prysm-geth-772.tar.gz	execution.log;xatu-sentry.log;beacon.log;validator.log;snooper-engine.log	1	1
773	/tmp/prysm-r2-extra-logs.Rd7MjT/round2-prysm-geth-773.tar.gz	/tmp/prysm-r2-extra-logs.Rd7MjT/round2-prysm-geth-773.tar.gz	execution.log;xatu-sentry.log;beacon.log;validator.log;snooper-engine.log	1	1
774	/tmp/prysm-r2-extra-logs.Rd7MjT/round2-prysm-geth-774.tar.gz	/tmp/prysm-r2-extra-logs.Rd7MjT/round2-prysm-geth-774.tar.gz	execution.log;xatu-sentry.log;beacon.log;validator.log;snooper-engine.log	1	1
775	/tmp/prysm-r2-extra-logs.Rd7MjT/round2-prysm-geth-775.tar.gz	/tmp/prysm-r2-extra-logs.Rd7MjT/round2-prysm-geth-775.tar.gz	execution.log;xatu-sentry.log;beacon.log;validator.log;snooper-engine.log	1	1
776	/tmp/prysm-r2-extra-logs.Rd7MjT/round2-prysm-geth-776.tar.gz	/tmp/prysm-r2-extra-logs.Rd7MjT/round2-prysm-geth-776.tar.gz	execution.log;xatu-sentry.log;beacon.log;validator.log;snooper-engine.log	1	1
777	/tmp/prysm-r2-extra-logs.Rd7MjT/round2-prysm-geth-777.tar.gz	/tmp/prysm-r2-extra-logs.Rd7MjT/round2-prysm-geth-777.tar.gz	execution.log;xatu-sentry.log;beacon.log;validator.log;snooper-engine.log	1	1
778	/tmp/prysm-r2-extra-logs.Rd7MjT/round2-prysm-geth-778.tar.gz	/tmp/prysm-r2-extra-logs.Rd7MjT/round2-prysm-geth-778.tar.gz	execution.log;xatu-sentry.log;beacon.log;validator.log;snooper-engine.log	1	1
779	/tmp/prysm-r2-extra-logs.Rd7MjT/round2-prysm-geth-779.tar.gz	/tmp/prysm-r2-extra-logs.Rd7MjT/round2-prysm-geth-779.tar.gz	execution.log;xatu-sentry.log;beacon.log;validator.log;snooper-engine.log	1	1
780	/tmp/prysm-r2-extra-logs.Rd7MjT/round2-prysm-geth-780.tar.gz	/tmp/prysm-r2-extra-logs.Rd7MjT/round2-prysm-geth-780.tar.gz	execution.log;xatu-sentry.log;beacon.log;validator.log;snooper-engine.log	1	1
781	/tmp/prysm-r2-extra-logs.Rd7MjT/round2-prysm-geth-781.tar.gz	/tmp/prysm-r2-extra-logs.Rd7MjT/round2-prysm-geth-781.tar.gz	execution.log;xatu-sentry.log;beacon.log;validator.log;snooper-engine.log	1	1
782	/tmp/prysm-r2-extra-logs.Rd7MjT/round2-prysm-geth-782.tar.gz	/tmp/prysm-r2-extra-logs.Rd7MjT/round2-prysm-geth-782.tar.gz	execution.log;xatu-sentry.log;beacon.log;validator.log;snooper-engine.log	1	1
783	/tmp/prysm-r2-extra-logs.Rd7MjT/round2-prysm-geth-783.tar.gz	/tmp/prysm-r2-extra-logs.Rd7MjT/round2-prysm-geth-783.tar.gz	execution.log;xatu-sentry.log;beacon.log;validator.log;snooper-engine.log	1	1
784	/tmp/prysm-r2-extra-logs.Rd7MjT/round2-prysm-geth-784.tar.gz	/tmp/prysm-r2-extra-logs.Rd7MjT/round2-prysm-geth-784.tar.gz	execution.log;xatu-sentry.log;beacon.log;validator.log;snooper-engine.log	1	1
785	/tmp/prysm-r2-extra-logs.Rd7MjT/round2-prysm-geth-785.tar.gz	/tmp/prysm-r2-extra-logs.Rd7MjT/round2-prysm-geth-785.tar.gz	execution.log;xatu-sentry.log;beacon.log;validator.log;snooper-engine.log	1	1
786	/tmp/prysm-r2-extra-logs.Rd7MjT/round2-prysm-geth-786.tar.gz	/tmp/prysm-r2-extra-logs.Rd7MjT/round2-prysm-geth-786.tar.gz	execution.log;xatu-sentry.log;beacon.log;validator.log;snooper-engine.log	1	1
787	/tmp/prysm-r2-extra-logs.Rd7MjT/round2-prysm-geth-787.tar.gz	/tmp/prysm-r2-extra-logs.Rd7MjT/round2-prysm-geth-787.tar.gz	execution.log;xatu-sentry.log;beacon.log;validator.log;snooper-engine.log	1	1
788	/tmp/prysm-r2-extra-logs.Rd7MjT/round2-prysm-geth-788.tar.gz	/tmp/prysm-r2-extra-logs.Rd7MjT/round2-prysm-geth-788.tar.gz	execution.log;xatu-sentry.log;beacon.log;validator.log;snooper-engine.log	1	1
789	/tmp/prysm-r2-extra-logs.Rd7MjT/round2-prysm-geth-789.tar.gz	/tmp/prysm-r2-extra-logs.Rd7MjT/round2-prysm-geth-789.tar.gz	execution.log;xatu-sentry.log;beacon.log;validator.log;snooper-engine.log	1	1
790	/tmp/prysm-r2-extra-logs.Rd7MjT/round2-prysm-geth-790.tar.gz	/tmp/prysm-r2-extra-logs.Rd7MjT/round2-prysm-geth-790.tar.gz	execution.log;xatu-sentry.log;beacon.log;validator.log;snooper-engine.log	1	1
791	/tmp/prysm-r2-extra-logs.Rd7MjT/round2-prysm-geth-791.tar.gz	/tmp/prysm-r2-extra-logs.Rd7MjT/round2-prysm-geth-791.tar.gz	execution.log;xatu-sentry.log;beacon.log;validator.log;snooper-engine.log	1	1
792	/tmp/prysm-r2-extra-logs.Rd7MjT/round2-prysm-geth-792.tar.gz	/tmp/prysm-r2-extra-logs.Rd7MjT/round2-prysm-geth-792.tar.gz	execution.log;xatu-sentry.log;beacon.log;validator.log;snooper-engine.log	1	1
793	/tmp/prysm-r2-extra-logs.Rd7MjT/round2-prysm-geth-793.tar.gz	/tmp/prysm-r2-extra-logs.Rd7MjT/round2-prysm-geth-793.tar.gz	execution.log;xatu-sentry.log;beacon.log;validator.log;snooper-engine.log	1	1
794	/tmp/prysm-r2-extra-logs.Rd7MjT/round2-prysm-geth-794.tar.gz	/tmp/prysm-r2-extra-logs.Rd7MjT/round2-prysm-geth-794.tar.gz	execution.log;xatu-sentry.log;beacon.log;validator.log;snooper-engine.log	1	1
795	/tmp/prysm-r2-extra-logs.Rd7MjT/round2-prysm-geth-795.tar.gz	/tmp/prysm-r2-extra-logs.Rd7MjT/round2-prysm-geth-795.tar.gz	execution.log;xatu-sentry.log;beacon.log;validator.log;snooper-engine.log	1	1
796	/tmp/prysm-r2-extra-logs.Rd7MjT/round2-prysm-geth-796.tar.gz	/tmp/prysm-r2-extra-logs.Rd7MjT/round2-prysm-geth-796.tar.gz	execution.log;xatu-sentry.log;beacon.log;validator.log;snooper-engine.log	1	1
797	/tmp/prysm-r2-extra-logs.Rd7MjT/round2-prysm-geth-797.tar.gz	/tmp/prysm-r2-extra-logs.Rd7MjT/round2-prysm-geth-797.tar.gz	execution.log;xatu-sentry.log;beacon.log;validator.log;snooper-engine.log	1	1
798	/tmp/prysm-r2-extra-logs.Rd7MjT/round2-prysm-geth-798.tar.gz	/tmp/prysm-r2-extra-logs.Rd7MjT/round2-prysm-geth-798.tar.gz	execution.log;xatu-sentry.log;beacon.log;validator.log;snooper-engine.log	1	1
799	/tmp/prysm-r2-extra-logs.Rd7MjT/round2-prysm-geth-799.tar.gz	/tmp/prysm-r2-extra-logs.Rd7MjT/round2-prysm-geth-799.tar.gz	execution.log;xatu-sentry.log;beacon.log;validator.log;snooper-engine.log	1	1
800	/tmp/prysm-r2-extra-logs.Rd7MjT/round2-prysm-geth-800.tar.gz	/tmp/prysm-r2-extra-logs.Rd7MjT/round2-prysm-geth-800.tar.gz	execution.log;xatu-sentry.log;beacon.log;validator.log;snooper-engine.log	1	1
801	/tmp/prysm-r2-extra-logs.Rd7MjT/round2-prysm-geth-801.tar.gz	/tmp/prysm-r2-extra-logs.Rd7MjT/round2-prysm-geth-801.tar.gz	execution.log;xatu-sentry.log;beacon.log;validator.log;snooper-engine.log	1	1
802	/tmp/prysm-r2-extra-logs.Rd7MjT/round2-prysm-geth-802.tar.gz	/tmp/prysm-r2-extra-logs.Rd7MjT/round2-prysm-geth-802.tar.gz	execution.log;xatu-sentry.log;beacon.log;validator.log;snooper-engine.log	1	1
803	/tmp/prysm-r2-extra-logs.Rd7MjT/round2-prysm-geth-803.tar.gz	/tmp/prysm-r2-extra-logs.Rd7MjT/round2-prysm-geth-803.tar.gz	execution.log;xatu-sentry.log;beacon.log;validator.log;snooper-engine.log	1	1
804	/tmp/prysm-r2-extra-logs.Rd7MjT/round2-prysm-geth-804.tar.gz	/tmp/prysm-r2-extra-logs.Rd7MjT/round2-prysm-geth-804.tar.gz	execution.log;xatu-sentry.log;beacon.log;validator.log;snooper-engine.log	1	1
805	/tmp/prysm-r2-extra-logs.Rd7MjT/round2-prysm-geth-805.tar.gz	/tmp/prysm-r2-extra-logs.Rd7MjT/round2-prysm-geth-805.tar.gz	execution.log;xatu-sentry.log;beacon.log;validator.log;snooper-engine.log	1	1
806	/tmp/prysm-r2-extra-logs.Rd7MjT/round2-prysm-geth-806.tar.gz	/tmp/prysm-r2-extra-logs.Rd7MjT/round2-prysm-geth-806.tar.gz	execution.log;xatu-sentry.log;beacon.log;validator.log;snooper-engine.log	1	1
807	/tmp/prysm-r2-extra-logs.Rd7MjT/round2-prysm-geth-807.tar.gz	/tmp/prysm-r2-extra-logs.Rd7MjT/round2-prysm-geth-807.tar.gz	execution.log;xatu-sentry.log;beacon.log;validator.log;snooper-engine.log	1	1
808	/tmp/prysm-r2-extra-logs.Rd7MjT/round2-prysm-geth-808.tar.gz	/tmp/prysm-r2-extra-logs.Rd7MjT/round2-prysm-geth-808.tar.gz	execution.log;xatu-sentry.log;beacon.log;validator.log;snooper-engine.log	1	1
809	/tmp/prysm-r2-extra-logs.Rd7MjT/round2-prysm-geth-809.tar.gz	/tmp/prysm-r2-extra-logs.Rd7MjT/round2-prysm-geth-809.tar.gz	execution.log;xatu-sentry.log;beacon.log;validator.log;snooper-engine.log	1	1
810	/tmp/prysm-r2-extra-logs.Rd7MjT/round2-prysm-geth-810.tar.gz	/tmp/prysm-r2-extra-logs.Rd7MjT/round2-prysm-geth-810.tar.gz	execution.log;xatu-sentry.log;beacon.log;validator.log;snooper-engine.log	1	1
811	/tmp/prysm-r2-extra-logs.Rd7MjT/round2-prysm-geth-811.tar.gz	/tmp/prysm-r2-extra-logs.Rd7MjT/round2-prysm-geth-811.tar.gz	execution.log;xatu-sentry.log;beacon.log;validator.log;snooper-engine.log	1	1
812	/tmp/prysm-r2-extra-logs.Rd7MjT/round2-prysm-geth-812.tar.gz	/tmp/prysm-r2-extra-logs.Rd7MjT/round2-prysm-geth-812.tar.gz	execution.log;xatu-sentry.log;beacon.log;validator.log;snooper-engine.log	1	1
813	/tmp/prysm-r2-extra-logs.Rd7MjT/round2-prysm-geth-813.tar.gz	/tmp/prysm-r2-extra-logs.Rd7MjT/round2-prysm-geth-813.tar.gz	execution.log;xatu-sentry.log;beacon.log;validator.log;snooper-engine.log	1	1
814	/tmp/prysm-r2-extra-logs.Rd7MjT/round2-prysm-geth-814.tar.gz	/tmp/prysm-r2-extra-logs.Rd7MjT/round2-prysm-geth-814.tar.gz	execution.log;xatu-sentry.log;beacon.log;validator.log;snooper-engine.log	1	1
815	/tmp/prysm-r2-extra-logs.Rd7MjT/round2-prysm-geth-815.tar.gz	/tmp/prysm-r2-extra-logs.Rd7MjT/round2-prysm-geth-815.tar.gz	execution.log;xatu-sentry.log;beacon.log;validator.log;snooper-engine.log	1	1
816	/tmp/prysm-r2-extra-logs.Rd7MjT/round2-prysm-geth-816.tar.gz	/tmp/prysm-r2-extra-logs.Rd7MjT/round2-prysm-geth-816.tar.gz	execution.log;xatu-sentry.log;beacon.log;validator.log;snooper-engine.log	1	1
817	/tmp/prysm-r2-extra-logs.Rd7MjT/round2-prysm-geth-817.tar.gz	/tmp/prysm-r2-extra-logs.Rd7MjT/round2-prysm-geth-817.tar.gz	execution.log;xatu-sentry.log;beacon.log;validator.log;snooper-engine.log	1	1
818	/tmp/prysm-r2-extra-logs.Rd7MjT/round2-prysm-geth-818.tar.gz	/tmp/prysm-r2-extra-logs.Rd7MjT/round2-prysm-geth-818.tar.gz	execution.log;xatu-sentry.log;beacon.log;validator.log;snooper-engine.log	1	1
819	/tmp/prysm-r2-extra-logs.Rd7MjT/round2-prysm-geth-819.tar.gz	/tmp/prysm-r2-extra-logs.Rd7MjT/round2-prysm-geth-819.tar.gz	execution.log;xatu-sentry.log;beacon.log;validator.log;snooper-engine.log	1	1
820	/tmp/prysm-r2-extra-logs.Rd7MjT/round2-prysm-geth-820.tar.gz	/tmp/prysm-r2-extra-logs.Rd7MjT/round2-prysm-geth-820.tar.gz	execution.log;xatu-sentry.log;beacon.log;validator.log;snooper-engine.log	1	1
821	/tmp/prysm-r2-extra-logs.Rd7MjT/round2-prysm-geth-821.tar.gz	/tmp/prysm-r2-extra-logs.Rd7MjT/round2-prysm-geth-821.tar.gz	execution.log;xatu-sentry.log;beacon.log;validator.log;snooper-engine.log	1	1
822	/tmp/prysm-r2-extra-logs.Rd7MjT/round2-prysm-geth-822.tar.gz	/tmp/prysm-r2-extra-logs.Rd7MjT/round2-prysm-geth-822.tar.gz	execution.log;xatu-sentry.log;beacon.log;validator.log;snooper-engine.log	1	1
823	/tmp/prysm-r2-extra-logs.Rd7MjT/round2-prysm-geth-823.tar.gz	/tmp/prysm-r2-extra-logs.Rd7MjT/round2-prysm-geth-823.tar.gz	execution.log;xatu-sentry.log;beacon.log;validator.log;snooper-engine.log	1	1
824	/tmp/prysm-r2-extra-logs.Rd7MjT/round2-prysm-geth-824.tar.gz	/tmp/prysm-r2-extra-logs.Rd7MjT/round2-prysm-geth-824.tar.gz	execution.log;xatu-sentry.log;beacon.log;validator.log;snooper-engine.log	1	1
825	/tmp/prysm-r2-extra-logs.Rd7MjT/round2-prysm-geth-825.tar.gz	/tmp/prysm-r2-extra-logs.Rd7MjT/round2-prysm-geth-825.tar.gz	execution.log;xatu-sentry.log;beacon.log;validator.log;snooper-engine.log	1	1
826	/tmp/prysm-r2-extra-logs.Rd7MjT/round2-prysm-geth-826.tar.gz	/tmp/prysm-r2-extra-logs.Rd7MjT/round2-prysm-geth-826.tar.gz	execution.log;xatu-sentry.log;beacon.log;validator.log;snooper-engine.log	1	1
827	/tmp/prysm-r2-extra-logs.Rd7MjT/round2-prysm-geth-827.tar.gz	/tmp/prysm-r2-extra-logs.Rd7MjT/round2-prysm-geth-827.tar.gz	execution.log;xatu-sentry.log;beacon.log;validator.log;snooper-engine.log	1	1
828	/tmp/prysm-r2-extra-logs.Rd7MjT/round2-prysm-geth-828.tar.gz	/tmp/prysm-r2-extra-logs.Rd7MjT/round2-prysm-geth-828.tar.gz	execution.log;xatu-sentry.log;beacon.log;validator.log;snooper-engine.log	1	1
829	/tmp/prysm-r2-extra-logs.Rd7MjT/round2-prysm-geth-829.tar.gz	/tmp/prysm-r2-extra-logs.Rd7MjT/round2-prysm-geth-829.tar.gz	execution.log;xatu-sentry.log;beacon.log;validator.log;snooper-engine.log	1	1
830	/tmp/prysm-r2-extra-logs.Rd7MjT/round2-prysm-geth-830.tar.gz	/tmp/prysm-r2-extra-logs.Rd7MjT/round2-prysm-geth-830.tar.gz	execution.log;xatu-sentry.log;beacon.log;validator.log;snooper-engine.log	1	1
831	/tmp/prysm-r2-extra-logs.Rd7MjT/round2-prysm-geth-831.tar.gz	/tmp/prysm-r2-extra-logs.Rd7MjT/round2-prysm-geth-831.tar.gz	execution.log;xatu-sentry.log;beacon.log;validator.log;snooper-engine.log	1	1
832	/tmp/prysm-r2-extra-logs.Rd7MjT/round2-prysm-geth-832.tar.gz	/tmp/prysm-r2-extra-logs.Rd7MjT/round2-prysm-geth-832.tar.gz	execution.log;xatu-sentry.log;beacon.log;validator.log;snooper-engine.log	1	1
833	/tmp/prysm-r2-extra-logs.Rd7MjT/round2-prysm-geth-833.tar.gz	/tmp/prysm-r2-extra-logs.Rd7MjT/round2-prysm-geth-833.tar.gz	execution.log;xatu-sentry.log;beacon.log;validator.log;snooper-engine.log	1	1
834	/tmp/prysm-r2-extra-logs.Rd7MjT/round2-prysm-geth-834.tar.gz	/tmp/prysm-r2-extra-logs.Rd7MjT/round2-prysm-geth-834.tar.gz	execution.log;xatu-sentry.log;beacon.log;validator.log;snooper-engine.log	1	1
835	/tmp/prysm-r2-extra-logs.Rd7MjT/round2-prysm-geth-835.tar.gz	/tmp/prysm-r2-extra-logs.Rd7MjT/round2-prysm-geth-835.tar.gz	execution.log;xatu-sentry.log;beacon.log;validator.log;snooper-engine.log	1	1
836	/tmp/prysm-r2-extra-logs.Rd7MjT/round2-prysm-geth-836.tar.gz	/tmp/prysm-r2-extra-logs.Rd7MjT/round2-prysm-geth-836.tar.gz	execution.log;xatu-sentry.log;beacon.log;validator.log;snooper-engine.log	1	1
837	/tmp/prysm-r2-extra-logs.Rd7MjT/round2-prysm-geth-837.tar.gz	/tmp/prysm-r2-extra-logs.Rd7MjT/round2-prysm-geth-837.tar.gz	execution.log;xatu-sentry.log;beacon.log;validator.log;snooper-engine.log	1	1
838	/tmp/prysm-r2-extra-logs.Rd7MjT/round2-prysm-geth-838.tar.gz	/tmp/prysm-r2-extra-logs.Rd7MjT/round2-prysm-geth-838.tar.gz	execution.log;xatu-sentry.log;beacon.log;validator.log;snooper-engine.log	1	1
839	/tmp/prysm-r2-extra-logs.Rd7MjT/round2-prysm-geth-839.tar.gz	/tmp/prysm-r2-extra-logs.Rd7MjT/round2-prysm-geth-839.tar.gz	execution.log;xatu-sentry.log;beacon.log;validator.log;snooper-engine.log	1	1
840	/tmp/prysm-r2-extra-logs.Rd7MjT/round2-prysm-geth-840.tar.gz	/tmp/prysm-r2-extra-logs.Rd7MjT/round2-prysm-geth-840.tar.gz	execution.log;xatu-sentry.log;beacon.log;validator.log;snooper-engine.log	1	1
841	/tmp/prysm-r2-extra-logs.Rd7MjT/round2-prysm-geth-841.tar.gz	/tmp/prysm-r2-extra-logs.Rd7MjT/round2-prysm-geth-841.tar.gz	execution.log;xatu-sentry.log;beacon.log;validator.log;snooper-engine.log	1	1
842	/tmp/prysm-r2-extra-logs.Rd7MjT/round2-prysm-geth-842.tar.gz	/tmp/prysm-r2-extra-logs.Rd7MjT/round2-prysm-geth-842.tar.gz	execution.log;xatu-sentry.log;beacon.log;validator.log;snooper-engine.log	1	1
843	/tmp/prysm-r2-extra-logs.Rd7MjT/round2-prysm-geth-843.tar.gz	/tmp/prysm-r2-extra-logs.Rd7MjT/round2-prysm-geth-843.tar.gz	execution.log;xatu-sentry.log;beacon.log;validator.log;snooper-engine.log	1	1
844	/tmp/prysm-r2-extra-logs.Rd7MjT/round2-prysm-geth-844.tar.gz	/tmp/prysm-r2-extra-logs.Rd7MjT/round2-prysm-geth-844.tar.gz	execution.log;xatu-sentry.log;beacon.log;validator.log;snooper-engine.log	1	1
845	/tmp/prysm-r2-extra-logs.Rd7MjT/round2-prysm-geth-845.tar.gz	/tmp/prysm-r2-extra-logs.Rd7MjT/round2-prysm-geth-845.tar.gz	execution.log;xatu-sentry.log;beacon.log;validator.log;snooper-engine.log	1	1
846	/tmp/prysm-r2-extra-logs.Rd7MjT/round2-prysm-geth-846.tar.gz	/tmp/prysm-r2-extra-logs.Rd7MjT/round2-prysm-geth-846.tar.gz	execution.log;xatu-sentry.log;beacon.log;validator.log;snooper-engine.log	1	1
847	/tmp/prysm-r2-extra-logs.Rd7MjT/round2-prysm-geth-847.tar.gz	/tmp/prysm-r2-extra-logs.Rd7MjT/round2-prysm-geth-847.tar.gz	execution.log;xatu-sentry.log;beacon.log;validator.log;snooper-engine.log	1	1
848	/tmp/prysm-r2-extra-logs.Rd7MjT/round2-prysm-geth-848.tar.gz	/tmp/prysm-r2-extra-logs.Rd7MjT/round2-prysm-geth-848.tar.gz	execution.log;xatu-sentry.log;beacon.log;validator.log;snooper-engine.log	1	1
849	/tmp/prysm-r2-extra-logs.Rd7MjT/round2-prysm-geth-849.tar.gz	/tmp/prysm-r2-extra-logs.Rd7MjT/round2-prysm-geth-849.tar.gz	execution.log;xatu-sentry.log;beacon.log;validator.log;snooper-engine.log	1	1
850	/tmp/prysm-r2-extra-logs.Rd7MjT/round2-prysm-geth-850.tar.gz	/tmp/prysm-r2-extra-logs.Rd7MjT/round2-prysm-geth-850.tar.gz	execution.log;xatu-sentry.log;beacon.log;validator.log;snooper-engine.log	1	1
851	/tmp/prysm-r2-extra-logs.Rd7MjT/round2-prysm-geth-851.tar.gz	/tmp/prysm-r2-extra-logs.Rd7MjT/round2-prysm-geth-851.tar.gz	execution.log;xatu-sentry.log;beacon.log;validator.log;snooper-engine.log	1	1
852	/tmp/prysm-r2-extra-logs.Rd7MjT/round2-prysm-geth-852.tar.gz	/tmp/prysm-r2-extra-logs.Rd7MjT/round2-prysm-geth-852.tar.gz	execution.log;xatu-sentry.log;beacon.log;validator.log;snooper-engine.log	1	1
853	/tmp/prysm-r2-extra-logs.Rd7MjT/round2-prysm-geth-853.tar.gz	/tmp/prysm-r2-extra-logs.Rd7MjT/round2-prysm-geth-853.tar.gz	execution.log;xatu-sentry.log;beacon.log;validator.log;snooper-engine.log	1	1
854	/tmp/prysm-r2-extra-logs.Rd7MjT/round2-prysm-geth-854.tar.gz	/tmp/prysm-r2-extra-logs.Rd7MjT/round2-prysm-geth-854.tar.gz	execution.log;xatu-sentry.log;beacon.log;validator.log;snooper-engine.log	1	1
855	/tmp/prysm-r2-extra-logs.Rd7MjT/round2-prysm-geth-855.tar.gz	/tmp/prysm-r2-extra-logs.Rd7MjT/round2-prysm-geth-855.tar.gz	execution.log;xatu-sentry.log;beacon.log;validator.log;snooper-engine.log	1	1
856	/tmp/prysm-r2-extra-logs.Rd7MjT/round2-prysm-geth-856.tar.gz	/tmp/prysm-r2-extra-logs.Rd7MjT/round2-prysm-geth-856.tar.gz	execution.log;xatu-sentry.log;beacon.log;validator.log;snooper-engine.log	1	1
857	/tmp/prysm-r2-extra-logs.Rd7MjT/round2-prysm-geth-857.tar.gz	/tmp/prysm-r2-extra-logs.Rd7MjT/round2-prysm-geth-857.tar.gz	execution.log;xatu-sentry.log;beacon.log;validator.log;snooper-engine.log	1	1
858	/tmp/prysm-r2-extra-logs.Rd7MjT/round2-prysm-geth-858.tar.gz	/tmp/prysm-r2-extra-logs.Rd7MjT/round2-prysm-geth-858.tar.gz	execution.log;xatu-sentry.log;beacon.log;validator.log;snooper-engine.log	1	1
859	/tmp/prysm-r2-extra-logs.Rd7MjT/round2-prysm-geth-859.tar.gz	/tmp/prysm-r2-extra-logs.Rd7MjT/round2-prysm-geth-859.tar.gz	execution.log;xatu-sentry.log;beacon.log;validator.log;snooper-engine.log	1	1
860	/tmp/prysm-r2-extra-logs.Rd7MjT/round2-prysm-geth-860.tar.gz	/tmp/prysm-r2-extra-logs.Rd7MjT/round2-prysm-geth-860.tar.gz	execution.log;xatu-sentry.log;beacon.log;validator.log;snooper-engine.log	1	1
861	/tmp/prysm-r2-extra-logs.Rd7MjT/round2-prysm-geth-861.tar.gz	/tmp/prysm-r2-extra-logs.Rd7MjT/round2-prysm-geth-861.tar.gz	execution.log;xatu-sentry.log;beacon.log;validator.log;snooper-engine.log	1	1
862	/tmp/prysm-r2-extra-logs.Rd7MjT/round2-prysm-geth-862.tar.gz	/tmp/prysm-r2-extra-logs.Rd7MjT/round2-prysm-geth-862.tar.gz	execution.log;xatu-sentry.log;beacon.log;validator.log;snooper-engine.log	1	1
863	/tmp/prysm-r2-extra-logs.Rd7MjT/round2-prysm-geth-863.tar.gz	/tmp/prysm-r2-extra-logs.Rd7MjT/round2-prysm-geth-863.tar.gz	execution.log;xatu-sentry.log;beacon.log;validator.log;snooper-engine.log	1	1
864	/tmp/prysm-r2-extra-logs.Rd7MjT/round2-prysm-geth-864.tar.gz	/tmp/prysm-r2-extra-logs.Rd7MjT/round2-prysm-geth-864.tar.gz	execution.log;xatu-sentry.log;beacon.log;validator.log;snooper-engine.log	1	1
865	/tmp/prysm-r2-extra-logs.Rd7MjT/round2-prysm-geth-865.tar.gz	/tmp/prysm-r2-extra-logs.Rd7MjT/round2-prysm-geth-865.tar.gz	execution.log;xatu-sentry.log;beacon.log;validator.log;snooper-engine.log	1	1
866	/tmp/prysm-r2-extra-logs.Rd7MjT/round2-prysm-geth-866.tar.gz	/tmp/prysm-r2-extra-logs.Rd7MjT/round2-prysm-geth-866.tar.gz	execution.log;xatu-sentry.log;beacon.log;validator.log;snooper-engine.log	1	1
867	/tmp/prysm-r2-extra-logs.Rd7MjT/round2-prysm-geth-867.tar.gz	/tmp/prysm-r2-extra-logs.Rd7MjT/round2-prysm-geth-867.tar.gz	execution.log;xatu-sentry.log;beacon.log;validator.log;snooper-engine.log	1	1
868	/tmp/prysm-r2-extra-logs.Rd7MjT/round2-prysm-geth-868.tar.gz	/tmp/prysm-r2-extra-logs.Rd7MjT/round2-prysm-geth-868.tar.gz	execution.log;xatu-sentry.log;beacon.log;validator.log;snooper-engine.log	1	1
869	/tmp/prysm-r2-extra-logs.Rd7MjT/round2-prysm-geth-869.tar.gz	/tmp/prysm-r2-extra-logs.Rd7MjT/round2-prysm-geth-869.tar.gz	execution.log;xatu-sentry.log;beacon.log;validator.log;snooper-engine.log	1	1
870	/tmp/prysm-r2-extra-logs.Rd7MjT/round2-prysm-geth-870.tar.gz	/tmp/prysm-r2-extra-logs.Rd7MjT/round2-prysm-geth-870.tar.gz	execution.log;xatu-sentry.log;beacon.log;validator.log;snooper-engine.log	1	1
871	/tmp/prysm-r2-extra-logs.Rd7MjT/round2-prysm-geth-871.tar.gz	/tmp/prysm-r2-extra-logs.Rd7MjT/round2-prysm-geth-871.tar.gz	execution.log;xatu-sentry.log;beacon.log;validator.log;snooper-engine.log	1	1
872	/tmp/prysm-r2-extra-logs.Rd7MjT/round2-prysm-geth-872.tar.gz	/tmp/prysm-r2-extra-logs.Rd7MjT/round2-prysm-geth-872.tar.gz	execution.log;xatu-sentry.log;beacon.log;validator.log;snooper-engine.log	1	1
873	/tmp/prysm-r2-extra-logs.Rd7MjT/round2-prysm-geth-873.tar.gz	/tmp/prysm-r2-extra-logs.Rd7MjT/round2-prysm-geth-873.tar.gz	execution.log;xatu-sentry.log;beacon.log;validator.log;snooper-engine.log	1	1
874	/tmp/prysm-r2-extra-logs.Rd7MjT/round2-prysm-geth-874.tar.gz	/tmp/prysm-r2-extra-logs.Rd7MjT/round2-prysm-geth-874.tar.gz	execution.log;xatu-sentry.log;beacon.log;validator.log;snooper-engine.log	1	1
875	/tmp/prysm-r2-extra-logs.Rd7MjT/round2-prysm-geth-875.tar.gz	/tmp/prysm-r2-extra-logs.Rd7MjT/round2-prysm-geth-875.tar.gz	execution.log;xatu-sentry.log;beacon.log;validator.log;snooper-engine.log	1	1
876	/tmp/prysm-r2-extra-logs.Rd7MjT/round2-prysm-geth-876.tar.gz	/tmp/prysm-r2-extra-logs.Rd7MjT/round2-prysm-geth-876.tar.gz	execution.log;xatu-sentry.log;beacon.log;validator.log;snooper-engine.log	1	1
877	/tmp/prysm-r2-extra-logs.Rd7MjT/round2-prysm-geth-877.tar.gz	/tmp/prysm-r2-extra-logs.Rd7MjT/round2-prysm-geth-877.tar.gz	execution.log;xatu-sentry.log;beacon.log;validator.log;snooper-engine.log	1	1
878	/tmp/prysm-r2-extra-logs.Rd7MjT/round2-prysm-geth-878.tar.gz	/tmp/prysm-r2-extra-logs.Rd7MjT/round2-prysm-geth-878.tar.gz	execution.log;xatu-sentry.log;beacon.log;validator.log;snooper-engine.log	1	1
879	/tmp/prysm-r2-extra-logs.Rd7MjT/round2-prysm-geth-879.tar.gz	/tmp/prysm-r2-extra-logs.Rd7MjT/round2-prysm-geth-879.tar.gz	execution.log;xatu-sentry.log;beacon.log;validator.log;snooper-engine.log	1	1
880	/tmp/prysm-r2-extra-logs.Rd7MjT/round2-prysm-geth-880.tar.gz	/tmp/prysm-r2-extra-logs.Rd7MjT/round2-prysm-geth-880.tar.gz	execution.log;xatu-sentry.log;beacon.log;validator.log;snooper-engine.log	1	1
881	/tmp/prysm-r2-extra-logs.Rd7MjT/round2-prysm-geth-881.tar.gz	/tmp/prysm-r2-extra-logs.Rd7MjT/round2-prysm-geth-881.tar.gz	execution.log;xatu-sentry.log;beacon.log;validator.log;snooper-engine.log	1	1
882	/tmp/prysm-r2-extra-logs.Rd7MjT/round2-prysm-geth-882.tar.gz	/tmp/prysm-r2-extra-logs.Rd7MjT/round2-prysm-geth-882.tar.gz	execution.log;xatu-sentry.log;beacon.log;validator.log;snooper-engine.log	1	1
883	/tmp/prysm-r2-extra-logs.Rd7MjT/round2-prysm-geth-883.tar.gz	/tmp/prysm-r2-extra-logs.Rd7MjT/round2-prysm-geth-883.tar.gz	execution.log;xatu-sentry.log;beacon.log;validator.log;snooper-engine.log	1	1
884	/tmp/prysm-r2-extra-logs.Rd7MjT/round2-prysm-geth-884.tar.gz	/tmp/prysm-r2-extra-logs.Rd7MjT/round2-prysm-geth-884.tar.gz	execution.log;xatu-sentry.log;beacon.log;validator.log;snooper-engine.log	1	1
885	/tmp/prysm-r2-extra-logs.Rd7MjT/round2-prysm-geth-885.tar.gz	/tmp/prysm-r2-extra-logs.Rd7MjT/round2-prysm-geth-885.tar.gz	execution.log;xatu-sentry.log;beacon.log;validator.log;snooper-engine.log	1	1
886	/tmp/prysm-r2-extra-logs.Rd7MjT/round2-prysm-geth-886.tar.gz	/tmp/prysm-r2-extra-logs.Rd7MjT/round2-prysm-geth-886.tar.gz	execution.log;xatu-sentry.log;beacon.log;validator.log;snooper-engine.log	1	1
887	/tmp/prysm-r2-extra-logs.Rd7MjT/round2-prysm-geth-887.tar.gz	/tmp/prysm-r2-extra-logs.Rd7MjT/round2-prysm-geth-887.tar.gz	execution.log;xatu-sentry.log;beacon.log;validator.log;snooper-engine.log	1	1
888	/tmp/prysm-r2-extra-logs.Rd7MjT/round2-prysm-geth-888.tar.gz	/tmp/prysm-r2-extra-logs.Rd7MjT/round2-prysm-geth-888.tar.gz	execution.log;xatu-sentry.log;beacon.log;validator.log;snooper-engine.log	1	1
889	/tmp/prysm-r2-extra-logs.Rd7MjT/round2-prysm-geth-889.tar.gz	/tmp/prysm-r2-extra-logs.Rd7MjT/round2-prysm-geth-889.tar.gz	execution.log;xatu-sentry.log;beacon.log;validator.log;snooper-engine.log	1	1
890	/tmp/prysm-r2-extra-logs.Rd7MjT/round2-prysm-geth-890.tar.gz	/tmp/prysm-r2-extra-logs.Rd7MjT/round2-prysm-geth-890.tar.gz	execution.log;xatu-sentry.log;beacon.log;validator.log;snooper-engine.log	1	1
891	/tmp/prysm-r2-extra-logs.Rd7MjT/round2-prysm-geth-891.tar.gz	/tmp/prysm-r2-extra-logs.Rd7MjT/round2-prysm-geth-891.tar.gz	execution.log;xatu-sentry.log;beacon.log;validator.log;snooper-engine.log	1	1
892	/tmp/prysm-r2-extra-logs.Rd7MjT/round2-prysm-geth-892.tar.gz	/tmp/prysm-r2-extra-logs.Rd7MjT/round2-prysm-geth-892.tar.gz	execution.log;xatu-sentry.log;beacon.log;validator.log;snooper-engine.log	1	1
893	/tmp/prysm-r2-extra-logs.Rd7MjT/round2-prysm-geth-893.tar.gz	/tmp/prysm-r2-extra-logs.Rd7MjT/round2-prysm-geth-893.tar.gz	execution.log;xatu-sentry.log;beacon.log;validator.log;snooper-engine.log	1	1
894	/tmp/prysm-r2-extra-logs.Rd7MjT/round2-prysm-geth-894.tar.gz	/tmp/prysm-r2-extra-logs.Rd7MjT/round2-prysm-geth-894.tar.gz	execution.log;xatu-sentry.log;beacon.log;validator.log;snooper-engine.log	1	1
895	/tmp/prysm-r2-extra-logs.Rd7MjT/round2-prysm-geth-895.tar.gz	/tmp/prysm-r2-extra-logs.Rd7MjT/round2-prysm-geth-895.tar.gz	execution.log;xatu-sentry.log;beacon.log;validator.log;snooper-engine.log	1	1
896	/tmp/prysm-r2-extra-logs.Rd7MjT/round2-prysm-geth-896.tar.gz	/tmp/prysm-r2-extra-logs.Rd7MjT/round2-prysm-geth-896.tar.gz	execution.log;xatu-sentry.log;beacon.log;validator.log;snooper-engine.log	1	1
897	/tmp/prysm-r2-extra-logs.Rd7MjT/round2-prysm-geth-897.tar.gz	/tmp/prysm-r2-extra-logs.Rd7MjT/round2-prysm-geth-897.tar.gz	execution.log;xatu-sentry.log;beacon.log;validator.log;snooper-engine.log	1	1
898	/tmp/prysm-r2-extra-logs.Rd7MjT/round2-prysm-geth-898.tar.gz	/tmp/prysm-r2-extra-logs.Rd7MjT/round2-prysm-geth-898.tar.gz	execution.log;xatu-sentry.log;beacon.log;validator.log;snooper-engine.log	1	1
899	/tmp/prysm-r2-extra-logs.Rd7MjT/round2-prysm-geth-899.tar.gz	/tmp/prysm-r2-extra-logs.Rd7MjT/round2-prysm-geth-899.tar.gz	execution.log;xatu-sentry.log;beacon.log;validator.log;snooper-engine.log	1	1
900	/tmp/prysm-r2-extra-logs.Rd7MjT/round2-prysm-geth-900.tar.gz	/tmp/prysm-r2-extra-logs.Rd7MjT/round2-prysm-geth-900.tar.gz;/home/sukun/dev/prysm2/runs/round2/round2-prysm-geth-900.tar.gz	execution.log;xatu-sentry.log;beacon.log;validator.log;snooper-engine.log	1	1
901	/tmp/prysm-r2-extra-logs.Rd7MjT/round2-prysm-geth-901.tar.gz	/tmp/prysm-r2-extra-logs.Rd7MjT/round2-prysm-geth-901.tar.gz	execution.log;xatu-sentry.log;beacon.log;validator.log;snooper-engine.log	1	1
902	/tmp/prysm-r2-extra-logs.Rd7MjT/round2-prysm-geth-902.tar.gz	/tmp/prysm-r2-extra-logs.Rd7MjT/round2-prysm-geth-902.tar.gz	execution.log;xatu-sentry.log;beacon.log;validator.log;snooper-engine.log	1	1
903	/tmp/prysm-r2-extra-logs.Rd7MjT/round2-prysm-geth-903.tar.gz	/tmp/prysm-r2-extra-logs.Rd7MjT/round2-prysm-geth-903.tar.gz	execution.log;xatu-sentry.log;beacon.log;validator.log;snooper-engine.log	1	1
904	/tmp/prysm-r2-extra-logs.Rd7MjT/round2-prysm-geth-904.tar.gz	/tmp/prysm-r2-extra-logs.Rd7MjT/round2-prysm-geth-904.tar.gz	execution.log;xatu-sentry.log;beacon.log;validator.log;snooper-engine.log	1	1
905	/tmp/prysm-r2-extra-logs.Rd7MjT/round2-prysm-geth-905.tar.gz	/tmp/prysm-r2-extra-logs.Rd7MjT/round2-prysm-geth-905.tar.gz	execution.log;xatu-sentry.log;beacon.log;validator.log;snooper-engine.log	1	1
906	/tmp/prysm-r2-extra-logs.Rd7MjT/round2-prysm-geth-906.tar.gz	/tmp/prysm-r2-extra-logs.Rd7MjT/round2-prysm-geth-906.tar.gz	execution.log;xatu-sentry.log;beacon.log;validator.log;snooper-engine.log	1	1
907	/tmp/prysm-r2-extra-logs.Rd7MjT/round2-prysm-geth-907.tar.gz	/tmp/prysm-r2-extra-logs.Rd7MjT/round2-prysm-geth-907.tar.gz	execution.log;xatu-sentry.log;beacon.log;validator.log;snooper-engine.log	1	1
908	/tmp/prysm-r2-extra-logs.Rd7MjT/round2-prysm-geth-908.tar.gz	/tmp/prysm-r2-extra-logs.Rd7MjT/round2-prysm-geth-908.tar.gz	execution.log;xatu-sentry.log;beacon.log;validator.log;snooper-engine.log	1	1
909	/tmp/prysm-r2-extra-logs.Rd7MjT/round2-prysm-geth-909.tar.gz	/tmp/prysm-r2-extra-logs.Rd7MjT/round2-prysm-geth-909.tar.gz	execution.log;xatu-sentry.log;beacon.log;validator.log;snooper-engine.log	1	1
910	/tmp/prysm-r2-extra-logs.Rd7MjT/round2-prysm-geth-910.tar.gz	/tmp/prysm-r2-extra-logs.Rd7MjT/round2-prysm-geth-910.tar.gz	execution.log;xatu-sentry.log;beacon.log;validator.log;snooper-engine.log	1	1
911	/tmp/prysm-r2-extra-logs.Rd7MjT/round2-prysm-geth-911.tar.gz	/tmp/prysm-r2-extra-logs.Rd7MjT/round2-prysm-geth-911.tar.gz	execution.log;xatu-sentry.log;beacon.log;validator.log;snooper-engine.log	1	1
912	/tmp/prysm-r2-extra-logs.Rd7MjT/round2-prysm-geth-912.tar.gz	/tmp/prysm-r2-extra-logs.Rd7MjT/round2-prysm-geth-912.tar.gz	execution.log;xatu-sentry.log;beacon.log;validator.log;snooper-engine.log	1	1
913	/tmp/prysm-r2-extra-logs.Rd7MjT/round2-prysm-geth-913.tar.gz	/tmp/prysm-r2-extra-logs.Rd7MjT/round2-prysm-geth-913.tar.gz	execution.log;xatu-sentry.log;beacon.log;validator.log;snooper-engine.log	1	1
914	/tmp/prysm-r2-extra-logs.Rd7MjT/round2-prysm-geth-914.tar.gz	/tmp/prysm-r2-extra-logs.Rd7MjT/round2-prysm-geth-914.tar.gz	execution.log;xatu-sentry.log;beacon.log;validator.log;snooper-engine.log	1	1
915	/tmp/prysm-r2-extra-logs.Rd7MjT/round2-prysm-geth-915.tar.gz	/tmp/prysm-r2-extra-logs.Rd7MjT/round2-prysm-geth-915.tar.gz	execution.log;xatu-sentry.log;beacon.log;validator.log;snooper-engine.log	1	1
916	/tmp/prysm-r2-extra-logs.Rd7MjT/round2-prysm-geth-916.tar.gz	/tmp/prysm-r2-extra-logs.Rd7MjT/round2-prysm-geth-916.tar.gz	execution.log;xatu-sentry.log;beacon.log;validator.log;snooper-engine.log	1	1
917	/tmp/prysm-r2-extra-logs.Rd7MjT/round2-prysm-geth-917.tar.gz	/tmp/prysm-r2-extra-logs.Rd7MjT/round2-prysm-geth-917.tar.gz	execution.log;xatu-sentry.log;beacon.log;validator.log;snooper-engine.log	1	1
918	/tmp/prysm-r2-extra-logs.Rd7MjT/round2-prysm-geth-918.tar.gz	/tmp/prysm-r2-extra-logs.Rd7MjT/round2-prysm-geth-918.tar.gz	execution.log;xatu-sentry.log;beacon.log;validator.log;snooper-engine.log	1	1
919	/tmp/prysm-r2-extra-logs.Rd7MjT/round2-prysm-geth-919.tar.gz	/tmp/prysm-r2-extra-logs.Rd7MjT/round2-prysm-geth-919.tar.gz	execution.log;xatu-sentry.log;beacon.log;validator.log;snooper-engine.log	1	1
920	/tmp/prysm-r2-extra-logs.Rd7MjT/round2-prysm-geth-920.tar.gz	/tmp/prysm-r2-extra-logs.Rd7MjT/round2-prysm-geth-920.tar.gz	execution.log;xatu-sentry.log;beacon.log;validator.log;snooper-engine.log	1	1
921	/tmp/prysm-r2-extra-logs.Rd7MjT/round2-prysm-geth-921.tar.gz	/tmp/prysm-r2-extra-logs.Rd7MjT/round2-prysm-geth-921.tar.gz	execution.log;xatu-sentry.log;beacon.log;validator.log;snooper-engine.log	1	1
922	/tmp/prysm-r2-extra-logs.Rd7MjT/round2-prysm-geth-922.tar.gz	/tmp/prysm-r2-extra-logs.Rd7MjT/round2-prysm-geth-922.tar.gz	execution.log;xatu-sentry.log;beacon.log;validator.log;snooper-engine.log	1	1
923	/tmp/prysm-r2-extra-logs.Rd7MjT/round2-prysm-geth-923.tar.gz	/tmp/prysm-r2-extra-logs.Rd7MjT/round2-prysm-geth-923.tar.gz	execution.log;xatu-sentry.log;beacon.log;validator.log;snooper-engine.log	1	1
924	/tmp/prysm-r2-extra-logs.Rd7MjT/round2-prysm-geth-924.tar.gz	/tmp/prysm-r2-extra-logs.Rd7MjT/round2-prysm-geth-924.tar.gz	execution.log;xatu-sentry.log;beacon.log;validator.log;snooper-engine.log	1	1
925	/tmp/prysm-r2-extra-logs.Rd7MjT/round2-prysm-geth-925.tar.gz	/tmp/prysm-r2-extra-logs.Rd7MjT/round2-prysm-geth-925.tar.gz	execution.log;xatu-sentry.log;beacon.log;validator.log;snooper-engine.log	1	1
926	/tmp/prysm-r2-extra-logs.Rd7MjT/round2-prysm-geth-926.tar.gz	/tmp/prysm-r2-extra-logs.Rd7MjT/round2-prysm-geth-926.tar.gz	execution.log;xatu-sentry.log;beacon.log;validator.log;snooper-engine.log	1	1
927	/tmp/prysm-r2-extra-logs.Rd7MjT/round2-prysm-geth-927.tar.gz	/tmp/prysm-r2-extra-logs.Rd7MjT/round2-prysm-geth-927.tar.gz	execution.log;xatu-sentry.log;beacon.log;validator.log;snooper-engine.log	1	1
928	/tmp/prysm-r2-extra-logs.Rd7MjT/round2-prysm-geth-928.tar.gz	/tmp/prysm-r2-extra-logs.Rd7MjT/round2-prysm-geth-928.tar.gz	execution.log;xatu-sentry.log;beacon.log;validator.log;snooper-engine.log	1	1
929	/tmp/prysm-r2-extra-logs.Rd7MjT/round2-prysm-geth-929.tar.gz	/tmp/prysm-r2-extra-logs.Rd7MjT/round2-prysm-geth-929.tar.gz	execution.log;xatu-sentry.log;beacon.log;validator.log;snooper-engine.log	1	1
930	/tmp/prysm-r2-extra-logs.Rd7MjT/round2-prysm-geth-930.tar.gz	/tmp/prysm-r2-extra-logs.Rd7MjT/round2-prysm-geth-930.tar.gz	execution.log;xatu-sentry.log;beacon.log;validator.log;snooper-engine.log	1	1
931	/tmp/prysm-r2-extra-logs.Rd7MjT/round2-prysm-geth-931.tar.gz	/tmp/prysm-r2-extra-logs.Rd7MjT/round2-prysm-geth-931.tar.gz	execution.log;xatu-sentry.log;beacon.log;validator.log;snooper-engine.log	1	1
932	/tmp/prysm-r2-extra-logs.Rd7MjT/round2-prysm-geth-932.tar.gz	/tmp/prysm-r2-extra-logs.Rd7MjT/round2-prysm-geth-932.tar.gz	execution.log;xatu-sentry.log;beacon.log;validator.log;snooper-engine.log	1	1
933	/tmp/prysm-r2-extra-logs.Rd7MjT/round2-prysm-geth-933.tar.gz	/tmp/prysm-r2-extra-logs.Rd7MjT/round2-prysm-geth-933.tar.gz	execution.log;xatu-sentry.log;beacon.log;validator.log;snooper-engine.log	1	1
934	/tmp/prysm-r2-extra-logs.Rd7MjT/round2-prysm-geth-934.tar.gz	/tmp/prysm-r2-extra-logs.Rd7MjT/round2-prysm-geth-934.tar.gz	execution.log;xatu-sentry.log;beacon.log;validator.log;snooper-engine.log	1	1
935	/tmp/prysm-r2-extra-logs.Rd7MjT/round2-prysm-geth-935.tar.gz	/tmp/prysm-r2-extra-logs.Rd7MjT/round2-prysm-geth-935.tar.gz	execution.log;xatu-sentry.log;beacon.log;validator.log;snooper-engine.log	1	1
936	/tmp/prysm-r2-extra-logs.Rd7MjT/round2-prysm-geth-936.tar.gz	/tmp/prysm-r2-extra-logs.Rd7MjT/round2-prysm-geth-936.tar.gz	execution.log;xatu-sentry.log;beacon.log;validator.log;snooper-engine.log	1	1
937	/tmp/prysm-r2-extra-logs.Rd7MjT/round2-prysm-geth-937.tar.gz	/tmp/prysm-r2-extra-logs.Rd7MjT/round2-prysm-geth-937.tar.gz	execution.log;xatu-sentry.log;beacon.log;validator.log;snooper-engine.log	1	1
938	/tmp/prysm-r2-extra-logs.Rd7MjT/round2-prysm-geth-938.tar.gz	/tmp/prysm-r2-extra-logs.Rd7MjT/round2-prysm-geth-938.tar.gz	execution.log;xatu-sentry.log;beacon.log;validator.log;snooper-engine.log	1	1
939	/tmp/prysm-r2-extra-logs.Rd7MjT/round2-prysm-geth-939.tar.gz	/tmp/prysm-r2-extra-logs.Rd7MjT/round2-prysm-geth-939.tar.gz	execution.log;xatu-sentry.log;beacon.log;validator.log;snooper-engine.log	1	1
940	/tmp/prysm-r2-extra-logs.Rd7MjT/round2-prysm-geth-940.tar.gz	/tmp/prysm-r2-extra-logs.Rd7MjT/round2-prysm-geth-940.tar.gz	execution.log;xatu-sentry.log;beacon.log;validator.log;snooper-engine.log	1	1
941	/tmp/prysm-r2-extra-logs.Rd7MjT/round2-prysm-geth-941.tar.gz	/tmp/prysm-r2-extra-logs.Rd7MjT/round2-prysm-geth-941.tar.gz	execution.log;xatu-sentry.log;beacon.log;validator.log;snooper-engine.log	1	1
942	/tmp/prysm-r2-extra-logs.Rd7MjT/round2-prysm-geth-942.tar.gz	/tmp/prysm-r2-extra-logs.Rd7MjT/round2-prysm-geth-942.tar.gz	execution.log;xatu-sentry.log;beacon.log;validator.log;snooper-engine.log	1	1
943	/tmp/prysm-r2-extra-logs.Rd7MjT/round2-prysm-geth-943.tar.gz	/tmp/prysm-r2-extra-logs.Rd7MjT/round2-prysm-geth-943.tar.gz	execution.log;xatu-sentry.log;beacon.log;validator.log;snooper-engine.log	1	1
944	/tmp/prysm-r2-extra-logs.Rd7MjT/round2-prysm-geth-944.tar.gz	/tmp/prysm-r2-extra-logs.Rd7MjT/round2-prysm-geth-944.tar.gz	execution.log;xatu-sentry.log;beacon.log;validator.log;snooper-engine.log	1	1
945	/tmp/prysm-r2-extra-logs.Rd7MjT/round2-prysm-geth-945.tar.gz	/tmp/prysm-r2-extra-logs.Rd7MjT/round2-prysm-geth-945.tar.gz	execution.log;xatu-sentry.log;beacon.log;validator.log;snooper-engine.log	1	1
946	/tmp/prysm-r2-extra-logs.Rd7MjT/round2-prysm-geth-946.tar.gz	/tmp/prysm-r2-extra-logs.Rd7MjT/round2-prysm-geth-946.tar.gz	execution.log;xatu-sentry.log;beacon.log;validator.log;snooper-engine.log	1	1
947	/tmp/prysm-r2-extra-logs.Rd7MjT/round2-prysm-geth-947.tar.gz	/tmp/prysm-r2-extra-logs.Rd7MjT/round2-prysm-geth-947.tar.gz	execution.log;xatu-sentry.log;beacon.log;validator.log;snooper-engine.log	1	1
948	/tmp/prysm-r2-extra-logs.Rd7MjT/round2-prysm-geth-948.tar.gz	/tmp/prysm-r2-extra-logs.Rd7MjT/round2-prysm-geth-948.tar.gz	execution.log;xatu-sentry.log;beacon.log;validator.log;snooper-engine.log	1	1
949	/tmp/prysm-r2-extra-logs.Rd7MjT/round2-prysm-geth-949.tar.gz	/tmp/prysm-r2-extra-logs.Rd7MjT/round2-prysm-geth-949.tar.gz	execution.log;xatu-sentry.log;beacon.log;validator.log;snooper-engine.log	1	1
950	/tmp/prysm-r2-extra-logs.Rd7MjT/round2-prysm-geth-950.tar.gz	/tmp/prysm-r2-extra-logs.Rd7MjT/round2-prysm-geth-950.tar.gz	execution.log;xatu-sentry.log;beacon.log;validator.log;snooper-engine.log	1	1
951	/tmp/prysm-r2-extra-logs.Rd7MjT/round2-prysm-geth-951.tar.gz	/tmp/prysm-r2-extra-logs.Rd7MjT/round2-prysm-geth-951.tar.gz	execution.log;xatu-sentry.log;beacon.log;validator.log;snooper-engine.log	1	1
952	/tmp/prysm-r2-extra-logs.Rd7MjT/round2-prysm-geth-952.tar.gz	/tmp/prysm-r2-extra-logs.Rd7MjT/round2-prysm-geth-952.tar.gz	execution.log;xatu-sentry.log;beacon.log;validator.log;snooper-engine.log	1	1
953	/tmp/prysm-r2-extra-logs.Rd7MjT/round2-prysm-geth-953.tar.gz	/tmp/prysm-r2-extra-logs.Rd7MjT/round2-prysm-geth-953.tar.gz	execution.log;xatu-sentry.log;beacon.log;validator.log;snooper-engine.log	1	1
954	/tmp/prysm-r2-extra-logs.Rd7MjT/round2-prysm-geth-954.tar.gz	/tmp/prysm-r2-extra-logs.Rd7MjT/round2-prysm-geth-954.tar.gz	execution.log;xatu-sentry.log;beacon.log;validator.log;snooper-engine.log	1	1
955	/tmp/prysm-r2-extra-logs.Rd7MjT/round2-prysm-geth-955.tar.gz	/tmp/prysm-r2-extra-logs.Rd7MjT/round2-prysm-geth-955.tar.gz	execution.log;xatu-sentry.log;beacon.log;validator.log;snooper-engine.log	1	1
956	/tmp/prysm-r2-extra-logs.Rd7MjT/round2-prysm-geth-956.tar.gz	/tmp/prysm-r2-extra-logs.Rd7MjT/round2-prysm-geth-956.tar.gz	execution.log;xatu-sentry.log;beacon.log;validator.log;snooper-engine.log	1	1
957	/tmp/prysm-r2-extra-logs.Rd7MjT/round2-prysm-geth-957.tar.gz	/tmp/prysm-r2-extra-logs.Rd7MjT/round2-prysm-geth-957.tar.gz	execution.log;xatu-sentry.log;beacon.log;validator.log;snooper-engine.log	1	1
958	/tmp/prysm-r2-extra-logs.Rd7MjT/round2-prysm-geth-958.tar.gz	/tmp/prysm-r2-extra-logs.Rd7MjT/round2-prysm-geth-958.tar.gz	execution.log;xatu-sentry.log;beacon.log;validator.log;snooper-engine.log	1	1
959	/tmp/prysm-r2-extra-logs.Rd7MjT/round2-prysm-geth-959.tar.gz	/tmp/prysm-r2-extra-logs.Rd7MjT/round2-prysm-geth-959.tar.gz	execution.log;xatu-sentry.log;beacon.log;validator.log;snooper-engine.log	1	1
960	/tmp/prysm-r2-extra-logs.Rd7MjT/round2-prysm-geth-960.tar.gz	/tmp/prysm-r2-extra-logs.Rd7MjT/round2-prysm-geth-960.tar.gz	execution.log;xatu-sentry.log;beacon.log;validator.log;snooper-engine.log	1	1
961	/tmp/prysm-r2-extra-logs.Rd7MjT/round2-prysm-geth-961.tar.gz	/tmp/prysm-r2-extra-logs.Rd7MjT/round2-prysm-geth-961.tar.gz	execution.log;xatu-sentry.log;beacon.log;validator.log;snooper-engine.log	1	1
962	/tmp/prysm-r2-extra-logs.Rd7MjT/round2-prysm-geth-962.tar.gz	/tmp/prysm-r2-extra-logs.Rd7MjT/round2-prysm-geth-962.tar.gz	execution.log;xatu-sentry.log;beacon.log;validator.log;snooper-engine.log	1	1
963	/tmp/prysm-r2-extra-logs.Rd7MjT/round2-prysm-geth-963.tar.gz	/tmp/prysm-r2-extra-logs.Rd7MjT/round2-prysm-geth-963.tar.gz	execution.log;xatu-sentry.log;beacon.log;validator.log;snooper-engine.log	1	1
964	/tmp/prysm-r2-extra-logs.Rd7MjT/round2-prysm-geth-964.tar.gz	/tmp/prysm-r2-extra-logs.Rd7MjT/round2-prysm-geth-964.tar.gz	execution.log;xatu-sentry.log;beacon.log;validator.log;snooper-engine.log	1	1
965	/tmp/prysm-r2-extra-logs.Rd7MjT/round2-prysm-geth-965.tar.gz	/tmp/prysm-r2-extra-logs.Rd7MjT/round2-prysm-geth-965.tar.gz	execution.log;xatu-sentry.log;beacon.log;validator.log;snooper-engine.log	1	1
966	/tmp/prysm-r2-extra-logs.Rd7MjT/round2-prysm-geth-966.tar.gz	/tmp/prysm-r2-extra-logs.Rd7MjT/round2-prysm-geth-966.tar.gz	execution.log;xatu-sentry.log;beacon.log;validator.log;snooper-engine.log	1	1
967	/tmp/prysm-r2-extra-logs.Rd7MjT/round2-prysm-geth-967.tar.gz	/tmp/prysm-r2-extra-logs.Rd7MjT/round2-prysm-geth-967.tar.gz	execution.log;xatu-sentry.log;beacon.log;validator.log;snooper-engine.log	1	1
968	/tmp/prysm-r2-extra-logs.Rd7MjT/round2-prysm-geth-968.tar.gz	/tmp/prysm-r2-extra-logs.Rd7MjT/round2-prysm-geth-968.tar.gz	execution.log;xatu-sentry.log;beacon.log;validator.log;snooper-engine.log	1	1
969	/tmp/prysm-r2-extra-logs.Rd7MjT/round2-prysm-geth-969.tar.gz	/tmp/prysm-r2-extra-logs.Rd7MjT/round2-prysm-geth-969.tar.gz	execution.log;xatu-sentry.log;beacon.log;validator.log;snooper-engine.log	1	1
970	/tmp/prysm-r2-extra-logs.Rd7MjT/round2-prysm-geth-970.tar.gz	/tmp/prysm-r2-extra-logs.Rd7MjT/round2-prysm-geth-970.tar.gz	execution.log;xatu-sentry.log;beacon.log;validator.log;snooper-engine.log	1	1
971	/tmp/prysm-r2-extra-logs.Rd7MjT/round2-prysm-geth-971.tar.gz	/tmp/prysm-r2-extra-logs.Rd7MjT/round2-prysm-geth-971.tar.gz	execution.log;xatu-sentry.log;beacon.log;validator.log;snooper-engine.log	1	1
972	/tmp/prysm-r2-extra-logs.Rd7MjT/round2-prysm-geth-972.tar.gz	/tmp/prysm-r2-extra-logs.Rd7MjT/round2-prysm-geth-972.tar.gz	execution.log;xatu-sentry.log;beacon.log;validator.log;snooper-engine.log	1	1
973	/tmp/prysm-r2-extra-logs.Rd7MjT/round2-prysm-geth-973.tar.gz	/tmp/prysm-r2-extra-logs.Rd7MjT/round2-prysm-geth-973.tar.gz	execution.log;xatu-sentry.log;beacon.log;validator.log;snooper-engine.log	1	1
974	/tmp/prysm-r2-extra-logs.Rd7MjT/round2-prysm-geth-974.tar.gz	/tmp/prysm-r2-extra-logs.Rd7MjT/round2-prysm-geth-974.tar.gz	execution.log;xatu-sentry.log;beacon.log;validator.log;snooper-engine.log	1	1
975	/tmp/prysm-r2-extra-logs.Rd7MjT/round2-prysm-geth-975.tar.gz	/tmp/prysm-r2-extra-logs.Rd7MjT/round2-prysm-geth-975.tar.gz	execution.log;xatu-sentry.log;beacon.log;validator.log;snooper-engine.log	1	1
976	/tmp/prysm-r2-extra-logs.Rd7MjT/round2-prysm-geth-976.tar.gz	/tmp/prysm-r2-extra-logs.Rd7MjT/round2-prysm-geth-976.tar.gz	execution.log;xatu-sentry.log;beacon.log;validator.log;snooper-engine.log	1	1
977	/tmp/prysm-r2-extra-logs.Rd7MjT/round2-prysm-geth-977.tar.gz	/tmp/prysm-r2-extra-logs.Rd7MjT/round2-prysm-geth-977.tar.gz	execution.log;xatu-sentry.log;beacon.log;validator.log;snooper-engine.log	1	1
978	/tmp/prysm-r2-extra-logs.Rd7MjT/round2-prysm-geth-978.tar.gz	/tmp/prysm-r2-extra-logs.Rd7MjT/round2-prysm-geth-978.tar.gz	execution.log;xatu-sentry.log;beacon.log;validator.log;snooper-engine.log	1	1
979	/tmp/prysm-r2-extra-logs.Rd7MjT/round2-prysm-geth-979.tar.gz	/tmp/prysm-r2-extra-logs.Rd7MjT/round2-prysm-geth-979.tar.gz	execution.log;xatu-sentry.log;beacon.log;validator.log;snooper-engine.log	1	1
980	/tmp/prysm-r2-extra-logs.Rd7MjT/round2-prysm-geth-980.tar.gz	/tmp/prysm-r2-extra-logs.Rd7MjT/round2-prysm-geth-980.tar.gz	execution.log;xatu-sentry.log;beacon.log;validator.log;snooper-engine.log	1	1
981	/tmp/prysm-r2-extra-logs.Rd7MjT/round2-prysm-geth-981.tar.gz	/tmp/prysm-r2-extra-logs.Rd7MjT/round2-prysm-geth-981.tar.gz	execution.log;xatu-sentry.log;beacon.log;validator.log;snooper-engine.log	1	1
982	/tmp/prysm-r2-extra-logs.Rd7MjT/round2-prysm-geth-982.tar.gz	/tmp/prysm-r2-extra-logs.Rd7MjT/round2-prysm-geth-982.tar.gz	execution.log;xatu-sentry.log;beacon.log;validator.log;snooper-engine.log	1	1
983	/tmp/prysm-r2-extra-logs.Rd7MjT/round2-prysm-geth-983.tar.gz	/tmp/prysm-r2-extra-logs.Rd7MjT/round2-prysm-geth-983.tar.gz	execution.log;xatu-sentry.log;beacon.log;validator.log;snooper-engine.log	1	1
984	/tmp/prysm-r2-extra-logs.Rd7MjT/round2-prysm-geth-984.tar.gz	/tmp/prysm-r2-extra-logs.Rd7MjT/round2-prysm-geth-984.tar.gz	execution.log;xatu-sentry.log;beacon.log;validator.log;snooper-engine.log	1	1
985	/tmp/prysm-r2-extra-logs.Rd7MjT/round2-prysm-geth-985.tar.gz	/tmp/prysm-r2-extra-logs.Rd7MjT/round2-prysm-geth-985.tar.gz	execution.log;xatu-sentry.log;beacon.log;validator.log;snooper-engine.log	1	1
986	/tmp/prysm-r2-extra-logs.Rd7MjT/round2-prysm-geth-986.tar.gz	/tmp/prysm-r2-extra-logs.Rd7MjT/round2-prysm-geth-986.tar.gz	execution.log;xatu-sentry.log;beacon.log;validator.log;snooper-engine.log	1	1
987	/tmp/prysm-r2-extra-logs.Rd7MjT/round2-prysm-geth-987.tar.gz	/tmp/prysm-r2-extra-logs.Rd7MjT/round2-prysm-geth-987.tar.gz	execution.log;xatu-sentry.log;beacon.log;validator.log;snooper-engine.log	1	1
988	/tmp/prysm-r2-extra-logs.Rd7MjT/round2-prysm-geth-988.tar.gz	/tmp/prysm-r2-extra-logs.Rd7MjT/round2-prysm-geth-988.tar.gz	execution.log;xatu-sentry.log;beacon.log;validator.log;snooper-engine.log	1	1
989	/tmp/prysm-r2-extra-logs.Rd7MjT/round2-prysm-geth-989.tar.gz	/tmp/prysm-r2-extra-logs.Rd7MjT/round2-prysm-geth-989.tar.gz	execution.log;xatu-sentry.log;beacon.log;validator.log;snooper-engine.log	1	1
990	/tmp/prysm-r2-extra-logs.Rd7MjT/round2-prysm-geth-990.tar.gz	/tmp/prysm-r2-extra-logs.Rd7MjT/round2-prysm-geth-990.tar.gz	execution.log;xatu-sentry.log;beacon.log;validator.log;snooper-engine.log	1	1
991	/tmp/prysm-r2-extra-logs.Rd7MjT/round2-prysm-geth-991.tar.gz	/tmp/prysm-r2-extra-logs.Rd7MjT/round2-prysm-geth-991.tar.gz	execution.log;xatu-sentry.log;beacon.log;validator.log;snooper-engine.log	1	1
992	/tmp/prysm-r2-extra-logs.Rd7MjT/round2-prysm-geth-992.tar.gz	/tmp/prysm-r2-extra-logs.Rd7MjT/round2-prysm-geth-992.tar.gz	execution.log;xatu-sentry.log;beacon.log;validator.log;snooper-engine.log	1	1
993	/tmp/prysm-r2-extra-logs.Rd7MjT/round2-prysm-geth-993.tar.gz	/tmp/prysm-r2-extra-logs.Rd7MjT/round2-prysm-geth-993.tar.gz	execution.log;xatu-sentry.log;beacon.log;validator.log;snooper-engine.log	1	1
994	/tmp/prysm-r2-extra-logs.Rd7MjT/round2-prysm-geth-994.tar.gz	/tmp/prysm-r2-extra-logs.Rd7MjT/round2-prysm-geth-994.tar.gz	execution.log;xatu-sentry.log;beacon.log;validator.log;snooper-engine.log	1	1
995	/tmp/prysm-r2-extra-logs.Rd7MjT/round2-prysm-geth-995.tar.gz	/tmp/prysm-r2-extra-logs.Rd7MjT/round2-prysm-geth-995.tar.gz	execution.log;xatu-sentry.log;beacon.log;validator.log;snooper-engine.log	1	1
996	/tmp/prysm-r2-extra-logs.Rd7MjT/round2-prysm-geth-996.tar.gz	/tmp/prysm-r2-extra-logs.Rd7MjT/round2-prysm-geth-996.tar.gz	execution.log;xatu-sentry.log;beacon.log;validator.log;snooper-engine.log	1	1
997	/tmp/prysm-r2-extra-logs.Rd7MjT/round2-prysm-geth-997.tar.gz	/tmp/prysm-r2-extra-logs.Rd7MjT/round2-prysm-geth-997.tar.gz	execution.log;xatu-sentry.log;beacon.log;validator.log;snooper-engine.log	1	1
998	/tmp/prysm-r2-extra-logs.Rd7MjT/round2-prysm-geth-998.tar.gz	/tmp/prysm-r2-extra-logs.Rd7MjT/round2-prysm-geth-998.tar.gz	execution.log;xatu-sentry.log;beacon.log;validator.log;snooper-engine.log	1	1
999	/tmp/prysm-r2-extra-logs.Rd7MjT/round2-prysm-geth-999.tar.gz	/tmp/prysm-r2-extra-logs.Rd7MjT/round2-prysm-geth-999.tar.gz	execution.log;xatu-sentry.log;beacon.log;validator.log;snooper-engine.log	1	1
1000	/tmp/prysm-r2-extra-logs.Rd7MjT/round2-prysm-geth-1000.tar.gz	/tmp/prysm-r2-extra-logs.Rd7MjT/round2-prysm-geth-1000.tar.gz	execution.log;xatu-sentry.log;beacon.log;validator.log;snooper-engine.log	1	1
