node	owned_slot	target_slot	proxy_id	method	request_timestamp	request_genesis_offset_ms	request_header_anchor	request_body_anchor	request_body_end_anchor	request_summary_json	response_timestamp	response_genesis_offset_ms	duration_ms	http_status	response_header_anchor	response_body_anchor	response_body_end_anchor	response_summary_json
144	7	1	706	engine_forkchoiceUpdatedV4	2026-09-05T01:30:12.003344799Z	12003.344	/tmp/prysm-r2-extra-logs.Rd7MjT/round2-prysm-geth-144.tar.gz::snooper-engine.log:31496	/tmp/prysm-r2-extra-logs.Rd7MjT/round2-prysm-geth-144.tar.gz::snooper-engine.log:31497	/tmp/prysm-r2-extra-logs.Rd7MjT/round2-prysm-geth-144.tar.gz::snooper-engine.log:31509	"{""forkchoice_state"":{""finalizedBlockHash"":""0x000000000000...00000000"",""headBlockHash"":""0x296b50f55c75...dfe775a1"",""safeBlockHash"":""0x000000000000...00000000""},""method"":""engine_forkchoiceUpdatedV4"",""payload_attributes"":null,""rpc_id"":201}"	2026-09-05T01:30:12.004052157Z	12004.052	0	200	/tmp/prysm-r2-extra-logs.Rd7MjT/round2-prysm-geth-144.tar.gz::snooper-engine.log:31511	/tmp/prysm-r2-extra-logs.Rd7MjT/round2-prysm-geth-144.tar.gz::snooper-engine.log:31512	/tmp/prysm-r2-extra-logs.Rd7MjT/round2-prysm-geth-144.tar.gz::snooper-engine.log:31523	"{""payload_id"":null,""payload_status"":{""latestValidHash"":""0x296b50f55c75...dfe775a1"",""status"":""VALID"",""validationError"":null},""rpc_id"":201}"
76	16	1	708	engine_forkchoiceUpdatedV4	2026-09-05T01:30:12.003531397Z	12003.531	/tmp/prysm-r2-extra-logs.Rd7MjT/round2-prysm-geth-76.tar.gz::snooper-engine.log:31577	/tmp/prysm-r2-extra-logs.Rd7MjT/round2-prysm-geth-76.tar.gz::snooper-engine.log:31578	/tmp/prysm-r2-extra-logs.Rd7MjT/round2-prysm-geth-76.tar.gz::snooper-engine.log:31590	"{""forkchoice_state"":{""finalizedBlockHash"":""0x000000000000...00000000"",""headBlockHash"":""0x296b50f55c75...dfe775a1"",""safeBlockHash"":""0x000000000000...00000000""},""method"":""engine_forkchoiceUpdatedV4"",""payload_attributes"":null,""rpc_id"":199}"	2026-09-05T01:30:12.003841566Z	12003.841	0	200	/tmp/prysm-r2-extra-logs.Rd7MjT/round2-prysm-geth-76.tar.gz::snooper-engine.log:31592	/tmp/prysm-r2-extra-logs.Rd7MjT/round2-prysm-geth-76.tar.gz::snooper-engine.log:31593	/tmp/prysm-r2-extra-logs.Rd7MjT/round2-prysm-geth-76.tar.gz::snooper-engine.log:31604	"{""payload_id"":null,""payload_status"":{""latestValidHash"":""0x296b50f55c75...dfe775a1"",""status"":""VALID"",""validationError"":null},""rpc_id"":199}"
32	15	1	710	engine_forkchoiceUpdatedV4	2026-09-05T01:30:12.003897776Z	12003.897	/tmp/prysm-r2-extra-logs.Rd7MjT/round2-prysm-geth-32.tar.gz::snooper-engine.log:31666	/tmp/prysm-r2-extra-logs.Rd7MjT/round2-prysm-geth-32.tar.gz::snooper-engine.log:31667	/tmp/prysm-r2-extra-logs.Rd7MjT/round2-prysm-geth-32.tar.gz::snooper-engine.log:31679	"{""forkchoice_state"":{""finalizedBlockHash"":""0x000000000000...00000000"",""headBlockHash"":""0x296b50f55c75...dfe775a1"",""safeBlockHash"":""0x000000000000...00000000""},""method"":""engine_forkchoiceUpdatedV4"",""payload_attributes"":null,""rpc_id"":201}"	2026-09-05T01:30:12.004474372Z	12004.474	0	200	/tmp/prysm-r2-extra-logs.Rd7MjT/round2-prysm-geth-32.tar.gz::snooper-engine.log:31681	/tmp/prysm-r2-extra-logs.Rd7MjT/round2-prysm-geth-32.tar.gz::snooper-engine.log:31682	/tmp/prysm-r2-extra-logs.Rd7MjT/round2-prysm-geth-32.tar.gz::snooper-engine.log:31693	"{""payload_id"":null,""payload_status"":{""latestValidHash"":""0x296b50f55c75...dfe775a1"",""status"":""VALID"",""validationError"":null},""rpc_id"":201}"
20	13	1	706	engine_forkchoiceUpdatedV4	2026-09-05T01:30:12.004015000Z	12004.015	/tmp/prysm-r2-extra-logs.Rd7MjT/round2-prysm-geth-20.tar.gz::snooper-engine.log:31514	/tmp/prysm-r2-extra-logs.Rd7MjT/round2-prysm-geth-20.tar.gz::snooper-engine.log:31515	/tmp/prysm-r2-extra-logs.Rd7MjT/round2-prysm-geth-20.tar.gz::snooper-engine.log:31527	"{""forkchoice_state"":{""finalizedBlockHash"":""0x000000000000...00000000"",""headBlockHash"":""0x296b50f55c75...dfe775a1"",""safeBlockHash"":""0x000000000000...00000000""},""method"":""engine_forkchoiceUpdatedV4"",""payload_attributes"":null,""rpc_id"":201}"	2026-09-05T01:30:12.005061638Z	12005.061	1	200	/tmp/prysm-r2-extra-logs.Rd7MjT/round2-prysm-geth-20.tar.gz::snooper-engine.log:31529	/tmp/prysm-r2-extra-logs.Rd7MjT/round2-prysm-geth-20.tar.gz::snooper-engine.log:31530	/tmp/prysm-r2-extra-logs.Rd7MjT/round2-prysm-geth-20.tar.gz::snooper-engine.log:31541	"{""payload_id"":null,""payload_status"":{""latestValidHash"":""0x296b50f55c75...dfe775a1"",""status"":""VALID"",""validationError"":null},""rpc_id"":201}"
35	10	1	709	engine_forkchoiceUpdatedV4	2026-09-05T01:30:12.004453467Z	12004.453	/tmp/prysm-r2-extra-logs.Rd7MjT/round2-prysm-geth-35.tar.gz::snooper-engine.log:31633	/tmp/prysm-r2-extra-logs.Rd7MjT/round2-prysm-geth-35.tar.gz::snooper-engine.log:31634	/tmp/prysm-r2-extra-logs.Rd7MjT/round2-prysm-geth-35.tar.gz::snooper-engine.log:31646	"{""forkchoice_state"":{""finalizedBlockHash"":""0x000000000000...00000000"",""headBlockHash"":""0x296b50f55c75...dfe775a1"",""safeBlockHash"":""0x000000000000...00000000""},""method"":""engine_forkchoiceUpdatedV4"",""payload_attributes"":null,""rpc_id"":200}"	2026-09-05T01:30:12.006012926Z	12006.012	1	200	/tmp/prysm-r2-extra-logs.Rd7MjT/round2-prysm-geth-35.tar.gz::snooper-engine.log:31648	/tmp/prysm-r2-extra-logs.Rd7MjT/round2-prysm-geth-35.tar.gz::snooper-engine.log:31649	/tmp/prysm-r2-extra-logs.Rd7MjT/round2-prysm-geth-35.tar.gz::snooper-engine.log:31660	"{""payload_id"":null,""payload_status"":{""latestValidHash"":""0x296b50f55c75...dfe775a1"",""status"":""VALID"",""validationError"":null},""rpc_id"":200}"
19	8	1	710	engine_forkchoiceUpdatedV4	2026-09-05T01:30:12.004675726Z	12004.675	/tmp/prysm-r2-extra-logs.Rd7MjT/round2-prysm-geth-19.tar.gz::snooper-engine.log:31648	/tmp/prysm-r2-extra-logs.Rd7MjT/round2-prysm-geth-19.tar.gz::snooper-engine.log:31649	/tmp/prysm-r2-extra-logs.Rd7MjT/round2-prysm-geth-19.tar.gz::snooper-engine.log:31661	"{""forkchoice_state"":{""finalizedBlockHash"":""0x000000000000...00000000"",""headBlockHash"":""0x296b50f55c75...dfe775a1"",""safeBlockHash"":""0x000000000000...00000000""},""method"":""engine_forkchoiceUpdatedV4"",""payload_attributes"":null,""rpc_id"":201}"	2026-09-05T01:30:12.005152674Z	12005.152	0	200	/tmp/prysm-r2-extra-logs.Rd7MjT/round2-prysm-geth-19.tar.gz::snooper-engine.log:31663	/tmp/prysm-r2-extra-logs.Rd7MjT/round2-prysm-geth-19.tar.gz::snooper-engine.log:31664	/tmp/prysm-r2-extra-logs.Rd7MjT/round2-prysm-geth-19.tar.gz::snooper-engine.log:31675	"{""payload_id"":null,""payload_status"":{""latestValidHash"":""0x296b50f55c75...dfe775a1"",""status"":""VALID"",""validationError"":null},""rpc_id"":201}"
107	9	1	710	engine_forkchoiceUpdatedV4	2026-09-05T01:30:12.005494954Z	12005.494	/tmp/prysm-r2-extra-logs.Rd7MjT/round2-prysm-geth-107.tar.gz::snooper-engine.log:31689	/tmp/prysm-r2-extra-logs.Rd7MjT/round2-prysm-geth-107.tar.gz::snooper-engine.log:31690	/tmp/prysm-r2-extra-logs.Rd7MjT/round2-prysm-geth-107.tar.gz::snooper-engine.log:31702	"{""forkchoice_state"":{""finalizedBlockHash"":""0x000000000000...00000000"",""headBlockHash"":""0x296b50f55c75...dfe775a1"",""safeBlockHash"":""0x000000000000...00000000""},""method"":""engine_forkchoiceUpdatedV4"",""payload_attributes"":null,""rpc_id"":201}"	2026-09-05T01:30:12.011525351Z	12011.525	7	200	/tmp/prysm-r2-extra-logs.Rd7MjT/round2-prysm-geth-107.tar.gz::snooper-engine.log:31704	/tmp/prysm-r2-extra-logs.Rd7MjT/round2-prysm-geth-107.tar.gz::snooper-engine.log:31705	/tmp/prysm-r2-extra-logs.Rd7MjT/round2-prysm-geth-107.tar.gz::snooper-engine.log:31716	"{""payload_id"":null,""payload_status"":{""latestValidHash"":""0x296b50f55c75...dfe775a1"",""status"":""VALID"",""validationError"":null},""rpc_id"":201}"
14	12	1	701	engine_forkchoiceUpdatedV4	2026-09-05T01:30:12.005761280Z	12005.761	/tmp/prysm-r2-extra-logs.Rd7MjT/round2-prysm-geth-14.tar.gz::snooper-engine.log:31317	/tmp/prysm-r2-extra-logs.Rd7MjT/round2-prysm-geth-14.tar.gz::snooper-engine.log:31318	/tmp/prysm-r2-extra-logs.Rd7MjT/round2-prysm-geth-14.tar.gz::snooper-engine.log:31330	"{""forkchoice_state"":{""finalizedBlockHash"":""0x000000000000...00000000"",""headBlockHash"":""0x296b50f55c75...dfe775a1"",""safeBlockHash"":""0x000000000000...00000000""},""method"":""engine_forkchoiceUpdatedV4"",""payload_attributes"":null,""rpc_id"":200}"	2026-09-05T01:30:12.006791201Z	12006.791	1	200	/tmp/prysm-r2-extra-logs.Rd7MjT/round2-prysm-geth-14.tar.gz::snooper-engine.log:31332	/tmp/prysm-r2-extra-logs.Rd7MjT/round2-prysm-geth-14.tar.gz::snooper-engine.log:31333	/tmp/prysm-r2-extra-logs.Rd7MjT/round2-prysm-geth-14.tar.gz::snooper-engine.log:31344	"{""payload_id"":null,""payload_status"":{""latestValidHash"":""0x296b50f55c75...dfe775a1"",""status"":""VALID"",""validationError"":null},""rpc_id"":200}"
22	3	1	717	engine_forkchoiceUpdatedV4	2026-09-05T01:30:12.006499231Z	12006.499	/tmp/prysm-r2-extra-logs.Rd7MjT/round2-prysm-geth-22.tar.gz::snooper-engine.log:31840	/tmp/prysm-r2-extra-logs.Rd7MjT/round2-prysm-geth-22.tar.gz::snooper-engine.log:31841	/tmp/prysm-r2-extra-logs.Rd7MjT/round2-prysm-geth-22.tar.gz::snooper-engine.log:31853	"{""forkchoice_state"":{""finalizedBlockHash"":""0x000000000000...00000000"",""headBlockHash"":""0x296b50f55c75...dfe775a1"",""safeBlockHash"":""0x000000000000...00000000""},""method"":""engine_forkchoiceUpdatedV4"",""payload_attributes"":null,""rpc_id"":200}"	2026-09-05T01:30:12.007274966Z	12007.274	1	200	/tmp/prysm-r2-extra-logs.Rd7MjT/round2-prysm-geth-22.tar.gz::snooper-engine.log:31855	/tmp/prysm-r2-extra-logs.Rd7MjT/round2-prysm-geth-22.tar.gz::snooper-engine.log:31856	/tmp/prysm-r2-extra-logs.Rd7MjT/round2-prysm-geth-22.tar.gz::snooper-engine.log:31867	"{""payload_id"":null,""payload_status"":{""latestValidHash"":""0x296b50f55c75...dfe775a1"",""status"":""VALID"",""validationError"":null},""rpc_id"":200}"
118	5	1	703	engine_forkchoiceUpdatedV4	2026-09-05T01:30:12.006634571Z	12006.634	/tmp/prysm-r2-extra-logs.Rd7MjT/round2-prysm-geth-118.tar.gz::snooper-engine.log:31397	/tmp/prysm-r2-extra-logs.Rd7MjT/round2-prysm-geth-118.tar.gz::snooper-engine.log:31398	/tmp/prysm-r2-extra-logs.Rd7MjT/round2-prysm-geth-118.tar.gz::snooper-engine.log:31410	"{""forkchoice_state"":{""finalizedBlockHash"":""0x000000000000...00000000"",""headBlockHash"":""0x296b50f55c75...dfe775a1"",""safeBlockHash"":""0x000000000000...00000000""},""method"":""engine_forkchoiceUpdatedV4"",""payload_attributes"":null,""rpc_id"":201}"	2026-09-05T01:30:12.007786150Z	12007.786	1	200	/tmp/prysm-r2-extra-logs.Rd7MjT/round2-prysm-geth-118.tar.gz::snooper-engine.log:31412	/tmp/prysm-r2-extra-logs.Rd7MjT/round2-prysm-geth-118.tar.gz::snooper-engine.log:31413	/tmp/prysm-r2-extra-logs.Rd7MjT/round2-prysm-geth-118.tar.gz::snooper-engine.log:31424	"{""payload_id"":null,""payload_status"":{""latestValidHash"":""0x296b50f55c75...dfe775a1"",""status"":""VALID"",""validationError"":null},""rpc_id"":201}"
85	14	1	710	engine_forkchoiceUpdatedV4	2026-09-05T01:30:12.007076650Z	12007.076	/tmp/prysm-r2-extra-logs.Rd7MjT/round2-prysm-geth-85.tar.gz::snooper-engine.log:31663	/tmp/prysm-r2-extra-logs.Rd7MjT/round2-prysm-geth-85.tar.gz::snooper-engine.log:31664	/tmp/prysm-r2-extra-logs.Rd7MjT/round2-prysm-geth-85.tar.gz::snooper-engine.log:31676	"{""forkchoice_state"":{""finalizedBlockHash"":""0x000000000000...00000000"",""headBlockHash"":""0x296b50f55c75...dfe775a1"",""safeBlockHash"":""0x000000000000...00000000""},""method"":""engine_forkchoiceUpdatedV4"",""payload_attributes"":null,""rpc_id"":198}"	2026-09-05T01:30:12.007156596Z	12007.156	1	200	/tmp/prysm-r2-extra-logs.Rd7MjT/round2-prysm-geth-85.tar.gz::snooper-engine.log:31678	/tmp/prysm-r2-extra-logs.Rd7MjT/round2-prysm-geth-85.tar.gz::snooper-engine.log:31679	/tmp/prysm-r2-extra-logs.Rd7MjT/round2-prysm-geth-85.tar.gz::snooper-engine.log:31690	"{""payload_id"":null,""payload_status"":{""latestValidHash"":""0x296b50f55c75...dfe775a1"",""status"":""VALID"",""validationError"":null},""rpc_id"":198}"
91	4	1	712	engine_forkchoiceUpdatedV4	2026-09-05T01:30:12.007313774Z	12007.313	/tmp/prysm-r2-extra-logs.Rd7MjT/round2-prysm-geth-91.tar.gz::snooper-engine.log:31723	/tmp/prysm-r2-extra-logs.Rd7MjT/round2-prysm-geth-91.tar.gz::snooper-engine.log:31724	/tmp/prysm-r2-extra-logs.Rd7MjT/round2-prysm-geth-91.tar.gz::snooper-engine.log:31736	"{""forkchoice_state"":{""finalizedBlockHash"":""0x000000000000...00000000"",""headBlockHash"":""0x296b50f55c75...dfe775a1"",""safeBlockHash"":""0x000000000000...00000000""},""method"":""engine_forkchoiceUpdatedV4"",""payload_attributes"":null,""rpc_id"":198}"	2026-09-05T01:30:12.007456435Z	12007.456	1	200	/tmp/prysm-r2-extra-logs.Rd7MjT/round2-prysm-geth-91.tar.gz::snooper-engine.log:31738	/tmp/prysm-r2-extra-logs.Rd7MjT/round2-prysm-geth-91.tar.gz::snooper-engine.log:31739	/tmp/prysm-r2-extra-logs.Rd7MjT/round2-prysm-geth-91.tar.gz::snooper-engine.log:31750	"{""payload_id"":null,""payload_status"":{""latestValidHash"":""0x296b50f55c75...dfe775a1"",""status"":""VALID"",""validationError"":null},""rpc_id"":198}"
191	2	1	714	engine_forkchoiceUpdatedV4	2026-09-05T01:30:12.008324748Z	12008.324	/tmp/prysm-r2-extra-logs.Rd7MjT/round2-prysm-geth-191.tar.gz::snooper-engine.log:31728	/tmp/prysm-r2-extra-logs.Rd7MjT/round2-prysm-geth-191.tar.gz::snooper-engine.log:31729	/tmp/prysm-r2-extra-logs.Rd7MjT/round2-prysm-geth-191.tar.gz::snooper-engine.log:31741	"{""forkchoice_state"":{""finalizedBlockHash"":""0x000000000000...00000000"",""headBlockHash"":""0x296b50f55c75...dfe775a1"",""safeBlockHash"":""0x000000000000...00000000""},""method"":""engine_forkchoiceUpdatedV4"",""payload_attributes"":null,""rpc_id"":201}"	2026-09-05T01:30:12.008404102Z	12008.404	1	200	/tmp/prysm-r2-extra-logs.Rd7MjT/round2-prysm-geth-191.tar.gz::snooper-engine.log:31743	/tmp/prysm-r2-extra-logs.Rd7MjT/round2-prysm-geth-191.tar.gz::snooper-engine.log:31744	/tmp/prysm-r2-extra-logs.Rd7MjT/round2-prysm-geth-191.tar.gz::snooper-engine.log:31755	"{""payload_id"":null,""payload_status"":{""latestValidHash"":""0x296b50f55c75...dfe775a1"",""status"":""VALID"",""validationError"":null},""rpc_id"":201}"
117	11	1	703	engine_forkchoiceUpdatedV4	2026-09-05T01:30:12.017076786Z	12017.076	/tmp/prysm-r2-extra-logs.Rd7MjT/round2-prysm-geth-117.tar.gz::snooper-engine.log:31423	/tmp/prysm-r2-extra-logs.Rd7MjT/round2-prysm-geth-117.tar.gz::snooper-engine.log:31424	/tmp/prysm-r2-extra-logs.Rd7MjT/round2-prysm-geth-117.tar.gz::snooper-engine.log:31436	"{""forkchoice_state"":{""finalizedBlockHash"":""0x000000000000...00000000"",""headBlockHash"":""0x296b50f55c75...dfe775a1"",""safeBlockHash"":""0x000000000000...00000000""},""method"":""engine_forkchoiceUpdatedV4"",""payload_attributes"":null,""rpc_id"":201}"	2026-09-05T01:30:12.017252565Z	12017.252	4	200	/tmp/prysm-r2-extra-logs.Rd7MjT/round2-prysm-geth-117.tar.gz::snooper-engine.log:31438	/tmp/prysm-r2-extra-logs.Rd7MjT/round2-prysm-geth-117.tar.gz::snooper-engine.log:31439	/tmp/prysm-r2-extra-logs.Rd7MjT/round2-prysm-geth-117.tar.gz::snooper-engine.log:31450	"{""payload_id"":null,""payload_status"":{""latestValidHash"":""0x296b50f55c75...dfe775a1"",""status"":""VALID"",""validationError"":null},""rpc_id"":201}"
83	6	1	710	engine_forkchoiceUpdatedV4	2026-09-05T01:30:12.017202080Z	12017.202	/tmp/prysm-r2-extra-logs.Rd7MjT/round2-prysm-geth-83.tar.gz::snooper-engine.log:31680	/tmp/prysm-r2-extra-logs.Rd7MjT/round2-prysm-geth-83.tar.gz::snooper-engine.log:31681	/tmp/prysm-r2-extra-logs.Rd7MjT/round2-prysm-geth-83.tar.gz::snooper-engine.log:31693	"{""forkchoice_state"":{""finalizedBlockHash"":""0x000000000000...00000000"",""headBlockHash"":""0x296b50f55c75...dfe775a1"",""safeBlockHash"":""0x000000000000...00000000""},""method"":""engine_forkchoiceUpdatedV4"",""payload_attributes"":null,""rpc_id"":199}"	2026-09-05T01:30:12.017311859Z	12017.311	2	200	/tmp/prysm-r2-extra-logs.Rd7MjT/round2-prysm-geth-83.tar.gz::snooper-engine.log:31695	/tmp/prysm-r2-extra-logs.Rd7MjT/round2-prysm-geth-83.tar.gz::snooper-engine.log:31696	/tmp/prysm-r2-extra-logs.Rd7MjT/round2-prysm-geth-83.tar.gz::snooper-engine.log:31707	"{""payload_id"":null,""payload_status"":{""latestValidHash"":""0x296b50f55c75...dfe775a1"",""status"":""VALID"",""validationError"":null},""rpc_id"":199}"
169	1	1	709	engine_forkchoiceUpdatedV4	2026-09-05T01:30:12.166999306Z	12166.999	/tmp/prysm-r2-extra-logs.Rd7MjT/round2-prysm-geth-169.tar.gz::snooper-engine.log:31640	/tmp/prysm-r2-extra-logs.Rd7MjT/round2-prysm-geth-169.tar.gz::snooper-engine.log:31641	/tmp/prysm-r2-extra-logs.Rd7MjT/round2-prysm-geth-169.tar.gz::snooper-engine.log:31661	"{""forkchoice_state"":{""finalizedBlockHash"":""0x000000000000...00000000"",""headBlockHash"":""0x296b50f55c75...dfe775a1"",""safeBlockHash"":""0x000000000000...00000000""},""method"":""engine_forkchoiceUpdatedV4"",""payload_attributes"":{""parentBeaconBlockRoot"":""0x1a40155d770d...caa010d1"",""prevRandao"":""0x296b50f55c75...dfe775a1"",""suggestedFeeRecipient"":""0x000000000000...00000000"",""timestamp"":""0x6a9b70a4"",""withdrawals"":0},""rpc_id"":201}"	2026-09-05T01:30:12.167372899Z	12167.372	4	200	/tmp/prysm-r2-extra-logs.Rd7MjT/round2-prysm-geth-169.tar.gz::snooper-engine.log:31663	/tmp/prysm-r2-extra-logs.Rd7MjT/round2-prysm-geth-169.tar.gz::snooper-engine.log:31664	/tmp/prysm-r2-extra-logs.Rd7MjT/round2-prysm-geth-169.tar.gz::snooper-engine.log:31675	"{""payload_id"":""0x0466ae591b684070"",""payload_status"":{""latestValidHash"":""0x296b50f55c75...dfe775a1"",""status"":""VALID"",""validationError"":null},""rpc_id"":201}"
191	2	2	715	engine_forkchoiceUpdatedV4	2026-09-05T01:30:15.022031834Z	15022.031	/tmp/prysm-r2-extra-logs.Rd7MjT/round2-prysm-geth-191.tar.gz::snooper-engine.log:31757	/tmp/prysm-r2-extra-logs.Rd7MjT/round2-prysm-geth-191.tar.gz::snooper-engine.log:31758	/tmp/prysm-r2-extra-logs.Rd7MjT/round2-prysm-geth-191.tar.gz::snooper-engine.log:31778	"{""forkchoice_state"":{""finalizedBlockHash"":""0x000000000000...00000000"",""headBlockHash"":""0x296b50f55c75...dfe775a1"",""safeBlockHash"":""0x000000000000...00000000""},""method"":""engine_forkchoiceUpdatedV4"",""payload_attributes"":{""parentBeaconBlockRoot"":""0x1a40155d770d...caa010d1"",""prevRandao"":""0x296b50f55c75...dfe775a1"",""suggestedFeeRecipient"":""0x000000000000...00000000"",""timestamp"":""0x6a9b70b0"",""withdrawals"":0},""rpc_id"":202}"	2026-09-05T01:30:15.023246767Z	15023.246	1	200	/tmp/prysm-r2-extra-logs.Rd7MjT/round2-prysm-geth-191.tar.gz::snooper-engine.log:31780	/tmp/prysm-r2-extra-logs.Rd7MjT/round2-prysm-geth-191.tar.gz::snooper-engine.log:31781	/tmp/prysm-r2-extra-logs.Rd7MjT/round2-prysm-geth-191.tar.gz::snooper-engine.log:31792	"{""payload_id"":""0x044500b8683c0645"",""payload_status"":{""latestValidHash"":""0x296b50f55c75...dfe775a1"",""status"":""VALID"",""validationError"":null},""rpc_id"":202}"
117	11	1	705	engine_forkchoiceUpdatedV4	2026-09-05T01:30:22.326522717Z	22326.522	/tmp/prysm-r2-extra-logs.Rd7MjT/round2-prysm-geth-117.tar.gz::snooper-engine.log:31499	/tmp/prysm-r2-extra-logs.Rd7MjT/round2-prysm-geth-117.tar.gz::snooper-engine.log:31500	/tmp/prysm-r2-extra-logs.Rd7MjT/round2-prysm-geth-117.tar.gz::snooper-engine.log:31512	"{""forkchoice_state"":{""finalizedBlockHash"":""0x000000000000...00000000"",""headBlockHash"":""0x296b50f55c75...dfe775a1"",""safeBlockHash"":""0x000000000000...00000000""},""method"":""engine_forkchoiceUpdatedV4"",""payload_attributes"":null,""rpc_id"":203}"	2026-09-05T01:30:22.337618060Z	22337.618	11	200	/tmp/prysm-r2-extra-logs.Rd7MjT/round2-prysm-geth-117.tar.gz::snooper-engine.log:31514	/tmp/prysm-r2-extra-logs.Rd7MjT/round2-prysm-geth-117.tar.gz::snooper-engine.log:31515	/tmp/prysm-r2-extra-logs.Rd7MjT/round2-prysm-geth-117.tar.gz::snooper-engine.log:31526	"{""payload_id"":null,""payload_status"":{""latestValidHash"":""0x296b50f55c75...dfe775a1"",""status"":""VALID"",""validationError"":null},""rpc_id"":203}"
85	14	1	712	engine_forkchoiceUpdatedV4	2026-09-05T01:30:22.645711145Z	22645.711	/tmp/prysm-r2-extra-logs.Rd7MjT/round2-prysm-geth-85.tar.gz::snooper-engine.log:31739	/tmp/prysm-r2-extra-logs.Rd7MjT/round2-prysm-geth-85.tar.gz::snooper-engine.log:31740	/tmp/prysm-r2-extra-logs.Rd7MjT/round2-prysm-geth-85.tar.gz::snooper-engine.log:31752	"{""forkchoice_state"":{""finalizedBlockHash"":""0x000000000000...00000000"",""headBlockHash"":""0x296b50f55c75...dfe775a1"",""safeBlockHash"":""0x000000000000...00000000""},""method"":""engine_forkchoiceUpdatedV4"",""payload_attributes"":null,""rpc_id"":200}"	2026-09-05T01:30:22.646860544Z	22646.86	1	200	/tmp/prysm-r2-extra-logs.Rd7MjT/round2-prysm-geth-85.tar.gz::snooper-engine.log:31754	/tmp/prysm-r2-extra-logs.Rd7MjT/round2-prysm-geth-85.tar.gz::snooper-engine.log:31755	/tmp/prysm-r2-extra-logs.Rd7MjT/round2-prysm-geth-85.tar.gz::snooper-engine.log:31766	"{""payload_id"":null,""payload_status"":{""latestValidHash"":""0x296b50f55c75...dfe775a1"",""status"":""VALID"",""validationError"":null},""rpc_id"":200}"
22	3	1	719	engine_forkchoiceUpdatedV4	2026-09-05T01:30:23.776244359Z	23776.244	/tmp/prysm-r2-extra-logs.Rd7MjT/round2-prysm-geth-22.tar.gz::snooper-engine.log:31916	/tmp/prysm-r2-extra-logs.Rd7MjT/round2-prysm-geth-22.tar.gz::snooper-engine.log:31917	/tmp/prysm-r2-extra-logs.Rd7MjT/round2-prysm-geth-22.tar.gz::snooper-engine.log:31929	"{""forkchoice_state"":{""finalizedBlockHash"":""0x000000000000...00000000"",""headBlockHash"":""0x296b50f55c75...dfe775a1"",""safeBlockHash"":""0x000000000000...00000000""},""method"":""engine_forkchoiceUpdatedV4"",""payload_attributes"":null,""rpc_id"":202}"	2026-09-05T01:30:23.776364989Z	23776.364	0	200	/tmp/prysm-r2-extra-logs.Rd7MjT/round2-prysm-geth-22.tar.gz::snooper-engine.log:31931	/tmp/prysm-r2-extra-logs.Rd7MjT/round2-prysm-geth-22.tar.gz::snooper-engine.log:31932	/tmp/prysm-r2-extra-logs.Rd7MjT/round2-prysm-geth-22.tar.gz::snooper-engine.log:31943	"{""payload_id"":null,""payload_status"":{""latestValidHash"":""0x296b50f55c75...dfe775a1"",""status"":""VALID"",""validationError"":null},""rpc_id"":202}"
19	8	2	712	engine_forkchoiceUpdatedV4	2026-09-05T01:30:25.568067445Z	25568.067	/tmp/prysm-r2-extra-logs.Rd7MjT/round2-prysm-geth-19.tar.gz::snooper-engine.log:31724	/tmp/prysm-r2-extra-logs.Rd7MjT/round2-prysm-geth-19.tar.gz::snooper-engine.log:31725	/tmp/prysm-r2-extra-logs.Rd7MjT/round2-prysm-geth-19.tar.gz::snooper-engine.log:31737	"{""forkchoice_state"":{""finalizedBlockHash"":""0x000000000000...00000000"",""headBlockHash"":""0x296b50f55c75...dfe775a1"",""safeBlockHash"":""0x000000000000...00000000""},""method"":""engine_forkchoiceUpdatedV4"",""payload_attributes"":null,""rpc_id"":203}"	2026-09-05T01:30:25.568459905Z	25568.459	0	200	/tmp/prysm-r2-extra-logs.Rd7MjT/round2-prysm-geth-19.tar.gz::snooper-engine.log:31739	/tmp/prysm-r2-extra-logs.Rd7MjT/round2-prysm-geth-19.tar.gz::snooper-engine.log:31740	/tmp/prysm-r2-extra-logs.Rd7MjT/round2-prysm-geth-19.tar.gz::snooper-engine.log:31751	"{""payload_id"":null,""payload_status"":{""latestValidHash"":""0x296b50f55c75...dfe775a1"",""status"":""VALID"",""validationError"":null},""rpc_id"":203}"
20	13	2	708	engine_forkchoiceUpdatedV4	2026-09-05T01:30:25.765879903Z	25765.879	/tmp/prysm-r2-extra-logs.Rd7MjT/round2-prysm-geth-20.tar.gz::snooper-engine.log:31590	/tmp/prysm-r2-extra-logs.Rd7MjT/round2-prysm-geth-20.tar.gz::snooper-engine.log:31591	/tmp/prysm-r2-extra-logs.Rd7MjT/round2-prysm-geth-20.tar.gz::snooper-engine.log:31603	"{""forkchoice_state"":{""finalizedBlockHash"":""0x000000000000...00000000"",""headBlockHash"":""0x296b50f55c75...dfe775a1"",""safeBlockHash"":""0x000000000000...00000000""},""method"":""engine_forkchoiceUpdatedV4"",""payload_attributes"":null,""rpc_id"":203}"	2026-09-05T01:30:25.766506131Z	25766.506	0	200	/tmp/prysm-r2-extra-logs.Rd7MjT/round2-prysm-geth-20.tar.gz::snooper-engine.log:31605	/tmp/prysm-r2-extra-logs.Rd7MjT/round2-prysm-geth-20.tar.gz::snooper-engine.log:31606	/tmp/prysm-r2-extra-logs.Rd7MjT/round2-prysm-geth-20.tar.gz::snooper-engine.log:31617	"{""payload_id"":null,""payload_status"":{""latestValidHash"":""0x296b50f55c75...dfe775a1"",""status"":""VALID"",""validationError"":null},""rpc_id"":203}"
32	15	2	712	engine_forkchoiceUpdatedV4	2026-09-05T01:30:27.017110749Z	27017.11	/tmp/prysm-r2-extra-logs.Rd7MjT/round2-prysm-geth-32.tar.gz::snooper-engine.log:31742	/tmp/prysm-r2-extra-logs.Rd7MjT/round2-prysm-geth-32.tar.gz::snooper-engine.log:31743	/tmp/prysm-r2-extra-logs.Rd7MjT/round2-prysm-geth-32.tar.gz::snooper-engine.log:31755	"{""forkchoice_state"":{""finalizedBlockHash"":""0x000000000000...00000000"",""headBlockHash"":""0x296b50f55c75...dfe775a1"",""safeBlockHash"":""0x000000000000...00000000""},""method"":""engine_forkchoiceUpdatedV4"",""payload_attributes"":null,""rpc_id"":203}"	2026-09-05T01:30:27.017375444Z	27017.375	0	200	/tmp/prysm-r2-extra-logs.Rd7MjT/round2-prysm-geth-32.tar.gz::snooper-engine.log:31757	/tmp/prysm-r2-extra-logs.Rd7MjT/round2-prysm-geth-32.tar.gz::snooper-engine.log:31758	/tmp/prysm-r2-extra-logs.Rd7MjT/round2-prysm-geth-32.tar.gz::snooper-engine.log:31769	"{""payload_id"":null,""payload_status"":{""latestValidHash"":""0x296b50f55c75...dfe775a1"",""status"":""VALID"",""validationError"":null},""rpc_id"":203}"
144	7	2	708	engine_forkchoiceUpdatedV4	2026-09-05T01:30:27.026172989Z	27026.172	/tmp/prysm-r2-extra-logs.Rd7MjT/round2-prysm-geth-144.tar.gz::snooper-engine.log:31572	/tmp/prysm-r2-extra-logs.Rd7MjT/round2-prysm-geth-144.tar.gz::snooper-engine.log:31573	/tmp/prysm-r2-extra-logs.Rd7MjT/round2-prysm-geth-144.tar.gz::snooper-engine.log:31585	"{""forkchoice_state"":{""finalizedBlockHash"":""0x000000000000...00000000"",""headBlockHash"":""0x296b50f55c75...dfe775a1"",""safeBlockHash"":""0x000000000000...00000000""},""method"":""engine_forkchoiceUpdatedV4"",""payload_attributes"":null,""rpc_id"":203}"	2026-09-05T01:30:27.027082586Z	27027.082	0	200	/tmp/prysm-r2-extra-logs.Rd7MjT/round2-prysm-geth-144.tar.gz::snooper-engine.log:31587	/tmp/prysm-r2-extra-logs.Rd7MjT/round2-prysm-geth-144.tar.gz::snooper-engine.log:31588	/tmp/prysm-r2-extra-logs.Rd7MjT/round2-prysm-geth-144.tar.gz::snooper-engine.log:31599	"{""payload_id"":null,""payload_status"":{""latestValidHash"":""0x296b50f55c75...dfe775a1"",""status"":""VALID"",""validationError"":null},""rpc_id"":203}"
107	9	2	712	engine_forkchoiceUpdatedV4	2026-09-05T01:30:28.392587104Z	28392.587	/tmp/prysm-r2-extra-logs.Rd7MjT/round2-prysm-geth-107.tar.gz::snooper-engine.log:31765	/tmp/prysm-r2-extra-logs.Rd7MjT/round2-prysm-geth-107.tar.gz::snooper-engine.log:31766	/tmp/prysm-r2-extra-logs.Rd7MjT/round2-prysm-geth-107.tar.gz::snooper-engine.log:31778	"{""forkchoice_state"":{""finalizedBlockHash"":""0x000000000000...00000000"",""headBlockHash"":""0x296b50f55c75...dfe775a1"",""safeBlockHash"":""0x000000000000...00000000""},""method"":""engine_forkchoiceUpdatedV4"",""payload_attributes"":null,""rpc_id"":203}"	2026-09-05T01:30:28.392696865Z	28392.696	1	200	/tmp/prysm-r2-extra-logs.Rd7MjT/round2-prysm-geth-107.tar.gz::snooper-engine.log:31780	/tmp/prysm-r2-extra-logs.Rd7MjT/round2-prysm-geth-107.tar.gz::snooper-engine.log:31781	/tmp/prysm-r2-extra-logs.Rd7MjT/round2-prysm-geth-107.tar.gz::snooper-engine.log:31792	"{""payload_id"":null,""payload_status"":{""latestValidHash"":""0x296b50f55c75...dfe775a1"",""status"":""VALID"",""validationError"":null},""rpc_id"":203}"
118	5	2	705	engine_forkchoiceUpdatedV4	2026-09-05T01:30:28.971046966Z	28971.046	/tmp/prysm-r2-extra-logs.Rd7MjT/round2-prysm-geth-118.tar.gz::snooper-engine.log:31473	/tmp/prysm-r2-extra-logs.Rd7MjT/round2-prysm-geth-118.tar.gz::snooper-engine.log:31474	/tmp/prysm-r2-extra-logs.Rd7MjT/round2-prysm-geth-118.tar.gz::snooper-engine.log:31486	"{""forkchoice_state"":{""finalizedBlockHash"":""0x000000000000...00000000"",""headBlockHash"":""0x296b50f55c75...dfe775a1"",""safeBlockHash"":""0x000000000000...00000000""},""method"":""engine_forkchoiceUpdatedV4"",""payload_attributes"":null,""rpc_id"":203}"	2026-09-05T01:30:28.971594536Z	28971.594	0	200	/tmp/prysm-r2-extra-logs.Rd7MjT/round2-prysm-geth-118.tar.gz::snooper-engine.log:31488	/tmp/prysm-r2-extra-logs.Rd7MjT/round2-prysm-geth-118.tar.gz::snooper-engine.log:31489	/tmp/prysm-r2-extra-logs.Rd7MjT/round2-prysm-geth-118.tar.gz::snooper-engine.log:31500	"{""payload_id"":null,""payload_status"":{""latestValidHash"":""0x296b50f55c75...dfe775a1"",""status"":""VALID"",""validationError"":null},""rpc_id"":203}"
83	6	2	712	engine_forkchoiceUpdatedV4	2026-09-05T01:30:32.134797696Z	32134.797	/tmp/prysm-r2-extra-logs.Rd7MjT/round2-prysm-geth-83.tar.gz::snooper-engine.log:31757	/tmp/prysm-r2-extra-logs.Rd7MjT/round2-prysm-geth-83.tar.gz::snooper-engine.log:31758	/tmp/prysm-r2-extra-logs.Rd7MjT/round2-prysm-geth-83.tar.gz::snooper-engine.log:31770	"{""forkchoice_state"":{""finalizedBlockHash"":""0x000000000000...00000000"",""headBlockHash"":""0x296b50f55c75...dfe775a1"",""safeBlockHash"":""0x000000000000...00000000""},""method"":""engine_forkchoiceUpdatedV4"",""payload_attributes"":null,""rpc_id"":201}"	2026-09-05T01:30:32.142992380Z	32142.992	2	200	/tmp/prysm-r2-extra-logs.Rd7MjT/round2-prysm-geth-83.tar.gz::snooper-engine.log:31772	/tmp/prysm-r2-extra-logs.Rd7MjT/round2-prysm-geth-83.tar.gz::snooper-engine.log:31773	/tmp/prysm-r2-extra-logs.Rd7MjT/round2-prysm-geth-83.tar.gz::snooper-engine.log:31784	"{""payload_id"":null,""payload_status"":{""latestValidHash"":""0x296b50f55c75...dfe775a1"",""status"":""VALID"",""validationError"":null},""rpc_id"":201}"
169	1	2	712	engine_forkchoiceUpdatedV4	2026-09-05T01:30:33.849736371Z	33849.736	/tmp/prysm-r2-extra-logs.Rd7MjT/round2-prysm-geth-169.tar.gz::snooper-engine.log:31771	/tmp/prysm-r2-extra-logs.Rd7MjT/round2-prysm-geth-169.tar.gz::snooper-engine.log:31772	/tmp/prysm-r2-extra-logs.Rd7MjT/round2-prysm-geth-169.tar.gz::snooper-engine.log:31784	"{""forkchoice_state"":{""finalizedBlockHash"":""0x000000000000...00000000"",""headBlockHash"":""0x296b50f55c75...dfe775a1"",""safeBlockHash"":""0x000000000000...00000000""},""method"":""engine_forkchoiceUpdatedV4"",""payload_attributes"":null,""rpc_id"":204}"	2026-09-05T01:30:33.850656499Z	33850.656	1	200	/tmp/prysm-r2-extra-logs.Rd7MjT/round2-prysm-geth-169.tar.gz::snooper-engine.log:31786	/tmp/prysm-r2-extra-logs.Rd7MjT/round2-prysm-geth-169.tar.gz::snooper-engine.log:31787	/tmp/prysm-r2-extra-logs.Rd7MjT/round2-prysm-geth-169.tar.gz::snooper-engine.log:31798	"{""payload_id"":null,""payload_status"":{""latestValidHash"":""0x296b50f55c75...dfe775a1"",""status"":""VALID"",""validationError"":null},""rpc_id"":204}"
76	16	2	711	engine_forkchoiceUpdatedV4	2026-09-05T01:30:33.975805924Z	33975.805	/tmp/prysm-r2-extra-logs.Rd7MjT/round2-prysm-geth-76.tar.gz::snooper-engine.log:31701	/tmp/prysm-r2-extra-logs.Rd7MjT/round2-prysm-geth-76.tar.gz::snooper-engine.log:31702	/tmp/prysm-r2-extra-logs.Rd7MjT/round2-prysm-geth-76.tar.gz::snooper-engine.log:31714	"{""forkchoice_state"":{""finalizedBlockHash"":""0x000000000000...00000000"",""headBlockHash"":""0x296b50f55c75...dfe775a1"",""safeBlockHash"":""0x000000000000...00000000""},""method"":""engine_forkchoiceUpdatedV4"",""payload_attributes"":null,""rpc_id"":202}"	2026-09-05T01:30:33.976065271Z	33976.065	0	200	/tmp/prysm-r2-extra-logs.Rd7MjT/round2-prysm-geth-76.tar.gz::snooper-engine.log:31716	/tmp/prysm-r2-extra-logs.Rd7MjT/round2-prysm-geth-76.tar.gz::snooper-engine.log:31717	/tmp/prysm-r2-extra-logs.Rd7MjT/round2-prysm-geth-76.tar.gz::snooper-engine.log:31728	"{""payload_id"":null,""payload_status"":{""latestValidHash"":""0x296b50f55c75...dfe775a1"",""status"":""VALID"",""validationError"":null},""rpc_id"":202}"
22	3	3	721	engine_forkchoiceUpdatedV4	2026-09-05T01:30:34.556752559Z	34556.752	/tmp/prysm-r2-extra-logs.Rd7MjT/round2-prysm-geth-22.tar.gz::snooper-engine.log:31992	/tmp/prysm-r2-extra-logs.Rd7MjT/round2-prysm-geth-22.tar.gz::snooper-engine.log:31993	/tmp/prysm-r2-extra-logs.Rd7MjT/round2-prysm-geth-22.tar.gz::snooper-engine.log:32013	"{""forkchoice_state"":{""finalizedBlockHash"":""0x000000000000...00000000"",""headBlockHash"":""0x296b50f55c75...dfe775a1"",""safeBlockHash"":""0x000000000000...00000000""},""method"":""engine_forkchoiceUpdatedV4"",""payload_attributes"":{""parentBeaconBlockRoot"":""0x1a40155d770d...caa010d1"",""prevRandao"":""0x296b50f55c75...dfe775a1"",""suggestedFeeRecipient"":""0xf97e180c050e...ee4df134"",""timestamp"":""0x6a9b70bc"",""withdrawals"":0},""rpc_id"":204}"	2026-09-05T01:30:34.558254582Z	34558.254	1	200	/tmp/prysm-r2-extra-logs.Rd7MjT/round2-prysm-geth-22.tar.gz::snooper-engine.log:32015	/tmp/prysm-r2-extra-logs.Rd7MjT/round2-prysm-geth-22.tar.gz::snooper-engine.log:32016	/tmp/prysm-r2-extra-logs.Rd7MjT/round2-prysm-geth-22.tar.gz::snooper-engine.log:32027	"{""payload_id"":""0x0432aab01f008427"",""payload_status"":{""latestValidHash"":""0x296b50f55c75...dfe775a1"",""status"":""VALID"",""validationError"":null},""rpc_id"":204}"
35	10	2	712	engine_forkchoiceUpdatedV4	2026-09-05T01:30:35.652702754Z	35652.702	/tmp/prysm-r2-extra-logs.Rd7MjT/round2-prysm-geth-35.tar.gz::snooper-engine.log:31756	/tmp/prysm-r2-extra-logs.Rd7MjT/round2-prysm-geth-35.tar.gz::snooper-engine.log:31757	/tmp/prysm-r2-extra-logs.Rd7MjT/round2-prysm-geth-35.tar.gz::snooper-engine.log:31769	"{""forkchoice_state"":{""finalizedBlockHash"":""0x000000000000...00000000"",""headBlockHash"":""0x296b50f55c75...dfe775a1"",""safeBlockHash"":""0x000000000000...00000000""},""method"":""engine_forkchoiceUpdatedV4"",""payload_attributes"":null,""rpc_id"":203}"	2026-09-05T01:30:35.653284096Z	35653.284	0	200	/tmp/prysm-r2-extra-logs.Rd7MjT/round2-prysm-geth-35.tar.gz::snooper-engine.log:31771	/tmp/prysm-r2-extra-logs.Rd7MjT/round2-prysm-geth-35.tar.gz::snooper-engine.log:31772	/tmp/prysm-r2-extra-logs.Rd7MjT/round2-prysm-geth-35.tar.gz::snooper-engine.log:31783	"{""payload_id"":null,""payload_status"":{""latestValidHash"":""0x296b50f55c75...dfe775a1"",""status"":""VALID"",""validationError"":null},""rpc_id"":203}"
191	2	2	717	engine_forkchoiceUpdatedV4	2026-09-05T01:30:35.766651427Z	35766.651	/tmp/prysm-r2-extra-logs.Rd7MjT/round2-prysm-geth-191.tar.gz::snooper-engine.log:31841	/tmp/prysm-r2-extra-logs.Rd7MjT/round2-prysm-geth-191.tar.gz::snooper-engine.log:31842	/tmp/prysm-r2-extra-logs.Rd7MjT/round2-prysm-geth-191.tar.gz::snooper-engine.log:31862	"{""forkchoice_state"":{""finalizedBlockHash"":""0x000000000000...00000000"",""headBlockHash"":""0x296b50f55c75...dfe775a1"",""safeBlockHash"":""0x000000000000...00000000""},""method"":""engine_forkchoiceUpdatedV4"",""payload_attributes"":{""parentBeaconBlockRoot"":""0x1a40155d770d...caa010d1"",""prevRandao"":""0x296b50f55c75...dfe775a1"",""suggestedFeeRecipient"":""0x000000000000...00000000"",""timestamp"":""0x6a9b70b0"",""withdrawals"":0},""rpc_id"":204}"	2026-09-05T01:30:35.766898467Z	35766.898	0	200	/tmp/prysm-r2-extra-logs.Rd7MjT/round2-prysm-geth-191.tar.gz::snooper-engine.log:31864	/tmp/prysm-r2-extra-logs.Rd7MjT/round2-prysm-geth-191.tar.gz::snooper-engine.log:31865	/tmp/prysm-r2-extra-logs.Rd7MjT/round2-prysm-geth-191.tar.gz::snooper-engine.log:31876	"{""payload_id"":""0x044500b8683c0645"",""payload_status"":{""latestValidHash"":""0x296b50f55c75...dfe775a1"",""status"":""VALID"",""validationError"":null},""rpc_id"":204}"
91	4	3	715	engine_forkchoiceUpdatedV4	2026-09-05T01:30:39.813681980Z	39813.681	/tmp/prysm-r2-extra-logs.Rd7MjT/round2-prysm-geth-91.tar.gz::snooper-engine.log:31847	/tmp/prysm-r2-extra-logs.Rd7MjT/round2-prysm-geth-91.tar.gz::snooper-engine.log:31848	/tmp/prysm-r2-extra-logs.Rd7MjT/round2-prysm-geth-91.tar.gz::snooper-engine.log:31860	"{""forkchoice_state"":{""finalizedBlockHash"":""0x000000000000...00000000"",""headBlockHash"":""0x296b50f55c75...dfe775a1"",""safeBlockHash"":""0x000000000000...00000000""},""method"":""engine_forkchoiceUpdatedV4"",""payload_attributes"":null,""rpc_id"":201}"	2026-09-05T01:30:39.814674542Z	39814.674	1	200	/tmp/prysm-r2-extra-logs.Rd7MjT/round2-prysm-geth-91.tar.gz::snooper-engine.log:31862	/tmp/prysm-r2-extra-logs.Rd7MjT/round2-prysm-geth-91.tar.gz::snooper-engine.log:31863	/tmp/prysm-r2-extra-logs.Rd7MjT/round2-prysm-geth-91.tar.gz::snooper-engine.log:31874	"{""payload_id"":null,""payload_status"":{""latestValidHash"":""0x296b50f55c75...dfe775a1"",""status"":""VALID"",""validationError"":null},""rpc_id"":201}"
91	4	4	717	engine_forkchoiceUpdatedV4	2026-09-05T01:30:44.784112097Z	44784.112	/tmp/prysm-r2-extra-logs.Rd7MjT/round2-prysm-geth-91.tar.gz::snooper-engine.log:31923	/tmp/prysm-r2-extra-logs.Rd7MjT/round2-prysm-geth-91.tar.gz::snooper-engine.log:31924	/tmp/prysm-r2-extra-logs.Rd7MjT/round2-prysm-geth-91.tar.gz::snooper-engine.log:31944	"{""forkchoice_state"":{""finalizedBlockHash"":""0x000000000000...00000000"",""headBlockHash"":""0x296b50f55c75...dfe775a1"",""safeBlockHash"":""0x000000000000...00000000""},""method"":""engine_forkchoiceUpdatedV4"",""payload_attributes"":{""parentBeaconBlockRoot"":""0x1a40155d770d...caa010d1"",""prevRandao"":""0x296b50f55c75...dfe775a1"",""suggestedFeeRecipient"":""0xf97e180c050e...ee4df134"",""timestamp"":""0x6a9b70c8"",""withdrawals"":0},""rpc_id"":203}"	2026-09-05T01:30:44.784302803Z	44784.302	2	200	/tmp/prysm-r2-extra-logs.Rd7MjT/round2-prysm-geth-91.tar.gz::snooper-engine.log:31946	/tmp/prysm-r2-extra-logs.Rd7MjT/round2-prysm-geth-91.tar.gz::snooper-engine.log:31947	/tmp/prysm-r2-extra-logs.Rd7MjT/round2-prysm-geth-91.tar.gz::snooper-engine.log:31958	"{""payload_id"":""0x04bbafa057634852"",""payload_status"":{""latestValidHash"":""0x296b50f55c75...dfe775a1"",""status"":""VALID"",""validationError"":null},""rpc_id"":203}"
14	12	3	705	engine_forkchoiceUpdatedV4	2026-09-05T01:30:44.936136735Z	44936.136	/tmp/prysm-r2-extra-logs.Rd7MjT/round2-prysm-geth-14.tar.gz::snooper-engine.log:31487	/tmp/prysm-r2-extra-logs.Rd7MjT/round2-prysm-geth-14.tar.gz::snooper-engine.log:31488	/tmp/prysm-r2-extra-logs.Rd7MjT/round2-prysm-geth-14.tar.gz::snooper-engine.log:31500	"{""forkchoice_state"":{""finalizedBlockHash"":""0x000000000000...00000000"",""headBlockHash"":""0x296b50f55c75...dfe775a1"",""safeBlockHash"":""0x000000000000...00000000""},""method"":""engine_forkchoiceUpdatedV4"",""payload_attributes"":null,""rpc_id"":204}"	2026-09-05T01:30:44.937051784Z	44937.051	2	200	/tmp/prysm-r2-extra-logs.Rd7MjT/round2-prysm-geth-14.tar.gz::snooper-engine.log:31502	/tmp/prysm-r2-extra-logs.Rd7MjT/round2-prysm-geth-14.tar.gz::snooper-engine.log:31503	/tmp/prysm-r2-extra-logs.Rd7MjT/round2-prysm-geth-14.tar.gz::snooper-engine.log:31514	"{""payload_id"":null,""payload_status"":{""latestValidHash"":""0x296b50f55c75...dfe775a1"",""status"":""VALID"",""validationError"":null},""rpc_id"":204}"
118	5	5	708	engine_forkchoiceUpdatedV4	2026-09-05T01:30:52.339941950Z	52339.941	/tmp/prysm-r2-extra-logs.Rd7MjT/round2-prysm-geth-118.tar.gz::snooper-engine.log:31596	/tmp/prysm-r2-extra-logs.Rd7MjT/round2-prysm-geth-118.tar.gz::snooper-engine.log:31597	/tmp/prysm-r2-extra-logs.Rd7MjT/round2-prysm-geth-118.tar.gz::snooper-engine.log:31617	"{""forkchoice_state"":{""finalizedBlockHash"":""0x000000000000...00000000"",""headBlockHash"":""0x296b50f55c75...dfe775a1"",""safeBlockHash"":""0x000000000000...00000000""},""method"":""engine_forkchoiceUpdatedV4"",""payload_attributes"":{""parentBeaconBlockRoot"":""0x1a40155d770d...caa010d1"",""prevRandao"":""0x296b50f55c75...dfe775a1"",""suggestedFeeRecipient"":""0xf97e180c050e...ee4df134"",""timestamp"":""0x6a9b70d4"",""withdrawals"":0},""rpc_id"":206}"	2026-09-05T01:30:52.342119224Z	52342.119	2	200	/tmp/prysm-r2-extra-logs.Rd7MjT/round2-prysm-geth-118.tar.gz::snooper-engine.log:31619	/tmp/prysm-r2-extra-logs.Rd7MjT/round2-prysm-geth-118.tar.gz::snooper-engine.log:31620	/tmp/prysm-r2-extra-logs.Rd7MjT/round2-prysm-geth-118.tar.gz::snooper-engine.log:31631	"{""payload_id"":""0x0489a8a1998c6091"",""payload_status"":{""latestValidHash"":""0x296b50f55c75...dfe775a1"",""status"":""VALID"",""validationError"":null},""rpc_id"":206}"
83	6	6	715	engine_forkchoiceUpdatedV4	2026-09-05T01:31:06.474499972Z	66474.499	/tmp/prysm-r2-extra-logs.Rd7MjT/round2-prysm-geth-83.tar.gz::snooper-engine.log:31880	/tmp/prysm-r2-extra-logs.Rd7MjT/round2-prysm-geth-83.tar.gz::snooper-engine.log:31881	/tmp/prysm-r2-extra-logs.Rd7MjT/round2-prysm-geth-83.tar.gz::snooper-engine.log:31901	"{""forkchoice_state"":{""finalizedBlockHash"":""0x000000000000...00000000"",""headBlockHash"":""0x296b50f55c75...dfe775a1"",""safeBlockHash"":""0x000000000000...00000000""},""method"":""engine_forkchoiceUpdatedV4"",""payload_attributes"":{""parentBeaconBlockRoot"":""0x1a40155d770d...caa010d1"",""prevRandao"":""0x296b50f55c75...dfe775a1"",""suggestedFeeRecipient"":""0xf97e180c050e...ee4df134"",""timestamp"":""0x6a9b70e0"",""withdrawals"":0},""rpc_id"":204}"	2026-09-05T01:31:06.491206878Z	66491.206	24	200	/tmp/prysm-r2-extra-logs.Rd7MjT/round2-prysm-geth-83.tar.gz::snooper-engine.log:31903	/tmp/prysm-r2-extra-logs.Rd7MjT/round2-prysm-geth-83.tar.gz::snooper-engine.log:31904	/tmp/prysm-r2-extra-logs.Rd7MjT/round2-prysm-geth-83.tar.gz::snooper-engine.log:31915	"{""payload_id"":""0x04343b7fabf2c9b1"",""payload_status"":{""latestValidHash"":""0x296b50f55c75...dfe775a1"",""status"":""VALID"",""validationError"":null},""rpc_id"":204}"
118	5	5	711	engine_getPayloadV6	2026-09-05T01:31:10.137762191Z	70137.762	/tmp/prysm-r2-extra-logs.Rd7MjT/round2-prysm-geth-118.tar.gz::snooper-engine.log:31710	/tmp/prysm-r2-extra-logs.Rd7MjT/round2-prysm-geth-118.tar.gz::snooper-engine.log:31711	/tmp/prysm-r2-extra-logs.Rd7MjT/round2-prysm-geth-118.tar.gz::snooper-engine.log:31718	"{""method"":""engine_getPayloadV6"",""payload_id"":""0x0489a8a1998c6091"",""rpc_id"":209}"	2026-09-05T01:31:10.141752030Z	70141.752	3	200	/tmp/prysm-r2-extra-logs.Rd7MjT/round2-prysm-geth-118.tar.gz::snooper-engine.log:31720	/tmp/prysm-r2-extra-logs.Rd7MjT/round2-prysm-geth-118.tar.gz::snooper-engine.log:31721	/tmp/prysm-r2-extra-logs.Rd7MjT/round2-prysm-geth-118.tar.gz::snooper-engine.log:31755	"{""blockValue"":""0x0"",""execution_payload"":{""blockHash"":""0x5342eb3c7651...f81df226"",""blockNumber"":""0x1"",""feeRecipient"":""0xf97e180c050e...ee4df134"",""gasLimit"":""0xbe8c711"",""gasUsed"":""0x0"",""parentHash"":""0x296b50f55c75...dfe775a1"",""slotNumber"":""0x5"",""timestamp"":""0x6a9b70d4""},""rpc_id"":209,""shouldOverrideBuilder"":false,""transactions_count"":0,""withdrawals_count"":0}"
83	6	6	717	engine_getPayloadV6	2026-09-05T01:31:16.147146329Z	76147.146	/tmp/prysm-r2-extra-logs.Rd7MjT/round2-prysm-geth-83.tar.gz::snooper-engine.log:31964	/tmp/prysm-r2-extra-logs.Rd7MjT/round2-prysm-geth-83.tar.gz::snooper-engine.log:31965	/tmp/prysm-r2-extra-logs.Rd7MjT/round2-prysm-geth-83.tar.gz::snooper-engine.log:31972	"{""method"":""engine_getPayloadV6"",""payload_id"":""0x04343b7fabf2c9b1"",""rpc_id"":206}"	2026-09-05T01:31:16.148780294Z	76148.78	2	200	/tmp/prysm-r2-extra-logs.Rd7MjT/round2-prysm-geth-83.tar.gz::snooper-engine.log:31974	/tmp/prysm-r2-extra-logs.Rd7MjT/round2-prysm-geth-83.tar.gz::snooper-engine.log:31975	/tmp/prysm-r2-extra-logs.Rd7MjT/round2-prysm-geth-83.tar.gz::snooper-engine.log:32009	"{""blockValue"":""0x0"",""execution_payload"":{""blockHash"":""0x2fbd72c7fa0a...a63a4487"",""blockNumber"":""0x1"",""feeRecipient"":""0xf97e180c050e...ee4df134"",""gasLimit"":""0xbe8c711"",""gasUsed"":""0x0"",""parentHash"":""0x296b50f55c75...dfe775a1"",""slotNumber"":""0x6"",""timestamp"":""0x6a9b70e0""},""rpc_id"":206,""shouldOverrideBuilder"":false,""transactions_count"":0,""withdrawals_count"":0}"
144	7	7	714	engine_forkchoiceUpdatedV4	2026-09-05T01:31:33.171725905Z	93171.725	/tmp/prysm-r2-extra-logs.Rd7MjT/round2-prysm-geth-144.tar.gz::snooper-engine.log:31819	/tmp/prysm-r2-extra-logs.Rd7MjT/round2-prysm-geth-144.tar.gz::snooper-engine.log:31820	/tmp/prysm-r2-extra-logs.Rd7MjT/round2-prysm-geth-144.tar.gz::snooper-engine.log:31840	"{""forkchoice_state"":{""finalizedBlockHash"":""0x000000000000...00000000"",""headBlockHash"":""0x296b50f55c75...dfe775a1"",""safeBlockHash"":""0x000000000000...00000000""},""method"":""engine_forkchoiceUpdatedV4"",""payload_attributes"":{""parentBeaconBlockRoot"":""0x1a40155d770d...caa010d1"",""prevRandao"":""0x296b50f55c75...dfe775a1"",""suggestedFeeRecipient"":""0xf97e180c050e...ee4df134"",""timestamp"":""0x6a9b70ec"",""withdrawals"":0},""rpc_id"":209}"	2026-09-05T01:31:33.173721229Z	93173.721	1	200	/tmp/prysm-r2-extra-logs.Rd7MjT/round2-prysm-geth-144.tar.gz::snooper-engine.log:31842	/tmp/prysm-r2-extra-logs.Rd7MjT/round2-prysm-geth-144.tar.gz::snooper-engine.log:31843	/tmp/prysm-r2-extra-logs.Rd7MjT/round2-prysm-geth-144.tar.gz::snooper-engine.log:31854	"{""payload_id"":""0x04466c2ab3756cf9"",""payload_status"":{""latestValidHash"":""0x296b50f55c75...dfe775a1"",""status"":""VALID"",""validationError"":null},""rpc_id"":209}"
19	8	8	719	engine_forkchoiceUpdatedV4	2026-09-05T01:31:35.333442625Z	95333.442	/tmp/prysm-r2-extra-logs.Rd7MjT/round2-prysm-geth-19.tar.gz::snooper-engine.log:32018	/tmp/prysm-r2-extra-logs.Rd7MjT/round2-prysm-geth-19.tar.gz::snooper-engine.log:32019	/tmp/prysm-r2-extra-logs.Rd7MjT/round2-prysm-geth-19.tar.gz::snooper-engine.log:32039	"{""forkchoice_state"":{""finalizedBlockHash"":""0x000000000000...00000000"",""headBlockHash"":""0x296b50f55c75...dfe775a1"",""safeBlockHash"":""0x000000000000...00000000""},""method"":""engine_forkchoiceUpdatedV4"",""payload_attributes"":{""parentBeaconBlockRoot"":""0x1a40155d770d...caa010d1"",""prevRandao"":""0x296b50f55c75...dfe775a1"",""suggestedFeeRecipient"":""0xf97e180c050e...ee4df134"",""timestamp"":""0x6a9b70f8"",""withdrawals"":0},""rpc_id"":210}"	2026-09-05T01:31:35.334739395Z	95334.739	1	200	/tmp/prysm-r2-extra-logs.Rd7MjT/round2-prysm-geth-19.tar.gz::snooper-engine.log:32041	/tmp/prysm-r2-extra-logs.Rd7MjT/round2-prysm-geth-19.tar.gz::snooper-engine.log:32042	/tmp/prysm-r2-extra-logs.Rd7MjT/round2-prysm-geth-19.tar.gz::snooper-engine.log:32053	"{""payload_id"":""0x047cf571caa4f56d"",""payload_status"":{""latestValidHash"":""0x296b50f55c75...dfe775a1"",""status"":""VALID"",""validationError"":null},""rpc_id"":210}"
107	9	9	720	engine_forkchoiceUpdatedV4	2026-09-05T01:31:44.421293771Z	104421.293	/tmp/prysm-r2-extra-logs.Rd7MjT/round2-prysm-geth-107.tar.gz::snooper-engine.log:32106	/tmp/prysm-r2-extra-logs.Rd7MjT/round2-prysm-geth-107.tar.gz::snooper-engine.log:32107	/tmp/prysm-r2-extra-logs.Rd7MjT/round2-prysm-geth-107.tar.gz::snooper-engine.log:32127	"{""forkchoice_state"":{""finalizedBlockHash"":""0x000000000000...00000000"",""headBlockHash"":""0x296b50f55c75...dfe775a1"",""safeBlockHash"":""0x000000000000...00000000""},""method"":""engine_forkchoiceUpdatedV4"",""payload_attributes"":{""parentBeaconBlockRoot"":""0x1a40155d770d...caa010d1"",""prevRandao"":""0x296b50f55c75...dfe775a1"",""suggestedFeeRecipient"":""0xf97e180c050e...ee4df134"",""timestamp"":""0x6a9b7104"",""withdrawals"":0},""rpc_id"":211}"	2026-09-05T01:31:44.421492928Z	104421.492	2	200	/tmp/prysm-r2-extra-logs.Rd7MjT/round2-prysm-geth-107.tar.gz::snooper-engine.log:32129	/tmp/prysm-r2-extra-logs.Rd7MjT/round2-prysm-geth-107.tar.gz::snooper-engine.log:32130	/tmp/prysm-r2-extra-logs.Rd7MjT/round2-prysm-geth-107.tar.gz::snooper-engine.log:32141	"{""payload_id"":""0x042f29fee7c5b342"",""payload_status"":{""latestValidHash"":""0x296b50f55c75...dfe775a1"",""status"":""VALID"",""validationError"":null},""rpc_id"":211}"
19	8	8	721	engine_getPayloadV6	2026-09-05T01:31:47.197292960Z	107197.292	/tmp/prysm-r2-extra-logs.Rd7MjT/round2-prysm-geth-19.tar.gz::snooper-engine.log:32102	/tmp/prysm-r2-extra-logs.Rd7MjT/round2-prysm-geth-19.tar.gz::snooper-engine.log:32103	/tmp/prysm-r2-extra-logs.Rd7MjT/round2-prysm-geth-19.tar.gz::snooper-engine.log:32110	"{""method"":""engine_getPayloadV6"",""payload_id"":""0x047cf571caa4f56d"",""rpc_id"":212}"	2026-09-05T01:31:47.197336360Z	107197.336	0	200	/tmp/prysm-r2-extra-logs.Rd7MjT/round2-prysm-geth-19.tar.gz::snooper-engine.log:32112	/tmp/prysm-r2-extra-logs.Rd7MjT/round2-prysm-geth-19.tar.gz::snooper-engine.log:32113	/tmp/prysm-r2-extra-logs.Rd7MjT/round2-prysm-geth-19.tar.gz::snooper-engine.log:32147	"{""blockValue"":""0x0"",""execution_payload"":{""blockHash"":""0xb9fd7a9ca926...e1b97080"",""blockNumber"":""0x1"",""feeRecipient"":""0xf97e180c050e...ee4df134"",""gasLimit"":""0xbe8c711"",""gasUsed"":""0x0"",""parentHash"":""0x296b50f55c75...dfe775a1"",""slotNumber"":""0x8"",""timestamp"":""0x6a9b70f8""},""rpc_id"":212,""shouldOverrideBuilder"":false,""transactions_count"":0,""withdrawals_count"":0}"
107	9	9	722	engine_getPayloadV6	2026-09-05T01:31:54.109109533Z	114109.109	/tmp/prysm-r2-extra-logs.Rd7MjT/round2-prysm-geth-107.tar.gz::snooper-engine.log:32191	/tmp/prysm-r2-extra-logs.Rd7MjT/round2-prysm-geth-107.tar.gz::snooper-engine.log:32192	/tmp/prysm-r2-extra-logs.Rd7MjT/round2-prysm-geth-107.tar.gz::snooper-engine.log:32199	"{""method"":""engine_getPayloadV6"",""payload_id"":""0x042f29fee7c5b342"",""rpc_id"":213}"	2026-09-05T01:31:54.131275320Z	114131.275	22	200	/tmp/prysm-r2-extra-logs.Rd7MjT/round2-prysm-geth-107.tar.gz::snooper-engine.log:32201	/tmp/prysm-r2-extra-logs.Rd7MjT/round2-prysm-geth-107.tar.gz::snooper-engine.log:32202	/tmp/prysm-r2-extra-logs.Rd7MjT/round2-prysm-geth-107.tar.gz::snooper-engine.log:32236	"{""blockValue"":""0x0"",""execution_payload"":{""blockHash"":""0xcc2df59aec14...8a599b22"",""blockNumber"":""0x1"",""feeRecipient"":""0xf97e180c050e...ee4df134"",""gasLimit"":""0xbe8c711"",""gasUsed"":""0x0"",""parentHash"":""0x296b50f55c75...dfe775a1"",""slotNumber"":""0x9"",""timestamp"":""0x6a9b7104""},""rpc_id"":213,""shouldOverrideBuilder"":false,""transactions_count"":0,""withdrawals_count"":0}"
35	10	10	720	engine_forkchoiceUpdatedV4	2026-09-05T01:32:05.748092427Z	125748.092	/tmp/prysm-r2-extra-logs.Rd7MjT/round2-prysm-geth-35.tar.gz::snooper-engine.log:32098	/tmp/prysm-r2-extra-logs.Rd7MjT/round2-prysm-geth-35.tar.gz::snooper-engine.log:32099	/tmp/prysm-r2-extra-logs.Rd7MjT/round2-prysm-geth-35.tar.gz::snooper-engine.log:32119	"{""forkchoice_state"":{""finalizedBlockHash"":""0x000000000000...00000000"",""headBlockHash"":""0x296b50f55c75...dfe775a1"",""safeBlockHash"":""0x000000000000...00000000""},""method"":""engine_forkchoiceUpdatedV4"",""payload_attributes"":{""parentBeaconBlockRoot"":""0x1a40155d770d...caa010d1"",""prevRandao"":""0x296b50f55c75...dfe775a1"",""suggestedFeeRecipient"":""0xf97e180c050e...ee4df134"",""timestamp"":""0x6a9b7110"",""withdrawals"":0},""rpc_id"":211}"	2026-09-05T01:32:05.749344277Z	125749.344	1	200	/tmp/prysm-r2-extra-logs.Rd7MjT/round2-prysm-geth-35.tar.gz::snooper-engine.log:32121	/tmp/prysm-r2-extra-logs.Rd7MjT/round2-prysm-geth-35.tar.gz::snooper-engine.log:32122	/tmp/prysm-r2-extra-logs.Rd7MjT/round2-prysm-geth-35.tar.gz::snooper-engine.log:32133	"{""payload_id"":""0x04c212ceed626159"",""payload_status"":{""latestValidHash"":""0x296b50f55c75...dfe775a1"",""status"":""VALID"",""validationError"":null},""rpc_id"":211}"
117	11	11	714	engine_forkchoiceUpdatedV4	2026-09-05T01:32:07.464438440Z	127464.438	/tmp/prysm-r2-extra-logs.Rd7MjT/round2-prysm-geth-117.tar.gz::snooper-engine.log:31888	/tmp/prysm-r2-extra-logs.Rd7MjT/round2-prysm-geth-117.tar.gz::snooper-engine.log:31889	/tmp/prysm-r2-extra-logs.Rd7MjT/round2-prysm-geth-117.tar.gz::snooper-engine.log:31909	"{""forkchoice_state"":{""finalizedBlockHash"":""0x000000000000...00000000"",""headBlockHash"":""0x296b50f55c75...dfe775a1"",""safeBlockHash"":""0x000000000000...00000000""},""method"":""engine_forkchoiceUpdatedV4"",""payload_attributes"":{""parentBeaconBlockRoot"":""0x1a40155d770d...caa010d1"",""prevRandao"":""0x296b50f55c75...dfe775a1"",""suggestedFeeRecipient"":""0xf97e180c050e...ee4df134"",""timestamp"":""0x6a9b711c"",""withdrawals"":0},""rpc_id"":212}"	2026-09-05T01:32:07.469530068Z	127469.53	2	200	/tmp/prysm-r2-extra-logs.Rd7MjT/round2-prysm-geth-117.tar.gz::snooper-engine.log:31911	/tmp/prysm-r2-extra-logs.Rd7MjT/round2-prysm-geth-117.tar.gz::snooper-engine.log:31912	/tmp/prysm-r2-extra-logs.Rd7MjT/round2-prysm-geth-117.tar.gz::snooper-engine.log:31923	"{""payload_id"":""0x04d95e501ce5d4ad"",""payload_status"":{""latestValidHash"":""0x296b50f55c75...dfe775a1"",""status"":""VALID"",""validationError"":null},""rpc_id"":212}"
35	10	10	722	engine_getPayloadV6	2026-09-05T01:32:10.313051245Z	130313.051	/tmp/prysm-r2-extra-logs.Rd7MjT/round2-prysm-geth-35.tar.gz::snooper-engine.log:32182	/tmp/prysm-r2-extra-logs.Rd7MjT/round2-prysm-geth-35.tar.gz::snooper-engine.log:32183	/tmp/prysm-r2-extra-logs.Rd7MjT/round2-prysm-geth-35.tar.gz::snooper-engine.log:32190	"{""method"":""engine_getPayloadV6"",""payload_id"":""0x04c212ceed626159"",""rpc_id"":213}"	2026-09-05T01:32:10.313939935Z	130313.939	0	200	/tmp/prysm-r2-extra-logs.Rd7MjT/round2-prysm-geth-35.tar.gz::snooper-engine.log:32192	/tmp/prysm-r2-extra-logs.Rd7MjT/round2-prysm-geth-35.tar.gz::snooper-engine.log:32193	/tmp/prysm-r2-extra-logs.Rd7MjT/round2-prysm-geth-35.tar.gz::snooper-engine.log:32227	"{""blockValue"":""0x0"",""execution_payload"":{""blockHash"":""0x4de67884e452...8adfe1cc"",""blockNumber"":""0x1"",""feeRecipient"":""0xf97e180c050e...ee4df134"",""gasLimit"":""0xbe8c711"",""gasUsed"":""0x0"",""parentHash"":""0x296b50f55c75...dfe775a1"",""slotNumber"":""0xa"",""timestamp"":""0x6a9b7110""},""rpc_id"":213,""shouldOverrideBuilder"":false,""transactions_count"":0,""withdrawals_count"":0}"
20	13	13	721	engine_forkchoiceUpdatedV4	2026-09-05T01:32:42.084531003Z	162084.531	/tmp/prysm-r2-extra-logs.Rd7MjT/round2-prysm-geth-20.tar.gz::snooper-engine.log:32149	/tmp/prysm-r2-extra-logs.Rd7MjT/round2-prysm-geth-20.tar.gz::snooper-engine.log:32150	/tmp/prysm-r2-extra-logs.Rd7MjT/round2-prysm-geth-20.tar.gz::snooper-engine.log:32170	"{""forkchoice_state"":{""finalizedBlockHash"":""0x000000000000...00000000"",""headBlockHash"":""0x296b50f55c75...dfe775a1"",""safeBlockHash"":""0x000000000000...00000000""},""method"":""engine_forkchoiceUpdatedV4"",""payload_attributes"":{""parentBeaconBlockRoot"":""0x1a40155d770d...caa010d1"",""prevRandao"":""0x296b50f55c75...dfe775a1"",""suggestedFeeRecipient"":""0xf97e180c050e...ee4df134"",""timestamp"":""0x6a9b7134"",""withdrawals"":0},""rpc_id"":216}"	2026-09-05T01:32:42.085875827Z	162085.875	1	200	/tmp/prysm-r2-extra-logs.Rd7MjT/round2-prysm-geth-20.tar.gz::snooper-engine.log:32172	/tmp/prysm-r2-extra-logs.Rd7MjT/round2-prysm-geth-20.tar.gz::snooper-engine.log:32173	/tmp/prysm-r2-extra-logs.Rd7MjT/round2-prysm-geth-20.tar.gz::snooper-engine.log:32184	"{""payload_id"":""0x0487fed9122584fe"",""payload_status"":{""latestValidHash"":""0x296b50f55c75...dfe775a1"",""status"":""VALID"",""validationError"":null},""rpc_id"":216}"
85	14	14	724	engine_forkchoiceUpdatedV4	2026-09-05T01:32:42.104341766Z	162104.341	/tmp/prysm-r2-extra-logs.Rd7MjT/round2-prysm-geth-85.tar.gz::snooper-engine.log:32270	/tmp/prysm-r2-extra-logs.Rd7MjT/round2-prysm-geth-85.tar.gz::snooper-engine.log:32271	/tmp/prysm-r2-extra-logs.Rd7MjT/round2-prysm-geth-85.tar.gz::snooper-engine.log:32291	"{""forkchoice_state"":{""finalizedBlockHash"":""0x000000000000...00000000"",""headBlockHash"":""0x296b50f55c75...dfe775a1"",""safeBlockHash"":""0x000000000000...00000000""},""method"":""engine_forkchoiceUpdatedV4"",""payload_attributes"":{""parentBeaconBlockRoot"":""0x1a40155d770d...caa010d1"",""prevRandao"":""0x296b50f55c75...dfe775a1"",""suggestedFeeRecipient"":""0xf97e180c050e...ee4df134"",""timestamp"":""0x6a9b7140"",""withdrawals"":0},""rpc_id"":212}"	2026-09-05T01:32:42.105620575Z	162105.62	1	200	/tmp/prysm-r2-extra-logs.Rd7MjT/round2-prysm-geth-85.tar.gz::snooper-engine.log:32293	/tmp/prysm-r2-extra-logs.Rd7MjT/round2-prysm-geth-85.tar.gz::snooper-engine.log:32294	/tmp/prysm-r2-extra-logs.Rd7MjT/round2-prysm-geth-85.tar.gz::snooper-engine.log:32305	"{""payload_id"":""0x0478efe32a8af6aa"",""payload_status"":{""latestValidHash"":""0x296b50f55c75...dfe775a1"",""status"":""VALID"",""validationError"":null},""rpc_id"":212}"
14	12	12	717	engine_forkchoiceUpdatedV4	2026-09-05T01:32:49.765926311Z	169765.926	/tmp/prysm-r2-extra-logs.Rd7MjT/round2-prysm-geth-14.tar.gz::snooper-engine.log:31999	/tmp/prysm-r2-extra-logs.Rd7MjT/round2-prysm-geth-14.tar.gz::snooper-engine.log:32000	/tmp/prysm-r2-extra-logs.Rd7MjT/round2-prysm-geth-14.tar.gz::snooper-engine.log:32020	"{""forkchoice_state"":{""finalizedBlockHash"":""0x000000000000...00000000"",""headBlockHash"":""0x296b50f55c75...dfe775a1"",""safeBlockHash"":""0x000000000000...00000000""},""method"":""engine_forkchoiceUpdatedV4"",""payload_attributes"":{""parentBeaconBlockRoot"":""0x1a40155d770d...caa010d1"",""prevRandao"":""0x296b50f55c75...dfe775a1"",""suggestedFeeRecipient"":""0xf97e180c050e...ee4df134"",""timestamp"":""0x6a9b7128"",""withdrawals"":0},""rpc_id"":216}"	2026-09-05T01:32:49.767493817Z	169767.493	1	200	/tmp/prysm-r2-extra-logs.Rd7MjT/round2-prysm-geth-14.tar.gz::snooper-engine.log:32022	/tmp/prysm-r2-extra-logs.Rd7MjT/round2-prysm-geth-14.tar.gz::snooper-engine.log:32023	/tmp/prysm-r2-extra-logs.Rd7MjT/round2-prysm-geth-14.tar.gz::snooper-engine.log:32034	"{""payload_id"":""0x0412d190ebb3b12c"",""payload_status"":{""latestValidHash"":""0x296b50f55c75...dfe775a1"",""status"":""VALID"",""validationError"":null},""rpc_id"":216}"
85	14	14	725	engine_getPayloadV6	2026-09-05T01:32:50.740454432Z	170740.454	/tmp/prysm-r2-extra-logs.Rd7MjT/round2-prysm-geth-85.tar.gz::snooper-engine.log:32307	/tmp/prysm-r2-extra-logs.Rd7MjT/round2-prysm-geth-85.tar.gz::snooper-engine.log:32308	/tmp/prysm-r2-extra-logs.Rd7MjT/round2-prysm-geth-85.tar.gz::snooper-engine.log:32315	"{""method"":""engine_getPayloadV6"",""payload_id"":""0x0478efe32a8af6aa"",""rpc_id"":213}"	2026-09-05T01:32:50.741631232Z	170741.631	1	200	/tmp/prysm-r2-extra-logs.Rd7MjT/round2-prysm-geth-85.tar.gz::snooper-engine.log:32317	/tmp/prysm-r2-extra-logs.Rd7MjT/round2-prysm-geth-85.tar.gz::snooper-engine.log:32318	/tmp/prysm-r2-extra-logs.Rd7MjT/round2-prysm-geth-85.tar.gz::snooper-engine.log:32352	"{""blockValue"":""0x0"",""execution_payload"":{""blockHash"":""0xc9217a0a79b0...95b693ad"",""blockNumber"":""0x1"",""feeRecipient"":""0xf97e180c050e...ee4df134"",""gasLimit"":""0xbe8c711"",""gasUsed"":""0x0"",""parentHash"":""0x296b50f55c75...dfe775a1"",""slotNumber"":""0xe"",""timestamp"":""0x6a9b7140""},""rpc_id"":213,""shouldOverrideBuilder"":false,""transactions_count"":0,""withdrawals_count"":0}"
32	15	15	725	engine_forkchoiceUpdatedV4	2026-09-05T01:32:51.038272313Z	171038.272	/tmp/prysm-r2-extra-logs.Rd7MjT/round2-prysm-geth-32.tar.gz::snooper-engine.log:32301	/tmp/prysm-r2-extra-logs.Rd7MjT/round2-prysm-geth-32.tar.gz::snooper-engine.log:32302	/tmp/prysm-r2-extra-logs.Rd7MjT/round2-prysm-geth-32.tar.gz::snooper-engine.log:32322	"{""forkchoice_state"":{""finalizedBlockHash"":""0x000000000000...00000000"",""headBlockHash"":""0x296b50f55c75...dfe775a1"",""safeBlockHash"":""0x000000000000...00000000""},""method"":""engine_forkchoiceUpdatedV4"",""payload_attributes"":{""parentBeaconBlockRoot"":""0x1a40155d770d...caa010d1"",""prevRandao"":""0x296b50f55c75...dfe775a1"",""suggestedFeeRecipient"":""0xf97e180c050e...ee4df134"",""timestamp"":""0x6a9b714c"",""withdrawals"":0},""rpc_id"":216}"	2026-09-05T01:32:51.038746037Z	171038.746	1	200	/tmp/prysm-r2-extra-logs.Rd7MjT/round2-prysm-geth-32.tar.gz::snooper-engine.log:32324	/tmp/prysm-r2-extra-logs.Rd7MjT/round2-prysm-geth-32.tar.gz::snooper-engine.log:32325	/tmp/prysm-r2-extra-logs.Rd7MjT/round2-prysm-geth-32.tar.gz::snooper-engine.log:32336	"{""payload_id"":""0x04e83afd518b4118"",""payload_status"":{""latestValidHash"":""0x296b50f55c75...dfe775a1"",""status"":""VALID"",""validationError"":null},""rpc_id"":216}"
32	15	15	727	engine_getPayloadV6	2026-09-05T01:33:00.014989400Z	180014.989	/tmp/prysm-r2-extra-logs.Rd7MjT/round2-prysm-geth-32.tar.gz::snooper-engine.log:32386	/tmp/prysm-r2-extra-logs.Rd7MjT/round2-prysm-geth-32.tar.gz::snooper-engine.log:32387	/tmp/prysm-r2-extra-logs.Rd7MjT/round2-prysm-geth-32.tar.gz::snooper-engine.log:32394	"{""method"":""engine_getPayloadV6"",""payload_id"":""0x04e83afd518b4118"",""rpc_id"":218}"	2026-09-05T01:33:00.015513719Z	180015.513	1	200	/tmp/prysm-r2-extra-logs.Rd7MjT/round2-prysm-geth-32.tar.gz::snooper-engine.log:32396	/tmp/prysm-r2-extra-logs.Rd7MjT/round2-prysm-geth-32.tar.gz::snooper-engine.log:32397	/tmp/prysm-r2-extra-logs.Rd7MjT/round2-prysm-geth-32.tar.gz::snooper-engine.log:32431	"{""blockValue"":""0x0"",""execution_payload"":{""blockHash"":""0xdf777d7bd39c...a6b81ab8"",""blockNumber"":""0x1"",""feeRecipient"":""0xf97e180c050e...ee4df134"",""gasLimit"":""0xbe8c711"",""gasUsed"":""0x0"",""parentHash"":""0x296b50f55c75...dfe775a1"",""slotNumber"":""0xf"",""timestamp"":""0x6a9b714c""},""rpc_id"":218,""shouldOverrideBuilder"":false,""transactions_count"":0,""withdrawals_count"":0}"
32	15	15	729	engine_forkchoiceUpdatedV4	2026-09-05T01:33:01.661031142Z	181661.031	/tmp/prysm-r2-extra-logs.Rd7MjT/round2-prysm-geth-32.tar.gz::snooper-engine.log:32477	/tmp/prysm-r2-extra-logs.Rd7MjT/round2-prysm-geth-32.tar.gz::snooper-engine.log:32478	/tmp/prysm-r2-extra-logs.Rd7MjT/round2-prysm-geth-32.tar.gz::snooper-engine.log:32490	"{""forkchoice_state"":{""finalizedBlockHash"":""0x000000000000...00000000"",""headBlockHash"":""0xdf777d7bd39c...a6b81ab8"",""safeBlockHash"":""0x000000000000...00000000""},""method"":""engine_forkchoiceUpdatedV4"",""payload_attributes"":null,""rpc_id"":220}"	2026-09-05T01:33:01.661596102Z	181661.596	0	200	/tmp/prysm-r2-extra-logs.Rd7MjT/round2-prysm-geth-32.tar.gz::snooper-engine.log:32492	/tmp/prysm-r2-extra-logs.Rd7MjT/round2-prysm-geth-32.tar.gz::snooper-engine.log:32493	/tmp/prysm-r2-extra-logs.Rd7MjT/round2-prysm-geth-32.tar.gz::snooper-engine.log:32504	"{""payload_id"":null,""payload_status"":{""latestValidHash"":""0xdf777d7bd39c...a6b81ab8"",""status"":""VALID"",""validationError"":null},""rpc_id"":220}"
19	8	15	730	engine_forkchoiceUpdatedV4	2026-09-05T01:33:01.664242013Z	181664.242	/tmp/prysm-r2-extra-logs.Rd7MjT/round2-prysm-geth-19.tar.gz::snooper-engine.log:32506	/tmp/prysm-r2-extra-logs.Rd7MjT/round2-prysm-geth-19.tar.gz::snooper-engine.log:32507	/tmp/prysm-r2-extra-logs.Rd7MjT/round2-prysm-geth-19.tar.gz::snooper-engine.log:32519	"{""forkchoice_state"":{""finalizedBlockHash"":""0x000000000000...00000000"",""headBlockHash"":""0xdf777d7bd39c...a6b81ab8"",""safeBlockHash"":""0x000000000000...00000000""},""method"":""engine_forkchoiceUpdatedV4"",""payload_attributes"":null,""rpc_id"":221}"	2026-09-05T01:33:01.665130572Z	181665.13	0	200	/tmp/prysm-r2-extra-logs.Rd7MjT/round2-prysm-geth-19.tar.gz::snooper-engine.log:32521	/tmp/prysm-r2-extra-logs.Rd7MjT/round2-prysm-geth-19.tar.gz::snooper-engine.log:32522	/tmp/prysm-r2-extra-logs.Rd7MjT/round2-prysm-geth-19.tar.gz::snooper-engine.log:32533	"{""payload_id"":null,""payload_status"":{""latestValidHash"":""0xdf777d7bd39c...a6b81ab8"",""status"":""VALID"",""validationError"":null},""rpc_id"":221}"
35	10	15	728	engine_forkchoiceUpdatedV4	2026-09-05T01:33:02.457088056Z	182457.088	/tmp/prysm-r2-extra-logs.Rd7MjT/round2-prysm-geth-35.tar.gz::snooper-engine.log:32444	/tmp/prysm-r2-extra-logs.Rd7MjT/round2-prysm-geth-35.tar.gz::snooper-engine.log:32445	/tmp/prysm-r2-extra-logs.Rd7MjT/round2-prysm-geth-35.tar.gz::snooper-engine.log:32457	"{""forkchoice_state"":{""finalizedBlockHash"":""0x000000000000...00000000"",""headBlockHash"":""0xdf777d7bd39c...a6b81ab8"",""safeBlockHash"":""0x000000000000...00000000""},""method"":""engine_forkchoiceUpdatedV4"",""payload_attributes"":null,""rpc_id"":219}"	2026-09-05T01:33:02.457916096Z	182457.916	2	200	/tmp/prysm-r2-extra-logs.Rd7MjT/round2-prysm-geth-35.tar.gz::snooper-engine.log:32459	/tmp/prysm-r2-extra-logs.Rd7MjT/round2-prysm-geth-35.tar.gz::snooper-engine.log:32460	/tmp/prysm-r2-extra-logs.Rd7MjT/round2-prysm-geth-35.tar.gz::snooper-engine.log:32471	"{""payload_id"":null,""payload_status"":{""latestValidHash"":""0xdf777d7bd39c...a6b81ab8"",""status"":""VALID"",""validationError"":null},""rpc_id"":219}"
76	16	16	724	engine_forkchoiceUpdatedV4	2026-09-05T01:33:03.076852074Z	183076.852	/tmp/prysm-r2-extra-logs.Rd7MjT/round2-prysm-geth-76.tar.gz::snooper-engine.log:32260	/tmp/prysm-r2-extra-logs.Rd7MjT/round2-prysm-geth-76.tar.gz::snooper-engine.log:32261	/tmp/prysm-r2-extra-logs.Rd7MjT/round2-prysm-geth-76.tar.gz::snooper-engine.log:32281	"{""forkchoice_state"":{""finalizedBlockHash"":""0x000000000000...00000000"",""headBlockHash"":""0x296b50f55c75...dfe775a1"",""safeBlockHash"":""0x000000000000...00000000""},""method"":""engine_forkchoiceUpdatedV4"",""payload_attributes"":{""parentBeaconBlockRoot"":""0x1a40155d770d...caa010d1"",""prevRandao"":""0x296b50f55c75...dfe775a1"",""suggestedFeeRecipient"":""0xf97e180c050e...ee4df134"",""timestamp"":""0x6a9b7158"",""withdrawals"":0},""rpc_id"":215}"	2026-09-05T01:33:03.077737735Z	183077.737	1	200	/tmp/prysm-r2-extra-logs.Rd7MjT/round2-prysm-geth-76.tar.gz::snooper-engine.log:32283	/tmp/prysm-r2-extra-logs.Rd7MjT/round2-prysm-geth-76.tar.gz::snooper-engine.log:32284	/tmp/prysm-r2-extra-logs.Rd7MjT/round2-prysm-geth-76.tar.gz::snooper-engine.log:32295	"{""payload_id"":""0x04b55ca6c261714b"",""payload_status"":{""latestValidHash"":""0x296b50f55c75...dfe775a1"",""status"":""VALID"",""validationError"":null},""rpc_id"":215}"
76	16	16	726	engine_forkchoiceUpdatedV4	2026-09-05T01:33:04.493055740Z	184493.055	/tmp/prysm-r2-extra-logs.Rd7MjT/round2-prysm-geth-76.tar.gz::snooper-engine.log:32341	/tmp/prysm-r2-extra-logs.Rd7MjT/round2-prysm-geth-76.tar.gz::snooper-engine.log:32342	/tmp/prysm-r2-extra-logs.Rd7MjT/round2-prysm-geth-76.tar.gz::snooper-engine.log:32362	"{""forkchoice_state"":{""finalizedBlockHash"":""0x000000000000...00000000"",""headBlockHash"":""0xdf777d7bd39c...a6b81ab8"",""safeBlockHash"":""0x000000000000...00000000""},""method"":""engine_forkchoiceUpdatedV4"",""payload_attributes"":{""parentBeaconBlockRoot"":""0x6856419067ea...f429df41"",""prevRandao"":""0xa2769748724c...937d4966"",""suggestedFeeRecipient"":""0xf97e180c050e...ee4df134"",""timestamp"":""0x6a9b7158"",""withdrawals"":0},""rpc_id"":217}"	2026-09-05T01:33:04.497077103Z	184497.077	4	200	/tmp/prysm-r2-extra-logs.Rd7MjT/round2-prysm-geth-76.tar.gz::snooper-engine.log:32364	/tmp/prysm-r2-extra-logs.Rd7MjT/round2-prysm-geth-76.tar.gz::snooper-engine.log:32365	/tmp/prysm-r2-extra-logs.Rd7MjT/round2-prysm-geth-76.tar.gz::snooper-engine.log:32376	"{""payload_id"":""0x04d65b973b554dd1"",""payload_status"":{""latestValidHash"":""0xdf777d7bd39c...a6b81ab8"",""status"":""VALID"",""validationError"":null},""rpc_id"":217}"
118	5	15	723	engine_forkchoiceUpdatedV4	2026-09-05T01:33:05.433603445Z	185433.603	/tmp/prysm-r2-extra-logs.Rd7MjT/round2-prysm-geth-118.tar.gz::snooper-engine.log:32255	/tmp/prysm-r2-extra-logs.Rd7MjT/round2-prysm-geth-118.tar.gz::snooper-engine.log:32256	/tmp/prysm-r2-extra-logs.Rd7MjT/round2-prysm-geth-118.tar.gz::snooper-engine.log:32268	"{""forkchoice_state"":{""finalizedBlockHash"":""0x000000000000...00000000"",""headBlockHash"":""0xdf777d7bd39c...a6b81ab8"",""safeBlockHash"":""0x000000000000...00000000""},""method"":""engine_forkchoiceUpdatedV4"",""payload_attributes"":null,""rpc_id"":221}"	2026-09-05T01:33:05.436527841Z	185436.527	1	200	/tmp/prysm-r2-extra-logs.Rd7MjT/round2-prysm-geth-118.tar.gz::snooper-engine.log:32270	/tmp/prysm-r2-extra-logs.Rd7MjT/round2-prysm-geth-118.tar.gz::snooper-engine.log:32271	/tmp/prysm-r2-extra-logs.Rd7MjT/round2-prysm-geth-118.tar.gz::snooper-engine.log:32282	"{""payload_id"":null,""payload_status"":{""latestValidHash"":""0xdf777d7bd39c...a6b81ab8"",""status"":""VALID"",""validationError"":null},""rpc_id"":221}"
83	6	15	728	engine_forkchoiceUpdatedV4	2026-09-05T01:33:06.450628909Z	186450.628	/tmp/prysm-r2-extra-logs.Rd7MjT/round2-prysm-geth-83.tar.gz::snooper-engine.log:32438	/tmp/prysm-r2-extra-logs.Rd7MjT/round2-prysm-geth-83.tar.gz::snooper-engine.log:32439	/tmp/prysm-r2-extra-logs.Rd7MjT/round2-prysm-geth-83.tar.gz::snooper-engine.log:32451	"{""forkchoice_state"":{""finalizedBlockHash"":""0x000000000000...00000000"",""headBlockHash"":""0xdf777d7bd39c...a6b81ab8"",""safeBlockHash"":""0x000000000000...00000000""},""method"":""engine_forkchoiceUpdatedV4"",""payload_attributes"":null,""rpc_id"":217}"	2026-09-05T01:33:06.450740952Z	186450.74	1	200	/tmp/prysm-r2-extra-logs.Rd7MjT/round2-prysm-geth-83.tar.gz::snooper-engine.log:32453	/tmp/prysm-r2-extra-logs.Rd7MjT/round2-prysm-geth-83.tar.gz::snooper-engine.log:32454	/tmp/prysm-r2-extra-logs.Rd7MjT/round2-prysm-geth-83.tar.gz::snooper-engine.log:32465	"{""payload_id"":null,""payload_status"":{""latestValidHash"":""0xdf777d7bd39c...a6b81ab8"",""status"":""VALID"",""validationError"":null},""rpc_id"":217}"
91	4	15	730	engine_forkchoiceUpdatedV4	2026-09-05T01:33:08.161014514Z	188161.014	/tmp/prysm-r2-extra-logs.Rd7MjT/round2-prysm-geth-91.tar.gz::snooper-engine.log:32505	/tmp/prysm-r2-extra-logs.Rd7MjT/round2-prysm-geth-91.tar.gz::snooper-engine.log:32506	/tmp/prysm-r2-extra-logs.Rd7MjT/round2-prysm-geth-91.tar.gz::snooper-engine.log:32518	"{""forkchoice_state"":{""finalizedBlockHash"":""0x000000000000...00000000"",""headBlockHash"":""0xdf777d7bd39c...a6b81ab8"",""safeBlockHash"":""0x000000000000...00000000""},""method"":""engine_forkchoiceUpdatedV4"",""payload_attributes"":null,""rpc_id"":216}"	2026-09-05T01:33:08.162430196Z	188162.43	1	200	/tmp/prysm-r2-extra-logs.Rd7MjT/round2-prysm-geth-91.tar.gz::snooper-engine.log:32520	/tmp/prysm-r2-extra-logs.Rd7MjT/round2-prysm-geth-91.tar.gz::snooper-engine.log:32521	/tmp/prysm-r2-extra-logs.Rd7MjT/round2-prysm-geth-91.tar.gz::snooper-engine.log:32532	"{""payload_id"":null,""payload_status"":{""latestValidHash"":""0xdf777d7bd39c...a6b81ab8"",""status"":""VALID"",""validationError"":null},""rpc_id"":216}"
107	9	15	730	engine_forkchoiceUpdatedV4	2026-09-05T01:33:10.155435041Z	190155.435	/tmp/prysm-r2-extra-logs.Rd7MjT/round2-prysm-geth-107.tar.gz::snooper-engine.log:32547	/tmp/prysm-r2-extra-logs.Rd7MjT/round2-prysm-geth-107.tar.gz::snooper-engine.log:32548	/tmp/prysm-r2-extra-logs.Rd7MjT/round2-prysm-geth-107.tar.gz::snooper-engine.log:32560	"{""forkchoice_state"":{""finalizedBlockHash"":""0x000000000000...00000000"",""headBlockHash"":""0xdf777d7bd39c...a6b81ab8"",""safeBlockHash"":""0x000000000000...00000000""},""method"":""engine_forkchoiceUpdatedV4"",""payload_attributes"":null,""rpc_id"":221}"	2026-09-05T01:33:10.156266863Z	190156.266	1	200	/tmp/prysm-r2-extra-logs.Rd7MjT/round2-prysm-geth-107.tar.gz::snooper-engine.log:32562	/tmp/prysm-r2-extra-logs.Rd7MjT/round2-prysm-geth-107.tar.gz::snooper-engine.log:32563	/tmp/prysm-r2-extra-logs.Rd7MjT/round2-prysm-geth-107.tar.gz::snooper-engine.log:32574	"{""payload_id"":null,""payload_status"":{""latestValidHash"":""0xdf777d7bd39c...a6b81ab8"",""status"":""VALID"",""validationError"":null},""rpc_id"":221}"
32	15	16	733	engine_forkchoiceUpdatedV4	2026-09-05T01:33:12.007929487Z	192007.929	/tmp/prysm-r2-extra-logs.Rd7MjT/round2-prysm-geth-32.tar.gz::snooper-engine.log:32623	/tmp/prysm-r2-extra-logs.Rd7MjT/round2-prysm-geth-32.tar.gz::snooper-engine.log:32624	/tmp/prysm-r2-extra-logs.Rd7MjT/round2-prysm-geth-32.tar.gz::snooper-engine.log:32636	"{""forkchoice_state"":{""finalizedBlockHash"":""0x000000000000...00000000"",""headBlockHash"":""0x296b50f55c75...dfe775a1"",""safeBlockHash"":""0x000000000000...00000000""},""method"":""engine_forkchoiceUpdatedV4"",""payload_attributes"":null,""rpc_id"":224}"	2026-09-05T01:33:12.010066414Z	192010.066	2	200	/tmp/prysm-r2-extra-logs.Rd7MjT/round2-prysm-geth-32.tar.gz::snooper-engine.log:32638	/tmp/prysm-r2-extra-logs.Rd7MjT/round2-prysm-geth-32.tar.gz::snooper-engine.log:32639	/tmp/prysm-r2-extra-logs.Rd7MjT/round2-prysm-geth-32.tar.gz::snooper-engine.log:32650	"{""payload_id"":null,""payload_status"":{""latestValidHash"":""0x296b50f55c75...dfe775a1"",""status"":""VALID"",""validationError"":null},""rpc_id"":224}"
19	8	16	731	engine_forkchoiceUpdatedV4	2026-09-05T01:33:12.009352156Z	192009.352	/tmp/prysm-r2-extra-logs.Rd7MjT/round2-prysm-geth-19.tar.gz::snooper-engine.log:32535	/tmp/prysm-r2-extra-logs.Rd7MjT/round2-prysm-geth-19.tar.gz::snooper-engine.log:32536	/tmp/prysm-r2-extra-logs.Rd7MjT/round2-prysm-geth-19.tar.gz::snooper-engine.log:32548	"{""forkchoice_state"":{""finalizedBlockHash"":""0x000000000000...00000000"",""headBlockHash"":""0x296b50f55c75...dfe775a1"",""safeBlockHash"":""0x000000000000...00000000""},""method"":""engine_forkchoiceUpdatedV4"",""payload_attributes"":null,""rpc_id"":222}"	2026-09-05T01:33:12.014031706Z	192014.031	2	200	/tmp/prysm-r2-extra-logs.Rd7MjT/round2-prysm-geth-19.tar.gz::snooper-engine.log:32550	/tmp/prysm-r2-extra-logs.Rd7MjT/round2-prysm-geth-19.tar.gz::snooper-engine.log:32551	/tmp/prysm-r2-extra-logs.Rd7MjT/round2-prysm-geth-19.tar.gz::snooper-engine.log:32562	"{""payload_id"":null,""payload_status"":{""latestValidHash"":""0x296b50f55c75...dfe775a1"",""status"":""VALID"",""validationError"":null},""rpc_id"":222}"
76	16	16	730	engine_forkchoiceUpdatedV4	2026-09-05T01:33:12.451542878Z	192451.542	/tmp/prysm-r2-extra-logs.Rd7MjT/round2-prysm-geth-76.tar.gz::snooper-engine.log:32495	/tmp/prysm-r2-extra-logs.Rd7MjT/round2-prysm-geth-76.tar.gz::snooper-engine.log:32496	/tmp/prysm-r2-extra-logs.Rd7MjT/round2-prysm-geth-76.tar.gz::snooper-engine.log:32516	"{""forkchoice_state"":{""finalizedBlockHash"":""0x000000000000...00000000"",""headBlockHash"":""0x296b50f55c75...dfe775a1"",""safeBlockHash"":""0x000000000000...00000000""},""method"":""engine_forkchoiceUpdatedV4"",""payload_attributes"":{""parentBeaconBlockRoot"":""0x1a40155d770d...caa010d1"",""prevRandao"":""0x296b50f55c75...dfe775a1"",""suggestedFeeRecipient"":""0xf97e180c050e...ee4df134"",""timestamp"":""0x6a9b7158"",""withdrawals"":0},""rpc_id"":221}"	2026-09-05T01:33:12.454097703Z	192454.097	2	200	/tmp/prysm-r2-extra-logs.Rd7MjT/round2-prysm-geth-76.tar.gz::snooper-engine.log:32518	/tmp/prysm-r2-extra-logs.Rd7MjT/round2-prysm-geth-76.tar.gz::snooper-engine.log:32519	/tmp/prysm-r2-extra-logs.Rd7MjT/round2-prysm-geth-76.tar.gz::snooper-engine.log:32530	"{""payload_id"":""0x04b55ca6c261714b"",""payload_status"":{""latestValidHash"":""0x296b50f55c75...dfe775a1"",""status"":""VALID"",""validationError"":null},""rpc_id"":221}"
76	16	16	731	engine_getPayloadV6	2026-09-05T01:33:12.696378647Z	192696.378	/tmp/prysm-r2-extra-logs.Rd7MjT/round2-prysm-geth-76.tar.gz::snooper-engine.log:32532	/tmp/prysm-r2-extra-logs.Rd7MjT/round2-prysm-geth-76.tar.gz::snooper-engine.log:32533	/tmp/prysm-r2-extra-logs.Rd7MjT/round2-prysm-geth-76.tar.gz::snooper-engine.log:32540	"{""method"":""engine_getPayloadV6"",""payload_id"":""0x04b55ca6c261714b"",""rpc_id"":222}"	2026-09-05T01:33:12.697333221Z	192697.333	0	200	/tmp/prysm-r2-extra-logs.Rd7MjT/round2-prysm-geth-76.tar.gz::snooper-engine.log:32542	/tmp/prysm-r2-extra-logs.Rd7MjT/round2-prysm-geth-76.tar.gz::snooper-engine.log:32543	/tmp/prysm-r2-extra-logs.Rd7MjT/round2-prysm-geth-76.tar.gz::snooper-engine.log:32577	"{""blockValue"":""0x0"",""execution_payload"":{""blockHash"":""0x03b9534aa356...41dfd5d3"",""blockNumber"":""0x1"",""feeRecipient"":""0xf97e180c050e...ee4df134"",""gasLimit"":""0xbe8c711"",""gasUsed"":""0x0"",""parentHash"":""0x296b50f55c75...dfe775a1"",""slotNumber"":""0x10"",""timestamp"":""0x6a9b7158""},""rpc_id"":222,""shouldOverrideBuilder"":false,""transactions_count"":0,""withdrawals_count"":0}"
144	7	16	724	engine_forkchoiceUpdatedV4	2026-09-05T01:33:13.263681876Z	193263.681	/tmp/prysm-r2-extra-logs.Rd7MjT/round2-prysm-geth-144.tar.gz::snooper-engine.log:32260	/tmp/prysm-r2-extra-logs.Rd7MjT/round2-prysm-geth-144.tar.gz::snooper-engine.log:32261	/tmp/prysm-r2-extra-logs.Rd7MjT/round2-prysm-geth-144.tar.gz::snooper-engine.log:32273	"{""forkchoice_state"":{""finalizedBlockHash"":""0x000000000000...00000000"",""headBlockHash"":""0xdf777d7bd39c...a6b81ab8"",""safeBlockHash"":""0x000000000000...00000000""},""method"":""engine_forkchoiceUpdatedV4"",""payload_attributes"":null,""rpc_id"":219}"	2026-09-05T01:33:13.264544510Z	193264.544	1	200	/tmp/prysm-r2-extra-logs.Rd7MjT/round2-prysm-geth-144.tar.gz::snooper-engine.log:32275	/tmp/prysm-r2-extra-logs.Rd7MjT/round2-prysm-geth-144.tar.gz::snooper-engine.log:32276	/tmp/prysm-r2-extra-logs.Rd7MjT/round2-prysm-geth-144.tar.gz::snooper-engine.log:32287	"{""payload_id"":null,""payload_status"":{""latestValidHash"":""0xdf777d7bd39c...a6b81ab8"",""status"":""VALID"",""validationError"":null},""rpc_id"":219}"
169	1	16	727	engine_forkchoiceUpdatedV4	2026-09-05T01:33:14.650773866Z	194650.773	/tmp/prysm-r2-extra-logs.Rd7MjT/round2-prysm-geth-169.tar.gz::snooper-engine.log:32422	/tmp/prysm-r2-extra-logs.Rd7MjT/round2-prysm-geth-169.tar.gz::snooper-engine.log:32423	/tmp/prysm-r2-extra-logs.Rd7MjT/round2-prysm-geth-169.tar.gz::snooper-engine.log:32435	"{""forkchoice_state"":{""finalizedBlockHash"":""0x000000000000...00000000"",""headBlockHash"":""0xdf777d7bd39c...a6b81ab8"",""safeBlockHash"":""0x000000000000...00000000""},""method"":""engine_forkchoiceUpdatedV4"",""payload_attributes"":null,""rpc_id"":219}"	2026-09-05T01:33:14.652148769Z	194652.148	1	200	/tmp/prysm-r2-extra-logs.Rd7MjT/round2-prysm-geth-169.tar.gz::snooper-engine.log:32437	/tmp/prysm-r2-extra-logs.Rd7MjT/round2-prysm-geth-169.tar.gz::snooper-engine.log:32438	/tmp/prysm-r2-extra-logs.Rd7MjT/round2-prysm-geth-169.tar.gz::snooper-engine.log:32449	"{""payload_id"":null,""payload_status"":{""latestValidHash"":""0xdf777d7bd39c...a6b81ab8"",""status"":""VALID"",""validationError"":null},""rpc_id"":219}"
14	12	16	720	engine_forkchoiceUpdatedV4	2026-09-05T01:33:15.880308407Z	195880.308	/tmp/prysm-r2-extra-logs.Rd7MjT/round2-prysm-geth-14.tar.gz::snooper-engine.log:32128	/tmp/prysm-r2-extra-logs.Rd7MjT/round2-prysm-geth-14.tar.gz::snooper-engine.log:32129	/tmp/prysm-r2-extra-logs.Rd7MjT/round2-prysm-geth-14.tar.gz::snooper-engine.log:32141	"{""forkchoice_state"":{""finalizedBlockHash"":""0x000000000000...00000000"",""headBlockHash"":""0xdf777d7bd39c...a6b81ab8"",""safeBlockHash"":""0x000000000000...00000000""},""method"":""engine_forkchoiceUpdatedV4"",""payload_attributes"":null,""rpc_id"":219}"	2026-09-05T01:33:15.881213406Z	195881.213	0	200	/tmp/prysm-r2-extra-logs.Rd7MjT/round2-prysm-geth-14.tar.gz::snooper-engine.log:32143	/tmp/prysm-r2-extra-logs.Rd7MjT/round2-prysm-geth-14.tar.gz::snooper-engine.log:32144	/tmp/prysm-r2-extra-logs.Rd7MjT/round2-prysm-geth-14.tar.gz::snooper-engine.log:32155	"{""payload_id"":null,""payload_status"":{""latestValidHash"":""0xdf777d7bd39c...a6b81ab8"",""status"":""VALID"",""validationError"":null},""rpc_id"":219}"
14	12	16	725	engine_forkchoiceUpdatedV4	2026-09-05T01:33:17.579792307Z	197579.792	/tmp/prysm-r2-extra-logs.Rd7MjT/round2-prysm-geth-14.tar.gz::snooper-engine.log:32318	/tmp/prysm-r2-extra-logs.Rd7MjT/round2-prysm-geth-14.tar.gz::snooper-engine.log:32319	/tmp/prysm-r2-extra-logs.Rd7MjT/round2-prysm-geth-14.tar.gz::snooper-engine.log:32331	"{""forkchoice_state"":{""finalizedBlockHash"":""0x000000000000...00000000"",""headBlockHash"":""0xdf777d7bd39c...a6b81ab8"",""safeBlockHash"":""0x000000000000...00000000""},""method"":""engine_forkchoiceUpdatedV4"",""payload_attributes"":null,""rpc_id"":224}"	2026-09-05T01:33:17.580079510Z	197580.079	0	200	/tmp/prysm-r2-extra-logs.Rd7MjT/round2-prysm-geth-14.tar.gz::snooper-engine.log:32333	/tmp/prysm-r2-extra-logs.Rd7MjT/round2-prysm-geth-14.tar.gz::snooper-engine.log:32334	/tmp/prysm-r2-extra-logs.Rd7MjT/round2-prysm-geth-14.tar.gz::snooper-engine.log:32345	"{""payload_id"":null,""payload_status"":{""latestValidHash"":""0xdf777d7bd39c...a6b81ab8"",""status"":""VALID"",""validationError"":null},""rpc_id"":224}"
85	14	16	729	engine_forkchoiceUpdatedV4	2026-09-05T01:33:18.302403781Z	198302.403	/tmp/prysm-r2-extra-logs.Rd7MjT/round2-prysm-geth-85.tar.gz::snooper-engine.log:32492	/tmp/prysm-r2-extra-logs.Rd7MjT/round2-prysm-geth-85.tar.gz::snooper-engine.log:32493	/tmp/prysm-r2-extra-logs.Rd7MjT/round2-prysm-geth-85.tar.gz::snooper-engine.log:32505	"{""forkchoice_state"":{""finalizedBlockHash"":""0x000000000000...00000000"",""headBlockHash"":""0xdf777d7bd39c...a6b81ab8"",""safeBlockHash"":""0x000000000000...00000000""},""method"":""engine_forkchoiceUpdatedV4"",""payload_attributes"":null,""rpc_id"":217}"	2026-09-05T01:33:18.303013561Z	198303.013	0	200	/tmp/prysm-r2-extra-logs.Rd7MjT/round2-prysm-geth-85.tar.gz::snooper-engine.log:32507	/tmp/prysm-r2-extra-logs.Rd7MjT/round2-prysm-geth-85.tar.gz::snooper-engine.log:32508	/tmp/prysm-r2-extra-logs.Rd7MjT/round2-prysm-geth-85.tar.gz::snooper-engine.log:32519	"{""payload_id"":null,""payload_status"":{""latestValidHash"":""0xdf777d7bd39c...a6b81ab8"",""status"":""VALID"",""validationError"":null},""rpc_id"":217}"
117	11	16	723	engine_forkchoiceUpdatedV4	2026-09-05T01:33:18.391790064Z	198391.79	/tmp/prysm-r2-extra-logs.Rd7MjT/round2-prysm-geth-117.tar.gz::snooper-engine.log:32281	/tmp/prysm-r2-extra-logs.Rd7MjT/round2-prysm-geth-117.tar.gz::snooper-engine.log:32282	/tmp/prysm-r2-extra-logs.Rd7MjT/round2-prysm-geth-117.tar.gz::snooper-engine.log:32294	"{""forkchoice_state"":{""finalizedBlockHash"":""0x000000000000...00000000"",""headBlockHash"":""0xdf777d7bd39c...a6b81ab8"",""safeBlockHash"":""0x000000000000...00000000""},""method"":""engine_forkchoiceUpdatedV4"",""payload_attributes"":null,""rpc_id"":221}"	2026-09-05T01:33:18.395825814Z	198395.825	1	200	/tmp/prysm-r2-extra-logs.Rd7MjT/round2-prysm-geth-117.tar.gz::snooper-engine.log:32296	/tmp/prysm-r2-extra-logs.Rd7MjT/round2-prysm-geth-117.tar.gz::snooper-engine.log:32297	/tmp/prysm-r2-extra-logs.Rd7MjT/round2-prysm-geth-117.tar.gz::snooper-engine.log:32308	"{""payload_id"":null,""payload_status"":{""latestValidHash"":""0xdf777d7bd39c...a6b81ab8"",""status"":""VALID"",""validationError"":null},""rpc_id"":221}"
19	8	16	734	engine_forkchoiceUpdatedV4	2026-09-05T01:33:18.778093270Z	198778.093	/tmp/prysm-r2-extra-logs.Rd7MjT/round2-prysm-geth-19.tar.gz::snooper-engine.log:32655	/tmp/prysm-r2-extra-logs.Rd7MjT/round2-prysm-geth-19.tar.gz::snooper-engine.log:32656	/tmp/prysm-r2-extra-logs.Rd7MjT/round2-prysm-geth-19.tar.gz::snooper-engine.log:32668	"{""forkchoice_state"":{""finalizedBlockHash"":""0x000000000000...00000000"",""headBlockHash"":""0x03b9534aa356...41dfd5d3"",""safeBlockHash"":""0x000000000000...00000000""},""method"":""engine_forkchoiceUpdatedV4"",""payload_attributes"":null,""rpc_id"":225}"	2026-09-05T01:33:18.779439428Z	198779.439	0	200	/tmp/prysm-r2-extra-logs.Rd7MjT/round2-prysm-geth-19.tar.gz::snooper-engine.log:32670	/tmp/prysm-r2-extra-logs.Rd7MjT/round2-prysm-geth-19.tar.gz::snooper-engine.log:32671	/tmp/prysm-r2-extra-logs.Rd7MjT/round2-prysm-geth-19.tar.gz::snooper-engine.log:32682	"{""payload_id"":null,""payload_status"":{""latestValidHash"":""0x03b9534aa356...41dfd5d3"",""status"":""VALID"",""validationError"":null},""rpc_id"":225}"
32	15	16	735	engine_forkchoiceUpdatedV4	2026-09-05T01:33:18.782545587Z	198782.545	/tmp/prysm-r2-extra-logs.Rd7MjT/round2-prysm-geth-32.tar.gz::snooper-engine.log:32696	/tmp/prysm-r2-extra-logs.Rd7MjT/round2-prysm-geth-32.tar.gz::snooper-engine.log:32697	/tmp/prysm-r2-extra-logs.Rd7MjT/round2-prysm-geth-32.tar.gz::snooper-engine.log:32709	"{""forkchoice_state"":{""finalizedBlockHash"":""0x000000000000...00000000"",""headBlockHash"":""0x03b9534aa356...41dfd5d3"",""safeBlockHash"":""0x000000000000...00000000""},""method"":""engine_forkchoiceUpdatedV4"",""payload_attributes"":null,""rpc_id"":226}"	2026-09-05T01:33:18.783435272Z	198783.435	1	200	/tmp/prysm-r2-extra-logs.Rd7MjT/round2-prysm-geth-32.tar.gz::snooper-engine.log:32711	/tmp/prysm-r2-extra-logs.Rd7MjT/round2-prysm-geth-32.tar.gz::snooper-engine.log:32712	/tmp/prysm-r2-extra-logs.Rd7MjT/round2-prysm-geth-32.tar.gz::snooper-engine.log:32723	"{""payload_id"":null,""payload_status"":{""latestValidHash"":""0x03b9534aa356...41dfd5d3"",""status"":""VALID"",""validationError"":null},""rpc_id"":226}"
76	16	16	733	engine_forkchoiceUpdatedV4	2026-09-05T01:33:18.920528840Z	198920.528	/tmp/prysm-r2-extra-logs.Rd7MjT/round2-prysm-geth-76.tar.gz::snooper-engine.log:32623	/tmp/prysm-r2-extra-logs.Rd7MjT/round2-prysm-geth-76.tar.gz::snooper-engine.log:32624	/tmp/prysm-r2-extra-logs.Rd7MjT/round2-prysm-geth-76.tar.gz::snooper-engine.log:32636	"{""forkchoice_state"":{""finalizedBlockHash"":""0x000000000000...00000000"",""headBlockHash"":""0x03b9534aa356...41dfd5d3"",""safeBlockHash"":""0x000000000000...00000000""},""method"":""engine_forkchoiceUpdatedV4"",""payload_attributes"":null,""rpc_id"":224}"	2026-09-05T01:33:18.922774358Z	198922.774	1	200	/tmp/prysm-r2-extra-logs.Rd7MjT/round2-prysm-geth-76.tar.gz::snooper-engine.log:32638	/tmp/prysm-r2-extra-logs.Rd7MjT/round2-prysm-geth-76.tar.gz::snooper-engine.log:32639	/tmp/prysm-r2-extra-logs.Rd7MjT/round2-prysm-geth-76.tar.gz::snooper-engine.log:32650	"{""payload_id"":null,""payload_status"":{""latestValidHash"":""0x03b9534aa356...41dfd5d3"",""status"":""VALID"",""validationError"":null},""rpc_id"":224}"
83	6	16	736	engine_forkchoiceUpdatedV4	2026-09-05T01:33:19.037856434Z	199037.856	/tmp/prysm-r2-extra-logs.Rd7MjT/round2-prysm-geth-83.tar.gz::snooper-engine.log:32733	/tmp/prysm-r2-extra-logs.Rd7MjT/round2-prysm-geth-83.tar.gz::snooper-engine.log:32734	/tmp/prysm-r2-extra-logs.Rd7MjT/round2-prysm-geth-83.tar.gz::snooper-engine.log:32746	"{""forkchoice_state"":{""finalizedBlockHash"":""0x000000000000...00000000"",""headBlockHash"":""0x03b9534aa356...41dfd5d3"",""safeBlockHash"":""0x000000000000...00000000""},""method"":""engine_forkchoiceUpdatedV4"",""payload_attributes"":null,""rpc_id"":225}"	2026-09-05T01:33:19.038975769Z	199038.975	1	200	/tmp/prysm-r2-extra-logs.Rd7MjT/round2-prysm-geth-83.tar.gz::snooper-engine.log:32748	/tmp/prysm-r2-extra-logs.Rd7MjT/round2-prysm-geth-83.tar.gz::snooper-engine.log:32749	/tmp/prysm-r2-extra-logs.Rd7MjT/round2-prysm-geth-83.tar.gz::snooper-engine.log:32760	"{""payload_id"":null,""payload_status"":{""latestValidHash"":""0x03b9534aa356...41dfd5d3"",""status"":""VALID"",""validationError"":null},""rpc_id"":225}"
118	5	16	730	engine_forkchoiceUpdatedV4	2026-09-05T01:33:19.475378598Z	199475.378	/tmp/prysm-r2-extra-logs.Rd7MjT/round2-prysm-geth-118.tar.gz::snooper-engine.log:32521	/tmp/prysm-r2-extra-logs.Rd7MjT/round2-prysm-geth-118.tar.gz::snooper-engine.log:32522	/tmp/prysm-r2-extra-logs.Rd7MjT/round2-prysm-geth-118.tar.gz::snooper-engine.log:32534	"{""forkchoice_state"":{""finalizedBlockHash"":""0x000000000000...00000000"",""headBlockHash"":""0x03b9534aa356...41dfd5d3"",""safeBlockHash"":""0x000000000000...00000000""},""method"":""engine_forkchoiceUpdatedV4"",""payload_attributes"":null,""rpc_id"":228}"	2026-09-05T01:33:19.476805550Z	199476.805	1	200	/tmp/prysm-r2-extra-logs.Rd7MjT/round2-prysm-geth-118.tar.gz::snooper-engine.log:32536	/tmp/prysm-r2-extra-logs.Rd7MjT/round2-prysm-geth-118.tar.gz::snooper-engine.log:32537	/tmp/prysm-r2-extra-logs.Rd7MjT/round2-prysm-geth-118.tar.gz::snooper-engine.log:32548	"{""payload_id"":null,""payload_status"":{""latestValidHash"":""0x03b9534aa356...41dfd5d3"",""status"":""VALID"",""validationError"":null},""rpc_id"":228}"
191	2	16	733	engine_forkchoiceUpdatedV4	2026-09-05T01:33:20.209294996Z	200209.294	/tmp/prysm-r2-extra-logs.Rd7MjT/round2-prysm-geth-191.tar.gz::snooper-engine.log:32547	/tmp/prysm-r2-extra-logs.Rd7MjT/round2-prysm-geth-191.tar.gz::snooper-engine.log:32548	/tmp/prysm-r2-extra-logs.Rd7MjT/round2-prysm-geth-191.tar.gz::snooper-engine.log:32560	"{""forkchoice_state"":{""finalizedBlockHash"":""0x000000000000...00000000"",""headBlockHash"":""0xdf777d7bd39c...a6b81ab8"",""safeBlockHash"":""0x000000000000...00000000""},""method"":""engine_forkchoiceUpdatedV4"",""payload_attributes"":null,""rpc_id"":220}"	2026-09-05T01:33:20.209355390Z	200209.355	1	200	/tmp/prysm-r2-extra-logs.Rd7MjT/round2-prysm-geth-191.tar.gz::snooper-engine.log:32562	/tmp/prysm-r2-extra-logs.Rd7MjT/round2-prysm-geth-191.tar.gz::snooper-engine.log:32563	/tmp/prysm-r2-extra-logs.Rd7MjT/round2-prysm-geth-191.tar.gz::snooper-engine.log:32574	"{""payload_id"":null,""payload_status"":{""latestValidHash"":""0xdf777d7bd39c...a6b81ab8"",""status"":""VALID"",""validationError"":null},""rpc_id"":220}"
169	1	16	732	engine_forkchoiceUpdatedV4	2026-09-05T01:33:20.563176655Z	200563.176	/tmp/prysm-r2-extra-logs.Rd7MjT/round2-prysm-geth-169.tar.gz::snooper-engine.log:32612	/tmp/prysm-r2-extra-logs.Rd7MjT/round2-prysm-geth-169.tar.gz::snooper-engine.log:32613	/tmp/prysm-r2-extra-logs.Rd7MjT/round2-prysm-geth-169.tar.gz::snooper-engine.log:32625	"{""forkchoice_state"":{""finalizedBlockHash"":""0x000000000000...00000000"",""headBlockHash"":""0x03b9534aa356...41dfd5d3"",""safeBlockHash"":""0x000000000000...00000000""},""method"":""engine_forkchoiceUpdatedV4"",""payload_attributes"":null,""rpc_id"":224}"	2026-09-05T01:33:20.564589512Z	200564.589	1	200	/tmp/prysm-r2-extra-logs.Rd7MjT/round2-prysm-geth-169.tar.gz::snooper-engine.log:32627	/tmp/prysm-r2-extra-logs.Rd7MjT/round2-prysm-geth-169.tar.gz::snooper-engine.log:32628	/tmp/prysm-r2-extra-logs.Rd7MjT/round2-prysm-geth-169.tar.gz::snooper-engine.log:32639	"{""payload_id"":null,""payload_status"":{""latestValidHash"":""0x03b9534aa356...41dfd5d3"",""status"":""VALID"",""validationError"":null},""rpc_id"":224}"
35	10	16	734	engine_forkchoiceUpdatedV4	2026-09-05T01:33:21.513805485Z	201513.805	/tmp/prysm-r2-extra-logs.Rd7MjT/round2-prysm-geth-35.tar.gz::snooper-engine.log:32681	/tmp/prysm-r2-extra-logs.Rd7MjT/round2-prysm-geth-35.tar.gz::snooper-engine.log:32682	/tmp/prysm-r2-extra-logs.Rd7MjT/round2-prysm-geth-35.tar.gz::snooper-engine.log:32694	"{""forkchoice_state"":{""finalizedBlockHash"":""0x000000000000...00000000"",""headBlockHash"":""0x03b9534aa356...41dfd5d3"",""safeBlockHash"":""0x000000000000...00000000""},""method"":""engine_forkchoiceUpdatedV4"",""payload_attributes"":null,""rpc_id"":225}"	2026-09-05T01:33:21.514434150Z	201514.434	0	200	/tmp/prysm-r2-extra-logs.Rd7MjT/round2-prysm-geth-35.tar.gz::snooper-engine.log:32696	/tmp/prysm-r2-extra-logs.Rd7MjT/round2-prysm-geth-35.tar.gz::snooper-engine.log:32697	/tmp/prysm-r2-extra-logs.Rd7MjT/round2-prysm-geth-35.tar.gz::snooper-engine.log:32708	"{""payload_id"":null,""payload_status"":{""latestValidHash"":""0x03b9534aa356...41dfd5d3"",""status"":""VALID"",""validationError"":null},""rpc_id"":225}"
191	2	16	735	engine_forkchoiceUpdatedV4	2026-09-05T01:33:23.945344383Z	203945.344	/tmp/prysm-r2-extra-logs.Rd7MjT/round2-prysm-geth-191.tar.gz::snooper-engine.log:32620	/tmp/prysm-r2-extra-logs.Rd7MjT/round2-prysm-geth-191.tar.gz::snooper-engine.log:32621	/tmp/prysm-r2-extra-logs.Rd7MjT/round2-prysm-geth-191.tar.gz::snooper-engine.log:32633	"{""forkchoice_state"":{""finalizedBlockHash"":""0x000000000000...00000000"",""headBlockHash"":""0xdf777d7bd39c...a6b81ab8"",""safeBlockHash"":""0x000000000000...00000000""},""method"":""engine_forkchoiceUpdatedV4"",""payload_attributes"":null,""rpc_id"":222}"	2026-09-05T01:33:23.945658672Z	203945.658	1	200	/tmp/prysm-r2-extra-logs.Rd7MjT/round2-prysm-geth-191.tar.gz::snooper-engine.log:32635	/tmp/prysm-r2-extra-logs.Rd7MjT/round2-prysm-geth-191.tar.gz::snooper-engine.log:32636	/tmp/prysm-r2-extra-logs.Rd7MjT/round2-prysm-geth-191.tar.gz::snooper-engine.log:32647	"{""payload_id"":null,""payload_status"":{""latestValidHash"":""0xdf777d7bd39c...a6b81ab8"",""status"":""VALID"",""validationError"":null},""rpc_id"":222}"
32	15	17	737	engine_forkchoiceUpdatedV4	2026-09-05T01:33:24.015509467Z	204015.509	/tmp/prysm-r2-extra-logs.Rd7MjT/round2-prysm-geth-32.tar.gz::snooper-engine.log:32772	/tmp/prysm-r2-extra-logs.Rd7MjT/round2-prysm-geth-32.tar.gz::snooper-engine.log:32773	/tmp/prysm-r2-extra-logs.Rd7MjT/round2-prysm-geth-32.tar.gz::snooper-engine.log:32785	"{""forkchoice_state"":{""finalizedBlockHash"":""0x000000000000...00000000"",""headBlockHash"":""0xdf777d7bd39c...a6b81ab8"",""safeBlockHash"":""0x000000000000...00000000""},""method"":""engine_forkchoiceUpdatedV4"",""payload_attributes"":null,""rpc_id"":228}"	2026-09-05T01:33:24.020120223Z	204020.12	4	200	/tmp/prysm-r2-extra-logs.Rd7MjT/round2-prysm-geth-32.tar.gz::snooper-engine.log:32787	/tmp/prysm-r2-extra-logs.Rd7MjT/round2-prysm-geth-32.tar.gz::snooper-engine.log:32788	/tmp/prysm-r2-extra-logs.Rd7MjT/round2-prysm-geth-32.tar.gz::snooper-engine.log:32799	"{""payload_id"":null,""payload_status"":{""latestValidHash"":""0xdf777d7bd39c...a6b81ab8"",""status"":""VALID"",""validationError"":null},""rpc_id"":228}"
19	8	17	735	engine_forkchoiceUpdatedV4	2026-09-05T01:33:24.016292943Z	204016.292	/tmp/prysm-r2-extra-logs.Rd7MjT/round2-prysm-geth-19.tar.gz::snooper-engine.log:32684	/tmp/prysm-r2-extra-logs.Rd7MjT/round2-prysm-geth-19.tar.gz::snooper-engine.log:32685	/tmp/prysm-r2-extra-logs.Rd7MjT/round2-prysm-geth-19.tar.gz::snooper-engine.log:32697	"{""forkchoice_state"":{""finalizedBlockHash"":""0x000000000000...00000000"",""headBlockHash"":""0xdf777d7bd39c...a6b81ab8"",""safeBlockHash"":""0x000000000000...00000000""},""method"":""engine_forkchoiceUpdatedV4"",""payload_attributes"":null,""rpc_id"":226}"	2026-09-05T01:33:24.017638097Z	204017.638	1	200	/tmp/prysm-r2-extra-logs.Rd7MjT/round2-prysm-geth-19.tar.gz::snooper-engine.log:32699	/tmp/prysm-r2-extra-logs.Rd7MjT/round2-prysm-geth-19.tar.gz::snooper-engine.log:32700	/tmp/prysm-r2-extra-logs.Rd7MjT/round2-prysm-geth-19.tar.gz::snooper-engine.log:32711	"{""payload_id"":null,""payload_status"":{""latestValidHash"":""0xdf777d7bd39c...a6b81ab8"",""status"":""VALID"",""validationError"":null},""rpc_id"":226}"
35	10	17	735	engine_forkchoiceUpdatedV4	2026-09-05T01:33:24.100843096Z	204100.843	/tmp/prysm-r2-extra-logs.Rd7MjT/round2-prysm-geth-35.tar.gz::snooper-engine.log:32710	/tmp/prysm-r2-extra-logs.Rd7MjT/round2-prysm-geth-35.tar.gz::snooper-engine.log:32711	/tmp/prysm-r2-extra-logs.Rd7MjT/round2-prysm-geth-35.tar.gz::snooper-engine.log:32723	"{""forkchoice_state"":{""finalizedBlockHash"":""0x000000000000...00000000"",""headBlockHash"":""0xdf777d7bd39c...a6b81ab8"",""safeBlockHash"":""0x000000000000...00000000""},""method"":""engine_forkchoiceUpdatedV4"",""payload_attributes"":null,""rpc_id"":226}"	2026-09-05T01:33:24.101487422Z	204101.487	0	200	/tmp/prysm-r2-extra-logs.Rd7MjT/round2-prysm-geth-35.tar.gz::snooper-engine.log:32725	/tmp/prysm-r2-extra-logs.Rd7MjT/round2-prysm-geth-35.tar.gz::snooper-engine.log:32726	/tmp/prysm-r2-extra-logs.Rd7MjT/round2-prysm-geth-35.tar.gz::snooper-engine.log:32737	"{""payload_id"":null,""payload_status"":{""latestValidHash"":""0xdf777d7bd39c...a6b81ab8"",""status"":""VALID"",""validationError"":null},""rpc_id"":226}"
117	11	17	725	engine_forkchoiceUpdatedV4	2026-09-05T01:33:24.116420485Z	204116.42	/tmp/prysm-r2-extra-logs.Rd7MjT/round2-prysm-geth-117.tar.gz::snooper-engine.log:32354	/tmp/prysm-r2-extra-logs.Rd7MjT/round2-prysm-geth-117.tar.gz::snooper-engine.log:32355	/tmp/prysm-r2-extra-logs.Rd7MjT/round2-prysm-geth-117.tar.gz::snooper-engine.log:32367	"{""forkchoice_state"":{""finalizedBlockHash"":""0x000000000000...00000000"",""headBlockHash"":""0xdf777d7bd39c...a6b81ab8"",""safeBlockHash"":""0x000000000000...00000000""},""method"":""engine_forkchoiceUpdatedV4"",""payload_attributes"":null,""rpc_id"":223}"	2026-09-05T01:33:24.120764832Z	204120.764	4	200	/tmp/prysm-r2-extra-logs.Rd7MjT/round2-prysm-geth-117.tar.gz::snooper-engine.log:32369	/tmp/prysm-r2-extra-logs.Rd7MjT/round2-prysm-geth-117.tar.gz::snooper-engine.log:32370	/tmp/prysm-r2-extra-logs.Rd7MjT/round2-prysm-geth-117.tar.gz::snooper-engine.log:32381	"{""payload_id"":null,""payload_status"":{""latestValidHash"":""0xdf777d7bd39c...a6b81ab8"",""status"":""VALID"",""validationError"":null},""rpc_id"":223}"
76	16	17	735	engine_forkchoiceUpdatedV4	2026-09-05T01:33:24.147521500Z	204147.521	/tmp/prysm-r2-extra-logs.Rd7MjT/round2-prysm-geth-76.tar.gz::snooper-engine.log:32700	/tmp/prysm-r2-extra-logs.Rd7MjT/round2-prysm-geth-76.tar.gz::snooper-engine.log:32701	/tmp/prysm-r2-extra-logs.Rd7MjT/round2-prysm-geth-76.tar.gz::snooper-engine.log:32713	"{""forkchoice_state"":{""finalizedBlockHash"":""0x000000000000...00000000"",""headBlockHash"":""0xdf777d7bd39c...a6b81ab8"",""safeBlockHash"":""0x000000000000...00000000""},""method"":""engine_forkchoiceUpdatedV4"",""payload_attributes"":null,""rpc_id"":226}"	2026-09-05T01:33:24.147982991Z	204147.982	0	200	/tmp/prysm-r2-extra-logs.Rd7MjT/round2-prysm-geth-76.tar.gz::snooper-engine.log:32715	/tmp/prysm-r2-extra-logs.Rd7MjT/round2-prysm-geth-76.tar.gz::snooper-engine.log:32716	/tmp/prysm-r2-extra-logs.Rd7MjT/round2-prysm-geth-76.tar.gz::snooper-engine.log:32727	"{""payload_id"":null,""payload_status"":{""latestValidHash"":""0xdf777d7bd39c...a6b81ab8"",""status"":""VALID"",""validationError"":null},""rpc_id"":226}"
169	1	17	733	engine_forkchoiceUpdatedV4	2026-09-05T01:33:24.437449421Z	204437.449	/tmp/prysm-r2-extra-logs.Rd7MjT/round2-prysm-geth-169.tar.gz::snooper-engine.log:32641	/tmp/prysm-r2-extra-logs.Rd7MjT/round2-prysm-geth-169.tar.gz::snooper-engine.log:32642	/tmp/prysm-r2-extra-logs.Rd7MjT/round2-prysm-geth-169.tar.gz::snooper-engine.log:32654	"{""forkchoice_state"":{""finalizedBlockHash"":""0x000000000000...00000000"",""headBlockHash"":""0xdf777d7bd39c...a6b81ab8"",""safeBlockHash"":""0x000000000000...00000000""},""method"":""engine_forkchoiceUpdatedV4"",""payload_attributes"":null,""rpc_id"":225}"	2026-09-05T01:33:24.438093276Z	204438.093	1	200	/tmp/prysm-r2-extra-logs.Rd7MjT/round2-prysm-geth-169.tar.gz::snooper-engine.log:32656	/tmp/prysm-r2-extra-logs.Rd7MjT/round2-prysm-geth-169.tar.gz::snooper-engine.log:32657	/tmp/prysm-r2-extra-logs.Rd7MjT/round2-prysm-geth-169.tar.gz::snooper-engine.log:32668	"{""payload_id"":null,""payload_status"":{""latestValidHash"":""0xdf777d7bd39c...a6b81ab8"",""status"":""VALID"",""validationError"":null},""rpc_id"":225}"
118	5	17	731	engine_forkchoiceUpdatedV4	2026-09-05T01:33:24.913298375Z	204913.298	/tmp/prysm-r2-extra-logs.Rd7MjT/round2-prysm-geth-118.tar.gz::snooper-engine.log:32550	/tmp/prysm-r2-extra-logs.Rd7MjT/round2-prysm-geth-118.tar.gz::snooper-engine.log:32551	/tmp/prysm-r2-extra-logs.Rd7MjT/round2-prysm-geth-118.tar.gz::snooper-engine.log:32563	"{""forkchoice_state"":{""finalizedBlockHash"":""0x000000000000...00000000"",""headBlockHash"":""0xdf777d7bd39c...a6b81ab8"",""safeBlockHash"":""0x000000000000...00000000""},""method"":""engine_forkchoiceUpdatedV4"",""payload_attributes"":null,""rpc_id"":229}"	2026-09-05T01:33:24.914123504Z	204914.123	0	200	/tmp/prysm-r2-extra-logs.Rd7MjT/round2-prysm-geth-118.tar.gz::snooper-engine.log:32565	/tmp/prysm-r2-extra-logs.Rd7MjT/round2-prysm-geth-118.tar.gz::snooper-engine.log:32566	/tmp/prysm-r2-extra-logs.Rd7MjT/round2-prysm-geth-118.tar.gz::snooper-engine.log:32577	"{""payload_id"":null,""payload_status"":{""latestValidHash"":""0xdf777d7bd39c...a6b81ab8"",""status"":""VALID"",""validationError"":null},""rpc_id"":229}"
83	6	17	737	engine_forkchoiceUpdatedV4	2026-09-05T01:33:24.934001883Z	204934.001	/tmp/prysm-r2-extra-logs.Rd7MjT/round2-prysm-geth-83.tar.gz::snooper-engine.log:32762	/tmp/prysm-r2-extra-logs.Rd7MjT/round2-prysm-geth-83.tar.gz::snooper-engine.log:32763	/tmp/prysm-r2-extra-logs.Rd7MjT/round2-prysm-geth-83.tar.gz::snooper-engine.log:32775	"{""forkchoice_state"":{""finalizedBlockHash"":""0x000000000000...00000000"",""headBlockHash"":""0xdf777d7bd39c...a6b81ab8"",""safeBlockHash"":""0x000000000000...00000000""},""method"":""engine_forkchoiceUpdatedV4"",""payload_attributes"":null,""rpc_id"":226}"	2026-09-05T01:33:24.938682983Z	204938.682	2	200	/tmp/prysm-r2-extra-logs.Rd7MjT/round2-prysm-geth-83.tar.gz::snooper-engine.log:32777	/tmp/prysm-r2-extra-logs.Rd7MjT/round2-prysm-geth-83.tar.gz::snooper-engine.log:32778	/tmp/prysm-r2-extra-logs.Rd7MjT/round2-prysm-geth-83.tar.gz::snooper-engine.log:32789	"{""payload_id"":null,""payload_status"":{""latestValidHash"":""0xdf777d7bd39c...a6b81ab8"",""status"":""VALID"",""validationError"":null},""rpc_id"":226}"
107	9	17	734	engine_forkchoiceUpdatedV4	2026-09-05T01:33:26.415862917Z	206415.862	/tmp/prysm-r2-extra-logs.Rd7MjT/round2-prysm-geth-107.tar.gz::snooper-engine.log:32693	/tmp/prysm-r2-extra-logs.Rd7MjT/round2-prysm-geth-107.tar.gz::snooper-engine.log:32694	/tmp/prysm-r2-extra-logs.Rd7MjT/round2-prysm-geth-107.tar.gz::snooper-engine.log:32706	"{""forkchoice_state"":{""finalizedBlockHash"":""0x000000000000...00000000"",""headBlockHash"":""0xdf777d7bd39c...a6b81ab8"",""safeBlockHash"":""0x000000000000...00000000""},""method"":""engine_forkchoiceUpdatedV4"",""payload_attributes"":null,""rpc_id"":225}"	2026-09-05T01:33:26.416656892Z	206416.656	0	200	/tmp/prysm-r2-extra-logs.Rd7MjT/round2-prysm-geth-107.tar.gz::snooper-engine.log:32708	/tmp/prysm-r2-extra-logs.Rd7MjT/round2-prysm-geth-107.tar.gz::snooper-engine.log:32709	/tmp/prysm-r2-extra-logs.Rd7MjT/round2-prysm-geth-107.tar.gz::snooper-engine.log:32720	"{""payload_id"":null,""payload_status"":{""latestValidHash"":""0xdf777d7bd39c...a6b81ab8"",""status"":""VALID"",""validationError"":null},""rpc_id"":225}"
19	8	17	737	engine_forkchoiceUpdatedV4	2026-09-05T01:33:26.879711918Z	206879.711	/tmp/prysm-r2-extra-logs.Rd7MjT/round2-prysm-geth-19.tar.gz::snooper-engine.log:32757	/tmp/prysm-r2-extra-logs.Rd7MjT/round2-prysm-geth-19.tar.gz::snooper-engine.log:32758	/tmp/prysm-r2-extra-logs.Rd7MjT/round2-prysm-geth-19.tar.gz::snooper-engine.log:32770	"{""forkchoice_state"":{""finalizedBlockHash"":""0x000000000000...00000000"",""headBlockHash"":""0x43e25c037faf...de3958a4"",""safeBlockHash"":""0x000000000000...00000000""},""method"":""engine_forkchoiceUpdatedV4"",""payload_attributes"":null,""rpc_id"":228}"	2026-09-05T01:33:26.880343750Z	206880.343	0	200	/tmp/prysm-r2-extra-logs.Rd7MjT/round2-prysm-geth-19.tar.gz::snooper-engine.log:32772	/tmp/prysm-r2-extra-logs.Rd7MjT/round2-prysm-geth-19.tar.gz::snooper-engine.log:32773	/tmp/prysm-r2-extra-logs.Rd7MjT/round2-prysm-geth-19.tar.gz::snooper-engine.log:32784	"{""payload_id"":null,""payload_status"":{""latestValidHash"":""0x43e25c037faf...de3958a4"",""status"":""VALID"",""validationError"":null},""rpc_id"":228}"
32	15	17	741	engine_forkchoiceUpdatedV4	2026-09-05T01:33:26.886078095Z	206886.078	/tmp/prysm-r2-extra-logs.Rd7MjT/round2-prysm-geth-32.tar.gz::snooper-engine.log:32921	/tmp/prysm-r2-extra-logs.Rd7MjT/round2-prysm-geth-32.tar.gz::snooper-engine.log:32922	/tmp/prysm-r2-extra-logs.Rd7MjT/round2-prysm-geth-32.tar.gz::snooper-engine.log:32934	"{""forkchoice_state"":{""finalizedBlockHash"":""0x000000000000...00000000"",""headBlockHash"":""0x43e25c037faf...de3958a4"",""safeBlockHash"":""0x000000000000...00000000""},""method"":""engine_forkchoiceUpdatedV4"",""payload_attributes"":null,""rpc_id"":232}"	2026-09-05T01:33:26.887285555Z	206887.285	1	200	/tmp/prysm-r2-extra-logs.Rd7MjT/round2-prysm-geth-32.tar.gz::snooper-engine.log:32936	/tmp/prysm-r2-extra-logs.Rd7MjT/round2-prysm-geth-32.tar.gz::snooper-engine.log:32937	/tmp/prysm-r2-extra-logs.Rd7MjT/round2-prysm-geth-32.tar.gz::snooper-engine.log:32948	"{""payload_id"":null,""payload_status"":{""latestValidHash"":""0x43e25c037faf...de3958a4"",""status"":""VALID"",""validationError"":null},""rpc_id"":232}"
35	10	17	737	engine_forkchoiceUpdatedV4	2026-09-05T01:33:26.976079211Z	206976.079	/tmp/prysm-r2-extra-logs.Rd7MjT/round2-prysm-geth-35.tar.gz::snooper-engine.log:32783	/tmp/prysm-r2-extra-logs.Rd7MjT/round2-prysm-geth-35.tar.gz::snooper-engine.log:32784	/tmp/prysm-r2-extra-logs.Rd7MjT/round2-prysm-geth-35.tar.gz::snooper-engine.log:32796	"{""forkchoice_state"":{""finalizedBlockHash"":""0x000000000000...00000000"",""headBlockHash"":""0x43e25c037faf...de3958a4"",""safeBlockHash"":""0x000000000000...00000000""},""method"":""engine_forkchoiceUpdatedV4"",""payload_attributes"":null,""rpc_id"":228}"	2026-09-05T01:33:26.980658256Z	206980.658	1	200	/tmp/prysm-r2-extra-logs.Rd7MjT/round2-prysm-geth-35.tar.gz::snooper-engine.log:32798	/tmp/prysm-r2-extra-logs.Rd7MjT/round2-prysm-geth-35.tar.gz::snooper-engine.log:32799	/tmp/prysm-r2-extra-logs.Rd7MjT/round2-prysm-geth-35.tar.gz::snooper-engine.log:32810	"{""payload_id"":null,""payload_status"":{""latestValidHash"":""0x43e25c037faf...de3958a4"",""status"":""VALID"",""validationError"":null},""rpc_id"":228}"
144	7	17	729	engine_forkchoiceUpdatedV4	2026-09-05T01:33:28.866813691Z	208866.813	/tmp/prysm-r2-extra-logs.Rd7MjT/round2-prysm-geth-144.tar.gz::snooper-engine.log:32453	/tmp/prysm-r2-extra-logs.Rd7MjT/round2-prysm-geth-144.tar.gz::snooper-engine.log:32454	/tmp/prysm-r2-extra-logs.Rd7MjT/round2-prysm-geth-144.tar.gz::snooper-engine.log:32466	"{""forkchoice_state"":{""finalizedBlockHash"":""0x000000000000...00000000"",""headBlockHash"":""0xdf777d7bd39c...a6b81ab8"",""safeBlockHash"":""0x000000000000...00000000""},""method"":""engine_forkchoiceUpdatedV4"",""payload_attributes"":null,""rpc_id"":224}"	2026-09-05T01:33:28.867509281Z	208867.509	0	200	/tmp/prysm-r2-extra-logs.Rd7MjT/round2-prysm-geth-144.tar.gz::snooper-engine.log:32468	/tmp/prysm-r2-extra-logs.Rd7MjT/round2-prysm-geth-144.tar.gz::snooper-engine.log:32469	/tmp/prysm-r2-extra-logs.Rd7MjT/round2-prysm-geth-144.tar.gz::snooper-engine.log:32480	"{""payload_id"":null,""payload_status"":{""latestValidHash"":""0xdf777d7bd39c...a6b81ab8"",""status"":""VALID"",""validationError"":null},""rpc_id"":224}"
118	5	17	733	engine_forkchoiceUpdatedV4	2026-09-05T01:33:28.930677182Z	208930.677	/tmp/prysm-r2-extra-logs.Rd7MjT/round2-prysm-geth-118.tar.gz::snooper-engine.log:32623	/tmp/prysm-r2-extra-logs.Rd7MjT/round2-prysm-geth-118.tar.gz::snooper-engine.log:32624	/tmp/prysm-r2-extra-logs.Rd7MjT/round2-prysm-geth-118.tar.gz::snooper-engine.log:32636	"{""forkchoice_state"":{""finalizedBlockHash"":""0x000000000000...00000000"",""headBlockHash"":""0x43e25c037faf...de3958a4"",""safeBlockHash"":""0x000000000000...00000000""},""method"":""engine_forkchoiceUpdatedV4"",""payload_attributes"":null,""rpc_id"":231}"	2026-09-05T01:33:28.933256982Z	208933.256	1	200	/tmp/prysm-r2-extra-logs.Rd7MjT/round2-prysm-geth-118.tar.gz::snooper-engine.log:32638	/tmp/prysm-r2-extra-logs.Rd7MjT/round2-prysm-geth-118.tar.gz::snooper-engine.log:32639	/tmp/prysm-r2-extra-logs.Rd7MjT/round2-prysm-geth-118.tar.gz::snooper-engine.log:32650	"{""payload_id"":null,""payload_status"":{""latestValidHash"":""0x43e25c037faf...de3958a4"",""status"":""VALID"",""validationError"":null},""rpc_id"":231}"
169	1	17	735	engine_forkchoiceUpdatedV4	2026-09-05T01:33:29.337294985Z	209337.294	/tmp/prysm-r2-extra-logs.Rd7MjT/round2-prysm-geth-169.tar.gz::snooper-engine.log:32714	/tmp/prysm-r2-extra-logs.Rd7MjT/round2-prysm-geth-169.tar.gz::snooper-engine.log:32715	/tmp/prysm-r2-extra-logs.Rd7MjT/round2-prysm-geth-169.tar.gz::snooper-engine.log:32727	"{""forkchoice_state"":{""finalizedBlockHash"":""0x000000000000...00000000"",""headBlockHash"":""0x43e25c037faf...de3958a4"",""safeBlockHash"":""0x000000000000...00000000""},""method"":""engine_forkchoiceUpdatedV4"",""payload_attributes"":null,""rpc_id"":227}"	2026-09-05T01:33:29.337892303Z	209337.892	0	200	/tmp/prysm-r2-extra-logs.Rd7MjT/round2-prysm-geth-169.tar.gz::snooper-engine.log:32729	/tmp/prysm-r2-extra-logs.Rd7MjT/round2-prysm-geth-169.tar.gz::snooper-engine.log:32730	/tmp/prysm-r2-extra-logs.Rd7MjT/round2-prysm-geth-169.tar.gz::snooper-engine.log:32741	"{""payload_id"":null,""payload_status"":{""latestValidHash"":""0x43e25c037faf...de3958a4"",""status"":""VALID"",""validationError"":null},""rpc_id"":227}"
76	16	17	737	engine_forkchoiceUpdatedV4	2026-09-05T01:33:29.960133206Z	209960.133	/tmp/prysm-r2-extra-logs.Rd7MjT/round2-prysm-geth-76.tar.gz::snooper-engine.log:32773	/tmp/prysm-r2-extra-logs.Rd7MjT/round2-prysm-geth-76.tar.gz::snooper-engine.log:32774	/tmp/prysm-r2-extra-logs.Rd7MjT/round2-prysm-geth-76.tar.gz::snooper-engine.log:32786	"{""forkchoice_state"":{""finalizedBlockHash"":""0x000000000000...00000000"",""headBlockHash"":""0x43e25c037faf...de3958a4"",""safeBlockHash"":""0x000000000000...00000000""},""method"":""engine_forkchoiceUpdatedV4"",""payload_attributes"":null,""rpc_id"":228}"	2026-09-05T01:33:29.963824623Z	209963.824	1	200	/tmp/prysm-r2-extra-logs.Rd7MjT/round2-prysm-geth-76.tar.gz::snooper-engine.log:32788	/tmp/prysm-r2-extra-logs.Rd7MjT/round2-prysm-geth-76.tar.gz::snooper-engine.log:32789	/tmp/prysm-r2-extra-logs.Rd7MjT/round2-prysm-geth-76.tar.gz::snooper-engine.log:32800	"{""payload_id"":null,""payload_status"":{""latestValidHash"":""0x43e25c037faf...de3958a4"",""status"":""VALID"",""validationError"":null},""rpc_id"":228}"
22	3	17	739	engine_forkchoiceUpdatedV4	2026-09-05T01:33:29.964337203Z	209964.337	/tmp/prysm-r2-extra-logs.Rd7MjT/round2-prysm-geth-22.tar.gz::snooper-engine.log:32789	/tmp/prysm-r2-extra-logs.Rd7MjT/round2-prysm-geth-22.tar.gz::snooper-engine.log:32790	/tmp/prysm-r2-extra-logs.Rd7MjT/round2-prysm-geth-22.tar.gz::snooper-engine.log:32802	"{""forkchoice_state"":{""finalizedBlockHash"":""0x000000000000...00000000"",""headBlockHash"":""0xdf777d7bd39c...a6b81ab8"",""safeBlockHash"":""0x000000000000...00000000""},""method"":""engine_forkchoiceUpdatedV4"",""payload_attributes"":null,""rpc_id"":222}"	2026-09-05T01:33:29.964400385Z	209964.4	0	200	/tmp/prysm-r2-extra-logs.Rd7MjT/round2-prysm-geth-22.tar.gz::snooper-engine.log:32804	/tmp/prysm-r2-extra-logs.Rd7MjT/round2-prysm-geth-22.tar.gz::snooper-engine.log:32805	/tmp/prysm-r2-extra-logs.Rd7MjT/round2-prysm-geth-22.tar.gz::snooper-engine.log:32816	"{""payload_id"":null,""payload_status"":{""latestValidHash"":""0xdf777d7bd39c...a6b81ab8"",""status"":""VALID"",""validationError"":null},""rpc_id"":222}"
85	14	17	737	engine_forkchoiceUpdatedV4	2026-09-05T01:33:30.298363109Z	210298.363	/tmp/prysm-r2-extra-logs.Rd7MjT/round2-prysm-geth-85.tar.gz::snooper-engine.log:32799	/tmp/prysm-r2-extra-logs.Rd7MjT/round2-prysm-geth-85.tar.gz::snooper-engine.log:32800	/tmp/prysm-r2-extra-logs.Rd7MjT/round2-prysm-geth-85.tar.gz::snooper-engine.log:32812	"{""forkchoice_state"":{""finalizedBlockHash"":""0x000000000000...00000000"",""headBlockHash"":""0x43e25c037faf...de3958a4"",""safeBlockHash"":""0x000000000000...00000000""},""method"":""engine_forkchoiceUpdatedV4"",""payload_attributes"":null,""rpc_id"":225}"	2026-09-05T01:33:30.299298427Z	210299.298	1	200	/tmp/prysm-r2-extra-logs.Rd7MjT/round2-prysm-geth-85.tar.gz::snooper-engine.log:32814	/tmp/prysm-r2-extra-logs.Rd7MjT/round2-prysm-geth-85.tar.gz::snooper-engine.log:32815	/tmp/prysm-r2-extra-logs.Rd7MjT/round2-prysm-geth-85.tar.gz::snooper-engine.log:32826	"{""payload_id"":null,""payload_status"":{""latestValidHash"":""0x43e25c037faf...de3958a4"",""status"":""VALID"",""validationError"":null},""rpc_id"":225}"
22	3	17	740	engine_forkchoiceUpdatedV4	2026-09-05T01:33:30.338690342Z	210338.69	/tmp/prysm-r2-extra-logs.Rd7MjT/round2-prysm-geth-22.tar.gz::snooper-engine.log:32818	/tmp/prysm-r2-extra-logs.Rd7MjT/round2-prysm-geth-22.tar.gz::snooper-engine.log:32819	/tmp/prysm-r2-extra-logs.Rd7MjT/round2-prysm-geth-22.tar.gz::snooper-engine.log:32831	"{""forkchoice_state"":{""finalizedBlockHash"":""0x000000000000...00000000"",""headBlockHash"":""0xdf777d7bd39c...a6b81ab8"",""safeBlockHash"":""0x000000000000...00000000""},""method"":""engine_forkchoiceUpdatedV4"",""payload_attributes"":null,""rpc_id"":223}"	2026-09-05T01:33:30.339326593Z	210339.326	0	200	/tmp/prysm-r2-extra-logs.Rd7MjT/round2-prysm-geth-22.tar.gz::snooper-engine.log:32833	/tmp/prysm-r2-extra-logs.Rd7MjT/round2-prysm-geth-22.tar.gz::snooper-engine.log:32834	/tmp/prysm-r2-extra-logs.Rd7MjT/round2-prysm-geth-22.tar.gz::snooper-engine.log:32845	"{""payload_id"":null,""payload_status"":{""latestValidHash"":""0xdf777d7bd39c...a6b81ab8"",""status"":""VALID"",""validationError"":null},""rpc_id"":223}"
91	4	17	739	engine_forkchoiceUpdatedV4	2026-09-05T01:33:31.184960841Z	211184.96	/tmp/prysm-r2-extra-logs.Rd7MjT/round2-prysm-geth-91.tar.gz::snooper-engine.log:32859	/tmp/prysm-r2-extra-logs.Rd7MjT/round2-prysm-geth-91.tar.gz::snooper-engine.log:32860	/tmp/prysm-r2-extra-logs.Rd7MjT/round2-prysm-geth-91.tar.gz::snooper-engine.log:32872	"{""forkchoice_state"":{""finalizedBlockHash"":""0x000000000000...00000000"",""headBlockHash"":""0x43e25c037faf...de3958a4"",""safeBlockHash"":""0x000000000000...00000000""},""method"":""engine_forkchoiceUpdatedV4"",""payload_attributes"":null,""rpc_id"":225}"	2026-09-05T01:33:31.186013742Z	211186.013	1	200	/tmp/prysm-r2-extra-logs.Rd7MjT/round2-prysm-geth-91.tar.gz::snooper-engine.log:32874	/tmp/prysm-r2-extra-logs.Rd7MjT/round2-prysm-geth-91.tar.gz::snooper-engine.log:32875	/tmp/prysm-r2-extra-logs.Rd7MjT/round2-prysm-geth-91.tar.gz::snooper-engine.log:32886	"{""payload_id"":null,""payload_status"":{""latestValidHash"":""0x43e25c037faf...de3958a4"",""status"":""VALID"",""validationError"":null},""rpc_id"":225}"
85	14	17	739	engine_forkchoiceUpdatedV4	2026-09-05T01:33:31.402213622Z	211402.213	/tmp/prysm-r2-extra-logs.Rd7MjT/round2-prysm-geth-85.tar.gz::snooper-engine.log:32872	/tmp/prysm-r2-extra-logs.Rd7MjT/round2-prysm-geth-85.tar.gz::snooper-engine.log:32873	/tmp/prysm-r2-extra-logs.Rd7MjT/round2-prysm-geth-85.tar.gz::snooper-engine.log:32885	"{""forkchoice_state"":{""finalizedBlockHash"":""0x000000000000...00000000"",""headBlockHash"":""0x43e25c037faf...de3958a4"",""safeBlockHash"":""0x000000000000...00000000""},""method"":""engine_forkchoiceUpdatedV4"",""payload_attributes"":null,""rpc_id"":227}"	2026-09-05T01:33:31.402326863Z	211402.326	0	200	/tmp/prysm-r2-extra-logs.Rd7MjT/round2-prysm-geth-85.tar.gz::snooper-engine.log:32887	/tmp/prysm-r2-extra-logs.Rd7MjT/round2-prysm-geth-85.tar.gz::snooper-engine.log:32888	/tmp/prysm-r2-extra-logs.Rd7MjT/round2-prysm-geth-85.tar.gz::snooper-engine.log:32899	"{""payload_id"":null,""payload_status"":{""latestValidHash"":""0x43e25c037faf...de3958a4"",""status"":""VALID"",""validationError"":null},""rpc_id"":227}"
22	3	17	742	engine_forkchoiceUpdatedV4	2026-09-05T01:33:31.842428911Z	211842.428	/tmp/prysm-r2-extra-logs.Rd7MjT/round2-prysm-geth-22.tar.gz::snooper-engine.log:32891	/tmp/prysm-r2-extra-logs.Rd7MjT/round2-prysm-geth-22.tar.gz::snooper-engine.log:32892	/tmp/prysm-r2-extra-logs.Rd7MjT/round2-prysm-geth-22.tar.gz::snooper-engine.log:32904	"{""forkchoice_state"":{""finalizedBlockHash"":""0x000000000000...00000000"",""headBlockHash"":""0xdf777d7bd39c...a6b81ab8"",""safeBlockHash"":""0x000000000000...00000000""},""method"":""engine_forkchoiceUpdatedV4"",""payload_attributes"":null,""rpc_id"":225}"	2026-09-05T01:33:31.843337261Z	211843.337	0	200	/tmp/prysm-r2-extra-logs.Rd7MjT/round2-prysm-geth-22.tar.gz::snooper-engine.log:32906	/tmp/prysm-r2-extra-logs.Rd7MjT/round2-prysm-geth-22.tar.gz::snooper-engine.log:32907	/tmp/prysm-r2-extra-logs.Rd7MjT/round2-prysm-geth-22.tar.gz::snooper-engine.log:32918	"{""payload_id"":null,""payload_status"":{""latestValidHash"":""0xdf777d7bd39c...a6b81ab8"",""status"":""VALID"",""validationError"":null},""rpc_id"":225}"
83	6	17	740	engine_forkchoiceUpdatedV4	2026-09-05T01:33:32.330422335Z	212330.422	/tmp/prysm-r2-extra-logs.Rd7MjT/round2-prysm-geth-83.tar.gz::snooper-engine.log:32883	/tmp/prysm-r2-extra-logs.Rd7MjT/round2-prysm-geth-83.tar.gz::snooper-engine.log:32884	/tmp/prysm-r2-extra-logs.Rd7MjT/round2-prysm-geth-83.tar.gz::snooper-engine.log:32896	"{""forkchoice_state"":{""finalizedBlockHash"":""0x000000000000...00000000"",""headBlockHash"":""0x43e25c037faf...de3958a4"",""safeBlockHash"":""0x000000000000...00000000""},""method"":""engine_forkchoiceUpdatedV4"",""payload_attributes"":null,""rpc_id"":229}"	2026-09-05T01:33:32.331521039Z	212331.521	1	200	/tmp/prysm-r2-extra-logs.Rd7MjT/round2-prysm-geth-83.tar.gz::snooper-engine.log:32898	/tmp/prysm-r2-extra-logs.Rd7MjT/round2-prysm-geth-83.tar.gz::snooper-engine.log:32899	/tmp/prysm-r2-extra-logs.Rd7MjT/round2-prysm-geth-83.tar.gz::snooper-engine.log:32910	"{""payload_id"":null,""payload_status"":{""latestValidHash"":""0x43e25c037faf...de3958a4"",""status"":""VALID"",""validationError"":null},""rpc_id"":229}"
117	11	17	731	engine_forkchoiceUpdatedV4	2026-09-05T01:33:32.529028997Z	212529.028	/tmp/prysm-r2-extra-logs.Rd7MjT/round2-prysm-geth-117.tar.gz::snooper-engine.log:32588	/tmp/prysm-r2-extra-logs.Rd7MjT/round2-prysm-geth-117.tar.gz::snooper-engine.log:32589	/tmp/prysm-r2-extra-logs.Rd7MjT/round2-prysm-geth-117.tar.gz::snooper-engine.log:32601	"{""forkchoice_state"":{""finalizedBlockHash"":""0x000000000000...00000000"",""headBlockHash"":""0x43e25c037faf...de3958a4"",""safeBlockHash"":""0x000000000000...00000000""},""method"":""engine_forkchoiceUpdatedV4"",""payload_attributes"":null,""rpc_id"":229}"	2026-09-05T01:33:32.530848123Z	212530.848	1	200	/tmp/prysm-r2-extra-logs.Rd7MjT/round2-prysm-geth-117.tar.gz::snooper-engine.log:32603	/tmp/prysm-r2-extra-logs.Rd7MjT/round2-prysm-geth-117.tar.gz::snooper-engine.log:32604	/tmp/prysm-r2-extra-logs.Rd7MjT/round2-prysm-geth-117.tar.gz::snooper-engine.log:32615	"{""payload_id"":null,""payload_status"":{""latestValidHash"":""0x43e25c037faf...de3958a4"",""status"":""VALID"",""validationError"":null},""rpc_id"":229}"
91	4	17	741	engine_forkchoiceUpdatedV4	2026-09-05T01:33:32.860899532Z	212860.899	/tmp/prysm-r2-extra-logs.Rd7MjT/round2-prysm-geth-91.tar.gz::snooper-engine.log:32932	/tmp/prysm-r2-extra-logs.Rd7MjT/round2-prysm-geth-91.tar.gz::snooper-engine.log:32933	/tmp/prysm-r2-extra-logs.Rd7MjT/round2-prysm-geth-91.tar.gz::snooper-engine.log:32945	"{""forkchoice_state"":{""finalizedBlockHash"":""0x000000000000...00000000"",""headBlockHash"":""0x43e25c037faf...de3958a4"",""safeBlockHash"":""0x000000000000...00000000""},""method"":""engine_forkchoiceUpdatedV4"",""payload_attributes"":null,""rpc_id"":227}"	2026-09-05T01:33:32.861722995Z	212861.722	0	200	/tmp/prysm-r2-extra-logs.Rd7MjT/round2-prysm-geth-91.tar.gz::snooper-engine.log:32947	/tmp/prysm-r2-extra-logs.Rd7MjT/round2-prysm-geth-91.tar.gz::snooper-engine.log:32948	/tmp/prysm-r2-extra-logs.Rd7MjT/round2-prysm-geth-91.tar.gz::snooper-engine.log:32959	"{""payload_id"":null,""payload_status"":{""latestValidHash"":""0x43e25c037faf...de3958a4"",""status"":""VALID"",""validationError"":null},""rpc_id"":227}"
14	12	17	729	engine_forkchoiceUpdatedV4	2026-09-05T01:33:32.953787183Z	212953.787	/tmp/prysm-r2-extra-logs.Rd7MjT/round2-prysm-geth-14.tar.gz::snooper-engine.log:32482	/tmp/prysm-r2-extra-logs.Rd7MjT/round2-prysm-geth-14.tar.gz::snooper-engine.log:32483	/tmp/prysm-r2-extra-logs.Rd7MjT/round2-prysm-geth-14.tar.gz::snooper-engine.log:32495	"{""forkchoice_state"":{""finalizedBlockHash"":""0x000000000000...00000000"",""headBlockHash"":""0x43e25c037faf...de3958a4"",""safeBlockHash"":""0x000000000000...00000000""},""method"":""engine_forkchoiceUpdatedV4"",""payload_attributes"":null,""rpc_id"":228}"	2026-09-05T01:33:32.954753188Z	212954.753	1	200	/tmp/prysm-r2-extra-logs.Rd7MjT/round2-prysm-geth-14.tar.gz::snooper-engine.log:32497	/tmp/prysm-r2-extra-logs.Rd7MjT/round2-prysm-geth-14.tar.gz::snooper-engine.log:32498	/tmp/prysm-r2-extra-logs.Rd7MjT/round2-prysm-geth-14.tar.gz::snooper-engine.log:32509	"{""payload_id"":null,""payload_status"":{""latestValidHash"":""0x43e25c037faf...de3958a4"",""status"":""VALID"",""validationError"":null},""rpc_id"":228}"
83	6	17	742	engine_forkchoiceUpdatedV4	2026-09-05T01:33:35.535358168Z	215535.358	/tmp/prysm-r2-extra-logs.Rd7MjT/round2-prysm-geth-83.tar.gz::snooper-engine.log:32956	/tmp/prysm-r2-extra-logs.Rd7MjT/round2-prysm-geth-83.tar.gz::snooper-engine.log:32957	/tmp/prysm-r2-extra-logs.Rd7MjT/round2-prysm-geth-83.tar.gz::snooper-engine.log:32969	"{""forkchoice_state"":{""finalizedBlockHash"":""0x000000000000...00000000"",""headBlockHash"":""0x43e25c037faf...de3958a4"",""safeBlockHash"":""0x000000000000...00000000""},""method"":""engine_forkchoiceUpdatedV4"",""payload_attributes"":null,""rpc_id"":231}"	2026-09-05T01:33:35.535464074Z	215535.464	1	200	/tmp/prysm-r2-extra-logs.Rd7MjT/round2-prysm-geth-83.tar.gz::snooper-engine.log:32971	/tmp/prysm-r2-extra-logs.Rd7MjT/round2-prysm-geth-83.tar.gz::snooper-engine.log:32972	/tmp/prysm-r2-extra-logs.Rd7MjT/round2-prysm-geth-83.tar.gz::snooper-engine.log:32983	"{""payload_id"":null,""payload_status"":{""latestValidHash"":""0x43e25c037faf...de3958a4"",""status"":""VALID"",""validationError"":null},""rpc_id"":231}"
117	11	17	733	engine_forkchoiceUpdatedV4	2026-09-05T01:33:35.699205732Z	215699.205	/tmp/prysm-r2-extra-logs.Rd7MjT/round2-prysm-geth-117.tar.gz::snooper-engine.log:32661	/tmp/prysm-r2-extra-logs.Rd7MjT/round2-prysm-geth-117.tar.gz::snooper-engine.log:32662	/tmp/prysm-r2-extra-logs.Rd7MjT/round2-prysm-geth-117.tar.gz::snooper-engine.log:32674	"{""forkchoice_state"":{""finalizedBlockHash"":""0x000000000000...00000000"",""headBlockHash"":""0x43e25c037faf...de3958a4"",""safeBlockHash"":""0x000000000000...00000000""},""method"":""engine_forkchoiceUpdatedV4"",""payload_attributes"":null,""rpc_id"":231}"	2026-09-05T01:33:35.704662115Z	215704.662	0	200	/tmp/prysm-r2-extra-logs.Rd7MjT/round2-prysm-geth-117.tar.gz::snooper-engine.log:32676	/tmp/prysm-r2-extra-logs.Rd7MjT/round2-prysm-geth-117.tar.gz::snooper-engine.log:32677	/tmp/prysm-r2-extra-logs.Rd7MjT/round2-prysm-geth-117.tar.gz::snooper-engine.log:32688	"{""payload_id"":null,""payload_status"":{""latestValidHash"":""0x43e25c037faf...de3958a4"",""status"":""VALID"",""validationError"":null},""rpc_id"":231}"
19	8	18	745	engine_forkchoiceUpdatedV4	2026-09-05T01:33:36.008019079Z	216008.019	/tmp/prysm-r2-extra-logs.Rd7MjT/round2-prysm-geth-19.tar.gz::snooper-engine.log:33050	/tmp/prysm-r2-extra-logs.Rd7MjT/round2-prysm-geth-19.tar.gz::snooper-engine.log:33051	/tmp/prysm-r2-extra-logs.Rd7MjT/round2-prysm-geth-19.tar.gz::snooper-engine.log:33063	"{""forkchoice_state"":{""finalizedBlockHash"":""0x000000000000...00000000"",""headBlockHash"":""0xdf777d7bd39c...a6b81ab8"",""safeBlockHash"":""0x000000000000...00000000""},""method"":""engine_forkchoiceUpdatedV4"",""payload_attributes"":null,""rpc_id"":236}"	2026-09-05T01:33:36.008672456Z	216008.672	0	200	/tmp/prysm-r2-extra-logs.Rd7MjT/round2-prysm-geth-19.tar.gz::snooper-engine.log:33065	/tmp/prysm-r2-extra-logs.Rd7MjT/round2-prysm-geth-19.tar.gz::snooper-engine.log:33066	/tmp/prysm-r2-extra-logs.Rd7MjT/round2-prysm-geth-19.tar.gz::snooper-engine.log:33077	"{""payload_id"":null,""payload_status"":{""latestValidHash"":""0xdf777d7bd39c...a6b81ab8"",""status"":""VALID"",""validationError"":null},""rpc_id"":236}"
32	15	18	745	engine_forkchoiceUpdatedV4	2026-09-05T01:33:36.014586568Z	216014.586	/tmp/prysm-r2-extra-logs.Rd7MjT/round2-prysm-geth-32.tar.gz::snooper-engine.log:33068	/tmp/prysm-r2-extra-logs.Rd7MjT/round2-prysm-geth-32.tar.gz::snooper-engine.log:33069	/tmp/prysm-r2-extra-logs.Rd7MjT/round2-prysm-geth-32.tar.gz::snooper-engine.log:33081	"{""forkchoice_state"":{""finalizedBlockHash"":""0x000000000000...00000000"",""headBlockHash"":""0xdf777d7bd39c...a6b81ab8"",""safeBlockHash"":""0x000000000000...00000000""},""method"":""engine_forkchoiceUpdatedV4"",""payload_attributes"":null,""rpc_id"":236}"	2026-09-05T01:33:36.016698694Z	216016.698	2	200	/tmp/prysm-r2-extra-logs.Rd7MjT/round2-prysm-geth-32.tar.gz::snooper-engine.log:33083	/tmp/prysm-r2-extra-logs.Rd7MjT/round2-prysm-geth-32.tar.gz::snooper-engine.log:33084	/tmp/prysm-r2-extra-logs.Rd7MjT/round2-prysm-geth-32.tar.gz::snooper-engine.log:33095	"{""payload_id"":null,""payload_status"":{""latestValidHash"":""0xdf777d7bd39c...a6b81ab8"",""status"":""VALID"",""validationError"":null},""rpc_id"":236}"
83	6	18	743	engine_forkchoiceUpdatedV4	2026-09-05T01:33:36.028233803Z	216028.233	/tmp/prysm-r2-extra-logs.Rd7MjT/round2-prysm-geth-83.tar.gz::snooper-engine.log:32985	/tmp/prysm-r2-extra-logs.Rd7MjT/round2-prysm-geth-83.tar.gz::snooper-engine.log:32986	/tmp/prysm-r2-extra-logs.Rd7MjT/round2-prysm-geth-83.tar.gz::snooper-engine.log:32998	"{""forkchoice_state"":{""finalizedBlockHash"":""0x000000000000...00000000"",""headBlockHash"":""0xdf777d7bd39c...a6b81ab8"",""safeBlockHash"":""0x000000000000...00000000""},""method"":""engine_forkchoiceUpdatedV4"",""payload_attributes"":null,""rpc_id"":232}"	2026-09-05T01:33:36.030443957Z	216030.443	0	200	/tmp/prysm-r2-extra-logs.Rd7MjT/round2-prysm-geth-83.tar.gz::snooper-engine.log:33000	/tmp/prysm-r2-extra-logs.Rd7MjT/round2-prysm-geth-83.tar.gz::snooper-engine.log:33001	/tmp/prysm-r2-extra-logs.Rd7MjT/round2-prysm-geth-83.tar.gz::snooper-engine.log:33012	"{""payload_id"":null,""payload_status"":{""latestValidHash"":""0xdf777d7bd39c...a6b81ab8"",""status"":""VALID"",""validationError"":null},""rpc_id"":232}"
35	10	18	743	engine_forkchoiceUpdatedV4	2026-09-05T01:33:36.030507183Z	216030.507	/tmp/prysm-r2-extra-logs.Rd7MjT/round2-prysm-geth-35.tar.gz::snooper-engine.log:33006	/tmp/prysm-r2-extra-logs.Rd7MjT/round2-prysm-geth-35.tar.gz::snooper-engine.log:33007	/tmp/prysm-r2-extra-logs.Rd7MjT/round2-prysm-geth-35.tar.gz::snooper-engine.log:33019	"{""forkchoice_state"":{""finalizedBlockHash"":""0x000000000000...00000000"",""headBlockHash"":""0xdf777d7bd39c...a6b81ab8"",""safeBlockHash"":""0x000000000000...00000000""},""method"":""engine_forkchoiceUpdatedV4"",""payload_attributes"":null,""rpc_id"":234}"	2026-09-05T01:33:36.033388077Z	216033.388	2	200	/tmp/prysm-r2-extra-logs.Rd7MjT/round2-prysm-geth-35.tar.gz::snooper-engine.log:33021	/tmp/prysm-r2-extra-logs.Rd7MjT/round2-prysm-geth-35.tar.gz::snooper-engine.log:33022	/tmp/prysm-r2-extra-logs.Rd7MjT/round2-prysm-geth-35.tar.gz::snooper-engine.log:33033	"{""payload_id"":null,""payload_status"":{""latestValidHash"":""0xdf777d7bd39c...a6b81ab8"",""status"":""VALID"",""validationError"":null},""rpc_id"":234}"
76	16	18	741	engine_forkchoiceUpdatedV4	2026-09-05T01:33:36.152599366Z	216152.599	/tmp/prysm-r2-extra-logs.Rd7MjT/round2-prysm-geth-76.tar.gz::snooper-engine.log:32920	/tmp/prysm-r2-extra-logs.Rd7MjT/round2-prysm-geth-76.tar.gz::snooper-engine.log:32921	/tmp/prysm-r2-extra-logs.Rd7MjT/round2-prysm-geth-76.tar.gz::snooper-engine.log:32933	"{""forkchoice_state"":{""finalizedBlockHash"":""0x000000000000...00000000"",""headBlockHash"":""0xdf777d7bd39c...a6b81ab8"",""safeBlockHash"":""0x000000000000...00000000""},""method"":""engine_forkchoiceUpdatedV4"",""payload_attributes"":null,""rpc_id"":232}"	2026-09-05T01:33:36.153877692Z	216153.877	1	200	/tmp/prysm-r2-extra-logs.Rd7MjT/round2-prysm-geth-76.tar.gz::snooper-engine.log:32935	/tmp/prysm-r2-extra-logs.Rd7MjT/round2-prysm-geth-76.tar.gz::snooper-engine.log:32936	/tmp/prysm-r2-extra-logs.Rd7MjT/round2-prysm-geth-76.tar.gz::snooper-engine.log:32947	"{""payload_id"":null,""payload_status"":{""latestValidHash"":""0xdf777d7bd39c...a6b81ab8"",""status"":""VALID"",""validationError"":null},""rpc_id"":232}"
118	5	18	739	engine_forkchoiceUpdatedV4	2026-09-05T01:33:36.593669274Z	216593.669	/tmp/prysm-r2-extra-logs.Rd7MjT/round2-prysm-geth-118.tar.gz::snooper-engine.log:32845	/tmp/prysm-r2-extra-logs.Rd7MjT/round2-prysm-geth-118.tar.gz::snooper-engine.log:32846	/tmp/prysm-r2-extra-logs.Rd7MjT/round2-prysm-geth-118.tar.gz::snooper-engine.log:32858	"{""forkchoice_state"":{""finalizedBlockHash"":""0x000000000000...00000000"",""headBlockHash"":""0xdf777d7bd39c...a6b81ab8"",""safeBlockHash"":""0x000000000000...00000000""},""method"":""engine_forkchoiceUpdatedV4"",""payload_attributes"":null,""rpc_id"":237}"	2026-09-05T01:33:36.594344989Z	216594.344	4	200	/tmp/prysm-r2-extra-logs.Rd7MjT/round2-prysm-geth-118.tar.gz::snooper-engine.log:32860	/tmp/prysm-r2-extra-logs.Rd7MjT/round2-prysm-geth-118.tar.gz::snooper-engine.log:32861	/tmp/prysm-r2-extra-logs.Rd7MjT/round2-prysm-geth-118.tar.gz::snooper-engine.log:32872	"{""payload_id"":null,""payload_status"":{""latestValidHash"":""0xdf777d7bd39c...a6b81ab8"",""status"":""VALID"",""validationError"":null},""rpc_id"":237}"
169	1	18	741	engine_forkchoiceUpdatedV4	2026-09-05T01:33:36.843816870Z	216843.816	/tmp/prysm-r2-extra-logs.Rd7MjT/round2-prysm-geth-169.tar.gz::snooper-engine.log:32936	/tmp/prysm-r2-extra-logs.Rd7MjT/round2-prysm-geth-169.tar.gz::snooper-engine.log:32937	/tmp/prysm-r2-extra-logs.Rd7MjT/round2-prysm-geth-169.tar.gz::snooper-engine.log:32949	"{""forkchoice_state"":{""finalizedBlockHash"":""0x000000000000...00000000"",""headBlockHash"":""0xdf777d7bd39c...a6b81ab8"",""safeBlockHash"":""0x000000000000...00000000""},""method"":""engine_forkchoiceUpdatedV4"",""payload_attributes"":null,""rpc_id"":233}"	2026-09-05T01:33:36.843906249Z	216843.906	1	200	/tmp/prysm-r2-extra-logs.Rd7MjT/round2-prysm-geth-169.tar.gz::snooper-engine.log:32951	/tmp/prysm-r2-extra-logs.Rd7MjT/round2-prysm-geth-169.tar.gz::snooper-engine.log:32952	/tmp/prysm-r2-extra-logs.Rd7MjT/round2-prysm-geth-169.tar.gz::snooper-engine.log:32963	"{""payload_id"":null,""payload_status"":{""latestValidHash"":""0xdf777d7bd39c...a6b81ab8"",""status"":""VALID"",""validationError"":null},""rpc_id"":233}"
20	13	18	728	engine_forkchoiceUpdatedV4	2026-09-05T01:33:37.288391081Z	217288.391	/tmp/prysm-r2-extra-logs.Rd7MjT/round2-prysm-geth-20.tar.gz::snooper-engine.log:32463	/tmp/prysm-r2-extra-logs.Rd7MjT/round2-prysm-geth-20.tar.gz::snooper-engine.log:32464	/tmp/prysm-r2-extra-logs.Rd7MjT/round2-prysm-geth-20.tar.gz::snooper-engine.log:32476	"{""forkchoice_state"":{""finalizedBlockHash"":""0x000000000000...00000000"",""headBlockHash"":""0xdf777d7bd39c...a6b81ab8"",""safeBlockHash"":""0x000000000000...00000000""},""method"":""engine_forkchoiceUpdatedV4"",""payload_attributes"":null,""rpc_id"":223}"	2026-09-05T01:33:37.291683736Z	217291.683	1	200	/tmp/prysm-r2-extra-logs.Rd7MjT/round2-prysm-geth-20.tar.gz::snooper-engine.log:32478	/tmp/prysm-r2-extra-logs.Rd7MjT/round2-prysm-geth-20.tar.gz::snooper-engine.log:32479	/tmp/prysm-r2-extra-logs.Rd7MjT/round2-prysm-geth-20.tar.gz::snooper-engine.log:32490	"{""payload_id"":null,""payload_status"":{""latestValidHash"":""0xdf777d7bd39c...a6b81ab8"",""status"":""VALID"",""validationError"":null},""rpc_id"":223}"
20	13	18	729	engine_forkchoiceUpdatedV4	2026-09-05T01:33:37.613290984Z	217613.29	/tmp/prysm-r2-extra-logs.Rd7MjT/round2-prysm-geth-20.tar.gz::snooper-engine.log:32492	/tmp/prysm-r2-extra-logs.Rd7MjT/round2-prysm-geth-20.tar.gz::snooper-engine.log:32493	/tmp/prysm-r2-extra-logs.Rd7MjT/round2-prysm-geth-20.tar.gz::snooper-engine.log:32505	"{""forkchoice_state"":{""finalizedBlockHash"":""0x000000000000...00000000"",""headBlockHash"":""0xdf777d7bd39c...a6b81ab8"",""safeBlockHash"":""0x000000000000...00000000""},""method"":""engine_forkchoiceUpdatedV4"",""payload_attributes"":null,""rpc_id"":224}"	2026-09-05T01:33:37.614360067Z	217614.36	1	200	/tmp/prysm-r2-extra-logs.Rd7MjT/round2-prysm-geth-20.tar.gz::snooper-engine.log:32507	/tmp/prysm-r2-extra-logs.Rd7MjT/round2-prysm-geth-20.tar.gz::snooper-engine.log:32508	/tmp/prysm-r2-extra-logs.Rd7MjT/round2-prysm-geth-20.tar.gz::snooper-engine.log:32519	"{""payload_id"":null,""payload_status"":{""latestValidHash"":""0xdf777d7bd39c...a6b81ab8"",""status"":""VALID"",""validationError"":null},""rpc_id"":224}"
22	3	18	744	engine_forkchoiceUpdatedV4	2026-09-05T01:33:38.488745905Z	218488.745	/tmp/prysm-r2-extra-logs.Rd7MjT/round2-prysm-geth-22.tar.gz::snooper-engine.log:32964	/tmp/prysm-r2-extra-logs.Rd7MjT/round2-prysm-geth-22.tar.gz::snooper-engine.log:32965	/tmp/prysm-r2-extra-logs.Rd7MjT/round2-prysm-geth-22.tar.gz::snooper-engine.log:32977	"{""forkchoice_state"":{""finalizedBlockHash"":""0x000000000000...00000000"",""headBlockHash"":""0x43e25c037faf...de3958a4"",""safeBlockHash"":""0x000000000000...00000000""},""method"":""engine_forkchoiceUpdatedV4"",""payload_attributes"":null,""rpc_id"":227}"	2026-09-05T01:33:38.490162557Z	218490.162	1	200	/tmp/prysm-r2-extra-logs.Rd7MjT/round2-prysm-geth-22.tar.gz::snooper-engine.log:32979	/tmp/prysm-r2-extra-logs.Rd7MjT/round2-prysm-geth-22.tar.gz::snooper-engine.log:32980	/tmp/prysm-r2-extra-logs.Rd7MjT/round2-prysm-geth-22.tar.gz::snooper-engine.log:32991	"{""payload_id"":null,""payload_status"":{""latestValidHash"":""0x43e25c037faf...de3958a4"",""status"":""VALID"",""validationError"":null},""rpc_id"":227}"
22	3	18	746	engine_forkchoiceUpdatedV4	2026-09-05T01:33:38.624349227Z	218624.349	/tmp/prysm-r2-extra-logs.Rd7MjT/round2-prysm-geth-22.tar.gz::snooper-engine.log:33037	/tmp/prysm-r2-extra-logs.Rd7MjT/round2-prysm-geth-22.tar.gz::snooper-engine.log:33038	/tmp/prysm-r2-extra-logs.Rd7MjT/round2-prysm-geth-22.tar.gz::snooper-engine.log:33050	"{""forkchoice_state"":{""finalizedBlockHash"":""0x000000000000...00000000"",""headBlockHash"":""0x43e25c037faf...de3958a4"",""safeBlockHash"":""0x000000000000...00000000""},""method"":""engine_forkchoiceUpdatedV4"",""payload_attributes"":null,""rpc_id"":229}"	2026-09-05T01:33:38.625476493Z	218625.476	1	200	/tmp/prysm-r2-extra-logs.Rd7MjT/round2-prysm-geth-22.tar.gz::snooper-engine.log:33052	/tmp/prysm-r2-extra-logs.Rd7MjT/round2-prysm-geth-22.tar.gz::snooper-engine.log:33053	/tmp/prysm-r2-extra-logs.Rd7MjT/round2-prysm-geth-22.tar.gz::snooper-engine.log:33064	"{""payload_id"":null,""payload_status"":{""latestValidHash"":""0x43e25c037faf...de3958a4"",""status"":""VALID"",""validationError"":null},""rpc_id"":229}"
107	9	18	738	engine_forkchoiceUpdatedV4	2026-09-05T01:33:39.480716840Z	219480.716	/tmp/prysm-r2-extra-logs.Rd7MjT/round2-prysm-geth-107.tar.gz::snooper-engine.log:32857	/tmp/prysm-r2-extra-logs.Rd7MjT/round2-prysm-geth-107.tar.gz::snooper-engine.log:32858	/tmp/prysm-r2-extra-logs.Rd7MjT/round2-prysm-geth-107.tar.gz::snooper-engine.log:32870	"{""forkchoice_state"":{""finalizedBlockHash"":""0x000000000000...00000000"",""headBlockHash"":""0x43e25c037faf...de3958a4"",""safeBlockHash"":""0x000000000000...00000000""},""method"":""engine_forkchoiceUpdatedV4"",""payload_attributes"":null,""rpc_id"":229}"	2026-09-05T01:33:39.483634096Z	219483.634	4	200	/tmp/prysm-r2-extra-logs.Rd7MjT/round2-prysm-geth-107.tar.gz::snooper-engine.log:32872	/tmp/prysm-r2-extra-logs.Rd7MjT/round2-prysm-geth-107.tar.gz::snooper-engine.log:32873	/tmp/prysm-r2-extra-logs.Rd7MjT/round2-prysm-geth-107.tar.gz::snooper-engine.log:32884	"{""payload_id"":null,""payload_status"":{""latestValidHash"":""0x43e25c037faf...de3958a4"",""status"":""VALID"",""validationError"":null},""rpc_id"":229}"
144	7	18	732	engine_forkchoiceUpdatedV4	2026-09-05T01:33:40.764667634Z	220764.667	/tmp/prysm-r2-extra-logs.Rd7MjT/round2-prysm-geth-144.tar.gz::snooper-engine.log:32570	/tmp/prysm-r2-extra-logs.Rd7MjT/round2-prysm-geth-144.tar.gz::snooper-engine.log:32571	/tmp/prysm-r2-extra-logs.Rd7MjT/round2-prysm-geth-144.tar.gz::snooper-engine.log:32583	"{""forkchoice_state"":{""finalizedBlockHash"":""0x000000000000...00000000"",""headBlockHash"":""0x43e25c037faf...de3958a4"",""safeBlockHash"":""0x000000000000...00000000""},""method"":""engine_forkchoiceUpdatedV4"",""payload_attributes"":null,""rpc_id"":227}"	2026-09-05T01:33:40.766060137Z	220766.06	1	200	/tmp/prysm-r2-extra-logs.Rd7MjT/round2-prysm-geth-144.tar.gz::snooper-engine.log:32585	/tmp/prysm-r2-extra-logs.Rd7MjT/round2-prysm-geth-144.tar.gz::snooper-engine.log:32586	/tmp/prysm-r2-extra-logs.Rd7MjT/round2-prysm-geth-144.tar.gz::snooper-engine.log:32597	"{""payload_id"":null,""payload_status"":{""latestValidHash"":""0x43e25c037faf...de3958a4"",""status"":""VALID"",""validationError"":null},""rpc_id"":227}"
191	2	18	742	engine_forkchoiceUpdatedV4	2026-09-05T01:33:40.987461591Z	220987.461	/tmp/prysm-r2-extra-logs.Rd7MjT/round2-prysm-geth-191.tar.gz::snooper-engine.log:32901	/tmp/prysm-r2-extra-logs.Rd7MjT/round2-prysm-geth-191.tar.gz::snooper-engine.log:32902	/tmp/prysm-r2-extra-logs.Rd7MjT/round2-prysm-geth-191.tar.gz::snooper-engine.log:32914	"{""forkchoice_state"":{""finalizedBlockHash"":""0x000000000000...00000000"",""headBlockHash"":""0x43e25c037faf...de3958a4"",""safeBlockHash"":""0x000000000000...00000000""},""method"":""engine_forkchoiceUpdatedV4"",""payload_attributes"":null,""rpc_id"":229}"	2026-09-05T01:33:40.988004024Z	220988.004	1	200	/tmp/prysm-r2-extra-logs.Rd7MjT/round2-prysm-geth-191.tar.gz::snooper-engine.log:32916	/tmp/prysm-r2-extra-logs.Rd7MjT/round2-prysm-geth-191.tar.gz::snooper-engine.log:32917	/tmp/prysm-r2-extra-logs.Rd7MjT/round2-prysm-geth-191.tar.gz::snooper-engine.log:32928	"{""payload_id"":null,""payload_status"":{""latestValidHash"":""0x43e25c037faf...de3958a4"",""status"":""VALID"",""validationError"":null},""rpc_id"":229}"
107	9	18	740	engine_forkchoiceUpdatedV4	2026-09-05T01:33:41.167053737Z	221167.053	/tmp/prysm-r2-extra-logs.Rd7MjT/round2-prysm-geth-107.tar.gz::snooper-engine.log:32930	/tmp/prysm-r2-extra-logs.Rd7MjT/round2-prysm-geth-107.tar.gz::snooper-engine.log:32931	/tmp/prysm-r2-extra-logs.Rd7MjT/round2-prysm-geth-107.tar.gz::snooper-engine.log:32943	"{""forkchoice_state"":{""finalizedBlockHash"":""0x000000000000...00000000"",""headBlockHash"":""0x43e25c037faf...de3958a4"",""safeBlockHash"":""0x000000000000...00000000""},""method"":""engine_forkchoiceUpdatedV4"",""payload_attributes"":null,""rpc_id"":231}"	2026-09-05T01:33:41.167453751Z	221167.453	0	200	/tmp/prysm-r2-extra-logs.Rd7MjT/round2-prysm-geth-107.tar.gz::snooper-engine.log:32945	/tmp/prysm-r2-extra-logs.Rd7MjT/round2-prysm-geth-107.tar.gz::snooper-engine.log:32946	/tmp/prysm-r2-extra-logs.Rd7MjT/round2-prysm-geth-107.tar.gz::snooper-engine.log:32957	"{""payload_id"":null,""payload_status"":{""latestValidHash"":""0x43e25c037faf...de3958a4"",""status"":""VALID"",""validationError"":null},""rpc_id"":231}"
22	3	18	752	engine_forkchoiceUpdatedV4	2026-09-05T01:33:46.147818103Z	226147.818	/tmp/prysm-r2-extra-logs.Rd7MjT/round2-prysm-geth-22.tar.gz::snooper-engine.log:33253	/tmp/prysm-r2-extra-logs.Rd7MjT/round2-prysm-geth-22.tar.gz::snooper-engine.log:33254	/tmp/prysm-r2-extra-logs.Rd7MjT/round2-prysm-geth-22.tar.gz::snooper-engine.log:33266	"{""forkchoice_state"":{""finalizedBlockHash"":""0x000000000000...00000000"",""headBlockHash"":""0xdf777d7bd39c...a6b81ab8"",""safeBlockHash"":""0x000000000000...00000000""},""method"":""engine_forkchoiceUpdatedV4"",""payload_attributes"":null,""rpc_id"":235}"	2026-09-05T01:33:46.148571396Z	226148.571	1	200	/tmp/prysm-r2-extra-logs.Rd7MjT/round2-prysm-geth-22.tar.gz::snooper-engine.log:33268	/tmp/prysm-r2-extra-logs.Rd7MjT/round2-prysm-geth-22.tar.gz::snooper-engine.log:33269	/tmp/prysm-r2-extra-logs.Rd7MjT/round2-prysm-geth-22.tar.gz::snooper-engine.log:33280	"{""payload_id"":null,""payload_status"":{""latestValidHash"":""0xdf777d7bd39c...a6b81ab8"",""status"":""VALID"",""validationError"":null},""rpc_id"":235}"
144	7	18	736	engine_forkchoiceUpdatedV4	2026-09-05T01:33:46.178649589Z	226178.649	/tmp/prysm-r2-extra-logs.Rd7MjT/round2-prysm-geth-144.tar.gz::snooper-engine.log:32717	/tmp/prysm-r2-extra-logs.Rd7MjT/round2-prysm-geth-144.tar.gz::snooper-engine.log:32718	/tmp/prysm-r2-extra-logs.Rd7MjT/round2-prysm-geth-144.tar.gz::snooper-engine.log:32730	"{""forkchoice_state"":{""finalizedBlockHash"":""0x000000000000...00000000"",""headBlockHash"":""0xdf777d7bd39c...a6b81ab8"",""safeBlockHash"":""0x000000000000...00000000""},""method"":""engine_forkchoiceUpdatedV4"",""payload_attributes"":null,""rpc_id"":231}"	2026-09-05T01:33:46.180142645Z	226180.142	1	200	/tmp/prysm-r2-extra-logs.Rd7MjT/round2-prysm-geth-144.tar.gz::snooper-engine.log:32732	/tmp/prysm-r2-extra-logs.Rd7MjT/round2-prysm-geth-144.tar.gz::snooper-engine.log:32733	/tmp/prysm-r2-extra-logs.Rd7MjT/round2-prysm-geth-144.tar.gz::snooper-engine.log:32744	"{""payload_id"":null,""payload_status"":{""latestValidHash"":""0xdf777d7bd39c...a6b81ab8"",""status"":""VALID"",""validationError"":null},""rpc_id"":231}"
91	4	18	745	engine_forkchoiceUpdatedV4	2026-09-05T01:33:46.253614393Z	226253.614	/tmp/prysm-r2-extra-logs.Rd7MjT/round2-prysm-geth-91.tar.gz::snooper-engine.log:33080	/tmp/prysm-r2-extra-logs.Rd7MjT/round2-prysm-geth-91.tar.gz::snooper-engine.log:33081	/tmp/prysm-r2-extra-logs.Rd7MjT/round2-prysm-geth-91.tar.gz::snooper-engine.log:33093	"{""forkchoice_state"":{""finalizedBlockHash"":""0x000000000000...00000000"",""headBlockHash"":""0xdf777d7bd39c...a6b81ab8"",""safeBlockHash"":""0x000000000000...00000000""},""method"":""engine_forkchoiceUpdatedV4"",""payload_attributes"":null,""rpc_id"":231}"	2026-09-05T01:33:46.253748431Z	226253.748	1	200	/tmp/prysm-r2-extra-logs.Rd7MjT/round2-prysm-geth-91.tar.gz::snooper-engine.log:33095	/tmp/prysm-r2-extra-logs.Rd7MjT/round2-prysm-geth-91.tar.gz::snooper-engine.log:33096	/tmp/prysm-r2-extra-logs.Rd7MjT/round2-prysm-geth-91.tar.gz::snooper-engine.log:33107	"{""payload_id"":null,""payload_status"":{""latestValidHash"":""0xdf777d7bd39c...a6b81ab8"",""status"":""VALID"",""validationError"":null},""rpc_id"":231}"
107	9	18	744	engine_forkchoiceUpdatedV4	2026-09-05T01:33:46.273452837Z	226273.452	/tmp/prysm-r2-extra-logs.Rd7MjT/round2-prysm-geth-107.tar.gz::snooper-engine.log:33077	/tmp/prysm-r2-extra-logs.Rd7MjT/round2-prysm-geth-107.tar.gz::snooper-engine.log:33078	/tmp/prysm-r2-extra-logs.Rd7MjT/round2-prysm-geth-107.tar.gz::snooper-engine.log:33090	"{""forkchoice_state"":{""finalizedBlockHash"":""0x000000000000...00000000"",""headBlockHash"":""0xdf777d7bd39c...a6b81ab8"",""safeBlockHash"":""0x000000000000...00000000""},""method"":""engine_forkchoiceUpdatedV4"",""payload_attributes"":null,""rpc_id"":235}"	2026-09-05T01:33:46.275062960Z	226275.062	1	200	/tmp/prysm-r2-extra-logs.Rd7MjT/round2-prysm-geth-107.tar.gz::snooper-engine.log:33092	/tmp/prysm-r2-extra-logs.Rd7MjT/round2-prysm-geth-107.tar.gz::snooper-engine.log:33093	/tmp/prysm-r2-extra-logs.Rd7MjT/round2-prysm-geth-107.tar.gz::snooper-engine.log:33104	"{""payload_id"":null,""payload_status"":{""latestValidHash"":""0xdf777d7bd39c...a6b81ab8"",""status"":""VALID"",""validationError"":null},""rpc_id"":235}"
117	11	18	737	engine_forkchoiceUpdatedV4	2026-09-05T01:33:46.521257116Z	226521.257	/tmp/prysm-r2-extra-logs.Rd7MjT/round2-prysm-geth-117.tar.gz::snooper-engine.log:32807	/tmp/prysm-r2-extra-logs.Rd7MjT/round2-prysm-geth-117.tar.gz::snooper-engine.log:32808	/tmp/prysm-r2-extra-logs.Rd7MjT/round2-prysm-geth-117.tar.gz::snooper-engine.log:32820	"{""forkchoice_state"":{""finalizedBlockHash"":""0x000000000000...00000000"",""headBlockHash"":""0xdf777d7bd39c...a6b81ab8"",""safeBlockHash"":""0x000000000000...00000000""},""method"":""engine_forkchoiceUpdatedV4"",""payload_attributes"":null,""rpc_id"":235}"	2026-09-05T01:33:46.525713540Z	226525.713	4	200	/tmp/prysm-r2-extra-logs.Rd7MjT/round2-prysm-geth-117.tar.gz::snooper-engine.log:32822	/tmp/prysm-r2-extra-logs.Rd7MjT/round2-prysm-geth-117.tar.gz::snooper-engine.log:32823	/tmp/prysm-r2-extra-logs.Rd7MjT/round2-prysm-geth-117.tar.gz::snooper-engine.log:32834	"{""payload_id"":null,""payload_status"":{""latestValidHash"":""0xdf777d7bd39c...a6b81ab8"",""status"":""VALID"",""validationError"":null},""rpc_id"":235}"
85	14	18	743	engine_forkchoiceUpdatedV4	2026-09-05T01:33:46.915280399Z	226915.28	/tmp/prysm-r2-extra-logs.Rd7MjT/round2-prysm-geth-85.tar.gz::snooper-engine.log:33019	/tmp/prysm-r2-extra-logs.Rd7MjT/round2-prysm-geth-85.tar.gz::snooper-engine.log:33020	/tmp/prysm-r2-extra-logs.Rd7MjT/round2-prysm-geth-85.tar.gz::snooper-engine.log:33032	"{""forkchoice_state"":{""finalizedBlockHash"":""0x000000000000...00000000"",""headBlockHash"":""0xdf777d7bd39c...a6b81ab8"",""safeBlockHash"":""0x000000000000...00000000""},""method"":""engine_forkchoiceUpdatedV4"",""payload_attributes"":null,""rpc_id"":231}"	2026-09-05T01:33:46.916695825Z	226916.695	1	200	/tmp/prysm-r2-extra-logs.Rd7MjT/round2-prysm-geth-85.tar.gz::snooper-engine.log:33034	/tmp/prysm-r2-extra-logs.Rd7MjT/round2-prysm-geth-85.tar.gz::snooper-engine.log:33035	/tmp/prysm-r2-extra-logs.Rd7MjT/round2-prysm-geth-85.tar.gz::snooper-engine.log:33046	"{""payload_id"":null,""payload_status"":{""latestValidHash"":""0xdf777d7bd39c...a6b81ab8"",""status"":""VALID"",""validationError"":null},""rpc_id"":231}"
169	1	18	744	engine_forkchoiceUpdatedV4	2026-09-05T01:33:46.953923863Z	226953.923	/tmp/prysm-r2-extra-logs.Rd7MjT/round2-prysm-geth-169.tar.gz::snooper-engine.log:33057	/tmp/prysm-r2-extra-logs.Rd7MjT/round2-prysm-geth-169.tar.gz::snooper-engine.log:33058	/tmp/prysm-r2-extra-logs.Rd7MjT/round2-prysm-geth-169.tar.gz::snooper-engine.log:33070	"{""forkchoice_state"":{""finalizedBlockHash"":""0x000000000000...00000000"",""headBlockHash"":""0xbe1dd5493e36...cce71f1f"",""safeBlockHash"":""0x000000000000...00000000""},""method"":""engine_forkchoiceUpdatedV4"",""payload_attributes"":null,""rpc_id"":236}"	2026-09-05T01:33:46.955070797Z	226955.07	1	200	/tmp/prysm-r2-extra-logs.Rd7MjT/round2-prysm-geth-169.tar.gz::snooper-engine.log:33072	/tmp/prysm-r2-extra-logs.Rd7MjT/round2-prysm-geth-169.tar.gz::snooper-engine.log:33073	/tmp/prysm-r2-extra-logs.Rd7MjT/round2-prysm-geth-169.tar.gz::snooper-engine.log:33084	"{""payload_id"":null,""payload_status"":{""latestValidHash"":""0xbe1dd5493e36...cce71f1f"",""status"":""VALID"",""validationError"":null},""rpc_id"":236}"
32	15	18	747	engine_forkchoiceUpdatedV4	2026-09-05T01:33:46.982855194Z	226982.855	/tmp/prysm-r2-extra-logs.Rd7MjT/round2-prysm-geth-32.tar.gz::snooper-engine.log:33141	/tmp/prysm-r2-extra-logs.Rd7MjT/round2-prysm-geth-32.tar.gz::snooper-engine.log:33142	/tmp/prysm-r2-extra-logs.Rd7MjT/round2-prysm-geth-32.tar.gz::snooper-engine.log:33154	"{""forkchoice_state"":{""finalizedBlockHash"":""0x000000000000...00000000"",""headBlockHash"":""0xbe1dd5493e36...cce71f1f"",""safeBlockHash"":""0x000000000000...00000000""},""method"":""engine_forkchoiceUpdatedV4"",""payload_attributes"":null,""rpc_id"":238}"	2026-09-05T01:33:46.983779481Z	226983.779	0	200	/tmp/prysm-r2-extra-logs.Rd7MjT/round2-prysm-geth-32.tar.gz::snooper-engine.log:33156	/tmp/prysm-r2-extra-logs.Rd7MjT/round2-prysm-geth-32.tar.gz::snooper-engine.log:33157	/tmp/prysm-r2-extra-logs.Rd7MjT/round2-prysm-geth-32.tar.gz::snooper-engine.log:33168	"{""payload_id"":null,""payload_status"":{""latestValidHash"":""0xbe1dd5493e36...cce71f1f"",""status"":""VALID"",""validationError"":null},""rpc_id"":238}"
19	8	18	748	engine_forkchoiceUpdatedV4	2026-09-05T01:33:46.986487898Z	226986.487	/tmp/prysm-r2-extra-logs.Rd7MjT/round2-prysm-geth-19.tar.gz::snooper-engine.log:33170	/tmp/prysm-r2-extra-logs.Rd7MjT/round2-prysm-geth-19.tar.gz::snooper-engine.log:33171	/tmp/prysm-r2-extra-logs.Rd7MjT/round2-prysm-geth-19.tar.gz::snooper-engine.log:33183	"{""forkchoice_state"":{""finalizedBlockHash"":""0x000000000000...00000000"",""headBlockHash"":""0xbe1dd5493e36...cce71f1f"",""safeBlockHash"":""0x000000000000...00000000""},""method"":""engine_forkchoiceUpdatedV4"",""payload_attributes"":null,""rpc_id"":239}"	2026-09-05T01:33:46.987229579Z	226987.229	0	200	/tmp/prysm-r2-extra-logs.Rd7MjT/round2-prysm-geth-19.tar.gz::snooper-engine.log:33185	/tmp/prysm-r2-extra-logs.Rd7MjT/round2-prysm-geth-19.tar.gz::snooper-engine.log:33186	/tmp/prysm-r2-extra-logs.Rd7MjT/round2-prysm-geth-19.tar.gz::snooper-engine.log:33197	"{""payload_id"":null,""payload_status"":{""latestValidHash"":""0xbe1dd5493e36...cce71f1f"",""status"":""VALID"",""validationError"":null},""rpc_id"":239}"
35	10	18	745	engine_forkchoiceUpdatedV4	2026-09-05T01:33:47.053331378Z	227053.331	/tmp/prysm-r2-extra-logs.Rd7MjT/round2-prysm-geth-35.tar.gz::snooper-engine.log:33079	/tmp/prysm-r2-extra-logs.Rd7MjT/round2-prysm-geth-35.tar.gz::snooper-engine.log:33080	/tmp/prysm-r2-extra-logs.Rd7MjT/round2-prysm-geth-35.tar.gz::snooper-engine.log:33092	"{""forkchoice_state"":{""finalizedBlockHash"":""0x000000000000...00000000"",""headBlockHash"":""0xbe1dd5493e36...cce71f1f"",""safeBlockHash"":""0x000000000000...00000000""},""method"":""engine_forkchoiceUpdatedV4"",""payload_attributes"":null,""rpc_id"":236}"	2026-09-05T01:33:47.056552986Z	227056.552	3	200	/tmp/prysm-r2-extra-logs.Rd7MjT/round2-prysm-geth-35.tar.gz::snooper-engine.log:33094	/tmp/prysm-r2-extra-logs.Rd7MjT/round2-prysm-geth-35.tar.gz::snooper-engine.log:33095	/tmp/prysm-r2-extra-logs.Rd7MjT/round2-prysm-geth-35.tar.gz::snooper-engine.log:33106	"{""payload_id"":null,""payload_status"":{""latestValidHash"":""0xbe1dd5493e36...cce71f1f"",""status"":""VALID"",""validationError"":null},""rpc_id"":236}"
19	8	19	749	engine_forkchoiceUpdatedV4	2026-09-05T01:33:48.011299012Z	228011.299	/tmp/prysm-r2-extra-logs.Rd7MjT/round2-prysm-geth-19.tar.gz::snooper-engine.log:33199	/tmp/prysm-r2-extra-logs.Rd7MjT/round2-prysm-geth-19.tar.gz::snooper-engine.log:33200	/tmp/prysm-r2-extra-logs.Rd7MjT/round2-prysm-geth-19.tar.gz::snooper-engine.log:33212	"{""forkchoice_state"":{""finalizedBlockHash"":""0x000000000000...00000000"",""headBlockHash"":""0xdf777d7bd39c...a6b81ab8"",""safeBlockHash"":""0x000000000000...00000000""},""method"":""engine_forkchoiceUpdatedV4"",""payload_attributes"":null,""rpc_id"":240}"	2026-09-05T01:33:48.011944712Z	228011.944	0	200	/tmp/prysm-r2-extra-logs.Rd7MjT/round2-prysm-geth-19.tar.gz::snooper-engine.log:33214	/tmp/prysm-r2-extra-logs.Rd7MjT/round2-prysm-geth-19.tar.gz::snooper-engine.log:33215	/tmp/prysm-r2-extra-logs.Rd7MjT/round2-prysm-geth-19.tar.gz::snooper-engine.log:33226	"{""payload_id"":null,""payload_status"":{""latestValidHash"":""0xdf777d7bd39c...a6b81ab8"",""status"":""VALID"",""validationError"":null},""rpc_id"":240}"
32	15	19	748	engine_forkchoiceUpdatedV4	2026-09-05T01:33:48.014819149Z	228014.819	/tmp/prysm-r2-extra-logs.Rd7MjT/round2-prysm-geth-32.tar.gz::snooper-engine.log:33170	/tmp/prysm-r2-extra-logs.Rd7MjT/round2-prysm-geth-32.tar.gz::snooper-engine.log:33171	/tmp/prysm-r2-extra-logs.Rd7MjT/round2-prysm-geth-32.tar.gz::snooper-engine.log:33183	"{""forkchoice_state"":{""finalizedBlockHash"":""0x000000000000...00000000"",""headBlockHash"":""0xdf777d7bd39c...a6b81ab8"",""safeBlockHash"":""0x000000000000...00000000""},""method"":""engine_forkchoiceUpdatedV4"",""payload_attributes"":null,""rpc_id"":239}"	2026-09-05T01:33:48.016776505Z	228016.776	1	200	/tmp/prysm-r2-extra-logs.Rd7MjT/round2-prysm-geth-32.tar.gz::snooper-engine.log:33185	/tmp/prysm-r2-extra-logs.Rd7MjT/round2-prysm-geth-32.tar.gz::snooper-engine.log:33186	/tmp/prysm-r2-extra-logs.Rd7MjT/round2-prysm-geth-32.tar.gz::snooper-engine.log:33197	"{""payload_id"":null,""payload_status"":{""latestValidHash"":""0xdf777d7bd39c...a6b81ab8"",""status"":""VALID"",""validationError"":null},""rpc_id"":239}"
35	10	19	746	engine_forkchoiceUpdatedV4	2026-09-05T01:33:48.021953543Z	228021.953	/tmp/prysm-r2-extra-logs.Rd7MjT/round2-prysm-geth-35.tar.gz::snooper-engine.log:33108	/tmp/prysm-r2-extra-logs.Rd7MjT/round2-prysm-geth-35.tar.gz::snooper-engine.log:33109	/tmp/prysm-r2-extra-logs.Rd7MjT/round2-prysm-geth-35.tar.gz::snooper-engine.log:33121	"{""forkchoice_state"":{""finalizedBlockHash"":""0x000000000000...00000000"",""headBlockHash"":""0xdf777d7bd39c...a6b81ab8"",""safeBlockHash"":""0x000000000000...00000000""},""method"":""engine_forkchoiceUpdatedV4"",""payload_attributes"":null,""rpc_id"":237}"	2026-09-05T01:33:48.023580572Z	228023.58	2	200	/tmp/prysm-r2-extra-logs.Rd7MjT/round2-prysm-geth-35.tar.gz::snooper-engine.log:33123	/tmp/prysm-r2-extra-logs.Rd7MjT/round2-prysm-geth-35.tar.gz::snooper-engine.log:33124	/tmp/prysm-r2-extra-logs.Rd7MjT/round2-prysm-geth-35.tar.gz::snooper-engine.log:33135	"{""payload_id"":null,""payload_status"":{""latestValidHash"":""0xdf777d7bd39c...a6b81ab8"",""status"":""VALID"",""validationError"":null},""rpc_id"":237}"
169	1	19	745	engine_forkchoiceUpdatedV4	2026-09-05T01:33:48.029458890Z	228029.458	/tmp/prysm-r2-extra-logs.Rd7MjT/round2-prysm-geth-169.tar.gz::snooper-engine.log:33086	/tmp/prysm-r2-extra-logs.Rd7MjT/round2-prysm-geth-169.tar.gz::snooper-engine.log:33087	/tmp/prysm-r2-extra-logs.Rd7MjT/round2-prysm-geth-169.tar.gz::snooper-engine.log:33099	"{""forkchoice_state"":{""finalizedBlockHash"":""0x000000000000...00000000"",""headBlockHash"":""0xdf777d7bd39c...a6b81ab8"",""safeBlockHash"":""0x000000000000...00000000""},""method"":""engine_forkchoiceUpdatedV4"",""payload_attributes"":null,""rpc_id"":237}"	2026-09-05T01:33:48.031688927Z	228031.688	2	200	/tmp/prysm-r2-extra-logs.Rd7MjT/round2-prysm-geth-169.tar.gz::snooper-engine.log:33101	/tmp/prysm-r2-extra-logs.Rd7MjT/round2-prysm-geth-169.tar.gz::snooper-engine.log:33102	/tmp/prysm-r2-extra-logs.Rd7MjT/round2-prysm-geth-169.tar.gz::snooper-engine.log:33113	"{""payload_id"":null,""payload_status"":{""latestValidHash"":""0xdf777d7bd39c...a6b81ab8"",""status"":""VALID"",""validationError"":null},""rpc_id"":237}"
107	9	19	745	engine_forkchoiceUpdatedV4	2026-09-05T01:33:48.367804612Z	228367.804	/tmp/prysm-r2-extra-logs.Rd7MjT/round2-prysm-geth-107.tar.gz::snooper-engine.log:33106	/tmp/prysm-r2-extra-logs.Rd7MjT/round2-prysm-geth-107.tar.gz::snooper-engine.log:33107	/tmp/prysm-r2-extra-logs.Rd7MjT/round2-prysm-geth-107.tar.gz::snooper-engine.log:33119	"{""forkchoice_state"":{""finalizedBlockHash"":""0x000000000000...00000000"",""headBlockHash"":""0x43e25c037faf...de3958a4"",""safeBlockHash"":""0x000000000000...00000000""},""method"":""engine_forkchoiceUpdatedV4"",""payload_attributes"":null,""rpc_id"":236}"	2026-09-05T01:33:48.368679060Z	228368.679	1	200	/tmp/prysm-r2-extra-logs.Rd7MjT/round2-prysm-geth-107.tar.gz::snooper-engine.log:33121	/tmp/prysm-r2-extra-logs.Rd7MjT/round2-prysm-geth-107.tar.gz::snooper-engine.log:33122	/tmp/prysm-r2-extra-logs.Rd7MjT/round2-prysm-geth-107.tar.gz::snooper-engine.log:33133	"{""payload_id"":null,""payload_status"":{""latestValidHash"":""0x43e25c037faf...de3958a4"",""status"":""VALID"",""validationError"":null},""rpc_id"":236}"
22	3	19	753	engine_forkchoiceUpdatedV4	2026-09-05T01:33:48.629580469Z	228629.58	/tmp/prysm-r2-extra-logs.Rd7MjT/round2-prysm-geth-22.tar.gz::snooper-engine.log:33282	/tmp/prysm-r2-extra-logs.Rd7MjT/round2-prysm-geth-22.tar.gz::snooper-engine.log:33283	/tmp/prysm-r2-extra-logs.Rd7MjT/round2-prysm-geth-22.tar.gz::snooper-engine.log:33295	"{""forkchoice_state"":{""finalizedBlockHash"":""0x000000000000...00000000"",""headBlockHash"":""0x43e25c037faf...de3958a4"",""safeBlockHash"":""0x000000000000...00000000""},""method"":""engine_forkchoiceUpdatedV4"",""payload_attributes"":null,""rpc_id"":236}"	2026-09-05T01:33:48.630239536Z	228630.239	0	200	/tmp/prysm-r2-extra-logs.Rd7MjT/round2-prysm-geth-22.tar.gz::snooper-engine.log:33297	/tmp/prysm-r2-extra-logs.Rd7MjT/round2-prysm-geth-22.tar.gz::snooper-engine.log:33298	/tmp/prysm-r2-extra-logs.Rd7MjT/round2-prysm-geth-22.tar.gz::snooper-engine.log:33309	"{""payload_id"":null,""payload_status"":{""latestValidHash"":""0x43e25c037faf...de3958a4"",""status"":""VALID"",""validationError"":null},""rpc_id"":236}"
191	2	19	743	engine_forkchoiceUpdatedV4	2026-09-05T01:33:48.833316895Z	228833.316	/tmp/prysm-r2-extra-logs.Rd7MjT/round2-prysm-geth-191.tar.gz::snooper-engine.log:32930	/tmp/prysm-r2-extra-logs.Rd7MjT/round2-prysm-geth-191.tar.gz::snooper-engine.log:32931	/tmp/prysm-r2-extra-logs.Rd7MjT/round2-prysm-geth-191.tar.gz::snooper-engine.log:32943	"{""forkchoice_state"":{""finalizedBlockHash"":""0x000000000000...00000000"",""headBlockHash"":""0x43e25c037faf...de3958a4"",""safeBlockHash"":""0x000000000000...00000000""},""method"":""engine_forkchoiceUpdatedV4"",""payload_attributes"":null,""rpc_id"":230}"	2026-09-05T01:33:48.833854096Z	228833.854	0	200	/tmp/prysm-r2-extra-logs.Rd7MjT/round2-prysm-geth-191.tar.gz::snooper-engine.log:32945	/tmp/prysm-r2-extra-logs.Rd7MjT/round2-prysm-geth-191.tar.gz::snooper-engine.log:32946	/tmp/prysm-r2-extra-logs.Rd7MjT/round2-prysm-geth-191.tar.gz::snooper-engine.log:32957	"{""payload_id"":null,""payload_status"":{""latestValidHash"":""0x43e25c037faf...de3958a4"",""status"":""VALID"",""validationError"":null},""rpc_id"":230}"
191	2	19	744	engine_forkchoiceUpdatedV4	2026-09-05T01:33:48.863533034Z	228863.533	/tmp/prysm-r2-extra-logs.Rd7MjT/round2-prysm-geth-191.tar.gz::snooper-engine.log:32959	/tmp/prysm-r2-extra-logs.Rd7MjT/round2-prysm-geth-191.tar.gz::snooper-engine.log:32960	/tmp/prysm-r2-extra-logs.Rd7MjT/round2-prysm-geth-191.tar.gz::snooper-engine.log:32972	"{""forkchoice_state"":{""finalizedBlockHash"":""0x000000000000...00000000"",""headBlockHash"":""0xdf777d7bd39c...a6b81ab8"",""safeBlockHash"":""0x000000000000...00000000""},""method"":""engine_forkchoiceUpdatedV4"",""payload_attributes"":null,""rpc_id"":231}"	2026-09-05T01:33:48.864555159Z	228864.555	1	200	/tmp/prysm-r2-extra-logs.Rd7MjT/round2-prysm-geth-191.tar.gz::snooper-engine.log:32974	/tmp/prysm-r2-extra-logs.Rd7MjT/round2-prysm-geth-191.tar.gz::snooper-engine.log:32975	/tmp/prysm-r2-extra-logs.Rd7MjT/round2-prysm-geth-191.tar.gz::snooper-engine.log:32986	"{""payload_id"":null,""payload_status"":{""latestValidHash"":""0xdf777d7bd39c...a6b81ab8"",""status"":""VALID"",""validationError"":null},""rpc_id"":231}"
14	12	19	733	engine_forkchoiceUpdatedV4	2026-09-05T01:33:50.107667243Z	230107.667	/tmp/prysm-r2-extra-logs.Rd7MjT/round2-prysm-geth-14.tar.gz::snooper-engine.log:32629	/tmp/prysm-r2-extra-logs.Rd7MjT/round2-prysm-geth-14.tar.gz::snooper-engine.log:32630	/tmp/prysm-r2-extra-logs.Rd7MjT/round2-prysm-geth-14.tar.gz::snooper-engine.log:32642	"{""forkchoice_state"":{""finalizedBlockHash"":""0x000000000000...00000000"",""headBlockHash"":""0xdf777d7bd39c...a6b81ab8"",""safeBlockHash"":""0x000000000000...00000000""},""method"":""engine_forkchoiceUpdatedV4"",""payload_attributes"":null,""rpc_id"":232}"	2026-09-05T01:33:50.107787772Z	230107.787	1	200	/tmp/prysm-r2-extra-logs.Rd7MjT/round2-prysm-geth-14.tar.gz::snooper-engine.log:32644	/tmp/prysm-r2-extra-logs.Rd7MjT/round2-prysm-geth-14.tar.gz::snooper-engine.log:32645	/tmp/prysm-r2-extra-logs.Rd7MjT/round2-prysm-geth-14.tar.gz::snooper-engine.log:32656	"{""payload_id"":null,""payload_status"":{""latestValidHash"":""0xdf777d7bd39c...a6b81ab8"",""status"":""VALID"",""validationError"":null},""rpc_id"":232}"
22	3	19	755	engine_forkchoiceUpdatedV4	2026-09-05T01:33:52.656900367Z	232656.9	/tmp/prysm-r2-extra-logs.Rd7MjT/round2-prysm-geth-22.tar.gz::snooper-engine.log:33356	/tmp/prysm-r2-extra-logs.Rd7MjT/round2-prysm-geth-22.tar.gz::snooper-engine.log:33357	/tmp/prysm-r2-extra-logs.Rd7MjT/round2-prysm-geth-22.tar.gz::snooper-engine.log:33369	"{""forkchoice_state"":{""finalizedBlockHash"":""0x000000000000...00000000"",""headBlockHash"":""0xbe1dd5493e36...cce71f1f"",""safeBlockHash"":""0x000000000000...00000000""},""method"":""engine_forkchoiceUpdatedV4"",""payload_attributes"":null,""rpc_id"":238}"	2026-09-05T01:33:52.657949140Z	232657.949	0	200	/tmp/prysm-r2-extra-logs.Rd7MjT/round2-prysm-geth-22.tar.gz::snooper-engine.log:33371	/tmp/prysm-r2-extra-logs.Rd7MjT/round2-prysm-geth-22.tar.gz::snooper-engine.log:33372	/tmp/prysm-r2-extra-logs.Rd7MjT/round2-prysm-geth-22.tar.gz::snooper-engine.log:33383	"{""payload_id"":null,""payload_status"":{""latestValidHash"":""0xbe1dd5493e36...cce71f1f"",""status"":""VALID"",""validationError"":null},""rpc_id"":238}"
20	13	19	734	engine_forkchoiceUpdatedV4	2026-09-05T01:33:55.791047140Z	235791.047	/tmp/prysm-r2-extra-logs.Rd7MjT/round2-prysm-geth-20.tar.gz::snooper-engine.log:32683	/tmp/prysm-r2-extra-logs.Rd7MjT/round2-prysm-geth-20.tar.gz::snooper-engine.log:32684	/tmp/prysm-r2-extra-logs.Rd7MjT/round2-prysm-geth-20.tar.gz::snooper-engine.log:32696	"{""forkchoice_state"":{""finalizedBlockHash"":""0x000000000000...00000000"",""headBlockHash"":""0xbe1dd5493e36...cce71f1f"",""safeBlockHash"":""0x000000000000...00000000""},""method"":""engine_forkchoiceUpdatedV4"",""payload_attributes"":null,""rpc_id"":229}"	2026-09-05T01:33:55.792045425Z	235792.045	1	200	/tmp/prysm-r2-extra-logs.Rd7MjT/round2-prysm-geth-20.tar.gz::snooper-engine.log:32698	/tmp/prysm-r2-extra-logs.Rd7MjT/round2-prysm-geth-20.tar.gz::snooper-engine.log:32699	/tmp/prysm-r2-extra-logs.Rd7MjT/round2-prysm-geth-20.tar.gz::snooper-engine.log:32710	"{""payload_id"":null,""payload_status"":{""latestValidHash"":""0xbe1dd5493e36...cce71f1f"",""status"":""VALID"",""validationError"":null},""rpc_id"":229}"
107	9	19	747	engine_forkchoiceUpdatedV4	2026-09-05T01:33:58.066384889Z	238066.384	/tmp/prysm-r2-extra-logs.Rd7MjT/round2-prysm-geth-107.tar.gz::snooper-engine.log:33180	/tmp/prysm-r2-extra-logs.Rd7MjT/round2-prysm-geth-107.tar.gz::snooper-engine.log:33181	/tmp/prysm-r2-extra-logs.Rd7MjT/round2-prysm-geth-107.tar.gz::snooper-engine.log:33193	"{""forkchoice_state"":{""finalizedBlockHash"":""0x000000000000...00000000"",""headBlockHash"":""0xdf777d7bd39c...a6b81ab8"",""safeBlockHash"":""0x000000000000...00000000""},""method"":""engine_forkchoiceUpdatedV4"",""payload_attributes"":null,""rpc_id"":238}"	2026-09-05T01:33:58.067552751Z	238067.552	1	200	/tmp/prysm-r2-extra-logs.Rd7MjT/round2-prysm-geth-107.tar.gz::snooper-engine.log:33195	/tmp/prysm-r2-extra-logs.Rd7MjT/round2-prysm-geth-107.tar.gz::snooper-engine.log:33196	/tmp/prysm-r2-extra-logs.Rd7MjT/round2-prysm-geth-107.tar.gz::snooper-engine.log:33207	"{""payload_id"":null,""payload_status"":{""latestValidHash"":""0xdf777d7bd39c...a6b81ab8"",""status"":""VALID"",""validationError"":null},""rpc_id"":238}"
22	3	19	757	engine_forkchoiceUpdatedV4	2026-09-05T01:33:58.314530515Z	238314.53	/tmp/prysm-r2-extra-logs.Rd7MjT/round2-prysm-geth-22.tar.gz::snooper-engine.log:33433	/tmp/prysm-r2-extra-logs.Rd7MjT/round2-prysm-geth-22.tar.gz::snooper-engine.log:33434	/tmp/prysm-r2-extra-logs.Rd7MjT/round2-prysm-geth-22.tar.gz::snooper-engine.log:33446	"{""forkchoice_state"":{""finalizedBlockHash"":""0x000000000000...00000000"",""headBlockHash"":""0xdf777d7bd39c...a6b81ab8"",""safeBlockHash"":""0x000000000000...00000000""},""method"":""engine_forkchoiceUpdatedV4"",""payload_attributes"":null,""rpc_id"":240}"	2026-09-05T01:33:58.314635032Z	238314.635	3	200	/tmp/prysm-r2-extra-logs.Rd7MjT/round2-prysm-geth-22.tar.gz::snooper-engine.log:33448	/tmp/prysm-r2-extra-logs.Rd7MjT/round2-prysm-geth-22.tar.gz::snooper-engine.log:33449	/tmp/prysm-r2-extra-logs.Rd7MjT/round2-prysm-geth-22.tar.gz::snooper-engine.log:33460	"{""payload_id"":null,""payload_status"":{""latestValidHash"":""0xdf777d7bd39c...a6b81ab8"",""status"":""VALID"",""validationError"":null},""rpc_id"":240}"
191	2	19	747	engine_forkchoiceUpdatedV4	2026-09-05T01:33:58.339986484Z	238339.986	/tmp/prysm-r2-extra-logs.Rd7MjT/round2-prysm-geth-191.tar.gz::snooper-engine.log:33082	/tmp/prysm-r2-extra-logs.Rd7MjT/round2-prysm-geth-191.tar.gz::snooper-engine.log:33083	/tmp/prysm-r2-extra-logs.Rd7MjT/round2-prysm-geth-191.tar.gz::snooper-engine.log:33095	"{""forkchoice_state"":{""finalizedBlockHash"":""0x000000000000...00000000"",""headBlockHash"":""0xdf777d7bd39c...a6b81ab8"",""safeBlockHash"":""0x000000000000...00000000""},""method"":""engine_forkchoiceUpdatedV4"",""payload_attributes"":null,""rpc_id"":234}"	2026-09-05T01:33:58.340092476Z	238340.092	0	200	/tmp/prysm-r2-extra-logs.Rd7MjT/round2-prysm-geth-191.tar.gz::snooper-engine.log:33097	/tmp/prysm-r2-extra-logs.Rd7MjT/round2-prysm-geth-191.tar.gz::snooper-engine.log:33098	/tmp/prysm-r2-extra-logs.Rd7MjT/round2-prysm-geth-191.tar.gz::snooper-engine.log:33109	"{""payload_id"":null,""payload_status"":{""latestValidHash"":""0xdf777d7bd39c...a6b81ab8"",""status"":""VALID"",""validationError"":null},""rpc_id"":234}"
