observer	slot	root	validator	validator_owner	seats	outcomes	record_count	first_line	last_line
201	15	0x1a40155d770d5a166e5976f7f9c1804026797f51b522c4959fdcde7fcaa010d1	93568	69	1	accepted	1	31588	31588
201	15	0x1a40155d770d5a166e5976f7f9c1804026797f51b522c4959fdcde7fcaa010d1	93569	69	1	accepted	1	31630	31630
201	15	0x1a40155d770d5a166e5976f7f9c1804026797f51b522c4959fdcde7fcaa010d1	93570	69	1	accepted	1	31785	31785
201	15	0x1a40155d770d5a166e5976f7f9c1804026797f51b522c4959fdcde7fcaa010d1	93571	69	1	accepted	1	31432	31432
201	15	0x1a40155d770d5a166e5976f7f9c1804026797f51b522c4959fdcde7fcaa010d1	93572	69	1	accepted	1	31653	31653
201	15	0x1a40155d770d5a166e5976f7f9c1804026797f51b522c4959fdcde7fcaa010d1	93573	69	1	accepted	1	31513	31513
201	15	0x1a40155d770d5a166e5976f7f9c1804026797f51b522c4959fdcde7fcaa010d1	93574	69	1	accepted	1	31441	31441
201	15	0x1a40155d770d5a166e5976f7f9c1804026797f51b522c4959fdcde7fcaa010d1	93575	69	1	accepted	1	31728	31728
201	15	0x1a40155d770d5a166e5976f7f9c1804026797f51b522c4959fdcde7fcaa010d1	93576	69	1	accepted	1	31698	31698
201	15	0x1a40155d770d5a166e5976f7f9c1804026797f51b522c4959fdcde7fcaa010d1	93577	69	1	accepted	1	31511	31511
201	15	0x1a40155d770d5a166e5976f7f9c1804026797f51b522c4959fdcde7fcaa010d1	93578	69	1	accepted	1	31453	31453
201	15	0x1a40155d770d5a166e5976f7f9c1804026797f51b522c4959fdcde7fcaa010d1	93579	69	1	accepted	1	31854	31854
201	15	0x1a40155d770d5a166e5976f7f9c1804026797f51b522c4959fdcde7fcaa010d1	93580	69	1	accepted	1	31599	31599
201	15	0x1a40155d770d5a166e5976f7f9c1804026797f51b522c4959fdcde7fcaa010d1	93581	69	1	accepted	1	31487	31487
201	15	0x1a40155d770d5a166e5976f7f9c1804026797f51b522c4959fdcde7fcaa010d1	93582	69	1	accepted	1	31536	31536
201	15	0x1a40155d770d5a166e5976f7f9c1804026797f51b522c4959fdcde7fcaa010d1	93583	69	1	accepted	1	31752	31752
201	15	0x1a40155d770d5a166e5976f7f9c1804026797f51b522c4959fdcde7fcaa010d1	93584	69	1	accepted	1	31737	31737
201	15	0x1a40155d770d5a166e5976f7f9c1804026797f51b522c4959fdcde7fcaa010d1	93585	69	1	accepted	1	31855	31855
201	15	0x1a40155d770d5a166e5976f7f9c1804026797f51b522c4959fdcde7fcaa010d1	93586	69	1	accepted	1	31548	31548
201	15	0x1a40155d770d5a166e5976f7f9c1804026797f51b522c4959fdcde7fcaa010d1	93587	69	1	accepted	1	31479	31479
201	15	0x1a40155d770d5a166e5976f7f9c1804026797f51b522c4959fdcde7fcaa010d1	93588	69	1	accepted	1	31434	31434
201	15	0x1a40155d770d5a166e5976f7f9c1804026797f51b522c4959fdcde7fcaa010d1	93589	69	1	accepted	1	31659	31659
201	15	0x1a40155d770d5a166e5976f7f9c1804026797f51b522c4959fdcde7fcaa010d1	93590	69	1	accepted	1	31810	31810
201	15	0x1a40155d770d5a166e5976f7f9c1804026797f51b522c4959fdcde7fcaa010d1	93591	69	1	accepted	1	31775	31775
201	15	0x1a40155d770d5a166e5976f7f9c1804026797f51b522c4959fdcde7fcaa010d1	93592	69	1	accepted	1	31687	31687
201	15	0x1a40155d770d5a166e5976f7f9c1804026797f51b522c4959fdcde7fcaa010d1	93593	69	1	accepted	1	31470	31470
201	15	0x1a40155d770d5a166e5976f7f9c1804026797f51b522c4959fdcde7fcaa010d1	93594	69	1	accepted	1	31554	31554
201	15	0x1a40155d770d5a166e5976f7f9c1804026797f51b522c4959fdcde7fcaa010d1	93595	69	1	accepted	1	31802	31802
201	15	0x1a40155d770d5a166e5976f7f9c1804026797f51b522c4959fdcde7fcaa010d1	93596	69	1	accepted	1	31651	31651
201	15	0x1a40155d770d5a166e5976f7f9c1804026797f51b522c4959fdcde7fcaa010d1	93597	69	1	accepted	1	31614	31614
201	15	0x1a40155d770d5a166e5976f7f9c1804026797f51b522c4959fdcde7fcaa010d1	93598	69	1	accepted	1	31766	31766
201	15	0x1a40155d770d5a166e5976f7f9c1804026797f51b522c4959fdcde7fcaa010d1	93599	69	1	accepted	1	31361	31361
201	15	0x1a40155d770d5a166e5976f7f9c1804026797f51b522c4959fdcde7fcaa010d1	93600	69	1	accepted	1	31442	31442
201	15	0x1a40155d770d5a166e5976f7f9c1804026797f51b522c4959fdcde7fcaa010d1	93601	69	1	accepted	1	31516	31516
201	15	0x1a40155d770d5a166e5976f7f9c1804026797f51b522c4959fdcde7fcaa010d1	93602	69	1	accepted	1	31500	31500
201	15	0x1a40155d770d5a166e5976f7f9c1804026797f51b522c4959fdcde7fcaa010d1	93603	69	1	accepted	1	31362	31362
201	15	0x1a40155d770d5a166e5976f7f9c1804026797f51b522c4959fdcde7fcaa010d1	93604	69	1	accepted	1	31391	31391
201	15	0x1a40155d770d5a166e5976f7f9c1804026797f51b522c4959fdcde7fcaa010d1	93605	69	1	accepted	1	31495	31495
201	15	0x1a40155d770d5a166e5976f7f9c1804026797f51b522c4959fdcde7fcaa010d1	93606	69	1	accepted	1	31676	31676
201	15	0x1a40155d770d5a166e5976f7f9c1804026797f51b522c4959fdcde7fcaa010d1	93607	69	1	accepted	1	31844	31844
201	15	0x1a40155d770d5a166e5976f7f9c1804026797f51b522c4959fdcde7fcaa010d1	93608	69	1	accepted	1	31767	31767
201	15	0x1a40155d770d5a166e5976f7f9c1804026797f51b522c4959fdcde7fcaa010d1	93609	69	1	accepted	1	31864	31864
201	15	0x1a40155d770d5a166e5976f7f9c1804026797f51b522c4959fdcde7fcaa010d1	93610	69	1	accepted	1	31642	31642
201	15	0x1a40155d770d5a166e5976f7f9c1804026797f51b522c4959fdcde7fcaa010d1	93611	69	1	accepted	1	31417	31417
201	15	0x1a40155d770d5a166e5976f7f9c1804026797f51b522c4959fdcde7fcaa010d1	93612	69	1	accepted	1	31450	31450
201	15	0x1a40155d770d5a166e5976f7f9c1804026797f51b522c4959fdcde7fcaa010d1	93613	69	1	accepted	1	31494	31494
201	15	0x1a40155d770d5a166e5976f7f9c1804026797f51b522c4959fdcde7fcaa010d1	93614	69	1	accepted	1	31800	31800
201	15	0x1a40155d770d5a166e5976f7f9c1804026797f51b522c4959fdcde7fcaa010d1	93615	69	1	accepted	1	31866	31866
201	15	0x1a40155d770d5a166e5976f7f9c1804026797f51b522c4959fdcde7fcaa010d1	93616	69	1	accepted	1	31842	31842
201	15	0x1a40155d770d5a166e5976f7f9c1804026797f51b522c4959fdcde7fcaa010d1	93617	69	1	accepted	1	31693	31693
201	15	0x1a40155d770d5a166e5976f7f9c1804026797f51b522c4959fdcde7fcaa010d1	93618	69	1	accepted	1	31471	31471
201	15	0x1a40155d770d5a166e5976f7f9c1804026797f51b522c4959fdcde7fcaa010d1	93619	69	1	accepted	1	31829	31829
201	15	0x1a40155d770d5a166e5976f7f9c1804026797f51b522c4959fdcde7fcaa010d1	93620	69	1	accepted	1	31711	31711
201	15	0x1a40155d770d5a166e5976f7f9c1804026797f51b522c4959fdcde7fcaa010d1	93621	69	1	accepted	1	31725	31725
201	15	0x1a40155d770d5a166e5976f7f9c1804026797f51b522c4959fdcde7fcaa010d1	93622	69	1	accepted	1	31847	31847
201	15	0x1a40155d770d5a166e5976f7f9c1804026797f51b522c4959fdcde7fcaa010d1	93623	69	1	accepted	1	31747	31747
201	15	0x1a40155d770d5a166e5976f7f9c1804026797f51b522c4959fdcde7fcaa010d1	93624	69	1	accepted	1	31850	31850
201	15	0x1a40155d770d5a166e5976f7f9c1804026797f51b522c4959fdcde7fcaa010d1	93625	69	1	accepted	1	31684	31684
201	15	0x1a40155d770d5a166e5976f7f9c1804026797f51b522c4959fdcde7fcaa010d1	93626	69	1	accepted	1	31616	31616
201	15	0x1a40155d770d5a166e5976f7f9c1804026797f51b522c4959fdcde7fcaa010d1	93627	69	1	accepted	1	31719	31719
201	15	0x1a40155d770d5a166e5976f7f9c1804026797f51b522c4959fdcde7fcaa010d1	93628	69	1	accepted	1	31788	31788
201	15	0x1a40155d770d5a166e5976f7f9c1804026797f51b522c4959fdcde7fcaa010d1	93629	69	1	accepted	1	31849	31849
201	15	0x1a40155d770d5a166e5976f7f9c1804026797f51b522c4959fdcde7fcaa010d1	93630	69	1	accepted	1	31437	31437
201	15	0x1a40155d770d5a166e5976f7f9c1804026797f51b522c4959fdcde7fcaa010d1	93631	69	1	accepted	1	31717	31717
201	15	0x1a40155d770d5a166e5976f7f9c1804026797f51b522c4959fdcde7fcaa010d1	93632	69	1	accepted	1	31409	31409
201	15	0x1a40155d770d5a166e5976f7f9c1804026797f51b522c4959fdcde7fcaa010d1	93633	69	1	accepted	1	31780	31780
201	15	0x1a40155d770d5a166e5976f7f9c1804026797f51b522c4959fdcde7fcaa010d1	93634	69	1	accepted	1	31661	31661
201	15	0x1a40155d770d5a166e5976f7f9c1804026797f51b522c4959fdcde7fcaa010d1	93635	69	1	accepted	1	31465	31465
201	15	0x1a40155d770d5a166e5976f7f9c1804026797f51b522c4959fdcde7fcaa010d1	93636	69	1	accepted	1	31626	31626
201	15	0x1a40155d770d5a166e5976f7f9c1804026797f51b522c4959fdcde7fcaa010d1	93637	69	1	accepted	1	31852	31852
201	15	0x1a40155d770d5a166e5976f7f9c1804026797f51b522c4959fdcde7fcaa010d1	93638	69	1	accepted	1	31814	31814
201	15	0x1a40155d770d5a166e5976f7f9c1804026797f51b522c4959fdcde7fcaa010d1	93639	69	1	accepted	1	31863	31863
201	15	0x1a40155d770d5a166e5976f7f9c1804026797f51b522c4959fdcde7fcaa010d1	93640	69	1	accepted	1	31483	31483
201	15	0x1a40155d770d5a166e5976f7f9c1804026797f51b522c4959fdcde7fcaa010d1	93641	69	1	accepted	1	31632	31632
201	15	0x1a40155d770d5a166e5976f7f9c1804026797f51b522c4959fdcde7fcaa010d1	93642	69	1	accepted	1	31594	31594
201	15	0x1a40155d770d5a166e5976f7f9c1804026797f51b522c4959fdcde7fcaa010d1	93643	69	1	accepted	1	31837	31837
201	15	0x1a40155d770d5a166e5976f7f9c1804026797f51b522c4959fdcde7fcaa010d1	93644	69	1	accepted	1	31382	31382
201	15	0x1a40155d770d5a166e5976f7f9c1804026797f51b522c4959fdcde7fcaa010d1	93645	69	1	accepted	1	31534	31534
201	15	0x1a40155d770d5a166e5976f7f9c1804026797f51b522c4959fdcde7fcaa010d1	93646	69	1	accepted	1	31813	31813
201	15	0x1a40155d770d5a166e5976f7f9c1804026797f51b522c4959fdcde7fcaa010d1	93647	69	1	accepted	1	31709	31709
201	15	0x1a40155d770d5a166e5976f7f9c1804026797f51b522c4959fdcde7fcaa010d1	93648	69	1	accepted	1	31636	31636
201	15	0x1a40155d770d5a166e5976f7f9c1804026797f51b522c4959fdcde7fcaa010d1	93649	69	1	accepted	1	31824	31824
201	15	0x1a40155d770d5a166e5976f7f9c1804026797f51b522c4959fdcde7fcaa010d1	93650	69	1	accepted	1	31377	31377
201	15	0x1a40155d770d5a166e5976f7f9c1804026797f51b522c4959fdcde7fcaa010d1	93651	69	1	accepted	1	31438	31438
201	15	0x1a40155d770d5a166e5976f7f9c1804026797f51b522c4959fdcde7fcaa010d1	93652	69	1	accepted	1	31581	31581
201	15	0x1a40155d770d5a166e5976f7f9c1804026797f51b522c4959fdcde7fcaa010d1	93653	69	1	accepted	1	31561	31561
201	15	0x1a40155d770d5a166e5976f7f9c1804026797f51b522c4959fdcde7fcaa010d1	93654	69	1	accepted	1	31473	31473
201	15	0x1a40155d770d5a166e5976f7f9c1804026797f51b522c4959fdcde7fcaa010d1	93655	69	1	accepted	1	31664	31664
201	15	0x1a40155d770d5a166e5976f7f9c1804026797f51b522c4959fdcde7fcaa010d1	93656	69	1	accepted	1	31462	31462
201	15	0x1a40155d770d5a166e5976f7f9c1804026797f51b522c4959fdcde7fcaa010d1	93657	69	1	accepted	1	31811	31811
201	15	0x1a40155d770d5a166e5976f7f9c1804026797f51b522c4959fdcde7fcaa010d1	93658	69	1	accepted	1	31690	31690
201	15	0x1a40155d770d5a166e5976f7f9c1804026797f51b522c4959fdcde7fcaa010d1	93659	69	1	accepted	1	31858	31858
201	15	0x1a40155d770d5a166e5976f7f9c1804026797f51b522c4959fdcde7fcaa010d1	93660	69	1	accepted	1	31408	31408
201	15	0x1a40155d770d5a166e5976f7f9c1804026797f51b522c4959fdcde7fcaa010d1	93661	69	1	accepted	1	31472	31472
201	15	0x1a40155d770d5a166e5976f7f9c1804026797f51b522c4959fdcde7fcaa010d1	93662	69	1	accepted	1	31564	31564
201	15	0x1a40155d770d5a166e5976f7f9c1804026797f51b522c4959fdcde7fcaa010d1	93663	69	1	accepted	1	31665	31665
201	15	0x1a40155d770d5a166e5976f7f9c1804026797f51b522c4959fdcde7fcaa010d1	93664	69	1	accepted	1	31504	31504
201	15	0x1a40155d770d5a166e5976f7f9c1804026797f51b522c4959fdcde7fcaa010d1	93665	69	1	accepted	1	31708	31708
201	15	0x1a40155d770d5a166e5976f7f9c1804026797f51b522c4959fdcde7fcaa010d1	93666	69	1	accepted	1	31572	31572
201	15	0x1a40155d770d5a166e5976f7f9c1804026797f51b522c4959fdcde7fcaa010d1	93667	69	1	accepted	1	31488	31488
201	15	0x1a40155d770d5a166e5976f7f9c1804026797f51b522c4959fdcde7fcaa010d1	93668	69	1	accepted	1	31456	31456
201	15	0x1a40155d770d5a166e5976f7f9c1804026797f51b522c4959fdcde7fcaa010d1	93669	69	1	accepted	1	31586	31586
201	15	0x1a40155d770d5a166e5976f7f9c1804026797f51b522c4959fdcde7fcaa010d1	93670	69	1	accepted	1	31387	31387
201	15	0x1a40155d770d5a166e5976f7f9c1804026797f51b522c4959fdcde7fcaa010d1	93671	69	1	accepted	1	31596	31596
201	15	0x1a40155d770d5a166e5976f7f9c1804026797f51b522c4959fdcde7fcaa010d1	93672	69	1	accepted	1	31714	31714
201	15	0x1a40155d770d5a166e5976f7f9c1804026797f51b522c4959fdcde7fcaa010d1	93673	69	1	accepted	1	31578	31578
201	15	0x1a40155d770d5a166e5976f7f9c1804026797f51b522c4959fdcde7fcaa010d1	93674	69	1	accepted	1	31713	31713
201	15	0x1a40155d770d5a166e5976f7f9c1804026797f51b522c4959fdcde7fcaa010d1	93675	69	1	accepted	1	31476	31476
201	15	0x1a40155d770d5a166e5976f7f9c1804026797f51b522c4959fdcde7fcaa010d1	93676	69	1	accepted	1	31640	31640
201	15	0x1a40155d770d5a166e5976f7f9c1804026797f51b522c4959fdcde7fcaa010d1	93677	69	1	accepted	1	31707	31707
201	15	0x1a40155d770d5a166e5976f7f9c1804026797f51b522c4959fdcde7fcaa010d1	93678	69	1	accepted	1	31710	31710
201	15	0x1a40155d770d5a166e5976f7f9c1804026797f51b522c4959fdcde7fcaa010d1	93679	69	1	accepted	1	31429	31429
201	15	0x1a40155d770d5a166e5976f7f9c1804026797f51b522c4959fdcde7fcaa010d1	93680	69	1	accepted	1	31563	31563
201	15	0x1a40155d770d5a166e5976f7f9c1804026797f51b522c4959fdcde7fcaa010d1	93681	69	1	accepted	1	31778	31778
201	15	0x1a40155d770d5a166e5976f7f9c1804026797f51b522c4959fdcde7fcaa010d1	93682	69	1	accepted	1	31727	31727
201	15	0x1a40155d770d5a166e5976f7f9c1804026797f51b522c4959fdcde7fcaa010d1	93683	69	1	accepted	1	31608	31608
201	15	0x1a40155d770d5a166e5976f7f9c1804026797f51b522c4959fdcde7fcaa010d1	93684	69	1	accepted	1	31740	31740
201	15	0x1a40155d770d5a166e5976f7f9c1804026797f51b522c4959fdcde7fcaa010d1	93685	69	1	accepted	1	31422	31422
201	15	0x1a40155d770d5a166e5976f7f9c1804026797f51b522c4959fdcde7fcaa010d1	93686	69	1	accepted	1	31828	31828
201	15	0x1a40155d770d5a166e5976f7f9c1804026797f51b522c4959fdcde7fcaa010d1	93687	69	1	accepted	1	31568	31568
201	15	0x1a40155d770d5a166e5976f7f9c1804026797f51b522c4959fdcde7fcaa010d1	93688	69	1	accepted	1	31460	31460
201	15	0x1a40155d770d5a166e5976f7f9c1804026797f51b522c4959fdcde7fcaa010d1	93689	69	1	accepted	1	31667	31667
201	15	0x1a40155d770d5a166e5976f7f9c1804026797f51b522c4959fdcde7fcaa010d1	93690	69	1	accepted	1	31365	31365
201	15	0x1a40155d770d5a166e5976f7f9c1804026797f51b522c4959fdcde7fcaa010d1	93691	69	1	accepted	1	31790	31790
201	15	0x1a40155d770d5a166e5976f7f9c1804026797f51b522c4959fdcde7fcaa010d1	93692	69	1	accepted	1	31745	31745
201	15	0x1a40155d770d5a166e5976f7f9c1804026797f51b522c4959fdcde7fcaa010d1	93693	69	1	accepted	1	31510	31510
201	15	0x1a40155d770d5a166e5976f7f9c1804026797f51b522c4959fdcde7fcaa010d1	93694	69	1	accepted	1	31591	31591
201	15	0x1a40155d770d5a166e5976f7f9c1804026797f51b522c4959fdcde7fcaa010d1	93695	69	1	accepted	1	31571	31571
201	15	0x1a40155d770d5a166e5976f7f9c1804026797f51b522c4959fdcde7fcaa010d1	93696	69	1	accepted	1	31817	31817
201	15	0x1a40155d770d5a166e5976f7f9c1804026797f51b522c4959fdcde7fcaa010d1	93697	69	1	accepted	1	31376	31376
201	15	0x1a40155d770d5a166e5976f7f9c1804026797f51b522c4959fdcde7fcaa010d1	93698	69	1	accepted	1	31679	31679
201	15	0x1a40155d770d5a166e5976f7f9c1804026797f51b522c4959fdcde7fcaa010d1	93699	69	1	accepted	1	31590	31590
201	15	0x1a40155d770d5a166e5976f7f9c1804026797f51b522c4959fdcde7fcaa010d1	93700	69	1	accepted	1	31648	31648
201	15	0x1a40155d770d5a166e5976f7f9c1804026797f51b522c4959fdcde7fcaa010d1	93701	69	1	accepted	1	31523	31523
201	15	0x1a40155d770d5a166e5976f7f9c1804026797f51b522c4959fdcde7fcaa010d1	93702	69	1	accepted	1	31832	31832
201	15	0x1a40155d770d5a166e5976f7f9c1804026797f51b522c4959fdcde7fcaa010d1	93703	69	1	accepted	1	31843	31843
201	15	0x1a40155d770d5a166e5976f7f9c1804026797f51b522c4959fdcde7fcaa010d1	93704	69	1	accepted	1	31723	31723
201	15	0x1a40155d770d5a166e5976f7f9c1804026797f51b522c4959fdcde7fcaa010d1	93705	69	1	accepted	1	31726	31726
201	15	0x1a40155d770d5a166e5976f7f9c1804026797f51b522c4959fdcde7fcaa010d1	93706	69	1	accepted	1	31372	31372
201	15	0x1a40155d770d5a166e5976f7f9c1804026797f51b522c4959fdcde7fcaa010d1	93707	69	1	accepted	1	31641	31641
201	15	0x1a40155d770d5a166e5976f7f9c1804026797f51b522c4959fdcde7fcaa010d1	93708	69	1	accepted	1	31576	31576
201	15	0x1a40155d770d5a166e5976f7f9c1804026797f51b522c4959fdcde7fcaa010d1	93709	69	1	accepted	1	31601	31601
201	15	0x1a40155d770d5a166e5976f7f9c1804026797f51b522c4959fdcde7fcaa010d1	93710	69	1	accepted	1	31672	31672
201	15	0x1a40155d770d5a166e5976f7f9c1804026797f51b522c4959fdcde7fcaa010d1	93711	69	1	accepted	1	31403	31403
201	15	0x1a40155d770d5a166e5976f7f9c1804026797f51b522c4959fdcde7fcaa010d1	93712	69	1	accepted	1	31421	31421
201	15	0x1a40155d770d5a166e5976f7f9c1804026797f51b522c4959fdcde7fcaa010d1	93713	69	1	accepted	1	31861	31861
201	15	0x1a40155d770d5a166e5976f7f9c1804026797f51b522c4959fdcde7fcaa010d1	93714	69	1	accepted	1	31846	31846
201	15	0x1a40155d770d5a166e5976f7f9c1804026797f51b522c4959fdcde7fcaa010d1	93715	69	1	accepted	1	31583	31583
201	15	0x1a40155d770d5a166e5976f7f9c1804026797f51b522c4959fdcde7fcaa010d1	93716	69	1	accepted	1	31765	31765
201	15	0x1a40155d770d5a166e5976f7f9c1804026797f51b522c4959fdcde7fcaa010d1	93717	69	1	accepted	1	31821	31821
201	15	0x1a40155d770d5a166e5976f7f9c1804026797f51b522c4959fdcde7fcaa010d1	93718	69	1	accepted	1	31669	31669
201	15	0x1a40155d770d5a166e5976f7f9c1804026797f51b522c4959fdcde7fcaa010d1	93719	69	1	accepted	1	31629	31629
201	15	0x1a40155d770d5a166e5976f7f9c1804026797f51b522c4959fdcde7fcaa010d1	93720	69	1	accepted	1	31733	31733
201	15	0x1a40155d770d5a166e5976f7f9c1804026797f51b522c4959fdcde7fcaa010d1	93721	69	1	accepted	1	31779	31779
201	15	0x1a40155d770d5a166e5976f7f9c1804026797f51b522c4959fdcde7fcaa010d1	93722	69	1	accepted	1	31658	31658
201	15	0x1a40155d770d5a166e5976f7f9c1804026797f51b522c4959fdcde7fcaa010d1	93723	69	1	accepted	1	31587	31587
201	15	0x1a40155d770d5a166e5976f7f9c1804026797f51b522c4959fdcde7fcaa010d1	93724	69	1	accepted	1	31514	31514
201	15	0x1a40155d770d5a166e5976f7f9c1804026797f51b522c4959fdcde7fcaa010d1	93725	69	1	accepted	1	31492	31492
201	15	0x1a40155d770d5a166e5976f7f9c1804026797f51b522c4959fdcde7fcaa010d1	93726	69	1	accepted	1	31685	31685
201	15	0x1a40155d770d5a166e5976f7f9c1804026797f51b522c4959fdcde7fcaa010d1	93727	69	1	accepted	1	31553	31553
201	15	0x1a40155d770d5a166e5976f7f9c1804026797f51b522c4959fdcde7fcaa010d1	93728	69	1	accepted	1	31491	31491
201	15	0x1a40155d770d5a166e5976f7f9c1804026797f51b522c4959fdcde7fcaa010d1	93729	69	1	accepted	1	31851	31851
201	15	0x1a40155d770d5a166e5976f7f9c1804026797f51b522c4959fdcde7fcaa010d1	93730	69	1	accepted	1	31706	31706
201	15	0x1a40155d770d5a166e5976f7f9c1804026797f51b522c4959fdcde7fcaa010d1	93731	69	1	accepted	1	31860	31860
201	15	0x1a40155d770d5a166e5976f7f9c1804026797f51b522c4959fdcde7fcaa010d1	93732	69	1	accepted	1	31809	31809
201	15	0x1a40155d770d5a166e5976f7f9c1804026797f51b522c4959fdcde7fcaa010d1	93733	69	1	accepted	1	31756	31756
201	15	0x1a40155d770d5a166e5976f7f9c1804026797f51b522c4959fdcde7fcaa010d1	93734	69	1	accepted	1	31402	31402
201	15	0x1a40155d770d5a166e5976f7f9c1804026797f51b522c4959fdcde7fcaa010d1	93735	69	1	accepted	1	31776	31776
201	15	0x1a40155d770d5a166e5976f7f9c1804026797f51b522c4959fdcde7fcaa010d1	93736	69	1	accepted	1	31654	31654
201	15	0x1a40155d770d5a166e5976f7f9c1804026797f51b522c4959fdcde7fcaa010d1	93737	69	1	accepted	1	31497	31497
201	15	0x1a40155d770d5a166e5976f7f9c1804026797f51b522c4959fdcde7fcaa010d1	93738	69	1	accepted	1	31734	31734
201	15	0x1a40155d770d5a166e5976f7f9c1804026797f51b522c4959fdcde7fcaa010d1	93739	69	1	accepted	1	31742	31742
201	15	0x1a40155d770d5a166e5976f7f9c1804026797f51b522c4959fdcde7fcaa010d1	93740	69	1	accepted	1	31533	31533
201	15	0x1a40155d770d5a166e5976f7f9c1804026797f51b522c4959fdcde7fcaa010d1	93741	69	1	accepted	1	31637	31637
201	15	0x1a40155d770d5a166e5976f7f9c1804026797f51b522c4959fdcde7fcaa010d1	93742	69	1	accepted	1	31823	31823
201	15	0x1a40155d770d5a166e5976f7f9c1804026797f51b522c4959fdcde7fcaa010d1	93743	69	1	accepted	1	31577	31577
201	15	0x1a40155d770d5a166e5976f7f9c1804026797f51b522c4959fdcde7fcaa010d1	93744	69	1	accepted	1	31486	31486
201	15	0x1a40155d770d5a166e5976f7f9c1804026797f51b522c4959fdcde7fcaa010d1	93745	69	1	accepted	1	31394	31394
201	15	0x1a40155d770d5a166e5976f7f9c1804026797f51b522c4959fdcde7fcaa010d1	93746	69	1	accepted	1	31425	31425
201	15	0x1a40155d770d5a166e5976f7f9c1804026797f51b522c4959fdcde7fcaa010d1	93747	69	1	accepted	1	31744	31744
201	15	0x1a40155d770d5a166e5976f7f9c1804026797f51b522c4959fdcde7fcaa010d1	93748	69	1	accepted	1	31489	31489
201	15	0x1a40155d770d5a166e5976f7f9c1804026797f51b522c4959fdcde7fcaa010d1	93749	69	1	accepted	1	31519	31519
201	15	0x1a40155d770d5a166e5976f7f9c1804026797f51b522c4959fdcde7fcaa010d1	93750	69	1	accepted	1	31674	31674
201	15	0x1a40155d770d5a166e5976f7f9c1804026797f51b522c4959fdcde7fcaa010d1	93751	69	1	accepted	1	31490	31490
201	15	0x1a40155d770d5a166e5976f7f9c1804026797f51b522c4959fdcde7fcaa010d1	93752	69	1	accepted	1	31443	31443
201	15	0x1a40155d770d5a166e5976f7f9c1804026797f51b522c4959fdcde7fcaa010d1	93753	69	1	accepted	1	31468	31468
201	15	0x1a40155d770d5a166e5976f7f9c1804026797f51b522c4959fdcde7fcaa010d1	93754	69	1	accepted	1	31557	31557
201	15	0x1a40155d770d5a166e5976f7f9c1804026797f51b522c4959fdcde7fcaa010d1	93755	69	1	accepted	1	31692	31692
201	15	0x1a40155d770d5a166e5976f7f9c1804026797f51b522c4959fdcde7fcaa010d1	93756	69	1	accepted	1	31419	31419
201	15	0x1a40155d770d5a166e5976f7f9c1804026797f51b522c4959fdcde7fcaa010d1	93757	69	1	accepted	1	31638	31638
201	15	0x1a40155d770d5a166e5976f7f9c1804026797f51b522c4959fdcde7fcaa010d1	93758	69	1	accepted	1	31604	31604
201	15	0x1a40155d770d5a166e5976f7f9c1804026797f51b522c4959fdcde7fcaa010d1	93759	69	1	accepted	1	31831	31831
201	15	0x1a40155d770d5a166e5976f7f9c1804026797f51b522c4959fdcde7fcaa010d1	93760	69	1	accepted	1	31525	31525
201	15	0x1a40155d770d5a166e5976f7f9c1804026797f51b522c4959fdcde7fcaa010d1	93761	69	1	accepted	1	31695	31695
201	15	0x1a40155d770d5a166e5976f7f9c1804026797f51b522c4959fdcde7fcaa010d1	93762	69	1	accepted	1	31528	31528
201	15	0x1a40155d770d5a166e5976f7f9c1804026797f51b522c4959fdcde7fcaa010d1	93763	69	1	accepted	1	31649	31649
201	15	0x1a40155d770d5a166e5976f7f9c1804026797f51b522c4959fdcde7fcaa010d1	93764	69	1	accepted	1	31839	31839
201	15	0x1a40155d770d5a166e5976f7f9c1804026797f51b522c4959fdcde7fcaa010d1	93765	69	1	accepted	1	31736	31736
201	15	0x1a40155d770d5a166e5976f7f9c1804026797f51b522c4959fdcde7fcaa010d1	93766	69	1	accepted	1	31606	31606
201	15	0x1a40155d770d5a166e5976f7f9c1804026797f51b522c4959fdcde7fcaa010d1	93767	69	1	accepted	1	31845	31845
201	15	0x1a40155d770d5a166e5976f7f9c1804026797f51b522c4959fdcde7fcaa010d1	93768	69	1	accepted	1	31395	31395
201	15	0x1a40155d770d5a166e5976f7f9c1804026797f51b522c4959fdcde7fcaa010d1	93769	69	1	accepted	1	31463	31463
201	15	0x1a40155d770d5a166e5976f7f9c1804026797f51b522c4959fdcde7fcaa010d1	93770	69	1	accepted	1	31718	31718
201	15	0x1a40155d770d5a166e5976f7f9c1804026797f51b522c4959fdcde7fcaa010d1	93771	69	1	accepted	1	31660	31660
201	15	0x1a40155d770d5a166e5976f7f9c1804026797f51b522c4959fdcde7fcaa010d1	93772	69	1	accepted	1	31543	31543
201	15	0x1a40155d770d5a166e5976f7f9c1804026797f51b522c4959fdcde7fcaa010d1	93773	69	1	accepted	1	31484	31484
201	15	0x1a40155d770d5a166e5976f7f9c1804026797f51b522c4959fdcde7fcaa010d1	93774	69	1	accepted	1	31784	31784
201	15	0x1a40155d770d5a166e5976f7f9c1804026797f51b522c4959fdcde7fcaa010d1	93775	69	1	accepted	1	31750	31750
201	15	0x1a40155d770d5a166e5976f7f9c1804026797f51b522c4959fdcde7fcaa010d1	93776	69	1	accepted	1	31694	31694
201	15	0x1a40155d770d5a166e5976f7f9c1804026797f51b522c4959fdcde7fcaa010d1	93777	69	1	accepted	1	31856	31856
201	15	0x1a40155d770d5a166e5976f7f9c1804026797f51b522c4959fdcde7fcaa010d1	93778	69	1	accepted	1	31549	31549
201	15	0x1a40155d770d5a166e5976f7f9c1804026797f51b522c4959fdcde7fcaa010d1	93779	69	1	accepted	1	31551	31551
201	15	0x1a40155d770d5a166e5976f7f9c1804026797f51b522c4959fdcde7fcaa010d1	93780	69	1	accepted	1	31791	31791
201	15	0x1a40155d770d5a166e5976f7f9c1804026797f51b522c4959fdcde7fcaa010d1	93781	69	1	accepted	1	31448	31448
201	15	0x1a40155d770d5a166e5976f7f9c1804026797f51b522c4959fdcde7fcaa010d1	93782	69	1	accepted	1	31835	31835
201	15	0x1a40155d770d5a166e5976f7f9c1804026797f51b522c4959fdcde7fcaa010d1	93783	69	1	accepted	1	31466	31466
201	15	0x1a40155d770d5a166e5976f7f9c1804026797f51b522c4959fdcde7fcaa010d1	93784	69	1	accepted	1	31799	31799
201	15	0x1a40155d770d5a166e5976f7f9c1804026797f51b522c4959fdcde7fcaa010d1	93785	69	1	accepted	1	31650	31650
201	15	0x1a40155d770d5a166e5976f7f9c1804026797f51b522c4959fdcde7fcaa010d1	93786	69	1	accepted	1	31806	31806
201	15	0x1a40155d770d5a166e5976f7f9c1804026797f51b522c4959fdcde7fcaa010d1	93787	69	1	accepted	1	31721	31721
201	15	0x1a40155d770d5a166e5976f7f9c1804026797f51b522c4959fdcde7fcaa010d1	93788	69	1	accepted	1	31655	31655
201	15	0x1a40155d770d5a166e5976f7f9c1804026797f51b522c4959fdcde7fcaa010d1	93789	69	1	accepted	1	31555	31555
201	15	0x1a40155d770d5a166e5976f7f9c1804026797f51b522c4959fdcde7fcaa010d1	93790	69	1	accepted	1	31647	31647
201	15	0x1a40155d770d5a166e5976f7f9c1804026797f51b522c4959fdcde7fcaa010d1	93791	69	1	accepted	1	31705	31705
201	15	0x1a40155d770d5a166e5976f7f9c1804026797f51b522c4959fdcde7fcaa010d1	93792	69	1	accepted	1	31552	31552
201	15	0x1a40155d770d5a166e5976f7f9c1804026797f51b522c4959fdcde7fcaa010d1	93793	69	1	accepted	1	31526	31526
201	15	0x1a40155d770d5a166e5976f7f9c1804026797f51b522c4959fdcde7fcaa010d1	93794	69	1	accepted	1	31865	31865
201	15	0x1a40155d770d5a166e5976f7f9c1804026797f51b522c4959fdcde7fcaa010d1	93795	69	1	accepted	1	31593	31593
201	15	0x1a40155d770d5a166e5976f7f9c1804026797f51b522c4959fdcde7fcaa010d1	93796	69	1	accepted	1	31562	31562
201	15	0x1a40155d770d5a166e5976f7f9c1804026797f51b522c4959fdcde7fcaa010d1	93797	69	1	accepted	1	31848	31848
201	15	0x1a40155d770d5a166e5976f7f9c1804026797f51b522c4959fdcde7fcaa010d1	93798	69	1	accepted	1	31689	31689
201	15	0x1a40155d770d5a166e5976f7f9c1804026797f51b522c4959fdcde7fcaa010d1	93799	69	1	accepted	1	31662	31662
201	15	0x1a40155d770d5a166e5976f7f9c1804026797f51b522c4959fdcde7fcaa010d1	93800	69	1	accepted	1	31673	31673
201	15	0x1a40155d770d5a166e5976f7f9c1804026797f51b522c4959fdcde7fcaa010d1	93801	69	1	accepted	1	31537	31537
201	15	0x1a40155d770d5a166e5976f7f9c1804026797f51b522c4959fdcde7fcaa010d1	93802	69	1	accepted	1	31388	31388
201	15	0x1a40155d770d5a166e5976f7f9c1804026797f51b522c4959fdcde7fcaa010d1	93803	69	1	accepted	1	31558	31558
201	15	0x1a40155d770d5a166e5976f7f9c1804026797f51b522c4959fdcde7fcaa010d1	93804	69	1	accepted	1	31569	31569
201	15	0x1a40155d770d5a166e5976f7f9c1804026797f51b522c4959fdcde7fcaa010d1	93805	69	1	accepted	1	31781	31781
201	15	0x1a40155d770d5a166e5976f7f9c1804026797f51b522c4959fdcde7fcaa010d1	93806	69	1	accepted	1	31507	31507
201	15	0x1a40155d770d5a166e5976f7f9c1804026797f51b522c4959fdcde7fcaa010d1	93807	69	1	accepted	1	31384	31384
201	15	0x1a40155d770d5a166e5976f7f9c1804026797f51b522c4959fdcde7fcaa010d1	93808	69	1	accepted	1	31755	31755
201	15	0x1a40155d770d5a166e5976f7f9c1804026797f51b522c4959fdcde7fcaa010d1	93809	69	1	accepted	1	31538	31538
201	15	0x1a40155d770d5a166e5976f7f9c1804026797f51b522c4959fdcde7fcaa010d1	93810	69	1	accepted	1	31423	31423
201	15	0x1a40155d770d5a166e5976f7f9c1804026797f51b522c4959fdcde7fcaa010d1	93811	69	1	accepted	1	31697	31697
201	15	0x1a40155d770d5a166e5976f7f9c1804026797f51b522c4959fdcde7fcaa010d1	93812	69	1	accepted	1	31609	31609
201	15	0x1a40155d770d5a166e5976f7f9c1804026797f51b522c4959fdcde7fcaa010d1	93813	69	1	accepted	1	31712	31712
201	15	0x1a40155d770d5a166e5976f7f9c1804026797f51b522c4959fdcde7fcaa010d1	93814	69	1	accepted	1	31595	31595
201	15	0x1a40155d770d5a166e5976f7f9c1804026797f51b522c4959fdcde7fcaa010d1	93815	69	1	accepted	1	31677	31677
201	15	0x1a40155d770d5a166e5976f7f9c1804026797f51b522c4959fdcde7fcaa010d1	93816	69	1	accepted	1	31567	31567
201	15	0x1a40155d770d5a166e5976f7f9c1804026797f51b522c4959fdcde7fcaa010d1	93817	69	1	accepted	1	31424	31424
201	15	0x1a40155d770d5a166e5976f7f9c1804026797f51b522c4959fdcde7fcaa010d1	93818	69	1	accepted	1	31459	31459
201	15	0x1a40155d770d5a166e5976f7f9c1804026797f51b522c4959fdcde7fcaa010d1	93819	69	1	accepted	1	31498	31498
201	15	0x1a40155d770d5a166e5976f7f9c1804026797f51b522c4959fdcde7fcaa010d1	93820	69	1	accepted	1	31530	31530
201	15	0x1a40155d770d5a166e5976f7f9c1804026797f51b522c4959fdcde7fcaa010d1	93821	69	1	accepted	1	31474	31474
201	15	0x1a40155d770d5a166e5976f7f9c1804026797f51b522c4959fdcde7fcaa010d1	93822	69	1	accepted	1	31385	31385
201	15	0x1a40155d770d5a166e5976f7f9c1804026797f51b522c4959fdcde7fcaa010d1	93823	69	1	accepted	1	31663	31663
201	15	0x1a40155d770d5a166e5976f7f9c1804026797f51b522c4959fdcde7fcaa010d1	93824	69	1	accepted	1	31566	31566
201	15	0x1a40155d770d5a166e5976f7f9c1804026797f51b522c4959fdcde7fcaa010d1	93825	69	1	accepted	1	31804	31804
201	15	0x1a40155d770d5a166e5976f7f9c1804026797f51b522c4959fdcde7fcaa010d1	93826	69	1	accepted	1	31683	31683
201	15	0x1a40155d770d5a166e5976f7f9c1804026797f51b522c4959fdcde7fcaa010d1	93827	69	1	accepted	1	31833	31833
201	15	0x1a40155d770d5a166e5976f7f9c1804026797f51b522c4959fdcde7fcaa010d1	93828	69	1	accepted	1	31485	31485
201	15	0x1a40155d770d5a166e5976f7f9c1804026797f51b522c4959fdcde7fcaa010d1	93829	69	1	accepted	1	31359	31359
201	15	0x1a40155d770d5a166e5976f7f9c1804026797f51b522c4959fdcde7fcaa010d1	93830	69	1	accepted	1	31509	31509
201	15	0x1a40155d770d5a166e5976f7f9c1804026797f51b522c4959fdcde7fcaa010d1	93831	69	1	accepted	1	31550	31550
201	15	0x1a40155d770d5a166e5976f7f9c1804026797f51b522c4959fdcde7fcaa010d1	93832	69	1	accepted	1	31607	31607
201	15	0x1a40155d770d5a166e5976f7f9c1804026797f51b522c4959fdcde7fcaa010d1	93833	69	1	accepted	1	31535	31535
201	15	0x1a40155d770d5a166e5976f7f9c1804026797f51b522c4959fdcde7fcaa010d1	93834	69	1	accepted	1	31413	31413
201	15	0x1a40155d770d5a166e5976f7f9c1804026797f51b522c4959fdcde7fcaa010d1	93835	69	1	accepted	1	31634	31634
201	15	0x1a40155d770d5a166e5976f7f9c1804026797f51b522c4959fdcde7fcaa010d1	93836	69	1	accepted	1	31822	31822
201	15	0x1a40155d770d5a166e5976f7f9c1804026797f51b522c4959fdcde7fcaa010d1	93837	69	1	accepted	1	31853	31853
201	15	0x1a40155d770d5a166e5976f7f9c1804026797f51b522c4959fdcde7fcaa010d1	93838	69	1	accepted	1	31427	31427
201	15	0x1a40155d770d5a166e5976f7f9c1804026797f51b522c4959fdcde7fcaa010d1	93839	69	1	accepted	1	31686	31686
201	15	0x1a40155d770d5a166e5976f7f9c1804026797f51b522c4959fdcde7fcaa010d1	93840	69	1	accepted	1	31700	31700
201	15	0x1a40155d770d5a166e5976f7f9c1804026797f51b522c4959fdcde7fcaa010d1	93841	69	1	accepted	1	31621	31621
201	15	0x1a40155d770d5a166e5976f7f9c1804026797f51b522c4959fdcde7fcaa010d1	93842	69	1	accepted	1	31620	31620
201	15	0x1a40155d770d5a166e5976f7f9c1804026797f51b522c4959fdcde7fcaa010d1	93843	69	1	accepted	1	31749	31749
201	15	0x1a40155d770d5a166e5976f7f9c1804026797f51b522c4959fdcde7fcaa010d1	93844	69	1	accepted	1	31798	31798
201	15	0x1a40155d770d5a166e5976f7f9c1804026797f51b522c4959fdcde7fcaa010d1	93845	69	1	accepted	1	31584	31584
201	15	0x1a40155d770d5a166e5976f7f9c1804026797f51b522c4959fdcde7fcaa010d1	93846	69	1	accepted	1	31405	31405
201	15	0x1a40155d770d5a166e5976f7f9c1804026797f51b522c4959fdcde7fcaa010d1	93847	69	1	accepted	1	31675	31675
201	15	0x1a40155d770d5a166e5976f7f9c1804026797f51b522c4959fdcde7fcaa010d1	93848	69	1	accepted	1	31426	31426
201	15	0x1a40155d770d5a166e5976f7f9c1804026797f51b522c4959fdcde7fcaa010d1	93849	69	1	accepted	1	31404	31404
201	15	0x1a40155d770d5a166e5976f7f9c1804026797f51b522c4959fdcde7fcaa010d1	93850	69	1	accepted	1	31635	31635
201	15	0x1a40155d770d5a166e5976f7f9c1804026797f51b522c4959fdcde7fcaa010d1	93851	69	1	accepted	1	31644	31644
201	15	0x1a40155d770d5a166e5976f7f9c1804026797f51b522c4959fdcde7fcaa010d1	93852	69	1	accepted	1	31794	31794
201	15	0x1a40155d770d5a166e5976f7f9c1804026797f51b522c4959fdcde7fcaa010d1	93853	69	1	accepted	1	31580	31580
201	15	0x1a40155d770d5a166e5976f7f9c1804026797f51b522c4959fdcde7fcaa010d1	93854	69	1	accepted	1	31789	31789
201	15	0x1a40155d770d5a166e5976f7f9c1804026797f51b522c4959fdcde7fcaa010d1	93855	69	1	accepted	1	31670	31670
201	15	0x1a40155d770d5a166e5976f7f9c1804026797f51b522c4959fdcde7fcaa010d1	93856	69	1	accepted	1	31720	31720
201	15	0x1a40155d770d5a166e5976f7f9c1804026797f51b522c4959fdcde7fcaa010d1	93857	69	1	accepted	1	31646	31646
201	15	0x1a40155d770d5a166e5976f7f9c1804026797f51b522c4959fdcde7fcaa010d1	93858	69	1	accepted	1	31414	31414
201	15	0x1a40155d770d5a166e5976f7f9c1804026797f51b522c4959fdcde7fcaa010d1	93859	69	1	accepted	1	31469	31469
201	15	0x1a40155d770d5a166e5976f7f9c1804026797f51b522c4959fdcde7fcaa010d1	93860	69	1	accepted	1	31862	31862
201	15	0x1a40155d770d5a166e5976f7f9c1804026797f51b522c4959fdcde7fcaa010d1	93861	69	1	accepted	1	31797	31797
201	15	0x1a40155d770d5a166e5976f7f9c1804026797f51b522c4959fdcde7fcaa010d1	93862	69	1	accepted	1	31378	31378
201	15	0x1a40155d770d5a166e5976f7f9c1804026797f51b522c4959fdcde7fcaa010d1	93863	69	1	accepted	1	31772	31772
201	15	0x1a40155d770d5a166e5976f7f9c1804026797f51b522c4959fdcde7fcaa010d1	93864	69	1	accepted	1	31746	31746
201	15	0x1a40155d770d5a166e5976f7f9c1804026797f51b522c4959fdcde7fcaa010d1	93865	69	1	accepted	1	31618	31618
201	15	0x1a40155d770d5a166e5976f7f9c1804026797f51b522c4959fdcde7fcaa010d1	93866	69	1	accepted	1	31560	31560
201	15	0x1a40155d770d5a166e5976f7f9c1804026797f51b522c4959fdcde7fcaa010d1	93867	69	1	accepted	1	31521	31521
201	15	0x1a40155d770d5a166e5976f7f9c1804026797f51b522c4959fdcde7fcaa010d1	93868	69	1	accepted	1	31716	31716
201	15	0x1a40155d770d5a166e5976f7f9c1804026797f51b522c4959fdcde7fcaa010d1	93869	69	1	accepted	1	31575	31575
201	15	0x1a40155d770d5a166e5976f7f9c1804026797f51b522c4959fdcde7fcaa010d1	93870	69	1	accepted	1	31430	31430
201	15	0x1a40155d770d5a166e5976f7f9c1804026797f51b522c4959fdcde7fcaa010d1	93871	69	1	accepted	1	31627	31627
201	15	0x1a40155d770d5a166e5976f7f9c1804026797f51b522c4959fdcde7fcaa010d1	93872	69	1	accepted	1	31565	31565
201	15	0x1a40155d770d5a166e5976f7f9c1804026797f51b522c4959fdcde7fcaa010d1	93873	69	1	accepted	1	31840	31840
201	15	0x1a40155d770d5a166e5976f7f9c1804026797f51b522c4959fdcde7fcaa010d1	93874	69	1	accepted	1	31826	31826
201	15	0x1a40155d770d5a166e5976f7f9c1804026797f51b522c4959fdcde7fcaa010d1	93875	69	1	accepted	1	31732	31732
201	15	0x1a40155d770d5a166e5976f7f9c1804026797f51b522c4959fdcde7fcaa010d1	93876	69	1	accepted	1	31381	31381
201	15	0x1a40155d770d5a166e5976f7f9c1804026797f51b522c4959fdcde7fcaa010d1	93877	69	1	accepted	1	31603	31603
201	15	0x1a40155d770d5a166e5976f7f9c1804026797f51b522c4959fdcde7fcaa010d1	93878	69	1	accepted	1	31520	31520
201	15	0x1a40155d770d5a166e5976f7f9c1804026797f51b522c4959fdcde7fcaa010d1	93879	69	1	accepted	1	31428	31428
201	15	0x1a40155d770d5a166e5976f7f9c1804026797f51b522c4959fdcde7fcaa010d1	93880	69	1	accepted	1	31501	31501
201	15	0x1a40155d770d5a166e5976f7f9c1804026797f51b522c4959fdcde7fcaa010d1	93881	69	1	accepted	1	31680	31680
201	15	0x1a40155d770d5a166e5976f7f9c1804026797f51b522c4959fdcde7fcaa010d1	93882	69	1	accepted	1	31702	31702
201	15	0x1a40155d770d5a166e5976f7f9c1804026797f51b522c4959fdcde7fcaa010d1	93883	69	1	accepted	1	31657	31657
201	15	0x1a40155d770d5a166e5976f7f9c1804026797f51b522c4959fdcde7fcaa010d1	93884	69	1	accepted	1	31570	31570
201	15	0x1a40155d770d5a166e5976f7f9c1804026797f51b522c4959fdcde7fcaa010d1	93885	69	1	accepted	1	31482	31482
201	15	0x1a40155d770d5a166e5976f7f9c1804026797f51b522c4959fdcde7fcaa010d1	93886	69	1	accepted	1	31449	31449
201	15	0x1a40155d770d5a166e5976f7f9c1804026797f51b522c4959fdcde7fcaa010d1	93887	69	1	accepted	1	31724	31724
201	15	0x1a40155d770d5a166e5976f7f9c1804026797f51b522c4959fdcde7fcaa010d1	93888	69	1	accepted	1	31420	31420
201	15	0x1a40155d770d5a166e5976f7f9c1804026797f51b522c4959fdcde7fcaa010d1	93889	69	1	accepted	1	31400	31400
201	15	0x1a40155d770d5a166e5976f7f9c1804026797f51b522c4959fdcde7fcaa010d1	93890	69	1	accepted	1	31741	31741
201	15	0x1a40155d770d5a166e5976f7f9c1804026797f51b522c4959fdcde7fcaa010d1	93891	69	1	accepted	1	31502	31502
201	15	0x1a40155d770d5a166e5976f7f9c1804026797f51b522c4959fdcde7fcaa010d1	93892	69	1	accepted	1	31819	31819
201	15	0x1a40155d770d5a166e5976f7f9c1804026797f51b522c4959fdcde7fcaa010d1	93893	69	1	accepted	1	31515	31515
201	15	0x1a40155d770d5a166e5976f7f9c1804026797f51b522c4959fdcde7fcaa010d1	93894	69	1	accepted	1	31527	31527
201	15	0x1a40155d770d5a166e5976f7f9c1804026797f51b522c4959fdcde7fcaa010d1	93895	69	1	accepted	1	31457	31457
201	15	0x1a40155d770d5a166e5976f7f9c1804026797f51b522c4959fdcde7fcaa010d1	93896	69	1	accepted	1	31368	31368
201	15	0x1a40155d770d5a166e5976f7f9c1804026797f51b522c4959fdcde7fcaa010d1	93897	69	1	accepted	1	31393	31393
201	15	0x1a40155d770d5a166e5976f7f9c1804026797f51b522c4959fdcde7fcaa010d1	93898	69	1	accepted	1	31410	31410
201	15	0x1a40155d770d5a166e5976f7f9c1804026797f51b522c4959fdcde7fcaa010d1	93899	69	1	accepted	1	31610	31610
201	15	0x1a40155d770d5a166e5976f7f9c1804026797f51b522c4959fdcde7fcaa010d1	93900	69	1	accepted	1	31602	31602
201	15	0x1a40155d770d5a166e5976f7f9c1804026797f51b522c4959fdcde7fcaa010d1	93901	69	1	accepted	1	31624	31624
201	15	0x1a40155d770d5a166e5976f7f9c1804026797f51b522c4959fdcde7fcaa010d1	93902	69	1	accepted	1	31820	31820
201	15	0x1a40155d770d5a166e5976f7f9c1804026797f51b522c4959fdcde7fcaa010d1	93903	69	1	accepted	1	31475	31475
201	15	0x1a40155d770d5a166e5976f7f9c1804026797f51b522c4959fdcde7fcaa010d1	93904	69	1	accepted	1	31416	31416
201	15	0x1a40155d770d5a166e5976f7f9c1804026797f51b522c4959fdcde7fcaa010d1	93905	69	1	accepted	1	31531	31531
201	15	0x1a40155d770d5a166e5976f7f9c1804026797f51b522c4959fdcde7fcaa010d1	93906	69	1	accepted	1	31807	31807
201	15	0x1a40155d770d5a166e5976f7f9c1804026797f51b522c4959fdcde7fcaa010d1	93907	69	1	accepted	1	31815	31815
201	15	0x1a40155d770d5a166e5976f7f9c1804026797f51b522c4959fdcde7fcaa010d1	93908	69	1	accepted	1	31830	31830
201	15	0x1a40155d770d5a166e5976f7f9c1804026797f51b522c4959fdcde7fcaa010d1	93909	69	1	accepted	1	31857	31857
201	15	0x1a40155d770d5a166e5976f7f9c1804026797f51b522c4959fdcde7fcaa010d1	93910	69	1	accepted	1	31464	31464
201	15	0x1a40155d770d5a166e5976f7f9c1804026797f51b522c4959fdcde7fcaa010d1	93911	69	1	accepted	1	31454	31454
201	15	0x1a40155d770d5a166e5976f7f9c1804026797f51b522c4959fdcde7fcaa010d1	93912	69	1	accepted	1	31499	31499
201	15	0x1a40155d770d5a166e5976f7f9c1804026797f51b522c4959fdcde7fcaa010d1	93913	69	1	accepted	1	31532	31532
201	15	0x1a40155d770d5a166e5976f7f9c1804026797f51b522c4959fdcde7fcaa010d1	93914	69	1	accepted	1	31546	31546
201	15	0x1a40155d770d5a166e5976f7f9c1804026797f51b522c4959fdcde7fcaa010d1	93915	69	1	accepted	1	31763	31763
201	15	0x1a40155d770d5a166e5976f7f9c1804026797f51b522c4959fdcde7fcaa010d1	93916	69	1	accepted	1	31397	31397
201	15	0x1a40155d770d5a166e5976f7f9c1804026797f51b522c4959fdcde7fcaa010d1	93917	69	1	accepted	1	31411	31411
201	15	0x1a40155d770d5a166e5976f7f9c1804026797f51b522c4959fdcde7fcaa010d1	93918	69	1	accepted	1	31816	31816
201	15	0x1a40155d770d5a166e5976f7f9c1804026797f51b522c4959fdcde7fcaa010d1	93919	69	1	accepted	1	31622	31622
201	15	0x1a40155d770d5a166e5976f7f9c1804026797f51b522c4959fdcde7fcaa010d1	93920	69	1	accepted	1	31796	31796
201	15	0x1a40155d770d5a166e5976f7f9c1804026797f51b522c4959fdcde7fcaa010d1	93921	69	1	accepted	1	31461	31461
201	15	0x1a40155d770d5a166e5976f7f9c1804026797f51b522c4959fdcde7fcaa010d1	93922	69	1	accepted	1	31496	31496
201	15	0x1a40155d770d5a166e5976f7f9c1804026797f51b522c4959fdcde7fcaa010d1	93923	69	1	accepted	1	31367	31367
201	15	0x1a40155d770d5a166e5976f7f9c1804026797f51b522c4959fdcde7fcaa010d1	93924	69	1	accepted	1	31446	31446
201	15	0x1a40155d770d5a166e5976f7f9c1804026797f51b522c4959fdcde7fcaa010d1	93925	69	1	accepted	1	31589	31589
201	15	0x1a40155d770d5a166e5976f7f9c1804026797f51b522c4959fdcde7fcaa010d1	93926	69	1	accepted	1	31585	31585
201	15	0x1a40155d770d5a166e5976f7f9c1804026797f51b522c4959fdcde7fcaa010d1	93927	69	1	accepted	1	31480	31480
201	15	0x1a40155d770d5a166e5976f7f9c1804026797f51b522c4959fdcde7fcaa010d1	93928	69	1	accepted	1	31758	31758
201	15	0x1a40155d770d5a166e5976f7f9c1804026797f51b522c4959fdcde7fcaa010d1	93929	69	1	accepted	1	31868	31868
201	15	0x1a40155d770d5a166e5976f7f9c1804026797f51b522c4959fdcde7fcaa010d1	93930	69	1	accepted	1	31415	31415
201	15	0x1a40155d770d5a166e5976f7f9c1804026797f51b522c4959fdcde7fcaa010d1	93931	69	1	accepted	1	31699	31699
201	15	0x1a40155d770d5a166e5976f7f9c1804026797f51b522c4959fdcde7fcaa010d1	93932	69	1	accepted	1	31573	31573
201	15	0x1a40155d770d5a166e5976f7f9c1804026797f51b522c4959fdcde7fcaa010d1	93933	69	1	accepted	1	31611	31611
201	15	0x1a40155d770d5a166e5976f7f9c1804026797f51b522c4959fdcde7fcaa010d1	93934	69	1	accepted	1	31792	31792
201	15	0x1a40155d770d5a166e5976f7f9c1804026797f51b522c4959fdcde7fcaa010d1	93935	69	1	accepted	1	31477	31477
201	15	0x1a40155d770d5a166e5976f7f9c1804026797f51b522c4959fdcde7fcaa010d1	93936	69	1	accepted	1	31597	31597
201	15	0x1a40155d770d5a166e5976f7f9c1804026797f51b522c4959fdcde7fcaa010d1	93937	69	1	accepted	1	31783	31783
201	15	0x1a40155d770d5a166e5976f7f9c1804026797f51b522c4959fdcde7fcaa010d1	93938	69	1	accepted	1	31735	31735
201	15	0x1a40155d770d5a166e5976f7f9c1804026797f51b522c4959fdcde7fcaa010d1	93939	69	1	accepted	1	31625	31625
201	15	0x1a40155d770d5a166e5976f7f9c1804026797f51b522c4959fdcde7fcaa010d1	93940	69	1	accepted	1	31738	31738
201	15	0x1a40155d770d5a166e5976f7f9c1804026797f51b522c4959fdcde7fcaa010d1	93941	69	1	accepted	1	31818	31818
201	15	0x1a40155d770d5a166e5976f7f9c1804026797f51b522c4959fdcde7fcaa010d1	93942	69	1	accepted	1	31401	31401
201	15	0x1a40155d770d5a166e5976f7f9c1804026797f51b522c4959fdcde7fcaa010d1	93943	69	1	accepted	1	31559	31559
201	15	0x1a40155d770d5a166e5976f7f9c1804026797f51b522c4959fdcde7fcaa010d1	93944	69	1	accepted	1	31478	31478
201	15	0x1a40155d770d5a166e5976f7f9c1804026797f51b522c4959fdcde7fcaa010d1	93945	69	1	accepted	1	31656	31656
201	15	0x1a40155d770d5a166e5976f7f9c1804026797f51b522c4959fdcde7fcaa010d1	93946	69	1	accepted	1	31681	31681
201	15	0x1a40155d770d5a166e5976f7f9c1804026797f51b522c4959fdcde7fcaa010d1	93947	69	1	accepted	1	31370	31370
201	15	0x1a40155d770d5a166e5976f7f9c1804026797f51b522c4959fdcde7fcaa010d1	93948	69	1	accepted	1	31517	31517
201	15	0x1a40155d770d5a166e5976f7f9c1804026797f51b522c4959fdcde7fcaa010d1	93949	69	1	accepted	1	31769	31769
201	15	0x1a40155d770d5a166e5976f7f9c1804026797f51b522c4959fdcde7fcaa010d1	93950	69	1	accepted	1	31390	31390
201	15	0x1a40155d770d5a166e5976f7f9c1804026797f51b522c4959fdcde7fcaa010d1	93951	69	1	accepted	1	31774	31774
201	15	0x1a40155d770d5a166e5976f7f9c1804026797f51b522c4959fdcde7fcaa010d1	93952	69	1	accepted	1	31743	31743
201	15	0x1a40155d770d5a166e5976f7f9c1804026797f51b522c4959fdcde7fcaa010d1	93953	69	1	accepted	1	31793	31793
201	15	0x1a40155d770d5a166e5976f7f9c1804026797f51b522c4959fdcde7fcaa010d1	93954	69	1	accepted	1	31715	31715
201	15	0x1a40155d770d5a166e5976f7f9c1804026797f51b522c4959fdcde7fcaa010d1	93955	69	1	accepted	1	31433	31433
201	15	0x1a40155d770d5a166e5976f7f9c1804026797f51b522c4959fdcde7fcaa010d1	93956	69	1	accepted	1	31431	31431
201	15	0x1a40155d770d5a166e5976f7f9c1804026797f51b522c4959fdcde7fcaa010d1	93957	69	1	accepted	1	31522	31522
201	15	0x1a40155d770d5a166e5976f7f9c1804026797f51b522c4959fdcde7fcaa010d1	93958	69	1	accepted	1	31467	31467
201	15	0x1a40155d770d5a166e5976f7f9c1804026797f51b522c4959fdcde7fcaa010d1	93959	69	1	accepted	1	31540	31540
201	15	0x1a40155d770d5a166e5976f7f9c1804026797f51b522c4959fdcde7fcaa010d1	93960	69	1	accepted	1	31503	31503
201	15	0x1a40155d770d5a166e5976f7f9c1804026797f51b522c4959fdcde7fcaa010d1	93961	69	1	accepted	1	31623	31623
201	15	0x1a40155d770d5a166e5976f7f9c1804026797f51b522c4959fdcde7fcaa010d1	93962	69	1	accepted	1	31748	31748
201	15	0x1a40155d770d5a166e5976f7f9c1804026797f51b522c4959fdcde7fcaa010d1	93963	69	1	accepted	1	31722	31722
201	15	0x1a40155d770d5a166e5976f7f9c1804026797f51b522c4959fdcde7fcaa010d1	93964	69	1	accepted	1	31505	31505
201	15	0x1a40155d770d5a166e5976f7f9c1804026797f51b522c4959fdcde7fcaa010d1	93965	69	1	accepted	1	31682	31682
201	15	0x1a40155d770d5a166e5976f7f9c1804026797f51b522c4959fdcde7fcaa010d1	93966	69	1	accepted	1	31768	31768
201	15	0x1a40155d770d5a166e5976f7f9c1804026797f51b522c4959fdcde7fcaa010d1	93967	69	1	accepted	1	31639	31639
201	15	0x1a40155d770d5a166e5976f7f9c1804026797f51b522c4959fdcde7fcaa010d1	93968	69	1	accepted	1	31592	31592
201	15	0x1a40155d770d5a166e5976f7f9c1804026797f51b522c4959fdcde7fcaa010d1	93969	69	1	accepted	1	31529	31529
201	15	0x1a40155d770d5a166e5976f7f9c1804026797f51b522c4959fdcde7fcaa010d1	93970	69	1	accepted	1	31841	31841
201	15	0x1a40155d770d5a166e5976f7f9c1804026797f51b522c4959fdcde7fcaa010d1	93971	69	1	accepted	1	31366	31366
201	15	0x1a40155d770d5a166e5976f7f9c1804026797f51b522c4959fdcde7fcaa010d1	93972	69	1	accepted	1	31375	31375
201	15	0x1a40155d770d5a166e5976f7f9c1804026797f51b522c4959fdcde7fcaa010d1	93973	69	1	accepted	1	31556	31556
201	15	0x1a40155d770d5a166e5976f7f9c1804026797f51b522c4959fdcde7fcaa010d1	93974	69	1	accepted	1	31396	31396
201	15	0x1a40155d770d5a166e5976f7f9c1804026797f51b522c4959fdcde7fcaa010d1	93975	69	1	accepted	1	31439	31439
201	15	0x1a40155d770d5a166e5976f7f9c1804026797f51b522c4959fdcde7fcaa010d1	93976	69	1	accepted	1	31518	31518
201	15	0x1a40155d770d5a166e5976f7f9c1804026797f51b522c4959fdcde7fcaa010d1	93977	69	1	accepted	1	31574	31574
201	15	0x1a40155d770d5a166e5976f7f9c1804026797f51b522c4959fdcde7fcaa010d1	93978	69	1	accepted	1	31688	31688
201	15	0x1a40155d770d5a166e5976f7f9c1804026797f51b522c4959fdcde7fcaa010d1	93979	69	1	accepted	1	31643	31643
201	15	0x1a40155d770d5a166e5976f7f9c1804026797f51b522c4959fdcde7fcaa010d1	93980	69	1	accepted	1	31704	31704
201	15	0x1a40155d770d5a166e5976f7f9c1804026797f51b522c4959fdcde7fcaa010d1	93981	69	1	accepted	1	31764	31764
201	15	0x1a40155d770d5a166e5976f7f9c1804026797f51b522c4959fdcde7fcaa010d1	93982	69	1	accepted	1	31751	31751
201	15	0x1a40155d770d5a166e5976f7f9c1804026797f51b522c4959fdcde7fcaa010d1	93983	69	1	accepted	1	31803	31803
201	15	0x1a40155d770d5a166e5976f7f9c1804026797f51b522c4959fdcde7fcaa010d1	93984	69	1	accepted	1	31524	31524
201	15	0x1a40155d770d5a166e5976f7f9c1804026797f51b522c4959fdcde7fcaa010d1	93985	69	1	accepted	1	31668	31668
201	15	0x1a40155d770d5a166e5976f7f9c1804026797f51b522c4959fdcde7fcaa010d1	93986	69	1	accepted	1	31787	31787
201	15	0x1a40155d770d5a166e5976f7f9c1804026797f51b522c4959fdcde7fcaa010d1	93987	69	1	accepted	1	31481	31481
201	15	0x1a40155d770d5a166e5976f7f9c1804026797f51b522c4959fdcde7fcaa010d1	93988	69	1	accepted	1	31678	31678
201	15	0x1a40155d770d5a166e5976f7f9c1804026797f51b522c4959fdcde7fcaa010d1	93989	69	1	accepted	1	31612	31612
201	15	0x1a40155d770d5a166e5976f7f9c1804026797f51b522c4959fdcde7fcaa010d1	93990	69	1	accepted	1	31827	31827
201	15	0x1a40155d770d5a166e5976f7f9c1804026797f51b522c4959fdcde7fcaa010d1	93991	69	1	accepted	1	31825	31825
201	15	0x1a40155d770d5a166e5976f7f9c1804026797f51b522c4959fdcde7fcaa010d1	93992	69	1	accepted	1	31770	31770
201	15	0x1a40155d770d5a166e5976f7f9c1804026797f51b522c4959fdcde7fcaa010d1	93993	69	1	accepted	1	31407	31407
201	15	0x1a40155d770d5a166e5976f7f9c1804026797f51b522c4959fdcde7fcaa010d1	93994	69	1	accepted	1	31631	31631
201	15	0x1a40155d770d5a166e5976f7f9c1804026797f51b522c4959fdcde7fcaa010d1	93995	69	1	accepted	1	31617	31617
201	15	0x1a40155d770d5a166e5976f7f9c1804026797f51b522c4959fdcde7fcaa010d1	93996	69	1	accepted	1	31808	31808
201	15	0x1a40155d770d5a166e5976f7f9c1804026797f51b522c4959fdcde7fcaa010d1	93997	69	1	accepted	1	31730	31730
201	15	0x1a40155d770d5a166e5976f7f9c1804026797f51b522c4959fdcde7fcaa010d1	93998	69	1	accepted	1	31412	31412
201	15	0x1a40155d770d5a166e5976f7f9c1804026797f51b522c4959fdcde7fcaa010d1	93999	69	1	accepted	1	31598	31598
201	15	0x1a40155d770d5a166e5976f7f9c1804026797f51b522c4959fdcde7fcaa010d1	94000	69	1	accepted	1	31671	31671
201	15	0x1a40155d770d5a166e5976f7f9c1804026797f51b522c4959fdcde7fcaa010d1	94001	69	1	accepted	1	31605	31605
201	15	0x1a40155d770d5a166e5976f7f9c1804026797f51b522c4959fdcde7fcaa010d1	94002	69	1	accepted	1	31373	31373
201	15	0x1a40155d770d5a166e5976f7f9c1804026797f51b522c4959fdcde7fcaa010d1	94003	69	1	accepted	1	31579	31579
201	15	0x1a40155d770d5a166e5976f7f9c1804026797f51b522c4959fdcde7fcaa010d1	94004	69	1	accepted	1	31666	31666
201	15	0x1a40155d770d5a166e5976f7f9c1804026797f51b522c4959fdcde7fcaa010d1	94005	69	1	accepted	1	31582	31582
201	15	0x1a40155d770d5a166e5976f7f9c1804026797f51b522c4959fdcde7fcaa010d1	94006	69	1	accepted	1	31836	31836
201	15	0x1a40155d770d5a166e5976f7f9c1804026797f51b522c4959fdcde7fcaa010d1	94007	69	1	accepted	1	31418	31418
201	15	0x1a40155d770d5a166e5976f7f9c1804026797f51b522c4959fdcde7fcaa010d1	94008	69	1	accepted	1	31451	31451
201	15	0x1a40155d770d5a166e5976f7f9c1804026797f51b522c4959fdcde7fcaa010d1	94009	69	1	accepted	1	31436	31436
201	15	0x1a40155d770d5a166e5976f7f9c1804026797f51b522c4959fdcde7fcaa010d1	94010	69	1	accepted	1	31696	31696
201	15	0x1a40155d770d5a166e5976f7f9c1804026797f51b522c4959fdcde7fcaa010d1	94011	69	1	accepted	1	31613	31613
201	15	0x1a40155d770d5a166e5976f7f9c1804026797f51b522c4959fdcde7fcaa010d1	94012	69	1	accepted	1	31458	31458
201	15	0x1a40155d770d5a166e5976f7f9c1804026797f51b522c4959fdcde7fcaa010d1	94013	69	1	accepted	1	31731	31731
201	15	0x1a40155d770d5a166e5976f7f9c1804026797f51b522c4959fdcde7fcaa010d1	94014	69	1	accepted	1	31452	31452
201	15	0x1a40155d770d5a166e5976f7f9c1804026797f51b522c4959fdcde7fcaa010d1	94015	69	1	accepted	1	31771	31771
201	15	0x1a40155d770d5a166e5976f7f9c1804026797f51b522c4959fdcde7fcaa010d1	94016	69	1	accepted	1	31406	31406
201	15	0x1a40155d770d5a166e5976f7f9c1804026797f51b522c4959fdcde7fcaa010d1	94017	69	1	accepted	1	31795	31795
201	15	0x1a40155d770d5a166e5976f7f9c1804026797f51b522c4959fdcde7fcaa010d1	94018	69	1	accepted	1	31812	31812
201	15	0x1a40155d770d5a166e5976f7f9c1804026797f51b522c4959fdcde7fcaa010d1	94019	69	1	accepted	1	31383	31383
201	15	0x1a40155d770d5a166e5976f7f9c1804026797f51b522c4959fdcde7fcaa010d1	94020	69	1	accepted	1	31729	31729
201	15	0x1a40155d770d5a166e5976f7f9c1804026797f51b522c4959fdcde7fcaa010d1	94021	69	1	accepted	1	31547	31547
201	15	0x1a40155d770d5a166e5976f7f9c1804026797f51b522c4959fdcde7fcaa010d1	94022	69	1	accepted	1	31777	31777
201	15	0x1a40155d770d5a166e5976f7f9c1804026797f51b522c4959fdcde7fcaa010d1	94023	69	1	accepted	1	31739	31739
201	15	0x1a40155d770d5a166e5976f7f9c1804026797f51b522c4959fdcde7fcaa010d1	94024	69	1	accepted	1	31753	31753
201	15	0x1a40155d770d5a166e5976f7f9c1804026797f51b522c4959fdcde7fcaa010d1	94025	69	1	accepted	1	31600	31600
201	15	0x6856419067eae1ba1bd63c1f519dcff0c921b3363a5f202ea5f69c6ef429df41	93514	68	1	accepted	1	28664	28664
201	15	0x6856419067eae1ba1bd63c1f519dcff0c921b3363a5f202ea5f69c6ef429df41	93515	68	1	accepted	1	28670	28670
201	15	0x6856419067eae1ba1bd63c1f519dcff0c921b3363a5f202ea5f69c6ef429df41	93516	68	1	accepted	1	28700	28700
201	15	0x6856419067eae1ba1bd63c1f519dcff0c921b3363a5f202ea5f69c6ef429df41	93517	68	1	accepted	1	28643	28643
201	15	0x6856419067eae1ba1bd63c1f519dcff0c921b3363a5f202ea5f69c6ef429df41	93518	68	1	accepted	1	28680	28680
201	15	0x6856419067eae1ba1bd63c1f519dcff0c921b3363a5f202ea5f69c6ef429df41	93519	68	1	accepted	1	28701	28701
201	15	0x6856419067eae1ba1bd63c1f519dcff0c921b3363a5f202ea5f69c6ef429df41	93520	68	1	accepted	1	28647	28647
201	15	0x6856419067eae1ba1bd63c1f519dcff0c921b3363a5f202ea5f69c6ef429df41	93521	68	1	accepted	1	28696	28696
201	15	0x6856419067eae1ba1bd63c1f519dcff0c921b3363a5f202ea5f69c6ef429df41	93522	68	1	accepted	1	28646	28646
201	15	0x6856419067eae1ba1bd63c1f519dcff0c921b3363a5f202ea5f69c6ef429df41	93523	68	1	accepted	1	28658	28658
201	15	0x6856419067eae1ba1bd63c1f519dcff0c921b3363a5f202ea5f69c6ef429df41	93524	68	1	accepted	1	28683	28683
201	15	0x6856419067eae1ba1bd63c1f519dcff0c921b3363a5f202ea5f69c6ef429df41	93525	68	1	accepted	1	28689	28689
201	15	0x6856419067eae1ba1bd63c1f519dcff0c921b3363a5f202ea5f69c6ef429df41	93526	68	1	accepted	1	28697	28697
201	15	0x6856419067eae1ba1bd63c1f519dcff0c921b3363a5f202ea5f69c6ef429df41	93527	68	1	accepted	1	28669	28669
201	15	0x6856419067eae1ba1bd63c1f519dcff0c921b3363a5f202ea5f69c6ef429df41	93528	68	1	accepted	1	28704	28704
201	15	0x6856419067eae1ba1bd63c1f519dcff0c921b3363a5f202ea5f69c6ef429df41	93529	68	1	accepted	1	28641	28641
201	15	0x6856419067eae1ba1bd63c1f519dcff0c921b3363a5f202ea5f69c6ef429df41	93530	68	1	accepted	1	28694	28694
201	15	0x6856419067eae1ba1bd63c1f519dcff0c921b3363a5f202ea5f69c6ef429df41	93531	68	1	accepted	1	28671	28671
201	15	0x6856419067eae1ba1bd63c1f519dcff0c921b3363a5f202ea5f69c6ef429df41	93532	68	1	accepted	1	28687	28687
201	15	0x6856419067eae1ba1bd63c1f519dcff0c921b3363a5f202ea5f69c6ef429df41	93533	68	1	accepted	1	28699	28699
201	15	0x6856419067eae1ba1bd63c1f519dcff0c921b3363a5f202ea5f69c6ef429df41	93534	68	1	accepted	1	28688	28688
201	15	0x6856419067eae1ba1bd63c1f519dcff0c921b3363a5f202ea5f69c6ef429df41	93535	68	1	accepted	1	28691	28691
201	15	0x6856419067eae1ba1bd63c1f519dcff0c921b3363a5f202ea5f69c6ef429df41	93536	68	1	accepted	1	28676	28676
201	15	0x6856419067eae1ba1bd63c1f519dcff0c921b3363a5f202ea5f69c6ef429df41	93537	68	1	accepted	1	28648	28648
201	15	0x6856419067eae1ba1bd63c1f519dcff0c921b3363a5f202ea5f69c6ef429df41	93538	68	1	accepted	1	28737	28737
201	15	0x6856419067eae1ba1bd63c1f519dcff0c921b3363a5f202ea5f69c6ef429df41	93539	68	1	accepted	1	28639	28639
201	15	0x6856419067eae1ba1bd63c1f519dcff0c921b3363a5f202ea5f69c6ef429df41	93540	68	1	accepted	1	28695	28695
201	15	0x6856419067eae1ba1bd63c1f519dcff0c921b3363a5f202ea5f69c6ef429df41	93541	68	1	accepted	1	28686	28686
201	15	0x6856419067eae1ba1bd63c1f519dcff0c921b3363a5f202ea5f69c6ef429df41	93542	68	1	accepted	1	28675	28675
201	15	0x6856419067eae1ba1bd63c1f519dcff0c921b3363a5f202ea5f69c6ef429df41	93543	68	1	accepted	1	28681	28681
201	15	0x6856419067eae1ba1bd63c1f519dcff0c921b3363a5f202ea5f69c6ef429df41	93544	68	1	accepted	1	28640	28640
201	15	0x6856419067eae1ba1bd63c1f519dcff0c921b3363a5f202ea5f69c6ef429df41	93545	68	1	accepted	1	28656	28656
201	15	0x6856419067eae1ba1bd63c1f519dcff0c921b3363a5f202ea5f69c6ef429df41	93546	68	1	accepted	1	28673	28673
201	15	0x6856419067eae1ba1bd63c1f519dcff0c921b3363a5f202ea5f69c6ef429df41	93547	68	1	accepted	1	28698	28698
201	15	0x6856419067eae1ba1bd63c1f519dcff0c921b3363a5f202ea5f69c6ef429df41	93548	68	1	accepted	1	28644	28644
201	15	0x6856419067eae1ba1bd63c1f519dcff0c921b3363a5f202ea5f69c6ef429df41	93549	68	1	accepted	1	28663	28663
201	15	0x6856419067eae1ba1bd63c1f519dcff0c921b3363a5f202ea5f69c6ef429df41	93550	68	1	accepted	1	28677	28677
201	15	0x6856419067eae1ba1bd63c1f519dcff0c921b3363a5f202ea5f69c6ef429df41	93551	68	1	accepted	1	28682	28682
201	15	0x6856419067eae1ba1bd63c1f519dcff0c921b3363a5f202ea5f69c6ef429df41	93552	68	1	accepted	1	28702	28702
201	15	0x6856419067eae1ba1bd63c1f519dcff0c921b3363a5f202ea5f69c6ef429df41	93553	68	1	accepted	1	28738	28738
201	15	0x6856419067eae1ba1bd63c1f519dcff0c921b3363a5f202ea5f69c6ef429df41	93554	68	1	accepted	1	28645	28645
201	15	0x6856419067eae1ba1bd63c1f519dcff0c921b3363a5f202ea5f69c6ef429df41	93555	68	1	accepted	1	28685	28685
201	15	0x6856419067eae1ba1bd63c1f519dcff0c921b3363a5f202ea5f69c6ef429df41	93556	68	1	accepted	1	28678	28678
201	15	0x6856419067eae1ba1bd63c1f519dcff0c921b3363a5f202ea5f69c6ef429df41	93557	68	1	accepted	1	28690	28690
201	15	0x6856419067eae1ba1bd63c1f519dcff0c921b3363a5f202ea5f69c6ef429df41	93558	68	1	accepted	1	28642	28642
201	15	0x6856419067eae1ba1bd63c1f519dcff0c921b3363a5f202ea5f69c6ef429df41	93559	68	1	accepted	1	28674	28674
201	15	0x6856419067eae1ba1bd63c1f519dcff0c921b3363a5f202ea5f69c6ef429df41	93560	68	1	accepted	1	28679	28679
201	15	0x6856419067eae1ba1bd63c1f519dcff0c921b3363a5f202ea5f69c6ef429df41	93561	68	1	accepted	1	28661	28661
201	15	0x6856419067eae1ba1bd63c1f519dcff0c921b3363a5f202ea5f69c6ef429df41	93562	68	1	accepted	1	28693	28693
201	15	0x6856419067eae1ba1bd63c1f519dcff0c921b3363a5f202ea5f69c6ef429df41	93563	68	1	accepted	1	28684	28684
201	15	0x6856419067eae1ba1bd63c1f519dcff0c921b3363a5f202ea5f69c6ef429df41	93564	68	1	accepted	1	28667	28667
201	15	0x6856419067eae1ba1bd63c1f519dcff0c921b3363a5f202ea5f69c6ef429df41	93565	68	1	accepted	1	28692	28692
201	15	0x6856419067eae1ba1bd63c1f519dcff0c921b3363a5f202ea5f69c6ef429df41	93566	68	1	accepted	1	28659	28659
201	15	0x6856419067eae1ba1bd63c1f519dcff0c921b3363a5f202ea5f69c6ef429df41	93567	68	1	accepted	1	28672	28672
201	16	0x4b07a2a4ef496b99e14601673b47caf145ce8834b57e2f365cb40c71b03e9857	27557	94	1	accepted	1	34684	34684
201	16	0x4b07a2a4ef496b99e14601673b47caf145ce8834b57e2f365cb40c71b03e9857	27558	94	1	accepted	1	34756	34756
201	16	0x4b07a2a4ef496b99e14601673b47caf145ce8834b57e2f365cb40c71b03e9857	27559	94	1	accepted	1	34762	34762
201	16	0x4b07a2a4ef496b99e14601673b47caf145ce8834b57e2f365cb40c71b03e9857	27560	94	1	accepted	1	34764	34764
201	16	0x4b07a2a4ef496b99e14601673b47caf145ce8834b57e2f365cb40c71b03e9857	27561	94	1	accepted	1	34771	34771
201	16	0x4b07a2a4ef496b99e14601673b47caf145ce8834b57e2f365cb40c71b03e9857	27562	94	1	accepted	1	34755	34755
201	16	0x4b07a2a4ef496b99e14601673b47caf145ce8834b57e2f365cb40c71b03e9857	27563	94	1	accepted	1	34760	34760
201	16	0x4b07a2a4ef496b99e14601673b47caf145ce8834b57e2f365cb40c71b03e9857	27564	94	1	accepted	1	34763	34763
201	16	0x4b07a2a4ef496b99e14601673b47caf145ce8834b57e2f365cb40c71b03e9857	27565	94	1	accepted	1	34765	34765
201	16	0x4b07a2a4ef496b99e14601673b47caf145ce8834b57e2f365cb40c71b03e9857	27566	94	1	accepted	1	34769	34769
201	16	0x4b07a2a4ef496b99e14601673b47caf145ce8834b57e2f365cb40c71b03e9857	27567	94	1	accepted	1	34758	34758
201	16	0x4b07a2a4ef496b99e14601673b47caf145ce8834b57e2f365cb40c71b03e9857	27568	94	1	accepted	1	34753	34753
201	16	0x4b07a2a4ef496b99e14601673b47caf145ce8834b57e2f365cb40c71b03e9857	27569	94	1	accepted	1	34754	34754
201	16	0x4b07a2a4ef496b99e14601673b47caf145ce8834b57e2f365cb40c71b03e9857	27570	94	1	accepted	1	34773	34773
201	16	0x4b07a2a4ef496b99e14601673b47caf145ce8834b57e2f365cb40c71b03e9857	27571	94	1	accepted	1	34759	34759
201	16	0x4b07a2a4ef496b99e14601673b47caf145ce8834b57e2f365cb40c71b03e9857	27572	94	1	accepted	1	34770	34770
201	16	0x4b07a2a4ef496b99e14601673b47caf145ce8834b57e2f365cb40c71b03e9857	27573	94	1	accepted	1	34768	34768
201	16	0x4b07a2a4ef496b99e14601673b47caf145ce8834b57e2f365cb40c71b03e9857	27574	94	1	accepted	1	34766	34766
201	16	0x4b07a2a4ef496b99e14601673b47caf145ce8834b57e2f365cb40c71b03e9857	27575	94	1	accepted	1	34663	34663
201	16	0x4b07a2a4ef496b99e14601673b47caf145ce8834b57e2f365cb40c71b03e9857	27576	94	1	accepted	1	34772	34772
201	16	0x4b07a2a4ef496b99e14601673b47caf145ce8834b57e2f365cb40c71b03e9857	27577	94	1	accepted	1	34757	34757
201	16	0x4b07a2a4ef496b99e14601673b47caf145ce8834b57e2f365cb40c71b03e9857	27578	94	1	accepted	1	34761	34761
201	16	0x4b07a2a4ef496b99e14601673b47caf145ce8834b57e2f365cb40c71b03e9857	27579	94	1	accepted	1	34767	34767
201	16	0x6856419067eae1ba1bd63c1f519dcff0c921b3363a5f202ea5f69c6ef429df41	27068	93	1	accepted	1	35530	35530
201	16	0x6856419067eae1ba1bd63c1f519dcff0c921b3363a5f202ea5f69c6ef429df41	27069	93	1	accepted	1	35302	35302
201	16	0x6856419067eae1ba1bd63c1f519dcff0c921b3363a5f202ea5f69c6ef429df41	27070	93	1	accepted	1	34843	34843
201	16	0x6856419067eae1ba1bd63c1f519dcff0c921b3363a5f202ea5f69c6ef429df41	27071	93	1	accepted	1	35168	35168
201	16	0x6856419067eae1ba1bd63c1f519dcff0c921b3363a5f202ea5f69c6ef429df41	27072	93	1	accepted	1	35475	35475
201	16	0x6856419067eae1ba1bd63c1f519dcff0c921b3363a5f202ea5f69c6ef429df41	27073	93	1	accepted	1	35058	35058
201	16	0x6856419067eae1ba1bd63c1f519dcff0c921b3363a5f202ea5f69c6ef429df41	27074	93	1	accepted	1	35441	35441
201	16	0x6856419067eae1ba1bd63c1f519dcff0c921b3363a5f202ea5f69c6ef429df41	27075	93	1	accepted	1	35194	35194
201	16	0x6856419067eae1ba1bd63c1f519dcff0c921b3363a5f202ea5f69c6ef429df41	27076	93	1	accepted	1	35206	35206
201	16	0x6856419067eae1ba1bd63c1f519dcff0c921b3363a5f202ea5f69c6ef429df41	27077	93	1	accepted	1	35301	35301
201	16	0x6856419067eae1ba1bd63c1f519dcff0c921b3363a5f202ea5f69c6ef429df41	27078	93	1	accepted	1	35289	35289
201	16	0x6856419067eae1ba1bd63c1f519dcff0c921b3363a5f202ea5f69c6ef429df41	27079	93	1	accepted	1	35552	35552
201	16	0x6856419067eae1ba1bd63c1f519dcff0c921b3363a5f202ea5f69c6ef429df41	27080	93	1	accepted	1	35331	35331
201	16	0x6856419067eae1ba1bd63c1f519dcff0c921b3363a5f202ea5f69c6ef429df41	27081	93	1	accepted	1	35407	35407
201	16	0x6856419067eae1ba1bd63c1f519dcff0c921b3363a5f202ea5f69c6ef429df41	27082	93	1	accepted	1	35234	35234
201	16	0x6856419067eae1ba1bd63c1f519dcff0c921b3363a5f202ea5f69c6ef429df41	27083	93	1	accepted	1	35402	35402
201	16	0x6856419067eae1ba1bd63c1f519dcff0c921b3363a5f202ea5f69c6ef429df41	27084	93	1	accepted	1	35478	35478
201	16	0x6856419067eae1ba1bd63c1f519dcff0c921b3363a5f202ea5f69c6ef429df41	27085	93	1	accepted	1	35340	35340
201	16	0x6856419067eae1ba1bd63c1f519dcff0c921b3363a5f202ea5f69c6ef429df41	27086	93	1	accepted	1	34880	34880
201	16	0x6856419067eae1ba1bd63c1f519dcff0c921b3363a5f202ea5f69c6ef429df41	27087	93	1	accepted	1	35263	35263
201	16	0x6856419067eae1ba1bd63c1f519dcff0c921b3363a5f202ea5f69c6ef429df41	27088	93	1	accepted	1	35262	35262
201	16	0x6856419067eae1ba1bd63c1f519dcff0c921b3363a5f202ea5f69c6ef429df41	27089	93	1	accepted	1	34854	34854
201	16	0x6856419067eae1ba1bd63c1f519dcff0c921b3363a5f202ea5f69c6ef429df41	27090	93	1	accepted	1	35514	35514
201	16	0x6856419067eae1ba1bd63c1f519dcff0c921b3363a5f202ea5f69c6ef429df41	27091	93	1	accepted	1	35546	35546
201	16	0x6856419067eae1ba1bd63c1f519dcff0c921b3363a5f202ea5f69c6ef429df41	27092	93	1	accepted	1	35268	35268
201	16	0x6856419067eae1ba1bd63c1f519dcff0c921b3363a5f202ea5f69c6ef429df41	27093	93	1	accepted	1	35378	35378
201	16	0x6856419067eae1ba1bd63c1f519dcff0c921b3363a5f202ea5f69c6ef429df41	27094	93	1	accepted	1	35211	35211
201	16	0x6856419067eae1ba1bd63c1f519dcff0c921b3363a5f202ea5f69c6ef429df41	27095	93	1	accepted	1	35497	35497
201	16	0x6856419067eae1ba1bd63c1f519dcff0c921b3363a5f202ea5f69c6ef429df41	27096	93	1	accepted	1	35385	35385
201	16	0x6856419067eae1ba1bd63c1f519dcff0c921b3363a5f202ea5f69c6ef429df41	27097	93	1	accepted	1	35229	35229
201	16	0x6856419067eae1ba1bd63c1f519dcff0c921b3363a5f202ea5f69c6ef429df41	27098	93	1	accepted	1	35446	35446
201	16	0x6856419067eae1ba1bd63c1f519dcff0c921b3363a5f202ea5f69c6ef429df41	27099	93	1	accepted	1	35386	35386
201	16	0x6856419067eae1ba1bd63c1f519dcff0c921b3363a5f202ea5f69c6ef429df41	27100	93	1	accepted	1	35223	35223
201	16	0x6856419067eae1ba1bd63c1f519dcff0c921b3363a5f202ea5f69c6ef429df41	27101	93	1	accepted	1	35480	35480
201	16	0x6856419067eae1ba1bd63c1f519dcff0c921b3363a5f202ea5f69c6ef429df41	27102	93	1	accepted	1	35254	35254
201	16	0x6856419067eae1ba1bd63c1f519dcff0c921b3363a5f202ea5f69c6ef429df41	27103	93	1	accepted	1	35217	35217
201	16	0x6856419067eae1ba1bd63c1f519dcff0c921b3363a5f202ea5f69c6ef429df41	27104	93	1	accepted	1	35496	35496
201	16	0x6856419067eae1ba1bd63c1f519dcff0c921b3363a5f202ea5f69c6ef429df41	27105	93	1	accepted	1	35394	35394
201	16	0x6856419067eae1ba1bd63c1f519dcff0c921b3363a5f202ea5f69c6ef429df41	27106	93	1	accepted	1	35157	35157
201	16	0x6856419067eae1ba1bd63c1f519dcff0c921b3363a5f202ea5f69c6ef429df41	27107	93	1	accepted	1	35140	35140
201	16	0x6856419067eae1ba1bd63c1f519dcff0c921b3363a5f202ea5f69c6ef429df41	27108	93	1	accepted	1	34863	34863
201	16	0x6856419067eae1ba1bd63c1f519dcff0c921b3363a5f202ea5f69c6ef429df41	27109	93	1	accepted	1	35079	35079
201	16	0x6856419067eae1ba1bd63c1f519dcff0c921b3363a5f202ea5f69c6ef429df41	27110	93	1	accepted	1	35269	35269
201	16	0x6856419067eae1ba1bd63c1f519dcff0c921b3363a5f202ea5f69c6ef429df41	27111	93	1	accepted	1	35387	35387
201	16	0x6856419067eae1ba1bd63c1f519dcff0c921b3363a5f202ea5f69c6ef429df41	27112	93	1	accepted	1	35133	35133
201	16	0x6856419067eae1ba1bd63c1f519dcff0c921b3363a5f202ea5f69c6ef429df41	27113	93	1	accepted	1	35185	35185
201	16	0x6856419067eae1ba1bd63c1f519dcff0c921b3363a5f202ea5f69c6ef429df41	27114	93	1	accepted	1	35313	35313
201	16	0x6856419067eae1ba1bd63c1f519dcff0c921b3363a5f202ea5f69c6ef429df41	27115	93	1	accepted	1	35591	35591
201	16	0x6856419067eae1ba1bd63c1f519dcff0c921b3363a5f202ea5f69c6ef429df41	27116	93	1	accepted	1	35074	35074
201	16	0x6856419067eae1ba1bd63c1f519dcff0c921b3363a5f202ea5f69c6ef429df41	27117	93	1	accepted	1	35244	35244
201	16	0x6856419067eae1ba1bd63c1f519dcff0c921b3363a5f202ea5f69c6ef429df41	27118	93	1	accepted	1	35184	35184
201	16	0x6856419067eae1ba1bd63c1f519dcff0c921b3363a5f202ea5f69c6ef429df41	27119	93	1	accepted	1	35159	35159
201	16	0x6856419067eae1ba1bd63c1f519dcff0c921b3363a5f202ea5f69c6ef429df41	27120	93	1	accepted	1	35297	35297
201	16	0x6856419067eae1ba1bd63c1f519dcff0c921b3363a5f202ea5f69c6ef429df41	27121	93	1	accepted	1	35034	35034
201	16	0x6856419067eae1ba1bd63c1f519dcff0c921b3363a5f202ea5f69c6ef429df41	27122	93	1	accepted	1	35543	35543
201	16	0x6856419067eae1ba1bd63c1f519dcff0c921b3363a5f202ea5f69c6ef429df41	27123	93	1	accepted	1	35299	35299
201	16	0x6856419067eae1ba1bd63c1f519dcff0c921b3363a5f202ea5f69c6ef429df41	27124	93	1	accepted	1	35258	35258
201	16	0x6856419067eae1ba1bd63c1f519dcff0c921b3363a5f202ea5f69c6ef429df41	27125	93	1	accepted	1	34851	34851
201	16	0x6856419067eae1ba1bd63c1f519dcff0c921b3363a5f202ea5f69c6ef429df41	27126	93	1	accepted	1	35125	35125
201	16	0x6856419067eae1ba1bd63c1f519dcff0c921b3363a5f202ea5f69c6ef429df41	27127	93	1	accepted	1	35250	35250
201	16	0x6856419067eae1ba1bd63c1f519dcff0c921b3363a5f202ea5f69c6ef429df41	27128	93	1	accepted	1	35348	35348
201	16	0x6856419067eae1ba1bd63c1f519dcff0c921b3363a5f202ea5f69c6ef429df41	27129	93	1	accepted	1	35170	35170
201	16	0x6856419067eae1ba1bd63c1f519dcff0c921b3363a5f202ea5f69c6ef429df41	27130	93	1	accepted	1	35242	35242
201	16	0x6856419067eae1ba1bd63c1f519dcff0c921b3363a5f202ea5f69c6ef429df41	27131	93	1	accepted	1	35257	35257
201	16	0x6856419067eae1ba1bd63c1f519dcff0c921b3363a5f202ea5f69c6ef429df41	27132	93	1	accepted	1	35082	35082
201	16	0x6856419067eae1ba1bd63c1f519dcff0c921b3363a5f202ea5f69c6ef429df41	27133	93	1	accepted	1	35172	35172
201	16	0x6856419067eae1ba1bd63c1f519dcff0c921b3363a5f202ea5f69c6ef429df41	27134	93	1	accepted	1	35334	35334
201	16	0x6856419067eae1ba1bd63c1f519dcff0c921b3363a5f202ea5f69c6ef429df41	27135	93	1	accepted	1	35065	35065
201	16	0x6856419067eae1ba1bd63c1f519dcff0c921b3363a5f202ea5f69c6ef429df41	27136	93	1	accepted	1	34858	34858
201	16	0x6856419067eae1ba1bd63c1f519dcff0c921b3363a5f202ea5f69c6ef429df41	27137	93	1	accepted	1	35270	35270
201	16	0x6856419067eae1ba1bd63c1f519dcff0c921b3363a5f202ea5f69c6ef429df41	27138	93	1	accepted	1	35114	35114
201	16	0x6856419067eae1ba1bd63c1f519dcff0c921b3363a5f202ea5f69c6ef429df41	27139	93	1	accepted	1	35422	35422
201	16	0x6856419067eae1ba1bd63c1f519dcff0c921b3363a5f202ea5f69c6ef429df41	27140	93	1	accepted	1	35401	35401
201	16	0x6856419067eae1ba1bd63c1f519dcff0c921b3363a5f202ea5f69c6ef429df41	27141	93	1	accepted	1	35457	35457
201	16	0x6856419067eae1ba1bd63c1f519dcff0c921b3363a5f202ea5f69c6ef429df41	27142	93	1	accepted	1	35358	35358
201	16	0x6856419067eae1ba1bd63c1f519dcff0c921b3363a5f202ea5f69c6ef429df41	27143	93	1	accepted	1	35350	35350
201	16	0x6856419067eae1ba1bd63c1f519dcff0c921b3363a5f202ea5f69c6ef429df41	27144	93	1	accepted	1	35430	35430
201	16	0x6856419067eae1ba1bd63c1f519dcff0c921b3363a5f202ea5f69c6ef429df41	27145	93	1	accepted	1	35369	35369
201	16	0x6856419067eae1ba1bd63c1f519dcff0c921b3363a5f202ea5f69c6ef429df41	27146	93	1	accepted	1	35516	35516
201	16	0x6856419067eae1ba1bd63c1f519dcff0c921b3363a5f202ea5f69c6ef429df41	27147	93	1	accepted	1	35425	35425
201	16	0x6856419067eae1ba1bd63c1f519dcff0c921b3363a5f202ea5f69c6ef429df41	27148	93	1	accepted	1	35307	35307
201	16	0x6856419067eae1ba1bd63c1f519dcff0c921b3363a5f202ea5f69c6ef429df41	27149	93	1	accepted	1	35553	35553
201	16	0x6856419067eae1ba1bd63c1f519dcff0c921b3363a5f202ea5f69c6ef429df41	27150	93	1	accepted	1	35549	35549
201	16	0x6856419067eae1ba1bd63c1f519dcff0c921b3363a5f202ea5f69c6ef429df41	27151	93	1	accepted	1	35139	35139
201	16	0x6856419067eae1ba1bd63c1f519dcff0c921b3363a5f202ea5f69c6ef429df41	27152	93	1	accepted	1	35134	35134
201	16	0x6856419067eae1ba1bd63c1f519dcff0c921b3363a5f202ea5f69c6ef429df41	27153	93	1	accepted	1	35221	35221
201	16	0x6856419067eae1ba1bd63c1f519dcff0c921b3363a5f202ea5f69c6ef429df41	27154	93	1	accepted	1	35433	35433
201	16	0x6856419067eae1ba1bd63c1f519dcff0c921b3363a5f202ea5f69c6ef429df41	27155	93	1	accepted	1	35231	35231
201	16	0x6856419067eae1ba1bd63c1f519dcff0c921b3363a5f202ea5f69c6ef429df41	27156	93	1	accepted	1	35057	35057
201	16	0x6856419067eae1ba1bd63c1f519dcff0c921b3363a5f202ea5f69c6ef429df41	27157	93	1	accepted	1	34865	34865
201	16	0x6856419067eae1ba1bd63c1f519dcff0c921b3363a5f202ea5f69c6ef429df41	27158	93	1	accepted	1	35287	35287
201	16	0x6856419067eae1ba1bd63c1f519dcff0c921b3363a5f202ea5f69c6ef429df41	27159	93	1	accepted	1	34883	34883
201	16	0x6856419067eae1ba1bd63c1f519dcff0c921b3363a5f202ea5f69c6ef429df41	27160	93	1	accepted	1	35347	35347
201	16	0x6856419067eae1ba1bd63c1f519dcff0c921b3363a5f202ea5f69c6ef429df41	27161	93	1	accepted	1	35526	35526
201	16	0x6856419067eae1ba1bd63c1f519dcff0c921b3363a5f202ea5f69c6ef429df41	27162	93	1	accepted	1	35126	35126
201	16	0x6856419067eae1ba1bd63c1f519dcff0c921b3363a5f202ea5f69c6ef429df41	27163	93	1	accepted	1	35420	35420
201	16	0x6856419067eae1ba1bd63c1f519dcff0c921b3363a5f202ea5f69c6ef429df41	27164	93	1	accepted	1	35415	35415
201	16	0x6856419067eae1ba1bd63c1f519dcff0c921b3363a5f202ea5f69c6ef429df41	27165	93	1	accepted	1	35466	35466
201	16	0x6856419067eae1ba1bd63c1f519dcff0c921b3363a5f202ea5f69c6ef429df41	27166	93	1	accepted	1	35300	35300
201	16	0x6856419067eae1ba1bd63c1f519dcff0c921b3363a5f202ea5f69c6ef429df41	27167	93	1	accepted	1	35409	35409
201	16	0x6856419067eae1ba1bd63c1f519dcff0c921b3363a5f202ea5f69c6ef429df41	27168	93	1	accepted	1	35098	35098
201	16	0x6856419067eae1ba1bd63c1f519dcff0c921b3363a5f202ea5f69c6ef429df41	27169	93	1	accepted	1	35092	35092
201	16	0x6856419067eae1ba1bd63c1f519dcff0c921b3363a5f202ea5f69c6ef429df41	27170	93	1	accepted	1	34868	34868
201	16	0x6856419067eae1ba1bd63c1f519dcff0c921b3363a5f202ea5f69c6ef429df41	27171	93	1	accepted	1	35492	35492
201	16	0x6856419067eae1ba1bd63c1f519dcff0c921b3363a5f202ea5f69c6ef429df41	27172	93	1	accepted	1	34861	34861
201	16	0x6856419067eae1ba1bd63c1f519dcff0c921b3363a5f202ea5f69c6ef429df41	27173	93	1	accepted	1	35031	35031
201	16	0x6856419067eae1ba1bd63c1f519dcff0c921b3363a5f202ea5f69c6ef429df41	27174	93	1	accepted	1	35397	35397
201	16	0x6856419067eae1ba1bd63c1f519dcff0c921b3363a5f202ea5f69c6ef429df41	27175	93	1	accepted	1	35155	35155
201	16	0x6856419067eae1ba1bd63c1f519dcff0c921b3363a5f202ea5f69c6ef429df41	27176	93	1	accepted	1	35411	35411
201	16	0x6856419067eae1ba1bd63c1f519dcff0c921b3363a5f202ea5f69c6ef429df41	27177	93	1	accepted	1	35274	35274
201	16	0x6856419067eae1ba1bd63c1f519dcff0c921b3363a5f202ea5f69c6ef429df41	27178	93	1	accepted	1	35095	35095
201	16	0x6856419067eae1ba1bd63c1f519dcff0c921b3363a5f202ea5f69c6ef429df41	27179	93	1	accepted	1	35204	35204
201	16	0x6856419067eae1ba1bd63c1f519dcff0c921b3363a5f202ea5f69c6ef429df41	27180	93	1	accepted	1	35474	35474
201	16	0x6856419067eae1ba1bd63c1f519dcff0c921b3363a5f202ea5f69c6ef429df41	27181	93	1	accepted	1	35235	35235
201	16	0x6856419067eae1ba1bd63c1f519dcff0c921b3363a5f202ea5f69c6ef429df41	27182	93	1	accepted	1	35112	35112
201	16	0x6856419067eae1ba1bd63c1f519dcff0c921b3363a5f202ea5f69c6ef429df41	27183	93	1	accepted	1	35209	35209
201	16	0x6856419067eae1ba1bd63c1f519dcff0c921b3363a5f202ea5f69c6ef429df41	27184	93	1	accepted	1	35265	35265
201	16	0x6856419067eae1ba1bd63c1f519dcff0c921b3363a5f202ea5f69c6ef429df41	27185	93	1	accepted	1	35335	35335
201	16	0x6856419067eae1ba1bd63c1f519dcff0c921b3363a5f202ea5f69c6ef429df41	27186	93	1	accepted	1	35260	35260
201	16	0x6856419067eae1ba1bd63c1f519dcff0c921b3363a5f202ea5f69c6ef429df41	27187	93	1	accepted	1	35198	35198
201	16	0x6856419067eae1ba1bd63c1f519dcff0c921b3363a5f202ea5f69c6ef429df41	27188	93	1	accepted	1	35364	35364
201	16	0x6856419067eae1ba1bd63c1f519dcff0c921b3363a5f202ea5f69c6ef429df41	27189	93	1	accepted	1	35117	35117
201	16	0x6856419067eae1ba1bd63c1f519dcff0c921b3363a5f202ea5f69c6ef429df41	27190	93	1	accepted	1	35416	35416
201	16	0x6856419067eae1ba1bd63c1f519dcff0c921b3363a5f202ea5f69c6ef429df41	27191	93	1	accepted	1	35116	35116
201	16	0x6856419067eae1ba1bd63c1f519dcff0c921b3363a5f202ea5f69c6ef429df41	27192	93	1	accepted	1	35094	35094
201	16	0x6856419067eae1ba1bd63c1f519dcff0c921b3363a5f202ea5f69c6ef429df41	27193	93	1	accepted	1	35030	35030
201	16	0x6856419067eae1ba1bd63c1f519dcff0c921b3363a5f202ea5f69c6ef429df41	27194	93	1	accepted	1	35196	35196
201	16	0x6856419067eae1ba1bd63c1f519dcff0c921b3363a5f202ea5f69c6ef429df41	27195	93	1	accepted	1	35279	35279
201	16	0x6856419067eae1ba1bd63c1f519dcff0c921b3363a5f202ea5f69c6ef429df41	27196	93	1	accepted	1	34860	34860
201	16	0x6856419067eae1ba1bd63c1f519dcff0c921b3363a5f202ea5f69c6ef429df41	27197	93	1	accepted	1	35093	35093
201	16	0x6856419067eae1ba1bd63c1f519dcff0c921b3363a5f202ea5f69c6ef429df41	27198	93	1	accepted	1	35036	35036
201	16	0x6856419067eae1ba1bd63c1f519dcff0c921b3363a5f202ea5f69c6ef429df41	27199	93	1	accepted	1	35246	35246
201	16	0x6856419067eae1ba1bd63c1f519dcff0c921b3363a5f202ea5f69c6ef429df41	27200	93	1	accepted	1	34875	34875
201	16	0x6856419067eae1ba1bd63c1f519dcff0c921b3363a5f202ea5f69c6ef429df41	27201	93	1	accepted	1	35166	35166
201	16	0x6856419067eae1ba1bd63c1f519dcff0c921b3363a5f202ea5f69c6ef429df41	27202	93	1	accepted	1	35130	35130
201	16	0x6856419067eae1ba1bd63c1f519dcff0c921b3363a5f202ea5f69c6ef429df41	27203	93	1	accepted	1	35404	35404
201	16	0x6856419067eae1ba1bd63c1f519dcff0c921b3363a5f202ea5f69c6ef429df41	27204	93	1	accepted	1	35118	35118
201	16	0x6856419067eae1ba1bd63c1f519dcff0c921b3363a5f202ea5f69c6ef429df41	27205	93	1	accepted	1	35162	35162
201	16	0x6856419067eae1ba1bd63c1f519dcff0c921b3363a5f202ea5f69c6ef429df41	27206	93	1	accepted	1	35156	35156
201	16	0x6856419067eae1ba1bd63c1f519dcff0c921b3363a5f202ea5f69c6ef429df41	27207	93	1	accepted	1	35362	35362
201	16	0x6856419067eae1ba1bd63c1f519dcff0c921b3363a5f202ea5f69c6ef429df41	27208	93	1	accepted	1	35136	35136
201	16	0x6856419067eae1ba1bd63c1f519dcff0c921b3363a5f202ea5f69c6ef429df41	27209	93	1	accepted	1	35473	35473
201	16	0x6856419067eae1ba1bd63c1f519dcff0c921b3363a5f202ea5f69c6ef429df41	27210	93	1	accepted	1	35167	35167
201	16	0x6856419067eae1ba1bd63c1f519dcff0c921b3363a5f202ea5f69c6ef429df41	27211	93	1	accepted	1	35059	35059
201	16	0x6856419067eae1ba1bd63c1f519dcff0c921b3363a5f202ea5f69c6ef429df41	27212	93	1	accepted	1	35360	35360
201	16	0x6856419067eae1ba1bd63c1f519dcff0c921b3363a5f202ea5f69c6ef429df41	27213	93	1	accepted	1	35439	35439
201	16	0x6856419067eae1ba1bd63c1f519dcff0c921b3363a5f202ea5f69c6ef429df41	27214	93	1	accepted	1	35349	35349
201	16	0x6856419067eae1ba1bd63c1f519dcff0c921b3363a5f202ea5f69c6ef429df41	27215	93	1	accepted	1	35228	35228
201	16	0x6856419067eae1ba1bd63c1f519dcff0c921b3363a5f202ea5f69c6ef429df41	27216	93	1	accepted	1	35237	35237
201	16	0x6856419067eae1ba1bd63c1f519dcff0c921b3363a5f202ea5f69c6ef429df41	27217	93	1	accepted	1	35513	35513
201	16	0x6856419067eae1ba1bd63c1f519dcff0c921b3363a5f202ea5f69c6ef429df41	27218	93	1	accepted	1	35537	35537
201	16	0x6856419067eae1ba1bd63c1f519dcff0c921b3363a5f202ea5f69c6ef429df41	27219	93	1	accepted	1	35227	35227
201	16	0x6856419067eae1ba1bd63c1f519dcff0c921b3363a5f202ea5f69c6ef429df41	27220	93	1	accepted	1	35061	35061
201	16	0x6856419067eae1ba1bd63c1f519dcff0c921b3363a5f202ea5f69c6ef429df41	27221	93	1	accepted	1	35398	35398
201	16	0x6856419067eae1ba1bd63c1f519dcff0c921b3363a5f202ea5f69c6ef429df41	27222	93	1	accepted	1	35224	35224
201	16	0x6856419067eae1ba1bd63c1f519dcff0c921b3363a5f202ea5f69c6ef429df41	27223	93	1	accepted	1	35266	35266
201	16	0x6856419067eae1ba1bd63c1f519dcff0c921b3363a5f202ea5f69c6ef429df41	27224	93	1	accepted	1	35476	35476
201	16	0x6856419067eae1ba1bd63c1f519dcff0c921b3363a5f202ea5f69c6ef429df41	27225	93	1	accepted	1	35138	35138
201	16	0x6856419067eae1ba1bd63c1f519dcff0c921b3363a5f202ea5f69c6ef429df41	27226	93	1	accepted	1	35316	35316
201	16	0x6856419067eae1ba1bd63c1f519dcff0c921b3363a5f202ea5f69c6ef429df41	27227	93	1	accepted	1	35395	35395
201	16	0x6856419067eae1ba1bd63c1f519dcff0c921b3363a5f202ea5f69c6ef429df41	27228	93	1	accepted	1	35142	35142
201	16	0x6856419067eae1ba1bd63c1f519dcff0c921b3363a5f202ea5f69c6ef429df41	27229	93	1	accepted	1	35399	35399
201	16	0x6856419067eae1ba1bd63c1f519dcff0c921b3363a5f202ea5f69c6ef429df41	27230	93	1	accepted	1	35214	35214
201	16	0x6856419067eae1ba1bd63c1f519dcff0c921b3363a5f202ea5f69c6ef429df41	27231	93	1	accepted	1	35290	35290
201	16	0x6856419067eae1ba1bd63c1f519dcff0c921b3363a5f202ea5f69c6ef429df41	27232	93	1	accepted	1	35212	35212
201	16	0x6856419067eae1ba1bd63c1f519dcff0c921b3363a5f202ea5f69c6ef429df41	27233	93	1	accepted	1	35426	35426
201	16	0x6856419067eae1ba1bd63c1f519dcff0c921b3363a5f202ea5f69c6ef429df41	27234	93	1	accepted	1	35119	35119
201	16	0x6856419067eae1ba1bd63c1f519dcff0c921b3363a5f202ea5f69c6ef429df41	27235	93	1	accepted	1	35560	35560
201	16	0x6856419067eae1ba1bd63c1f519dcff0c921b3363a5f202ea5f69c6ef429df41	27236	93	1	accepted	1	34850	34850
201	16	0x6856419067eae1ba1bd63c1f519dcff0c921b3363a5f202ea5f69c6ef429df41	27237	93	1	accepted	1	35539	35539
201	16	0x6856419067eae1ba1bd63c1f519dcff0c921b3363a5f202ea5f69c6ef429df41	27238	93	1	accepted	1	35066	35066
201	16	0x6856419067eae1ba1bd63c1f519dcff0c921b3363a5f202ea5f69c6ef429df41	27239	93	1	accepted	1	35337	35337
201	16	0x6856419067eae1ba1bd63c1f519dcff0c921b3363a5f202ea5f69c6ef429df41	27240	93	1	accepted	1	35312	35312
201	16	0x6856419067eae1ba1bd63c1f519dcff0c921b3363a5f202ea5f69c6ef429df41	27241	93	1	accepted	1	35403	35403
201	16	0x6856419067eae1ba1bd63c1f519dcff0c921b3363a5f202ea5f69c6ef429df41	27242	93	1	accepted	1	35309	35309
201	16	0x6856419067eae1ba1bd63c1f519dcff0c921b3363a5f202ea5f69c6ef429df41	27243	93	1	accepted	1	35191	35191
201	16	0x6856419067eae1ba1bd63c1f519dcff0c921b3363a5f202ea5f69c6ef429df41	27244	93	1	accepted	1	35376	35376
201	16	0x6856419067eae1ba1bd63c1f519dcff0c921b3363a5f202ea5f69c6ef429df41	27245	93	1	accepted	1	35576	35576
201	16	0x6856419067eae1ba1bd63c1f519dcff0c921b3363a5f202ea5f69c6ef429df41	27246	93	1	accepted	1	35033	35033
201	16	0x6856419067eae1ba1bd63c1f519dcff0c921b3363a5f202ea5f69c6ef429df41	27247	93	1	accepted	1	35132	35132
201	16	0x6856419067eae1ba1bd63c1f519dcff0c921b3363a5f202ea5f69c6ef429df41	27248	93	1	accepted	1	35179	35179
201	16	0x6856419067eae1ba1bd63c1f519dcff0c921b3363a5f202ea5f69c6ef429df41	27249	93	1	accepted	1	35190	35190
201	16	0x6856419067eae1ba1bd63c1f519dcff0c921b3363a5f202ea5f69c6ef429df41	27250	93	1	accepted	1	35346	35346
201	16	0x6856419067eae1ba1bd63c1f519dcff0c921b3363a5f202ea5f69c6ef429df41	27251	93	1	accepted	1	35298	35298
201	16	0x6856419067eae1ba1bd63c1f519dcff0c921b3363a5f202ea5f69c6ef429df41	27252	93	1	accepted	1	35427	35427
201	16	0x6856419067eae1ba1bd63c1f519dcff0c921b3363a5f202ea5f69c6ef429df41	27253	93	1	accepted	1	34872	34872
201	16	0x6856419067eae1ba1bd63c1f519dcff0c921b3363a5f202ea5f69c6ef429df41	27254	93	1	accepted	1	35366	35366
201	16	0x6856419067eae1ba1bd63c1f519dcff0c921b3363a5f202ea5f69c6ef429df41	27255	93	1	accepted	1	34867	34867
201	16	0x6856419067eae1ba1bd63c1f519dcff0c921b3363a5f202ea5f69c6ef429df41	27256	93	1	accepted	1	35285	35285
201	16	0x6856419067eae1ba1bd63c1f519dcff0c921b3363a5f202ea5f69c6ef429df41	27257	93	1	accepted	1	35311	35311
201	16	0x6856419067eae1ba1bd63c1f519dcff0c921b3363a5f202ea5f69c6ef429df41	27258	93	1	accepted	1	35424	35424
201	16	0x6856419067eae1ba1bd63c1f519dcff0c921b3363a5f202ea5f69c6ef429df41	27259	93	1	accepted	1	35239	35239
201	16	0x6856419067eae1ba1bd63c1f519dcff0c921b3363a5f202ea5f69c6ef429df41	27260	93	1	accepted	1	35267	35267
201	16	0x6856419067eae1ba1bd63c1f519dcff0c921b3363a5f202ea5f69c6ef429df41	27261	93	1	accepted	1	35359	35359
201	16	0x6856419067eae1ba1bd63c1f519dcff0c921b3363a5f202ea5f69c6ef429df41	27262	93	1	accepted	1	35327	35327
201	16	0x6856419067eae1ba1bd63c1f519dcff0c921b3363a5f202ea5f69c6ef429df41	27263	93	1	accepted	1	35458	35458
201	16	0x6856419067eae1ba1bd63c1f519dcff0c921b3363a5f202ea5f69c6ef429df41	27264	93	1	accepted	1	35208	35208
201	16	0x6856419067eae1ba1bd63c1f519dcff0c921b3363a5f202ea5f69c6ef429df41	27265	93	1	accepted	1	35345	35345
201	16	0x6856419067eae1ba1bd63c1f519dcff0c921b3363a5f202ea5f69c6ef429df41	27266	93	1	accepted	1	35461	35461
201	16	0x6856419067eae1ba1bd63c1f519dcff0c921b3363a5f202ea5f69c6ef429df41	27267	93	1	accepted	1	34862	34862
201	16	0x6856419067eae1ba1bd63c1f519dcff0c921b3363a5f202ea5f69c6ef429df41	27268	93	1	accepted	1	35310	35310
201	16	0x6856419067eae1ba1bd63c1f519dcff0c921b3363a5f202ea5f69c6ef429df41	27269	93	1	accepted	1	35544	35544
201	16	0x6856419067eae1ba1bd63c1f519dcff0c921b3363a5f202ea5f69c6ef429df41	27270	93	1	accepted	1	35151	35151
201	16	0x6856419067eae1ba1bd63c1f519dcff0c921b3363a5f202ea5f69c6ef429df41	27271	93	1	accepted	1	35189	35189
201	16	0x6856419067eae1ba1bd63c1f519dcff0c921b3363a5f202ea5f69c6ef429df41	27272	93	1	accepted	1	35571	35571
201	16	0x6856419067eae1ba1bd63c1f519dcff0c921b3363a5f202ea5f69c6ef429df41	27273	93	1	accepted	1	35392	35392
201	16	0x6856419067eae1ba1bd63c1f519dcff0c921b3363a5f202ea5f69c6ef429df41	27274	93	1	accepted	1	34870	34870
201	16	0x6856419067eae1ba1bd63c1f519dcff0c921b3363a5f202ea5f69c6ef429df41	27275	93	1	accepted	1	35210	35210
201	16	0x6856419067eae1ba1bd63c1f519dcff0c921b3363a5f202ea5f69c6ef429df41	27276	93	1	accepted	1	35505	35505
201	16	0x6856419067eae1ba1bd63c1f519dcff0c921b3363a5f202ea5f69c6ef429df41	27277	93	1	accepted	1	35247	35247
201	16	0x6856419067eae1ba1bd63c1f519dcff0c921b3363a5f202ea5f69c6ef429df41	27278	93	1	accepted	1	35150	35150
201	16	0x6856419067eae1ba1bd63c1f519dcff0c921b3363a5f202ea5f69c6ef429df41	27279	93	1	accepted	1	35550	35550
201	16	0x6856419067eae1ba1bd63c1f519dcff0c921b3363a5f202ea5f69c6ef429df41	27280	93	1	accepted	1	35158	35158
201	16	0x6856419067eae1ba1bd63c1f519dcff0c921b3363a5f202ea5f69c6ef429df41	27281	93	1	accepted	1	35068	35068
201	16	0x6856419067eae1ba1bd63c1f519dcff0c921b3363a5f202ea5f69c6ef429df41	27282	93	1	accepted	1	35253	35253
201	16	0x6856419067eae1ba1bd63c1f519dcff0c921b3363a5f202ea5f69c6ef429df41	27283	93	1	accepted	1	35556	35556
201	16	0x6856419067eae1ba1bd63c1f519dcff0c921b3363a5f202ea5f69c6ef429df41	27284	93	1	accepted	1	35225	35225
201	16	0x6856419067eae1ba1bd63c1f519dcff0c921b3363a5f202ea5f69c6ef429df41	27285	93	1	accepted	1	35075	35075
201	16	0x6856419067eae1ba1bd63c1f519dcff0c921b3363a5f202ea5f69c6ef429df41	27286	93	1	accepted	1	35081	35081
201	16	0x6856419067eae1ba1bd63c1f519dcff0c921b3363a5f202ea5f69c6ef429df41	27287	93	1	accepted	1	35508	35508
201	16	0x6856419067eae1ba1bd63c1f519dcff0c921b3363a5f202ea5f69c6ef429df41	27288	93	1	accepted	1	35319	35319
201	16	0x6856419067eae1ba1bd63c1f519dcff0c921b3363a5f202ea5f69c6ef429df41	27289	93	1	accepted	1	35186	35186
201	16	0x6856419067eae1ba1bd63c1f519dcff0c921b3363a5f202ea5f69c6ef429df41	27290	93	1	accepted	1	35317	35317
201	16	0x6856419067eae1ba1bd63c1f519dcff0c921b3363a5f202ea5f69c6ef429df41	27291	93	1	accepted	1	34882	34882
201	16	0x6856419067eae1ba1bd63c1f519dcff0c921b3363a5f202ea5f69c6ef429df41	27292	93	1	accepted	1	35252	35252
201	16	0x6856419067eae1ba1bd63c1f519dcff0c921b3363a5f202ea5f69c6ef429df41	27293	93	1	accepted	1	35421	35421
201	16	0x6856419067eae1ba1bd63c1f519dcff0c921b3363a5f202ea5f69c6ef429df41	27294	93	1	accepted	1	35454	35454
201	16	0x6856419067eae1ba1bd63c1f519dcff0c921b3363a5f202ea5f69c6ef429df41	27295	93	1	accepted	1	35069	35069
201	16	0x6856419067eae1ba1bd63c1f519dcff0c921b3363a5f202ea5f69c6ef429df41	27296	93	1	accepted	1	35259	35259
201	16	0x6856419067eae1ba1bd63c1f519dcff0c921b3363a5f202ea5f69c6ef429df41	27297	93	1	accepted	1	35452	35452
201	16	0x6856419067eae1ba1bd63c1f519dcff0c921b3363a5f202ea5f69c6ef429df41	27298	93	1	accepted	1	35342	35342
201	16	0x6856419067eae1ba1bd63c1f519dcff0c921b3363a5f202ea5f69c6ef429df41	27299	93	1	accepted	1	35222	35222
201	16	0x6856419067eae1ba1bd63c1f519dcff0c921b3363a5f202ea5f69c6ef429df41	27300	93	1	accepted	1	35332	35332
201	16	0x6856419067eae1ba1bd63c1f519dcff0c921b3363a5f202ea5f69c6ef429df41	27301	93	1	accepted	1	35353	35353
201	16	0x6856419067eae1ba1bd63c1f519dcff0c921b3363a5f202ea5f69c6ef429df41	27302	93	1	accepted	1	35282	35282
201	16	0x6856419067eae1ba1bd63c1f519dcff0c921b3363a5f202ea5f69c6ef429df41	27303	93	1	accepted	1	35277	35277
201	16	0x6856419067eae1ba1bd63c1f519dcff0c921b3363a5f202ea5f69c6ef429df41	27304	93	1	accepted	1	35445	35445
201	16	0x6856419067eae1ba1bd63c1f519dcff0c921b3363a5f202ea5f69c6ef429df41	27305	93	1	accepted	1	35417	35417
201	16	0x6856419067eae1ba1bd63c1f519dcff0c921b3363a5f202ea5f69c6ef429df41	27306	93	1	accepted	1	35367	35367
201	16	0x6856419067eae1ba1bd63c1f519dcff0c921b3363a5f202ea5f69c6ef429df41	27307	93	1	accepted	1	35355	35355
201	16	0x6856419067eae1ba1bd63c1f519dcff0c921b3363a5f202ea5f69c6ef429df41	27308	93	1	accepted	1	34873	34873
201	16	0x6856419067eae1ba1bd63c1f519dcff0c921b3363a5f202ea5f69c6ef429df41	27309	93	1	accepted	1	35308	35308
201	16	0x6856419067eae1ba1bd63c1f519dcff0c921b3363a5f202ea5f69c6ef429df41	27310	93	1	accepted	1	35503	35503
201	16	0x6856419067eae1ba1bd63c1f519dcff0c921b3363a5f202ea5f69c6ef429df41	27311	93	1	accepted	1	35236	35236
201	16	0x6856419067eae1ba1bd63c1f519dcff0c921b3363a5f202ea5f69c6ef429df41	27312	93	1	accepted	1	35561	35561
201	16	0x6856419067eae1ba1bd63c1f519dcff0c921b3363a5f202ea5f69c6ef429df41	27313	93	1	accepted	1	35085	35085
201	16	0x6856419067eae1ba1bd63c1f519dcff0c921b3363a5f202ea5f69c6ef429df41	27314	93	1	accepted	1	35354	35354
201	16	0x6856419067eae1ba1bd63c1f519dcff0c921b3363a5f202ea5f69c6ef429df41	27315	93	1	accepted	1	35575	35575
201	16	0x6856419067eae1ba1bd63c1f519dcff0c921b3363a5f202ea5f69c6ef429df41	27316	93	1	accepted	1	35419	35419
201	16	0x6856419067eae1ba1bd63c1f519dcff0c921b3363a5f202ea5f69c6ef429df41	27317	93	1	accepted	1	35557	35557
201	16	0x6856419067eae1ba1bd63c1f519dcff0c921b3363a5f202ea5f69c6ef429df41	27318	93	1	accepted	1	35341	35341
201	16	0x6856419067eae1ba1bd63c1f519dcff0c921b3363a5f202ea5f69c6ef429df41	27319	93	1	accepted	1	35203	35203
201	16	0x6856419067eae1ba1bd63c1f519dcff0c921b3363a5f202ea5f69c6ef429df41	27320	93	1	accepted	1	35241	35241
201	16	0x6856419067eae1ba1bd63c1f519dcff0c921b3363a5f202ea5f69c6ef429df41	27321	93	1	accepted	1	35374	35374
201	16	0x6856419067eae1ba1bd63c1f519dcff0c921b3363a5f202ea5f69c6ef429df41	27322	93	1	accepted	1	35243	35243
201	16	0x6856419067eae1ba1bd63c1f519dcff0c921b3363a5f202ea5f69c6ef429df41	27323	93	1	accepted	1	35410	35410
201	16	0x6856419067eae1ba1bd63c1f519dcff0c921b3363a5f202ea5f69c6ef429df41	27324	93	1	accepted	1	35431	35431
201	16	0x6856419067eae1ba1bd63c1f519dcff0c921b3363a5f202ea5f69c6ef429df41	27325	93	1	accepted	1	34852	34852
201	16	0x6856419067eae1ba1bd63c1f519dcff0c921b3363a5f202ea5f69c6ef429df41	27326	93	1	accepted	1	35485	35485
201	16	0x6856419067eae1ba1bd63c1f519dcff0c921b3363a5f202ea5f69c6ef429df41	27327	93	1	accepted	1	35408	35408
201	16	0x6856419067eae1ba1bd63c1f519dcff0c921b3363a5f202ea5f69c6ef429df41	27328	93	1	accepted	1	34877	34877
201	16	0x6856419067eae1ba1bd63c1f519dcff0c921b3363a5f202ea5f69c6ef429df41	27329	93	1	accepted	1	35490	35490
201	16	0x6856419067eae1ba1bd63c1f519dcff0c921b3363a5f202ea5f69c6ef429df41	27330	93	1	accepted	1	35432	35432
201	16	0x6856419067eae1ba1bd63c1f519dcff0c921b3363a5f202ea5f69c6ef429df41	27331	93	1	accepted	1	35051	35051
201	16	0x6856419067eae1ba1bd63c1f519dcff0c921b3363a5f202ea5f69c6ef429df41	27332	93	1	accepted	1	35325	35325
201	16	0x6856419067eae1ba1bd63c1f519dcff0c921b3363a5f202ea5f69c6ef429df41	27333	93	1	accepted	1	35558	35558
201	16	0x6856419067eae1ba1bd63c1f519dcff0c921b3363a5f202ea5f69c6ef429df41	27334	93	1	accepted	1	35511	35511
201	16	0x6856419067eae1ba1bd63c1f519dcff0c921b3363a5f202ea5f69c6ef429df41	27335	93	1	accepted	1	35251	35251
201	16	0x6856419067eae1ba1bd63c1f519dcff0c921b3363a5f202ea5f69c6ef429df41	27336	93	1	accepted	1	35456	35456
201	16	0x6856419067eae1ba1bd63c1f519dcff0c921b3363a5f202ea5f69c6ef429df41	27337	93	1	accepted	1	35321	35321
201	16	0x6856419067eae1ba1bd63c1f519dcff0c921b3363a5f202ea5f69c6ef429df41	27338	93	1	accepted	1	35067	35067
201	16	0x6856419067eae1ba1bd63c1f519dcff0c921b3363a5f202ea5f69c6ef429df41	27339	93	1	accepted	1	35368	35368
201	16	0x6856419067eae1ba1bd63c1f519dcff0c921b3363a5f202ea5f69c6ef429df41	27340	93	1	accepted	1	35455	35455
201	16	0x6856419067eae1ba1bd63c1f519dcff0c921b3363a5f202ea5f69c6ef429df41	27341	93	1	accepted	1	34864	34864
201	16	0x6856419067eae1ba1bd63c1f519dcff0c921b3363a5f202ea5f69c6ef429df41	27342	93	1	accepted	1	35083	35083
201	16	0x6856419067eae1ba1bd63c1f519dcff0c921b3363a5f202ea5f69c6ef429df41	27343	93	1	accepted	1	35175	35175
201	16	0x6856419067eae1ba1bd63c1f519dcff0c921b3363a5f202ea5f69c6ef429df41	27344	93	1	accepted	1	35383	35383
201	16	0x6856419067eae1ba1bd63c1f519dcff0c921b3363a5f202ea5f69c6ef429df41	27345	93	1	accepted	1	35438	35438
201	16	0x6856419067eae1ba1bd63c1f519dcff0c921b3363a5f202ea5f69c6ef429df41	27346	93	1	accepted	1	35276	35276
201	16	0x6856419067eae1ba1bd63c1f519dcff0c921b3363a5f202ea5f69c6ef429df41	27347	93	1	accepted	1	35123	35123
201	16	0x6856419067eae1ba1bd63c1f519dcff0c921b3363a5f202ea5f69c6ef429df41	27348	93	1	accepted	1	34856	34856
201	16	0x6856419067eae1ba1bd63c1f519dcff0c921b3363a5f202ea5f69c6ef429df41	27349	93	1	accepted	1	35578	35578
201	16	0x6856419067eae1ba1bd63c1f519dcff0c921b3363a5f202ea5f69c6ef429df41	27350	93	1	accepted	1	35548	35548
201	16	0x6856419067eae1ba1bd63c1f519dcff0c921b3363a5f202ea5f69c6ef429df41	27351	93	1	accepted	1	35197	35197
201	16	0x6856419067eae1ba1bd63c1f519dcff0c921b3363a5f202ea5f69c6ef429df41	27352	93	1	accepted	1	35405	35405
201	16	0x6856419067eae1ba1bd63c1f519dcff0c921b3363a5f202ea5f69c6ef429df41	27353	93	1	accepted	1	35089	35089
201	16	0x6856419067eae1ba1bd63c1f519dcff0c921b3363a5f202ea5f69c6ef429df41	27354	93	1	accepted	1	35373	35373
201	16	0x6856419067eae1ba1bd63c1f519dcff0c921b3363a5f202ea5f69c6ef429df41	27355	93	1	accepted	1	35467	35467
201	16	0x6856419067eae1ba1bd63c1f519dcff0c921b3363a5f202ea5f69c6ef429df41	27356	93	1	accepted	1	35249	35249
201	16	0x6856419067eae1ba1bd63c1f519dcff0c921b3363a5f202ea5f69c6ef429df41	27357	93	1	accepted	1	35163	35163
201	16	0x6856419067eae1ba1bd63c1f519dcff0c921b3363a5f202ea5f69c6ef429df41	27358	93	1	accepted	1	35562	35562
201	16	0x6856419067eae1ba1bd63c1f519dcff0c921b3363a5f202ea5f69c6ef429df41	27359	93	1	accepted	1	34855	34855
201	16	0x6856419067eae1ba1bd63c1f519dcff0c921b3363a5f202ea5f69c6ef429df41	27360	93	1	accepted	1	35135	35135
201	16	0x6856419067eae1ba1bd63c1f519dcff0c921b3363a5f202ea5f69c6ef429df41	27361	93	1	accepted	1	35483	35483
201	16	0x6856419067eae1ba1bd63c1f519dcff0c921b3363a5f202ea5f69c6ef429df41	27362	93	1	accepted	1	35484	35484
201	16	0x6856419067eae1ba1bd63c1f519dcff0c921b3363a5f202ea5f69c6ef429df41	27363	93	1	accepted	1	35572	35572
201	16	0x6856419067eae1ba1bd63c1f519dcff0c921b3363a5f202ea5f69c6ef429df41	27364	93	1	accepted	1	35193	35193
201	16	0x6856419067eae1ba1bd63c1f519dcff0c921b3363a5f202ea5f69c6ef429df41	27365	93	1	accepted	1	35379	35379
201	16	0x6856419067eae1ba1bd63c1f519dcff0c921b3363a5f202ea5f69c6ef429df41	27366	93	1	accepted	1	35315	35315
201	16	0x6856419067eae1ba1bd63c1f519dcff0c921b3363a5f202ea5f69c6ef429df41	27367	93	1	accepted	1	35182	35182
201	16	0x6856419067eae1ba1bd63c1f519dcff0c921b3363a5f202ea5f69c6ef429df41	27368	93	1	accepted	1	35339	35339
201	16	0x6856419067eae1ba1bd63c1f519dcff0c921b3363a5f202ea5f69c6ef429df41	27369	93	1	accepted	1	35494	35494
201	16	0x6856419067eae1ba1bd63c1f519dcff0c921b3363a5f202ea5f69c6ef429df41	27370	93	1	accepted	1	35296	35296
201	16	0x6856419067eae1ba1bd63c1f519dcff0c921b3363a5f202ea5f69c6ef429df41	27371	93	1	accepted	1	35306	35306
201	16	0x6856419067eae1ba1bd63c1f519dcff0c921b3363a5f202ea5f69c6ef429df41	27372	93	1	accepted	1	35329	35329
201	16	0x6856419067eae1ba1bd63c1f519dcff0c921b3363a5f202ea5f69c6ef429df41	27373	93	1	accepted	1	35413	35413
201	16	0x6856419067eae1ba1bd63c1f519dcff0c921b3363a5f202ea5f69c6ef429df41	27374	93	1	accepted	1	34857	34857
201	16	0x6856419067eae1ba1bd63c1f519dcff0c921b3363a5f202ea5f69c6ef429df41	27375	93	1	accepted	1	35330	35330
201	16	0x6856419067eae1ba1bd63c1f519dcff0c921b3363a5f202ea5f69c6ef429df41	27376	93	1	accepted	1	35555	35555
201	16	0x6856419067eae1ba1bd63c1f519dcff0c921b3363a5f202ea5f69c6ef429df41	27377	93	1	accepted	1	35256	35256
201	16	0x6856419067eae1ba1bd63c1f519dcff0c921b3363a5f202ea5f69c6ef429df41	27378	93	1	accepted	1	35450	35450
201	16	0x6856419067eae1ba1bd63c1f519dcff0c921b3363a5f202ea5f69c6ef429df41	27379	93	1	accepted	1	34878	34878
201	16	0x6856419067eae1ba1bd63c1f519dcff0c921b3363a5f202ea5f69c6ef429df41	27380	93	1	accepted	1	35344	35344
201	16	0x6856419067eae1ba1bd63c1f519dcff0c921b3363a5f202ea5f69c6ef429df41	27381	93	1	accepted	1	35477	35477
201	16	0x6856419067eae1ba1bd63c1f519dcff0c921b3363a5f202ea5f69c6ef429df41	27382	93	1	accepted	1	35124	35124
201	16	0x6856419067eae1ba1bd63c1f519dcff0c921b3363a5f202ea5f69c6ef429df41	27383	93	1	accepted	1	35086	35086
201	16	0x6856419067eae1ba1bd63c1f519dcff0c921b3363a5f202ea5f69c6ef429df41	27384	93	1	accepted	1	35440	35440
201	16	0x6856419067eae1ba1bd63c1f519dcff0c921b3363a5f202ea5f69c6ef429df41	27385	93	1	accepted	1	35525	35525
201	16	0x6856419067eae1ba1bd63c1f519dcff0c921b3363a5f202ea5f69c6ef429df41	27386	93	1	accepted	1	35532	35532
201	16	0x6856419067eae1ba1bd63c1f519dcff0c921b3363a5f202ea5f69c6ef429df41	27387	93	1	accepted	1	35291	35291
201	16	0x6856419067eae1ba1bd63c1f519dcff0c921b3363a5f202ea5f69c6ef429df41	27388	93	1	accepted	1	35479	35479
201	16	0x6856419067eae1ba1bd63c1f519dcff0c921b3363a5f202ea5f69c6ef429df41	27389	93	1	accepted	1	34853	34853
201	16	0x6856419067eae1ba1bd63c1f519dcff0c921b3363a5f202ea5f69c6ef429df41	27390	93	1	accepted	1	35078	35078
201	16	0x6856419067eae1ba1bd63c1f519dcff0c921b3363a5f202ea5f69c6ef429df41	27391	93	1	accepted	1	35176	35176
201	16	0x6856419067eae1ba1bd63c1f519dcff0c921b3363a5f202ea5f69c6ef429df41	27392	93	1	accepted	1	35063	35063
201	16	0x6856419067eae1ba1bd63c1f519dcff0c921b3363a5f202ea5f69c6ef429df41	27393	93	1	accepted	1	35226	35226
201	16	0x6856419067eae1ba1bd63c1f519dcff0c921b3363a5f202ea5f69c6ef429df41	27394	93	1	accepted	1	35363	35363
201	16	0x6856419067eae1ba1bd63c1f519dcff0c921b3363a5f202ea5f69c6ef429df41	27395	93	1	accepted	1	35486	35486
201	16	0x6856419067eae1ba1bd63c1f519dcff0c921b3363a5f202ea5f69c6ef429df41	27396	93	1	accepted	1	35472	35472
201	16	0x6856419067eae1ba1bd63c1f519dcff0c921b3363a5f202ea5f69c6ef429df41	27397	93	1	accepted	1	35326	35326
201	16	0x6856419067eae1ba1bd63c1f519dcff0c921b3363a5f202ea5f69c6ef429df41	27398	93	1	accepted	1	35032	35032
201	16	0x6856419067eae1ba1bd63c1f519dcff0c921b3363a5f202ea5f69c6ef429df41	27399	93	1	accepted	1	35220	35220
201	16	0x6856419067eae1ba1bd63c1f519dcff0c921b3363a5f202ea5f69c6ef429df41	27400	93	1	accepted	1	35284	35284
201	16	0x6856419067eae1ba1bd63c1f519dcff0c921b3363a5f202ea5f69c6ef429df41	27401	93	1	accepted	1	35565	35565
201	16	0x6856419067eae1ba1bd63c1f519dcff0c921b3363a5f202ea5f69c6ef429df41	27402	93	1	accepted	1	35205	35205
201	16	0x6856419067eae1ba1bd63c1f519dcff0c921b3363a5f202ea5f69c6ef429df41	27403	93	1	accepted	1	35371	35371
201	16	0x6856419067eae1ba1bd63c1f519dcff0c921b3363a5f202ea5f69c6ef429df41	27404	93	1	accepted	1	35192	35192
201	16	0x6856419067eae1ba1bd63c1f519dcff0c921b3363a5f202ea5f69c6ef429df41	27405	93	1	accepted	1	35120	35120
201	16	0x6856419067eae1ba1bd63c1f519dcff0c921b3363a5f202ea5f69c6ef429df41	27406	93	1	accepted	1	35393	35393
201	16	0x6856419067eae1ba1bd63c1f519dcff0c921b3363a5f202ea5f69c6ef429df41	27407	93	1	accepted	1	35154	35154
201	16	0x6856419067eae1ba1bd63c1f519dcff0c921b3363a5f202ea5f69c6ef429df41	27408	93	1	accepted	1	34866	34866
201	16	0x6856419067eae1ba1bd63c1f519dcff0c921b3363a5f202ea5f69c6ef429df41	27409	93	1	accepted	1	35519	35519
201	16	0x6856419067eae1ba1bd63c1f519dcff0c921b3363a5f202ea5f69c6ef429df41	27410	93	1	accepted	1	35414	35414
201	16	0x6856419067eae1ba1bd63c1f519dcff0c921b3363a5f202ea5f69c6ef429df41	27411	93	1	accepted	1	35099	35099
201	16	0x6856419067eae1ba1bd63c1f519dcff0c921b3363a5f202ea5f69c6ef429df41	27412	93	1	accepted	1	35171	35171
201	16	0x6856419067eae1ba1bd63c1f519dcff0c921b3363a5f202ea5f69c6ef429df41	27413	93	1	accepted	1	35147	35147
201	16	0x6856419067eae1ba1bd63c1f519dcff0c921b3363a5f202ea5f69c6ef429df41	27414	93	1	accepted	1	35115	35115
201	16	0x6856419067eae1ba1bd63c1f519dcff0c921b3363a5f202ea5f69c6ef429df41	27415	93	1	accepted	1	35091	35091
201	16	0x6856419067eae1ba1bd63c1f519dcff0c921b3363a5f202ea5f69c6ef429df41	27416	93	1	accepted	1	35566	35566
201	16	0x6856419067eae1ba1bd63c1f519dcff0c921b3363a5f202ea5f69c6ef429df41	27417	93	1	accepted	1	35580	35580
201	16	0x6856419067eae1ba1bd63c1f519dcff0c921b3363a5f202ea5f69c6ef429df41	27418	93	1	accepted	1	35521	35521
201	16	0x6856419067eae1ba1bd63c1f519dcff0c921b3363a5f202ea5f69c6ef429df41	27419	93	1	accepted	1	35323	35323
201	16	0x6856419067eae1ba1bd63c1f519dcff0c921b3363a5f202ea5f69c6ef429df41	27420	93	1	accepted	1	35129	35129
201	16	0x6856419067eae1ba1bd63c1f519dcff0c921b3363a5f202ea5f69c6ef429df41	27421	93	1	accepted	1	35463	35463
201	16	0x6856419067eae1ba1bd63c1f519dcff0c921b3363a5f202ea5f69c6ef429df41	27422	93	1	accepted	1	35389	35389
201	16	0x6856419067eae1ba1bd63c1f519dcff0c921b3363a5f202ea5f69c6ef429df41	27423	93	1	accepted	1	35563	35563
201	16	0x6856419067eae1ba1bd63c1f519dcff0c921b3363a5f202ea5f69c6ef429df41	27424	93	1	accepted	1	35554	35554
201	16	0x6856419067eae1ba1bd63c1f519dcff0c921b3363a5f202ea5f69c6ef429df41	27425	93	1	accepted	1	35390	35390
201	16	0x6856419067eae1ba1bd63c1f519dcff0c921b3363a5f202ea5f69c6ef429df41	27426	93	1	accepted	1	35232	35232
201	16	0x6856419067eae1ba1bd63c1f519dcff0c921b3363a5f202ea5f69c6ef429df41	27427	93	1	accepted	1	35304	35304
201	16	0x6856419067eae1ba1bd63c1f519dcff0c921b3363a5f202ea5f69c6ef429df41	27428	93	1	accepted	1	35442	35442
201	16	0x6856419067eae1ba1bd63c1f519dcff0c921b3363a5f202ea5f69c6ef429df41	27429	93	1	accepted	1	35559	35559
201	16	0x6856419067eae1ba1bd63c1f519dcff0c921b3363a5f202ea5f69c6ef429df41	27430	93	1	accepted	1	35351	35351
201	16	0x6856419067eae1ba1bd63c1f519dcff0c921b3363a5f202ea5f69c6ef429df41	27431	93	1	accepted	1	35076	35076
201	16	0x6856419067eae1ba1bd63c1f519dcff0c921b3363a5f202ea5f69c6ef429df41	27432	93	1	accepted	1	35305	35305
201	16	0x6856419067eae1ba1bd63c1f519dcff0c921b3363a5f202ea5f69c6ef429df41	27433	93	1	accepted	1	35153	35153
201	16	0x6856419067eae1ba1bd63c1f519dcff0c921b3363a5f202ea5f69c6ef429df41	27434	93	1	accepted	1	35090	35090
201	16	0x6856419067eae1ba1bd63c1f519dcff0c921b3363a5f202ea5f69c6ef429df41	27435	93	1	accepted	1	35570	35570
201	16	0x6856419067eae1ba1bd63c1f519dcff0c921b3363a5f202ea5f69c6ef429df41	27436	93	1	accepted	1	34876	34876
201	16	0x6856419067eae1ba1bd63c1f519dcff0c921b3363a5f202ea5f69c6ef429df41	27437	93	1	accepted	1	35328	35328
201	16	0x6856419067eae1ba1bd63c1f519dcff0c921b3363a5f202ea5f69c6ef429df41	27438	93	1	accepted	1	35577	35577
201	16	0x6856419067eae1ba1bd63c1f519dcff0c921b3363a5f202ea5f69c6ef429df41	27439	93	1	accepted	1	35443	35443
201	16	0x6856419067eae1ba1bd63c1f519dcff0c921b3363a5f202ea5f69c6ef429df41	27440	93	1	accepted	1	35499	35499
201	16	0x6856419067eae1ba1bd63c1f519dcff0c921b3363a5f202ea5f69c6ef429df41	27441	93	1	accepted	1	35567	35567
201	16	0x6856419067eae1ba1bd63c1f519dcff0c921b3363a5f202ea5f69c6ef429df41	27442	93	1	accepted	1	35569	35569
201	16	0x6856419067eae1ba1bd63c1f519dcff0c921b3363a5f202ea5f69c6ef429df41	27443	93	1	accepted	1	35375	35375
201	16	0x6856419067eae1ba1bd63c1f519dcff0c921b3363a5f202ea5f69c6ef429df41	27444	93	1	accepted	1	34859	34859
201	16	0x6856419067eae1ba1bd63c1f519dcff0c921b3363a5f202ea5f69c6ef429df41	27445	93	1	accepted	1	35324	35324
201	16	0x6856419067eae1ba1bd63c1f519dcff0c921b3363a5f202ea5f69c6ef429df41	27446	93	1	accepted	1	35545	35545
201	16	0x6856419067eae1ba1bd63c1f519dcff0c921b3363a5f202ea5f69c6ef429df41	27447	93	1	accepted	1	35199	35199
201	16	0x6856419067eae1ba1bd63c1f519dcff0c921b3363a5f202ea5f69c6ef429df41	27448	93	1	accepted	1	35072	35072
201	16	0x6856419067eae1ba1bd63c1f519dcff0c921b3363a5f202ea5f69c6ef429df41	27449	93	1	accepted	1	35035	35035
201	16	0x6856419067eae1ba1bd63c1f519dcff0c921b3363a5f202ea5f69c6ef429df41	27450	93	1	accepted	1	35165	35165
201	16	0x6856419067eae1ba1bd63c1f519dcff0c921b3363a5f202ea5f69c6ef429df41	27451	93	1	accepted	1	35498	35498
201	16	0x6856419067eae1ba1bd63c1f519dcff0c921b3363a5f202ea5f69c6ef429df41	27452	93	1	accepted	1	35507	35507
201	16	0x6856419067eae1ba1bd63c1f519dcff0c921b3363a5f202ea5f69c6ef429df41	27453	93	1	accepted	1	34881	34881
201	16	0x6856419067eae1ba1bd63c1f519dcff0c921b3363a5f202ea5f69c6ef429df41	27454	93	1	accepted	1	35333	35333
201	16	0x6856419067eae1ba1bd63c1f519dcff0c921b3363a5f202ea5f69c6ef429df41	27455	93	1	accepted	1	35471	35471
201	16	0x6856419067eae1ba1bd63c1f519dcff0c921b3363a5f202ea5f69c6ef429df41	27456	93	1	accepted	1	35122	35122
201	16	0x6856419067eae1ba1bd63c1f519dcff0c921b3363a5f202ea5f69c6ef429df41	27457	93	1	accepted	1	35218	35218
201	16	0x6856419067eae1ba1bd63c1f519dcff0c921b3363a5f202ea5f69c6ef429df41	27458	93	1	accepted	1	35451	35451
201	16	0x6856419067eae1ba1bd63c1f519dcff0c921b3363a5f202ea5f69c6ef429df41	27459	93	1	accepted	1	35087	35087
201	16	0x6856419067eae1ba1bd63c1f519dcff0c921b3363a5f202ea5f69c6ef429df41	27460	93	1	accepted	1	35141	35141
201	16	0x6856419067eae1ba1bd63c1f519dcff0c921b3363a5f202ea5f69c6ef429df41	27461	93	1	accepted	1	35372	35372
201	16	0x6856419067eae1ba1bd63c1f519dcff0c921b3363a5f202ea5f69c6ef429df41	27462	93	1	accepted	1	35435	35435
201	16	0x6856419067eae1ba1bd63c1f519dcff0c921b3363a5f202ea5f69c6ef429df41	27463	93	1	accepted	1	35382	35382
201	16	0x6856419067eae1ba1bd63c1f519dcff0c921b3363a5f202ea5f69c6ef429df41	27464	93	1	accepted	1	35213	35213
201	16	0x6856419067eae1ba1bd63c1f519dcff0c921b3363a5f202ea5f69c6ef429df41	27465	93	1	accepted	1	35050	35050
201	16	0x6856419067eae1ba1bd63c1f519dcff0c921b3363a5f202ea5f69c6ef429df41	27466	93	1	accepted	1	35160	35160
201	16	0x6856419067eae1ba1bd63c1f519dcff0c921b3363a5f202ea5f69c6ef429df41	27467	93	1	accepted	1	35365	35365
201	16	0x6856419067eae1ba1bd63c1f519dcff0c921b3363a5f202ea5f69c6ef429df41	27468	93	1	accepted	1	35400	35400
201	16	0x6856419067eae1ba1bd63c1f519dcff0c921b3363a5f202ea5f69c6ef429df41	27469	93	1	accepted	1	35148	35148
201	16	0x6856419067eae1ba1bd63c1f519dcff0c921b3363a5f202ea5f69c6ef429df41	27470	93	1	accepted	1	35195	35195
201	16	0x6856419067eae1ba1bd63c1f519dcff0c921b3363a5f202ea5f69c6ef429df41	27471	93	1	accepted	1	35073	35073
201	16	0x6856419067eae1ba1bd63c1f519dcff0c921b3363a5f202ea5f69c6ef429df41	27472	93	1	accepted	1	35280	35280
201	16	0x6856419067eae1ba1bd63c1f519dcff0c921b3363a5f202ea5f69c6ef429df41	27473	93	1	accepted	1	35261	35261
201	16	0x6856419067eae1ba1bd63c1f519dcff0c921b3363a5f202ea5f69c6ef429df41	27474	93	1	accepted	1	35423	35423
201	16	0x6856419067eae1ba1bd63c1f519dcff0c921b3363a5f202ea5f69c6ef429df41	27475	93	1	accepted	1	35077	35077
201	16	0x6856419067eae1ba1bd63c1f519dcff0c921b3363a5f202ea5f69c6ef429df41	27476	93	1	accepted	1	35272	35272
201	16	0x6856419067eae1ba1bd63c1f519dcff0c921b3363a5f202ea5f69c6ef429df41	27477	93	1	accepted	1	35462	35462
201	16	0x6856419067eae1ba1bd63c1f519dcff0c921b3363a5f202ea5f69c6ef429df41	27478	93	1	accepted	1	35275	35275
201	16	0x6856419067eae1ba1bd63c1f519dcff0c921b3363a5f202ea5f69c6ef429df41	27479	93	1	accepted	1	35314	35314
201	16	0x6856419067eae1ba1bd63c1f519dcff0c921b3363a5f202ea5f69c6ef429df41	27480	93	1	accepted	1	35286	35286
201	16	0x6856419067eae1ba1bd63c1f519dcff0c921b3363a5f202ea5f69c6ef429df41	27481	93	1	accepted	1	35502	35502
201	16	0x6856419067eae1ba1bd63c1f519dcff0c921b3363a5f202ea5f69c6ef429df41	27482	93	1	accepted	1	35428	35428
201	16	0x6856419067eae1ba1bd63c1f519dcff0c921b3363a5f202ea5f69c6ef429df41	27483	93	1	accepted	1	35384	35384
201	16	0x6856419067eae1ba1bd63c1f519dcff0c921b3363a5f202ea5f69c6ef429df41	27484	93	1	accepted	1	35370	35370
201	16	0x6856419067eae1ba1bd63c1f519dcff0c921b3363a5f202ea5f69c6ef429df41	27485	93	1	accepted	1	35201	35201
201	16	0x6856419067eae1ba1bd63c1f519dcff0c921b3363a5f202ea5f69c6ef429df41	27486	93	1	accepted	1	35127	35127
201	16	0x6856419067eae1ba1bd63c1f519dcff0c921b3363a5f202ea5f69c6ef429df41	27487	93	1	accepted	1	35045	35045
201	16	0x6856419067eae1ba1bd63c1f519dcff0c921b3363a5f202ea5f69c6ef429df41	27488	93	1	accepted	1	35482	35482
201	16	0x6856419067eae1ba1bd63c1f519dcff0c921b3363a5f202ea5f69c6ef429df41	27489	93	1	accepted	1	35447	35447
201	16	0x6856419067eae1ba1bd63c1f519dcff0c921b3363a5f202ea5f69c6ef429df41	27490	93	1	accepted	1	35517	35517
201	16	0x6856419067eae1ba1bd63c1f519dcff0c921b3363a5f202ea5f69c6ef429df41	27491	93	1	accepted	1	35216	35216
201	16	0x6856419067eae1ba1bd63c1f519dcff0c921b3363a5f202ea5f69c6ef429df41	27492	93	1	accepted	1	35504	35504
201	16	0x6856419067eae1ba1bd63c1f519dcff0c921b3363a5f202ea5f69c6ef429df41	27493	93	1	accepted	1	35322	35322
201	16	0x6856419067eae1ba1bd63c1f519dcff0c921b3363a5f202ea5f69c6ef429df41	27494	93	1	accepted	1	35582	35582
201	16	0x6856419067eae1ba1bd63c1f519dcff0c921b3363a5f202ea5f69c6ef429df41	27495	93	1	accepted	1	35187	35187
201	16	0x6856419067eae1ba1bd63c1f519dcff0c921b3363a5f202ea5f69c6ef429df41	27496	93	1	accepted	1	35547	35547
201	16	0x6856419067eae1ba1bd63c1f519dcff0c921b3363a5f202ea5f69c6ef429df41	27497	93	1	accepted	1	35436	35436
201	16	0x6856419067eae1ba1bd63c1f519dcff0c921b3363a5f202ea5f69c6ef429df41	27498	93	1	accepted	1	35336	35336
201	16	0x6856419067eae1ba1bd63c1f519dcff0c921b3363a5f202ea5f69c6ef429df41	27499	93	1	accepted	1	35318	35318
201	16	0x6856419067eae1ba1bd63c1f519dcff0c921b3363a5f202ea5f69c6ef429df41	27500	93	1	accepted	1	35459	35459
201	16	0x6856419067eae1ba1bd63c1f519dcff0c921b3363a5f202ea5f69c6ef429df41	27501	93	1	accepted	1	35352	35352
201	16	0x6856419067eae1ba1bd63c1f519dcff0c921b3363a5f202ea5f69c6ef429df41	27502	93	1	accepted	1	35060	35060
201	16	0x6856419067eae1ba1bd63c1f519dcff0c921b3363a5f202ea5f69c6ef429df41	27503	93	1	accepted	1	35338	35338
201	16	0x6856419067eae1ba1bd63c1f519dcff0c921b3363a5f202ea5f69c6ef429df41	27504	93	1	accepted	1	35271	35271
201	16	0x6856419067eae1ba1bd63c1f519dcff0c921b3363a5f202ea5f69c6ef429df41	27505	93	1	accepted	1	35281	35281
201	16	0x6856419067eae1ba1bd63c1f519dcff0c921b3363a5f202ea5f69c6ef429df41	27506	93	1	accepted	1	35391	35391
201	16	0x6856419067eae1ba1bd63c1f519dcff0c921b3363a5f202ea5f69c6ef429df41	27507	93	1	accepted	1	35564	35564
201	16	0x6856419067eae1ba1bd63c1f519dcff0c921b3363a5f202ea5f69c6ef429df41	27508	93	1	accepted	1	35219	35219
201	16	0x6856419067eae1ba1bd63c1f519dcff0c921b3363a5f202ea5f69c6ef429df41	27509	93	1	accepted	1	35357	35357
201	16	0x6856419067eae1ba1bd63c1f519dcff0c921b3363a5f202ea5f69c6ef429df41	27510	93	1	accepted	1	35178	35178
201	16	0x6856419067eae1ba1bd63c1f519dcff0c921b3363a5f202ea5f69c6ef429df41	27511	93	1	accepted	1	35377	35377
201	16	0x6856419067eae1ba1bd63c1f519dcff0c921b3363a5f202ea5f69c6ef429df41	27512	93	1	accepted	1	35437	35437
201	16	0x6856419067eae1ba1bd63c1f519dcff0c921b3363a5f202ea5f69c6ef429df41	27513	93	1	accepted	1	35581	35581
201	16	0x6856419067eae1ba1bd63c1f519dcff0c921b3363a5f202ea5f69c6ef429df41	27514	93	1	accepted	1	35500	35500
201	16	0x6856419067eae1ba1bd63c1f519dcff0c921b3363a5f202ea5f69c6ef429df41	27515	93	1	accepted	1	35255	35255
201	16	0x6856419067eae1ba1bd63c1f519dcff0c921b3363a5f202ea5f69c6ef429df41	27516	93	1	accepted	1	35418	35418
201	16	0x6856419067eae1ba1bd63c1f519dcff0c921b3363a5f202ea5f69c6ef429df41	27517	93	1	accepted	1	35131	35131
201	16	0x6856419067eae1ba1bd63c1f519dcff0c921b3363a5f202ea5f69c6ef429df41	27518	93	1	accepted	1	35048	35048
201	16	0x6856419067eae1ba1bd63c1f519dcff0c921b3363a5f202ea5f69c6ef429df41	27519	93	1	accepted	1	35062	35062
201	16	0x6856419067eae1ba1bd63c1f519dcff0c921b3363a5f202ea5f69c6ef429df41	27520	93	1	accepted	1	35320	35320
201	16	0x6856419067eae1ba1bd63c1f519dcff0c921b3363a5f202ea5f69c6ef429df41	27521	93	1	accepted	1	35396	35396
201	16	0x6856419067eae1ba1bd63c1f519dcff0c921b3363a5f202ea5f69c6ef429df41	27522	93	1	accepted	1	35585	35585
201	16	0x6856419067eae1ba1bd63c1f519dcff0c921b3363a5f202ea5f69c6ef429df41	27523	93	1	accepted	1	35303	35303
201	16	0x6856419067eae1ba1bd63c1f519dcff0c921b3363a5f202ea5f69c6ef429df41	27524	93	1	accepted	1	34879	34879
201	16	0x6856419067eae1ba1bd63c1f519dcff0c921b3363a5f202ea5f69c6ef429df41	27525	93	1	accepted	1	35574	35574
201	16	0x6856419067eae1ba1bd63c1f519dcff0c921b3363a5f202ea5f69c6ef429df41	27526	93	1	accepted	1	35380	35380
201	16	0x6856419067eae1ba1bd63c1f519dcff0c921b3363a5f202ea5f69c6ef429df41	27527	93	1	accepted	1	35464	35464
201	16	0x6856419067eae1ba1bd63c1f519dcff0c921b3363a5f202ea5f69c6ef429df41	27528	93	1	accepted	1	35097	35097
201	16	0x6856419067eae1ba1bd63c1f519dcff0c921b3363a5f202ea5f69c6ef429df41	27529	93	1	accepted	1	35343	35343
201	16	0x6856419067eae1ba1bd63c1f519dcff0c921b3363a5f202ea5f69c6ef429df41	27530	93	1	accepted	1	35264	35264
201	16	0x6856419067eae1ba1bd63c1f519dcff0c921b3363a5f202ea5f69c6ef429df41	27531	93	1	accepted	1	35207	35207
201	16	0x6856419067eae1ba1bd63c1f519dcff0c921b3363a5f202ea5f69c6ef429df41	27532	93	1	accepted	1	35064	35064
201	16	0x6856419067eae1ba1bd63c1f519dcff0c921b3363a5f202ea5f69c6ef429df41	27533	93	1	accepted	1	34869	34869
201	16	0x6856419067eae1ba1bd63c1f519dcff0c921b3363a5f202ea5f69c6ef429df41	27534	93	1	accepted	1	35046	35046
201	16	0x6856419067eae1ba1bd63c1f519dcff0c921b3363a5f202ea5f69c6ef429df41	27535	93	1	accepted	1	35449	35449
201	16	0x6856419067eae1ba1bd63c1f519dcff0c921b3363a5f202ea5f69c6ef429df41	27536	93	1	accepted	1	35388	35388
201	16	0x6856419067eae1ba1bd63c1f519dcff0c921b3363a5f202ea5f69c6ef429df41	27537	93	1	accepted	1	35080	35080
201	16	0x6856419067eae1ba1bd63c1f519dcff0c921b3363a5f202ea5f69c6ef429df41	27538	93	1	accepted	1	35149	35149
201	16	0x6856419067eae1ba1bd63c1f519dcff0c921b3363a5f202ea5f69c6ef429df41	27539	93	1	accepted	1	35128	35128
201	16	0x6856419067eae1ba1bd63c1f519dcff0c921b3363a5f202ea5f69c6ef429df41	27540	93	1	accepted	1	35145	35145
201	16	0x6856419067eae1ba1bd63c1f519dcff0c921b3363a5f202ea5f69c6ef429df41	27541	93	1	accepted	1	35137	35137
201	16	0x6856419067eae1ba1bd63c1f519dcff0c921b3363a5f202ea5f69c6ef429df41	27542	93	1	accepted	1	35381	35381
201	16	0x6856419067eae1ba1bd63c1f519dcff0c921b3363a5f202ea5f69c6ef429df41	27543	93	1	accepted	1	35429	35429
201	16	0x6856419067eae1ba1bd63c1f519dcff0c921b3363a5f202ea5f69c6ef429df41	27544	93	1	accepted	1	35406	35406
201	16	0x6856419067eae1ba1bd63c1f519dcff0c921b3363a5f202ea5f69c6ef429df41	27545	93	1	accepted	1	35047	35047
201	16	0x6856419067eae1ba1bd63c1f519dcff0c921b3363a5f202ea5f69c6ef429df41	27546	93	1	accepted	1	35188	35188
201	16	0x6856419067eae1ba1bd63c1f519dcff0c921b3363a5f202ea5f69c6ef429df41	27547	93	1	accepted	1	34871	34871
201	16	0x6856419067eae1ba1bd63c1f519dcff0c921b3363a5f202ea5f69c6ef429df41	27548	93	1	accepted	1	35488	35488
201	16	0x6856419067eae1ba1bd63c1f519dcff0c921b3363a5f202ea5f69c6ef429df41	27549	93	1	accepted	1	35434	35434
201	16	0x6856419067eae1ba1bd63c1f519dcff0c921b3363a5f202ea5f69c6ef429df41	27550	93	1	accepted	1	35121	35121
201	16	0x6856419067eae1ba1bd63c1f519dcff0c921b3363a5f202ea5f69c6ef429df41	27551	93	1	accepted	1	35104	35104
201	16	0x6856419067eae1ba1bd63c1f519dcff0c921b3363a5f202ea5f69c6ef429df41	27552	93	1	accepted	1	35579	35579
201	16	0x6856419067eae1ba1bd63c1f519dcff0c921b3363a5f202ea5f69c6ef429df41	27553	93	1	accepted	1	35084	35084
201	16	0x6856419067eae1ba1bd63c1f519dcff0c921b3363a5f202ea5f69c6ef429df41	27554	93	1	accepted	1	34874	34874
201	16	0x6856419067eae1ba1bd63c1f519dcff0c921b3363a5f202ea5f69c6ef429df41	27555	93	1	accepted	1	35412	35412
201	16	0x6856419067eae1ba1bd63c1f519dcff0c921b3363a5f202ea5f69c6ef429df41	27556	93	1	accepted	1	35096	35096
400	15	0x1a40155d770d5a166e5976f7f9c1804026797f51b522c4959fdcde7fcaa010d1	93568	69	1	accepted	1	31123	31123
400	15	0x1a40155d770d5a166e5976f7f9c1804026797f51b522c4959fdcde7fcaa010d1	93569	69	1	accepted	1	31029	31029
400	15	0x1a40155d770d5a166e5976f7f9c1804026797f51b522c4959fdcde7fcaa010d1	93570	69	1	accepted	1	31100	31100
400	15	0x1a40155d770d5a166e5976f7f9c1804026797f51b522c4959fdcde7fcaa010d1	93571	69	1	accepted	1	30820	30820
400	15	0x1a40155d770d5a166e5976f7f9c1804026797f51b522c4959fdcde7fcaa010d1	93572	69	1	accepted	1	30973	30973
400	15	0x1a40155d770d5a166e5976f7f9c1804026797f51b522c4959fdcde7fcaa010d1	93573	69	1	accepted	1	30927	30927
400	15	0x1a40155d770d5a166e5976f7f9c1804026797f51b522c4959fdcde7fcaa010d1	93574	69	1	accepted	1	30826	30826
400	15	0x1a40155d770d5a166e5976f7f9c1804026797f51b522c4959fdcde7fcaa010d1	93575	69	1	accepted	1	31184	31184
400	15	0x1a40155d770d5a166e5976f7f9c1804026797f51b522c4959fdcde7fcaa010d1	93576	69	1	accepted	1	31013	31013
400	15	0x1a40155d770d5a166e5976f7f9c1804026797f51b522c4959fdcde7fcaa010d1	93577	69	1	accepted	1	31001	31001
400	15	0x1a40155d770d5a166e5976f7f9c1804026797f51b522c4959fdcde7fcaa010d1	93578	69	1	accepted	1	31025	31025
400	15	0x1a40155d770d5a166e5976f7f9c1804026797f51b522c4959fdcde7fcaa010d1	93579	69	1	accepted	1	31136	31136
400	15	0x1a40155d770d5a166e5976f7f9c1804026797f51b522c4959fdcde7fcaa010d1	93580	69	1	accepted	1	31064	31064
400	15	0x1a40155d770d5a166e5976f7f9c1804026797f51b522c4959fdcde7fcaa010d1	93581	69	1	accepted	1	30982	30982
400	15	0x1a40155d770d5a166e5976f7f9c1804026797f51b522c4959fdcde7fcaa010d1	93582	69	1	accepted	1	30844	30844
400	15	0x1a40155d770d5a166e5976f7f9c1804026797f51b522c4959fdcde7fcaa010d1	93583	69	1	accepted	1	30976	30976
400	15	0x1a40155d770d5a166e5976f7f9c1804026797f51b522c4959fdcde7fcaa010d1	93584	69	1	accepted	1	30843	30843
400	15	0x1a40155d770d5a166e5976f7f9c1804026797f51b522c4959fdcde7fcaa010d1	93585	69	1	accepted	1	31257	31257
400	15	0x1a40155d770d5a166e5976f7f9c1804026797f51b522c4959fdcde7fcaa010d1	93586	69	1	accepted	1	31016	31016
400	15	0x1a40155d770d5a166e5976f7f9c1804026797f51b522c4959fdcde7fcaa010d1	93587	69	1	accepted	1	30901	30901
400	15	0x1a40155d770d5a166e5976f7f9c1804026797f51b522c4959fdcde7fcaa010d1	93588	69	1	accepted	1	30834	30834
400	15	0x1a40155d770d5a166e5976f7f9c1804026797f51b522c4959fdcde7fcaa010d1	93589	69	1	accepted	1	30968	30968
400	15	0x1a40155d770d5a166e5976f7f9c1804026797f51b522c4959fdcde7fcaa010d1	93590	69	1	accepted	1	31261	31261
400	15	0x1a40155d770d5a166e5976f7f9c1804026797f51b522c4959fdcde7fcaa010d1	93591	69	1	accepted	1	31243	31243
400	15	0x1a40155d770d5a166e5976f7f9c1804026797f51b522c4959fdcde7fcaa010d1	93592	69	1	accepted	1	31215	31215
400	15	0x1a40155d770d5a166e5976f7f9c1804026797f51b522c4959fdcde7fcaa010d1	93593	69	1	accepted	1	30975	30975
400	15	0x1a40155d770d5a166e5976f7f9c1804026797f51b522c4959fdcde7fcaa010d1	93594	69	1	accepted	1	30952	30952
400	15	0x1a40155d770d5a166e5976f7f9c1804026797f51b522c4959fdcde7fcaa010d1	93595	69	1	accepted	1	31060	31060
400	15	0x1a40155d770d5a166e5976f7f9c1804026797f51b522c4959fdcde7fcaa010d1	93596	69	1	accepted	1	31095	31095
400	15	0x1a40155d770d5a166e5976f7f9c1804026797f51b522c4959fdcde7fcaa010d1	93597	69	1	accepted	1	31032	31032
400	15	0x1a40155d770d5a166e5976f7f9c1804026797f51b522c4959fdcde7fcaa010d1	93598	69	1	accepted	1	31159	31159
400	15	0x1a40155d770d5a166e5976f7f9c1804026797f51b522c4959fdcde7fcaa010d1	93599	69	1	accepted	1	30766	30766
400	15	0x1a40155d770d5a166e5976f7f9c1804026797f51b522c4959fdcde7fcaa010d1	93600	69	1	accepted	1	30805	30805
400	15	0x1a40155d770d5a166e5976f7f9c1804026797f51b522c4959fdcde7fcaa010d1	93601	69	1	accepted	1	31072	31072
400	15	0x1a40155d770d5a166e5976f7f9c1804026797f51b522c4959fdcde7fcaa010d1	93602	69	1	accepted	1	30918	30918
400	15	0x1a40155d770d5a166e5976f7f9c1804026797f51b522c4959fdcde7fcaa010d1	93603	69	1	accepted	1	30772	30772
400	15	0x1a40155d770d5a166e5976f7f9c1804026797f51b522c4959fdcde7fcaa010d1	93604	69	1	accepted	1	30835	30835
400	15	0x1a40155d770d5a166e5976f7f9c1804026797f51b522c4959fdcde7fcaa010d1	93605	69	1	accepted	1	30997	30997
400	15	0x1a40155d770d5a166e5976f7f9c1804026797f51b522c4959fdcde7fcaa010d1	93606	69	1	accepted	1	31082	31082
400	15	0x1a40155d770d5a166e5976f7f9c1804026797f51b522c4959fdcde7fcaa010d1	93607	69	1	accepted	1	31216	31216
400	15	0x1a40155d770d5a166e5976f7f9c1804026797f51b522c4959fdcde7fcaa010d1	93608	69	1	accepted	1	31127	31127
400	15	0x1a40155d770d5a166e5976f7f9c1804026797f51b522c4959fdcde7fcaa010d1	93609	69	1	accepted	1	31189	31189
400	15	0x1a40155d770d5a166e5976f7f9c1804026797f51b522c4959fdcde7fcaa010d1	93610	69	1	accepted	1	31051	31051
400	15	0x1a40155d770d5a166e5976f7f9c1804026797f51b522c4959fdcde7fcaa010d1	93611	69	1	accepted	1	30833	30833
400	15	0x1a40155d770d5a166e5976f7f9c1804026797f51b522c4959fdcde7fcaa010d1	93612	69	1	accepted	1	30926	30926
400	15	0x1a40155d770d5a166e5976f7f9c1804026797f51b522c4959fdcde7fcaa010d1	93613	69	1	accepted	1	31004	31004
400	15	0x1a40155d770d5a166e5976f7f9c1804026797f51b522c4959fdcde7fcaa010d1	93614	69	1	accepted	1	31168	31168
400	15	0x1a40155d770d5a166e5976f7f9c1804026797f51b522c4959fdcde7fcaa010d1	93615	69	1	accepted	1	31233	31233
400	15	0x1a40155d770d5a166e5976f7f9c1804026797f51b522c4959fdcde7fcaa010d1	93616	69	1	accepted	1	31201	31201
400	15	0x1a40155d770d5a166e5976f7f9c1804026797f51b522c4959fdcde7fcaa010d1	93617	69	1	accepted	1	31109	31109
400	15	0x1a40155d770d5a166e5976f7f9c1804026797f51b522c4959fdcde7fcaa010d1	93618	69	1	accepted	1	30964	30964
400	15	0x1a40155d770d5a166e5976f7f9c1804026797f51b522c4959fdcde7fcaa010d1	93619	69	1	accepted	1	31188	31188
400	15	0x1a40155d770d5a166e5976f7f9c1804026797f51b522c4959fdcde7fcaa010d1	93620	69	1	accepted	1	31105	31105
400	15	0x1a40155d770d5a166e5976f7f9c1804026797f51b522c4959fdcde7fcaa010d1	93621	69	1	accepted	1	31151	31151
400	15	0x1a40155d770d5a166e5976f7f9c1804026797f51b522c4959fdcde7fcaa010d1	93622	69	1	accepted	1	31263	31263
400	15	0x1a40155d770d5a166e5976f7f9c1804026797f51b522c4959fdcde7fcaa010d1	93623	69	1	accepted	1	30897	30897
400	15	0x1a40155d770d5a166e5976f7f9c1804026797f51b522c4959fdcde7fcaa010d1	93624	69	1	accepted	1	31248	31248
400	15	0x1a40155d770d5a166e5976f7f9c1804026797f51b522c4959fdcde7fcaa010d1	93625	69	1	accepted	1	31180	31180
400	15	0x1a40155d770d5a166e5976f7f9c1804026797f51b522c4959fdcde7fcaa010d1	93626	69	1	accepted	1	30866	30866
400	15	0x1a40155d770d5a166e5976f7f9c1804026797f51b522c4959fdcde7fcaa010d1	93627	69	1	accepted	1	31232	31232
400	15	0x1a40155d770d5a166e5976f7f9c1804026797f51b522c4959fdcde7fcaa010d1	93628	69	1	accepted	1	31203	31203
400	15	0x1a40155d770d5a166e5976f7f9c1804026797f51b522c4959fdcde7fcaa010d1	93629	69	1	accepted	1	31258	31258
400	15	0x1a40155d770d5a166e5976f7f9c1804026797f51b522c4959fdcde7fcaa010d1	93630	69	1	accepted	1	30869	30869
400	15	0x1a40155d770d5a166e5976f7f9c1804026797f51b522c4959fdcde7fcaa010d1	93631	69	1	accepted	1	31116	31116
400	15	0x1a40155d770d5a166e5976f7f9c1804026797f51b522c4959fdcde7fcaa010d1	93632	69	1	accepted	1	30838	30838
400	15	0x1a40155d770d5a166e5976f7f9c1804026797f51b522c4959fdcde7fcaa010d1	93633	69	1	accepted	1	31200	31200
400	15	0x1a40155d770d5a166e5976f7f9c1804026797f51b522c4959fdcde7fcaa010d1	93634	69	1	accepted	1	31053	31053
400	15	0x1a40155d770d5a166e5976f7f9c1804026797f51b522c4959fdcde7fcaa010d1	93635	69	1	accepted	1	30977	30977
400	15	0x1a40155d770d5a166e5976f7f9c1804026797f51b522c4959fdcde7fcaa010d1	93636	69	1	accepted	1	30890	30890
400	15	0x1a40155d770d5a166e5976f7f9c1804026797f51b522c4959fdcde7fcaa010d1	93637	69	1	accepted	1	31207	31207
400	15	0x1a40155d770d5a166e5976f7f9c1804026797f51b522c4959fdcde7fcaa010d1	93638	69	1	accepted	1	31182	31182
400	15	0x1a40155d770d5a166e5976f7f9c1804026797f51b522c4959fdcde7fcaa010d1	93639	69	1	accepted	1	31199	31199
400	15	0x1a40155d770d5a166e5976f7f9c1804026797f51b522c4959fdcde7fcaa010d1	93640	69	1	accepted	1	30892	30892
400	15	0x1a40155d770d5a166e5976f7f9c1804026797f51b522c4959fdcde7fcaa010d1	93641	69	1	accepted	1	30883	30883
400	15	0x1a40155d770d5a166e5976f7f9c1804026797f51b522c4959fdcde7fcaa010d1	93642	69	1	accepted	1	30942	30942
400	15	0x1a40155d770d5a166e5976f7f9c1804026797f51b522c4959fdcde7fcaa010d1	93643	69	1	accepted	1	31120	31120
400	15	0x1a40155d770d5a166e5976f7f9c1804026797f51b522c4959fdcde7fcaa010d1	93644	69	1	accepted	1	30789	30789
400	15	0x1a40155d770d5a166e5976f7f9c1804026797f51b522c4959fdcde7fcaa010d1	93645	69	1	accepted	1	30936	30936
400	15	0x1a40155d770d5a166e5976f7f9c1804026797f51b522c4959fdcde7fcaa010d1	93646	69	1	accepted	1	31262	31262
400	15	0x1a40155d770d5a166e5976f7f9c1804026797f51b522c4959fdcde7fcaa010d1	93647	69	1	accepted	1	31236	31236
400	15	0x1a40155d770d5a166e5976f7f9c1804026797f51b522c4959fdcde7fcaa010d1	93648	69	1	accepted	1	31068	31068
400	15	0x1a40155d770d5a166e5976f7f9c1804026797f51b522c4959fdcde7fcaa010d1	93649	69	1	accepted	1	31212	31212
400	15	0x1a40155d770d5a166e5976f7f9c1804026797f51b522c4959fdcde7fcaa010d1	93650	69	1	accepted	1	30771	30771
400	15	0x1a40155d770d5a166e5976f7f9c1804026797f51b522c4959fdcde7fcaa010d1	93651	69	1	accepted	1	30815	30815
400	15	0x1a40155d770d5a166e5976f7f9c1804026797f51b522c4959fdcde7fcaa010d1	93652	69	1	accepted	1	31009	31009
400	15	0x1a40155d770d5a166e5976f7f9c1804026797f51b522c4959fdcde7fcaa010d1	93653	69	1	accepted	1	31041	31041
400	15	0x1a40155d770d5a166e5976f7f9c1804026797f51b522c4959fdcde7fcaa010d1	93654	69	1	accepted	1	30862	30862
400	15	0x1a40155d770d5a166e5976f7f9c1804026797f51b522c4959fdcde7fcaa010d1	93655	69	1	accepted	1	31097	31097
400	15	0x1a40155d770d5a166e5976f7f9c1804026797f51b522c4959fdcde7fcaa010d1	93656	69	1	accepted	1	30845	30845
400	15	0x1a40155d770d5a166e5976f7f9c1804026797f51b522c4959fdcde7fcaa010d1	93657	69	1	accepted	1	31213	31213
400	15	0x1a40155d770d5a166e5976f7f9c1804026797f51b522c4959fdcde7fcaa010d1	93658	69	1	accepted	1	31106	31106
400	15	0x1a40155d770d5a166e5976f7f9c1804026797f51b522c4959fdcde7fcaa010d1	93659	69	1	accepted	1	31234	31234
400	15	0x1a40155d770d5a166e5976f7f9c1804026797f51b522c4959fdcde7fcaa010d1	93660	69	1	accepted	1	30905	30905
400	15	0x1a40155d770d5a166e5976f7f9c1804026797f51b522c4959fdcde7fcaa010d1	93661	69	1	accepted	1	30931	30931
400	15	0x1a40155d770d5a166e5976f7f9c1804026797f51b522c4959fdcde7fcaa010d1	93662	69	1	accepted	1	30886	30886
400	15	0x1a40155d770d5a166e5976f7f9c1804026797f51b522c4959fdcde7fcaa010d1	93663	69	1	accepted	1	31141	31141
400	15	0x1a40155d770d5a166e5976f7f9c1804026797f51b522c4959fdcde7fcaa010d1	93664	69	1	accepted	1	30856	30856
400	15	0x1a40155d770d5a166e5976f7f9c1804026797f51b522c4959fdcde7fcaa010d1	93665	69	1	accepted	1	31114	31114
400	15	0x1a40155d770d5a166e5976f7f9c1804026797f51b522c4959fdcde7fcaa010d1	93666	69	1	accepted	1	30961	30961
400	15	0x1a40155d770d5a166e5976f7f9c1804026797f51b522c4959fdcde7fcaa010d1	93667	69	1	accepted	1	30846	30846
400	15	0x1a40155d770d5a166e5976f7f9c1804026797f51b522c4959fdcde7fcaa010d1	93668	69	1	accepted	1	30932	30932
400	15	0x1a40155d770d5a166e5976f7f9c1804026797f51b522c4959fdcde7fcaa010d1	93669	69	1	accepted	1	31130	31130
400	15	0x1a40155d770d5a166e5976f7f9c1804026797f51b522c4959fdcde7fcaa010d1	93670	69	1	accepted	1	30847	30847
400	15	0x1a40155d770d5a166e5976f7f9c1804026797f51b522c4959fdcde7fcaa010d1	93671	69	1	accepted	1	31050	31050
400	15	0x1a40155d770d5a166e5976f7f9c1804026797f51b522c4959fdcde7fcaa010d1	93672	69	1	accepted	1	31125	31125
400	15	0x1a40155d770d5a166e5976f7f9c1804026797f51b522c4959fdcde7fcaa010d1	93673	69	1	accepted	1	31133	31133
400	15	0x1a40155d770d5a166e5976f7f9c1804026797f51b522c4959fdcde7fcaa010d1	93674	69	1	accepted	1	31171	31171
400	15	0x1a40155d770d5a166e5976f7f9c1804026797f51b522c4959fdcde7fcaa010d1	93675	69	1	accepted	1	30930	30930
400	15	0x1a40155d770d5a166e5976f7f9c1804026797f51b522c4959fdcde7fcaa010d1	93676	69	1	accepted	1	31148	31148
400	15	0x1a40155d770d5a166e5976f7f9c1804026797f51b522c4959fdcde7fcaa010d1	93677	69	1	accepted	1	30950	30950
400	15	0x1a40155d770d5a166e5976f7f9c1804026797f51b522c4959fdcde7fcaa010d1	93678	69	1	accepted	1	31137	31137
400	15	0x1a40155d770d5a166e5976f7f9c1804026797f51b522c4959fdcde7fcaa010d1	93679	69	1	accepted	1	30865	30865
400	15	0x1a40155d770d5a166e5976f7f9c1804026797f51b522c4959fdcde7fcaa010d1	93680	69	1	accepted	1	30972	30972
400	15	0x1a40155d770d5a166e5976f7f9c1804026797f51b522c4959fdcde7fcaa010d1	93681	69	1	accepted	1	31244	31244
400	15	0x1a40155d770d5a166e5976f7f9c1804026797f51b522c4959fdcde7fcaa010d1	93682	69	1	accepted	1	31090	31090
400	15	0x1a40155d770d5a166e5976f7f9c1804026797f51b522c4959fdcde7fcaa010d1	93683	69	1	accepted	1	30903	30903
400	15	0x1a40155d770d5a166e5976f7f9c1804026797f51b522c4959fdcde7fcaa010d1	93684	69	1	accepted	1	30992	30992
400	15	0x1a40155d770d5a166e5976f7f9c1804026797f51b522c4959fdcde7fcaa010d1	93685	69	1	accepted	1	30919	30919
400	15	0x1a40155d770d5a166e5976f7f9c1804026797f51b522c4959fdcde7fcaa010d1	93686	69	1	accepted	1	31069	31069
400	15	0x1a40155d770d5a166e5976f7f9c1804026797f51b522c4959fdcde7fcaa010d1	93687	69	1	accepted	1	31015	31015
400	15	0x1a40155d770d5a166e5976f7f9c1804026797f51b522c4959fdcde7fcaa010d1	93688	69	1	accepted	1	30963	30963
400	15	0x1a40155d770d5a166e5976f7f9c1804026797f51b522c4959fdcde7fcaa010d1	93689	69	1	accepted	1	31103	31103
400	15	0x1a40155d770d5a166e5976f7f9c1804026797f51b522c4959fdcde7fcaa010d1	93690	69	1	accepted	1	30808	30808
400	15	0x1a40155d770d5a166e5976f7f9c1804026797f51b522c4959fdcde7fcaa010d1	93691	69	1	accepted	1	31268	31268
400	15	0x1a40155d770d5a166e5976f7f9c1804026797f51b522c4959fdcde7fcaa010d1	93692	69	1	accepted	1	31011	31011
400	15	0x1a40155d770d5a166e5976f7f9c1804026797f51b522c4959fdcde7fcaa010d1	93693	69	1	accepted	1	30953	30953
400	15	0x1a40155d770d5a166e5976f7f9c1804026797f51b522c4959fdcde7fcaa010d1	93694	69	1	accepted	1	31079	31079
400	15	0x1a40155d770d5a166e5976f7f9c1804026797f51b522c4959fdcde7fcaa010d1	93695	69	1	accepted	1	31162	31162
400	15	0x1a40155d770d5a166e5976f7f9c1804026797f51b522c4959fdcde7fcaa010d1	93696	69	1	accepted	1	31087	31087
400	15	0x1a40155d770d5a166e5976f7f9c1804026797f51b522c4959fdcde7fcaa010d1	93697	69	1	accepted	1	30775	30775
400	15	0x1a40155d770d5a166e5976f7f9c1804026797f51b522c4959fdcde7fcaa010d1	93698	69	1	accepted	1	31108	31108
400	15	0x1a40155d770d5a166e5976f7f9c1804026797f51b522c4959fdcde7fcaa010d1	93699	69	1	accepted	1	31128	31128
400	15	0x1a40155d770d5a166e5976f7f9c1804026797f51b522c4959fdcde7fcaa010d1	93700	69	1	accepted	1	31065	31065
400	15	0x1a40155d770d5a166e5976f7f9c1804026797f51b522c4959fdcde7fcaa010d1	93701	69	1	accepted	1	30981	30981
400	15	0x1a40155d770d5a166e5976f7f9c1804026797f51b522c4959fdcde7fcaa010d1	93702	69	1	accepted	1	31238	31238
400	15	0x1a40155d770d5a166e5976f7f9c1804026797f51b522c4959fdcde7fcaa010d1	93703	69	1	accepted	1	31247	31247
400	15	0x1a40155d770d5a166e5976f7f9c1804026797f51b522c4959fdcde7fcaa010d1	93704	69	1	accepted	1	31154	31154
400	15	0x1a40155d770d5a166e5976f7f9c1804026797f51b522c4959fdcde7fcaa010d1	93705	69	1	accepted	1	31177	31177
400	15	0x1a40155d770d5a166e5976f7f9c1804026797f51b522c4959fdcde7fcaa010d1	93706	69	1	accepted	1	30842	30842
400	15	0x1a40155d770d5a166e5976f7f9c1804026797f51b522c4959fdcde7fcaa010d1	93707	69	1	accepted	1	31179	31179
400	15	0x1a40155d770d5a166e5976f7f9c1804026797f51b522c4959fdcde7fcaa010d1	93708	69	1	accepted	1	31187	31187
400	15	0x1a40155d770d5a166e5976f7f9c1804026797f51b522c4959fdcde7fcaa010d1	93709	69	1	accepted	1	31071	31071
400	15	0x1a40155d770d5a166e5976f7f9c1804026797f51b522c4959fdcde7fcaa010d1	93710	69	1	accepted	1	31031	31031
400	15	0x1a40155d770d5a166e5976f7f9c1804026797f51b522c4959fdcde7fcaa010d1	93711	69	1	accepted	1	30818	30818
400	15	0x1a40155d770d5a166e5976f7f9c1804026797f51b522c4959fdcde7fcaa010d1	93712	69	1	accepted	1	30853	30853
400	15	0x1a40155d770d5a166e5976f7f9c1804026797f51b522c4959fdcde7fcaa010d1	93713	69	1	accepted	1	31226	31226
400	15	0x1a40155d770d5a166e5976f7f9c1804026797f51b522c4959fdcde7fcaa010d1	93714	69	1	accepted	1	31211	31211
400	15	0x1a40155d770d5a166e5976f7f9c1804026797f51b522c4959fdcde7fcaa010d1	93715	69	1	accepted	1	31022	31022
400	15	0x1a40155d770d5a166e5976f7f9c1804026797f51b522c4959fdcde7fcaa010d1	93716	69	1	accepted	1	31147	31147
400	15	0x1a40155d770d5a166e5976f7f9c1804026797f51b522c4959fdcde7fcaa010d1	93717	69	1	accepted	1	31205	31205
400	15	0x1a40155d770d5a166e5976f7f9c1804026797f51b522c4959fdcde7fcaa010d1	93718	69	1	accepted	1	31131	31131
400	15	0x1a40155d770d5a166e5976f7f9c1804026797f51b522c4959fdcde7fcaa010d1	93719	69	1	accepted	1	31014	31014
400	15	0x1a40155d770d5a166e5976f7f9c1804026797f51b522c4959fdcde7fcaa010d1	93720	69	1	accepted	1	31219	31219
400	15	0x1a40155d770d5a166e5976f7f9c1804026797f51b522c4959fdcde7fcaa010d1	93721	69	1	accepted	1	31266	31266
400	15	0x1a40155d770d5a166e5976f7f9c1804026797f51b522c4959fdcde7fcaa010d1	93722	69	1	accepted	1	31098	31098
400	15	0x1a40155d770d5a166e5976f7f9c1804026797f51b522c4959fdcde7fcaa010d1	93723	69	1	accepted	1	30951	30951
400	15	0x1a40155d770d5a166e5976f7f9c1804026797f51b522c4959fdcde7fcaa010d1	93724	69	1	accepted	1	31049	31049
400	15	0x1a40155d770d5a166e5976f7f9c1804026797f51b522c4959fdcde7fcaa010d1	93725	69	1	accepted	1	30906	30906
400	15	0x1a40155d770d5a166e5976f7f9c1804026797f51b522c4959fdcde7fcaa010d1	93726	69	1	accepted	1	30934	30934
400	15	0x1a40155d770d5a166e5976f7f9c1804026797f51b522c4959fdcde7fcaa010d1	93727	69	1	accepted	1	31076	31076
400	15	0x1a40155d770d5a166e5976f7f9c1804026797f51b522c4959fdcde7fcaa010d1	93728	69	1	accepted	1	30970	30970
400	15	0x1a40155d770d5a166e5976f7f9c1804026797f51b522c4959fdcde7fcaa010d1	93729	69	1	accepted	1	31172	31172
400	15	0x1a40155d770d5a166e5976f7f9c1804026797f51b522c4959fdcde7fcaa010d1	93730	69	1	accepted	1	31052	31052
400	15	0x1a40155d770d5a166e5976f7f9c1804026797f51b522c4959fdcde7fcaa010d1	93731	69	1	accepted	1	31218	31218
400	15	0x1a40155d770d5a166e5976f7f9c1804026797f51b522c4959fdcde7fcaa010d1	93732	69	1	accepted	1	31194	31194
400	15	0x1a40155d770d5a166e5976f7f9c1804026797f51b522c4959fdcde7fcaa010d1	93733	69	1	accepted	1	31145	31145
400	15	0x1a40155d770d5a166e5976f7f9c1804026797f51b522c4959fdcde7fcaa010d1	93734	69	1	accepted	1	30933	30933
400	15	0x1a40155d770d5a166e5976f7f9c1804026797f51b522c4959fdcde7fcaa010d1	93735	69	1	accepted	1	31167	31167
400	15	0x1a40155d770d5a166e5976f7f9c1804026797f51b522c4959fdcde7fcaa010d1	93736	69	1	accepted	1	31161	31161
400	15	0x1a40155d770d5a166e5976f7f9c1804026797f51b522c4959fdcde7fcaa010d1	93737	69	1	accepted	1	30911	30911
400	15	0x1a40155d770d5a166e5976f7f9c1804026797f51b522c4959fdcde7fcaa010d1	93738	69	1	accepted	1	31176	31176
400	15	0x1a40155d770d5a166e5976f7f9c1804026797f51b522c4959fdcde7fcaa010d1	93739	69	1	accepted	1	31122	31122
400	15	0x1a40155d770d5a166e5976f7f9c1804026797f51b522c4959fdcde7fcaa010d1	93740	69	1	accepted	1	30999	30999
400	15	0x1a40155d770d5a166e5976f7f9c1804026797f51b522c4959fdcde7fcaa010d1	93741	69	1	accepted	1	30923	30923
400	15	0x1a40155d770d5a166e5976f7f9c1804026797f51b522c4959fdcde7fcaa010d1	93742	69	1	accepted	1	31228	31228
400	15	0x1a40155d770d5a166e5976f7f9c1804026797f51b522c4959fdcde7fcaa010d1	93743	69	1	accepted	1	31021	31021
400	15	0x1a40155d770d5a166e5976f7f9c1804026797f51b522c4959fdcde7fcaa010d1	93744	69	1	accepted	1	30938	30938
400	15	0x1a40155d770d5a166e5976f7f9c1804026797f51b522c4959fdcde7fcaa010d1	93745	69	1	accepted	1	30827	30827
400	15	0x1a40155d770d5a166e5976f7f9c1804026797f51b522c4959fdcde7fcaa010d1	93746	69	1	accepted	1	30915	30915
400	15	0x1a40155d770d5a166e5976f7f9c1804026797f51b522c4959fdcde7fcaa010d1	93747	69	1	accepted	1	30864	30864
400	15	0x1a40155d770d5a166e5976f7f9c1804026797f51b522c4959fdcde7fcaa010d1	93748	69	1	accepted	1	31042	31042
400	15	0x1a40155d770d5a166e5976f7f9c1804026797f51b522c4959fdcde7fcaa010d1	93749	69	1	accepted	1	30956	30956
400	15	0x1a40155d770d5a166e5976f7f9c1804026797f51b522c4959fdcde7fcaa010d1	93750	69	1	accepted	1	31144	31144
400	15	0x1a40155d770d5a166e5976f7f9c1804026797f51b522c4959fdcde7fcaa010d1	93751	69	1	accepted	1	30960	30960
400	15	0x1a40155d770d5a166e5976f7f9c1804026797f51b522c4959fdcde7fcaa010d1	93752	69	1	accepted	1	30909	30909
400	15	0x1a40155d770d5a166e5976f7f9c1804026797f51b522c4959fdcde7fcaa010d1	93753	69	1	accepted	1	30872	30872
400	15	0x1a40155d770d5a166e5976f7f9c1804026797f51b522c4959fdcde7fcaa010d1	93754	69	1	accepted	1	31047	31047
400	15	0x1a40155d770d5a166e5976f7f9c1804026797f51b522c4959fdcde7fcaa010d1	93755	69	1	accepted	1	31190	31190
400	15	0x1a40155d770d5a166e5976f7f9c1804026797f51b522c4959fdcde7fcaa010d1	93756	69	1	accepted	1	30912	30912
400	15	0x1a40155d770d5a166e5976f7f9c1804026797f51b522c4959fdcde7fcaa010d1	93757	69	1	accepted	1	31036	31036
400	15	0x1a40155d770d5a166e5976f7f9c1804026797f51b522c4959fdcde7fcaa010d1	93758	69	1	accepted	1	31143	31143
400	15	0x1a40155d770d5a166e5976f7f9c1804026797f51b522c4959fdcde7fcaa010d1	93759	69	1	accepted	1	31115	31115
400	15	0x1a40155d770d5a166e5976f7f9c1804026797f51b522c4959fdcde7fcaa010d1	93760	69	1	accepted	1	30954	30954
400	15	0x1a40155d770d5a166e5976f7f9c1804026797f51b522c4959fdcde7fcaa010d1	93761	69	1	accepted	1	31224	31224
400	15	0x1a40155d770d5a166e5976f7f9c1804026797f51b522c4959fdcde7fcaa010d1	93762	69	1	accepted	1	30876	30876
400	15	0x1a40155d770d5a166e5976f7f9c1804026797f51b522c4959fdcde7fcaa010d1	93763	69	1	accepted	1	30904	30904
400	15	0x1a40155d770d5a166e5976f7f9c1804026797f51b522c4959fdcde7fcaa010d1	93764	69	1	accepted	1	31193	31193
400	15	0x1a40155d770d5a166e5976f7f9c1804026797f51b522c4959fdcde7fcaa010d1	93765	69	1	accepted	1	31037	31037
400	15	0x1a40155d770d5a166e5976f7f9c1804026797f51b522c4959fdcde7fcaa010d1	93766	69	1	accepted	1	30943	30943
400	15	0x1a40155d770d5a166e5976f7f9c1804026797f51b522c4959fdcde7fcaa010d1	93767	69	1	accepted	1	31117	31117
400	15	0x1a40155d770d5a166e5976f7f9c1804026797f51b522c4959fdcde7fcaa010d1	93768	69	1	accepted	1	30867	30867
400	15	0x1a40155d770d5a166e5976f7f9c1804026797f51b522c4959fdcde7fcaa010d1	93769	69	1	accepted	1	30984	30984
400	15	0x1a40155d770d5a166e5976f7f9c1804026797f51b522c4959fdcde7fcaa010d1	93770	69	1	accepted	1	31166	31166
400	15	0x1a40155d770d5a166e5976f7f9c1804026797f51b522c4959fdcde7fcaa010d1	93771	69	1	accepted	1	31158	31158
400	15	0x1a40155d770d5a166e5976f7f9c1804026797f51b522c4959fdcde7fcaa010d1	93772	69	1	accepted	1	31046	31046
400	15	0x1a40155d770d5a166e5976f7f9c1804026797f51b522c4959fdcde7fcaa010d1	93773	69	1	accepted	1	30939	30939
400	15	0x1a40155d770d5a166e5976f7f9c1804026797f51b522c4959fdcde7fcaa010d1	93774	69	1	accepted	1	31249	31249
400	15	0x1a40155d770d5a166e5976f7f9c1804026797f51b522c4959fdcde7fcaa010d1	93775	69	1	accepted	1	31077	31077
400	15	0x1a40155d770d5a166e5976f7f9c1804026797f51b522c4959fdcde7fcaa010d1	93776	69	1	accepted	1	30873	30873
400	15	0x1a40155d770d5a166e5976f7f9c1804026797f51b522c4959fdcde7fcaa010d1	93777	69	1	accepted	1	31227	31227
400	15	0x1a40155d770d5a166e5976f7f9c1804026797f51b522c4959fdcde7fcaa010d1	93778	69	1	accepted	1	31080	31080
400	15	0x1a40155d770d5a166e5976f7f9c1804026797f51b522c4959fdcde7fcaa010d1	93779	69	1	accepted	1	30949	30949
400	15	0x1a40155d770d5a166e5976f7f9c1804026797f51b522c4959fdcde7fcaa010d1	93780	69	1	accepted	1	31220	31220
400	15	0x1a40155d770d5a166e5976f7f9c1804026797f51b522c4959fdcde7fcaa010d1	93781	69	1	accepted	1	30877	30877
400	15	0x1a40155d770d5a166e5976f7f9c1804026797f51b522c4959fdcde7fcaa010d1	93782	69	1	accepted	1	31129	31129
400	15	0x1a40155d770d5a166e5976f7f9c1804026797f51b522c4959fdcde7fcaa010d1	93783	69	1	accepted	1	30837	30837
400	15	0x1a40155d770d5a166e5976f7f9c1804026797f51b522c4959fdcde7fcaa010d1	93784	69	1	accepted	1	31254	31254
400	15	0x1a40155d770d5a166e5976f7f9c1804026797f51b522c4959fdcde7fcaa010d1	93785	69	1	accepted	1	31142	31142
400	15	0x1a40155d770d5a166e5976f7f9c1804026797f51b522c4959fdcde7fcaa010d1	93786	69	1	accepted	1	31217	31217
400	15	0x1a40155d770d5a166e5976f7f9c1804026797f51b522c4959fdcde7fcaa010d1	93787	69	1	accepted	1	31092	31092
400	15	0x1a40155d770d5a166e5976f7f9c1804026797f51b522c4959fdcde7fcaa010d1	93788	69	1	accepted	1	31139	31139
400	15	0x1a40155d770d5a166e5976f7f9c1804026797f51b522c4959fdcde7fcaa010d1	93789	69	1	accepted	1	30914	30914
400	15	0x1a40155d770d5a166e5976f7f9c1804026797f51b522c4959fdcde7fcaa010d1	93790	69	1	accepted	1	31081	31081
400	15	0x1a40155d770d5a166e5976f7f9c1804026797f51b522c4959fdcde7fcaa010d1	93791	69	1	accepted	1	31221	31221
400	15	0x1a40155d770d5a166e5976f7f9c1804026797f51b522c4959fdcde7fcaa010d1	93792	69	1	accepted	1	31023	31023
400	15	0x1a40155d770d5a166e5976f7f9c1804026797f51b522c4959fdcde7fcaa010d1	93793	69	1	accepted	1	30947	30947
400	15	0x1a40155d770d5a166e5976f7f9c1804026797f51b522c4959fdcde7fcaa010d1	93794	69	1	accepted	1	31223	31223
400	15	0x1a40155d770d5a166e5976f7f9c1804026797f51b522c4959fdcde7fcaa010d1	93795	69	1	accepted	1	31003	31003
400	15	0x1a40155d770d5a166e5976f7f9c1804026797f51b522c4959fdcde7fcaa010d1	93796	69	1	accepted	1	31035	31035
400	15	0x1a40155d770d5a166e5976f7f9c1804026797f51b522c4959fdcde7fcaa010d1	93797	69	1	accepted	1	31086	31086
400	15	0x1a40155d770d5a166e5976f7f9c1804026797f51b522c4959fdcde7fcaa010d1	93798	69	1	accepted	1	31113	31113
400	15	0x1a40155d770d5a166e5976f7f9c1804026797f51b522c4959fdcde7fcaa010d1	93799	69	1	accepted	1	31124	31124
400	15	0x1a40155d770d5a166e5976f7f9c1804026797f51b522c4959fdcde7fcaa010d1	93800	69	1	accepted	1	31038	31038
400	15	0x1a40155d770d5a166e5976f7f9c1804026797f51b522c4959fdcde7fcaa010d1	93801	69	1	accepted	1	31000	31000
400	15	0x1a40155d770d5a166e5976f7f9c1804026797f51b522c4959fdcde7fcaa010d1	93802	69	1	accepted	1	30828	30828
400	15	0x1a40155d770d5a166e5976f7f9c1804026797f51b522c4959fdcde7fcaa010d1	93803	69	1	accepted	1	31132	31132
400	15	0x1a40155d770d5a166e5976f7f9c1804026797f51b522c4959fdcde7fcaa010d1	93804	69	1	accepted	1	30985	30985
400	15	0x1a40155d770d5a166e5976f7f9c1804026797f51b522c4959fdcde7fcaa010d1	93805	69	1	accepted	1	31253	31253
400	15	0x1a40155d770d5a166e5976f7f9c1804026797f51b522c4959fdcde7fcaa010d1	93806	69	1	accepted	1	30852	30852
400	15	0x1a40155d770d5a166e5976f7f9c1804026797f51b522c4959fdcde7fcaa010d1	93807	69	1	accepted	1	30811	30811
400	15	0x1a40155d770d5a166e5976f7f9c1804026797f51b522c4959fdcde7fcaa010d1	93808	69	1	accepted	1	30971	30971
400	15	0x1a40155d770d5a166e5976f7f9c1804026797f51b522c4959fdcde7fcaa010d1	93809	69	1	accepted	1	30955	30955
400	15	0x1a40155d770d5a166e5976f7f9c1804026797f51b522c4959fdcde7fcaa010d1	93810	69	1	accepted	1	30849	30849
400	15	0x1a40155d770d5a166e5976f7f9c1804026797f51b522c4959fdcde7fcaa010d1	93811	69	1	accepted	1	31181	31181
400	15	0x1a40155d770d5a166e5976f7f9c1804026797f51b522c4959fdcde7fcaa010d1	93812	69	1	accepted	1	31118	31118
400	15	0x1a40155d770d5a166e5976f7f9c1804026797f51b522c4959fdcde7fcaa010d1	93813	69	1	accepted	1	31078	31078
400	15	0x1a40155d770d5a166e5976f7f9c1804026797f51b522c4959fdcde7fcaa010d1	93814	69	1	accepted	1	30899	30899
400	15	0x1a40155d770d5a166e5976f7f9c1804026797f51b522c4959fdcde7fcaa010d1	93815	69	1	accepted	1	31059	31059
400	15	0x1a40155d770d5a166e5976f7f9c1804026797f51b522c4959fdcde7fcaa010d1	93816	69	1	accepted	1	30989	30989
400	15	0x1a40155d770d5a166e5976f7f9c1804026797f51b522c4959fdcde7fcaa010d1	93817	69	1	accepted	1	30887	30887
400	15	0x1a40155d770d5a166e5976f7f9c1804026797f51b522c4959fdcde7fcaa010d1	93818	69	1	accepted	1	30868	30868
400	15	0x1a40155d770d5a166e5976f7f9c1804026797f51b522c4959fdcde7fcaa010d1	93819	69	1	accepted	1	30980	30980
400	15	0x1a40155d770d5a166e5976f7f9c1804026797f51b522c4959fdcde7fcaa010d1	93820	69	1	accepted	1	30840	30840
400	15	0x1a40155d770d5a166e5976f7f9c1804026797f51b522c4959fdcde7fcaa010d1	93821	69	1	accepted	1	30874	30874
400	15	0x1a40155d770d5a166e5976f7f9c1804026797f51b522c4959fdcde7fcaa010d1	93822	69	1	accepted	1	30790	30790
400	15	0x1a40155d770d5a166e5976f7f9c1804026797f51b522c4959fdcde7fcaa010d1	93823	69	1	accepted	1	31160	31160
400	15	0x1a40155d770d5a166e5976f7f9c1804026797f51b522c4959fdcde7fcaa010d1	93824	69	1	accepted	1	30967	30967
400	15	0x1a40155d770d5a166e5976f7f9c1804026797f51b522c4959fdcde7fcaa010d1	93825	69	1	accepted	1	31164	31164
400	15	0x1a40155d770d5a166e5976f7f9c1804026797f51b522c4959fdcde7fcaa010d1	93826	69	1	accepted	1	31070	31070
400	15	0x1a40155d770d5a166e5976f7f9c1804026797f51b522c4959fdcde7fcaa010d1	93827	69	1	accepted	1	31157	31157
400	15	0x1a40155d770d5a166e5976f7f9c1804026797f51b522c4959fdcde7fcaa010d1	93828	69	1	accepted	1	30898	30898
400	15	0x1a40155d770d5a166e5976f7f9c1804026797f51b522c4959fdcde7fcaa010d1	93829	69	1	accepted	1	30769	30769
400	15	0x1a40155d770d5a166e5976f7f9c1804026797f51b522c4959fdcde7fcaa010d1	93830	69	1	accepted	1	30884	30884
400	15	0x1a40155d770d5a166e5976f7f9c1804026797f51b522c4959fdcde7fcaa010d1	93831	69	1	accepted	1	31058	31058
400	15	0x1a40155d770d5a166e5976f7f9c1804026797f51b522c4959fdcde7fcaa010d1	93832	69	1	accepted	1	30993	30993
400	15	0x1a40155d770d5a166e5976f7f9c1804026797f51b522c4959fdcde7fcaa010d1	93833	69	1	accepted	1	30957	30957
400	15	0x1a40155d770d5a166e5976f7f9c1804026797f51b522c4959fdcde7fcaa010d1	93834	69	1	accepted	1	30839	30839
400	15	0x1a40155d770d5a166e5976f7f9c1804026797f51b522c4959fdcde7fcaa010d1	93835	69	1	accepted	1	31054	31054
400	15	0x1a40155d770d5a166e5976f7f9c1804026797f51b522c4959fdcde7fcaa010d1	93836	69	1	accepted	1	31165	31165
400	15	0x1a40155d770d5a166e5976f7f9c1804026797f51b522c4959fdcde7fcaa010d1	93837	69	1	accepted	1	31241	31241
400	15	0x1a40155d770d5a166e5976f7f9c1804026797f51b522c4959fdcde7fcaa010d1	93838	69	1	accepted	1	30860	30860
400	15	0x1a40155d770d5a166e5976f7f9c1804026797f51b522c4959fdcde7fcaa010d1	93839	69	1	accepted	1	31204	31204
400	15	0x1a40155d770d5a166e5976f7f9c1804026797f51b522c4959fdcde7fcaa010d1	93840	69	1	accepted	1	31088	31088
400	15	0x1a40155d770d5a166e5976f7f9c1804026797f51b522c4959fdcde7fcaa010d1	93841	69	1	accepted	1	31057	31057
400	15	0x1a40155d770d5a166e5976f7f9c1804026797f51b522c4959fdcde7fcaa010d1	93842	69	1	accepted	1	30888	30888
400	15	0x1a40155d770d5a166e5976f7f9c1804026797f51b522c4959fdcde7fcaa010d1	93843	69	1	accepted	1	31134	31134
400	15	0x1a40155d770d5a166e5976f7f9c1804026797f51b522c4959fdcde7fcaa010d1	93844	69	1	accepted	1	31265	31265
400	15	0x1a40155d770d5a166e5976f7f9c1804026797f51b522c4959fdcde7fcaa010d1	93845	69	1	accepted	1	30879	30879
400	15	0x1a40155d770d5a166e5976f7f9c1804026797f51b522c4959fdcde7fcaa010d1	93846	69	1	accepted	1	30836	30836
400	15	0x1a40155d770d5a166e5976f7f9c1804026797f51b522c4959fdcde7fcaa010d1	93847	69	1	accepted	1	30885	30885
400	15	0x1a40155d770d5a166e5976f7f9c1804026797f51b522c4959fdcde7fcaa010d1	93848	69	1	accepted	1	30854	30854
400	15	0x1a40155d770d5a166e5976f7f9c1804026797f51b522c4959fdcde7fcaa010d1	93849	69	1	accepted	1	30941	30941
400	15	0x1a40155d770d5a166e5976f7f9c1804026797f51b522c4959fdcde7fcaa010d1	93850	69	1	accepted	1	30948	30948
400	15	0x1a40155d770d5a166e5976f7f9c1804026797f51b522c4959fdcde7fcaa010d1	93851	69	1	accepted	1	31045	31045
400	15	0x1a40155d770d5a166e5976f7f9c1804026797f51b522c4959fdcde7fcaa010d1	93852	69	1	accepted	1	31202	31202
400	15	0x1a40155d770d5a166e5976f7f9c1804026797f51b522c4959fdcde7fcaa010d1	93853	69	1	accepted	1	31073	31073
400	15	0x1a40155d770d5a166e5976f7f9c1804026797f51b522c4959fdcde7fcaa010d1	93854	69	1	accepted	1	31237	31237
400	15	0x1a40155d770d5a166e5976f7f9c1804026797f51b522c4959fdcde7fcaa010d1	93855	69	1	accepted	1	31083	31083
400	15	0x1a40155d770d5a166e5976f7f9c1804026797f51b522c4959fdcde7fcaa010d1	93856	69	1	accepted	1	31256	31256
400	15	0x1a40155d770d5a166e5976f7f9c1804026797f51b522c4959fdcde7fcaa010d1	93857	69	1	accepted	1	30928	30928
400	15	0x1a40155d770d5a166e5976f7f9c1804026797f51b522c4959fdcde7fcaa010d1	93858	69	1	accepted	1	30813	30813
400	15	0x1a40155d770d5a166e5976f7f9c1804026797f51b522c4959fdcde7fcaa010d1	93859	69	1	accepted	1	30875	30875
400	15	0x1a40155d770d5a166e5976f7f9c1804026797f51b522c4959fdcde7fcaa010d1	93860	69	1	accepted	1	31191	31191
400	15	0x1a40155d770d5a166e5976f7f9c1804026797f51b522c4959fdcde7fcaa010d1	93861	69	1	accepted	1	31186	31186
400	15	0x1a40155d770d5a166e5976f7f9c1804026797f51b522c4959fdcde7fcaa010d1	93862	69	1	accepted	1	30819	30819
400	15	0x1a40155d770d5a166e5976f7f9c1804026797f51b522c4959fdcde7fcaa010d1	93863	69	1	accepted	1	31260	31260
400	15	0x1a40155d770d5a166e5976f7f9c1804026797f51b522c4959fdcde7fcaa010d1	93864	69	1	accepted	1	31062	31062
400	15	0x1a40155d770d5a166e5976f7f9c1804026797f51b522c4959fdcde7fcaa010d1	93865	69	1	accepted	1	31033	31033
400	15	0x1a40155d770d5a166e5976f7f9c1804026797f51b522c4959fdcde7fcaa010d1	93866	69	1	accepted	1	30922	30922
400	15	0x1a40155d770d5a166e5976f7f9c1804026797f51b522c4959fdcde7fcaa010d1	93867	69	1	accepted	1	30969	30969
400	15	0x1a40155d770d5a166e5976f7f9c1804026797f51b522c4959fdcde7fcaa010d1	93868	69	1	accepted	1	31163	31163
400	15	0x1a40155d770d5a166e5976f7f9c1804026797f51b522c4959fdcde7fcaa010d1	93869	69	1	accepted	1	31006	31006
400	15	0x1a40155d770d5a166e5976f7f9c1804026797f51b522c4959fdcde7fcaa010d1	93870	69	1	accepted	1	30916	30916
400	15	0x1a40155d770d5a166e5976f7f9c1804026797f51b522c4959fdcde7fcaa010d1	93871	69	1	accepted	1	31107	31107
400	15	0x1a40155d770d5a166e5976f7f9c1804026797f51b522c4959fdcde7fcaa010d1	93872	69	1	accepted	1	31010	31010
400	15	0x1a40155d770d5a166e5976f7f9c1804026797f51b522c4959fdcde7fcaa010d1	93873	69	1	accepted	1	31135	31135
400	15	0x1a40155d770d5a166e5976f7f9c1804026797f51b522c4959fdcde7fcaa010d1	93874	69	1	accepted	1	31091	31091
400	15	0x1a40155d770d5a166e5976f7f9c1804026797f51b522c4959fdcde7fcaa010d1	93875	69	1	accepted	1	31214	31214
400	15	0x1a40155d770d5a166e5976f7f9c1804026797f51b522c4959fdcde7fcaa010d1	93876	69	1	accepted	1	30773	30773
400	15	0x1a40155d770d5a166e5976f7f9c1804026797f51b522c4959fdcde7fcaa010d1	93877	69	1	accepted	1	31040	31040
400	15	0x1a40155d770d5a166e5976f7f9c1804026797f51b522c4959fdcde7fcaa010d1	93878	69	1	accepted	1	30910	30910
400	15	0x1a40155d770d5a166e5976f7f9c1804026797f51b522c4959fdcde7fcaa010d1	93879	69	1	accepted	1	30896	30896
400	15	0x1a40155d770d5a166e5976f7f9c1804026797f51b522c4959fdcde7fcaa010d1	93880	69	1	accepted	1	30924	30924
400	15	0x1a40155d770d5a166e5976f7f9c1804026797f51b522c4959fdcde7fcaa010d1	93881	69	1	accepted	1	31039	31039
400	15	0x1a40155d770d5a166e5976f7f9c1804026797f51b522c4959fdcde7fcaa010d1	93882	69	1	accepted	1	31153	31153
400	15	0x1a40155d770d5a166e5976f7f9c1804026797f51b522c4959fdcde7fcaa010d1	93883	69	1	accepted	1	31026	31026
400	15	0x1a40155d770d5a166e5976f7f9c1804026797f51b522c4959fdcde7fcaa010d1	93884	69	1	accepted	1	30895	30895
400	15	0x1a40155d770d5a166e5976f7f9c1804026797f51b522c4959fdcde7fcaa010d1	93885	69	1	accepted	1	30917	30917
400	15	0x1a40155d770d5a166e5976f7f9c1804026797f51b522c4959fdcde7fcaa010d1	93886	69	1	accepted	1	31034	31034
400	15	0x1a40155d770d5a166e5976f7f9c1804026797f51b522c4959fdcde7fcaa010d1	93887	69	1	accepted	1	31240	31240
400	15	0x1a40155d770d5a166e5976f7f9c1804026797f51b522c4959fdcde7fcaa010d1	93888	69	1	accepted	1	30925	30925
400	15	0x1a40155d770d5a166e5976f7f9c1804026797f51b522c4959fdcde7fcaa010d1	93889	69	1	accepted	1	30824	30824
400	15	0x1a40155d770d5a166e5976f7f9c1804026797f51b522c4959fdcde7fcaa010d1	93890	69	1	accepted	1	31155	31155
400	15	0x1a40155d770d5a166e5976f7f9c1804026797f51b522c4959fdcde7fcaa010d1	93891	69	1	accepted	1	31066	31066
400	15	0x1a40155d770d5a166e5976f7f9c1804026797f51b522c4959fdcde7fcaa010d1	93892	69	1	accepted	1	31225	31225
400	15	0x1a40155d770d5a166e5976f7f9c1804026797f51b522c4959fdcde7fcaa010d1	93893	69	1	accepted	1	31061	31061
400	15	0x1a40155d770d5a166e5976f7f9c1804026797f51b522c4959fdcde7fcaa010d1	93894	69	1	accepted	1	31024	31024
400	15	0x1a40155d770d5a166e5976f7f9c1804026797f51b522c4959fdcde7fcaa010d1	93895	69	1	accepted	1	30882	30882
400	15	0x1a40155d770d5a166e5976f7f9c1804026797f51b522c4959fdcde7fcaa010d1	93896	69	1	accepted	1	30774	30774
400	15	0x1a40155d770d5a166e5976f7f9c1804026797f51b522c4959fdcde7fcaa010d1	93897	69	1	accepted	1	30812	30812
400	15	0x1a40155d770d5a166e5976f7f9c1804026797f51b522c4959fdcde7fcaa010d1	93898	69	1	accepted	1	30841	30841
400	15	0x1a40155d770d5a166e5976f7f9c1804026797f51b522c4959fdcde7fcaa010d1	93899	69	1	accepted	1	30850	30850
400	15	0x1a40155d770d5a166e5976f7f9c1804026797f51b522c4959fdcde7fcaa010d1	93900	69	1	accepted	1	31074	31074
400	15	0x1a40155d770d5a166e5976f7f9c1804026797f51b522c4959fdcde7fcaa010d1	93901	69	1	accepted	1	31112	31112
400	15	0x1a40155d770d5a166e5976f7f9c1804026797f51b522c4959fdcde7fcaa010d1	93902	69	1	accepted	1	31192	31192
400	15	0x1a40155d770d5a166e5976f7f9c1804026797f51b522c4959fdcde7fcaa010d1	93903	69	1	accepted	1	30937	30937
400	15	0x1a40155d770d5a166e5976f7f9c1804026797f51b522c4959fdcde7fcaa010d1	93904	69	1	accepted	1	30908	30908
400	15	0x1a40155d770d5a166e5976f7f9c1804026797f51b522c4959fdcde7fcaa010d1	93905	69	1	accepted	1	30990	30990
400	15	0x1a40155d770d5a166e5976f7f9c1804026797f51b522c4959fdcde7fcaa010d1	93906	69	1	accepted	1	31251	31251
400	15	0x1a40155d770d5a166e5976f7f9c1804026797f51b522c4959fdcde7fcaa010d1	93907	69	1	accepted	1	31197	31197
400	15	0x1a40155d770d5a166e5976f7f9c1804026797f51b522c4959fdcde7fcaa010d1	93908	69	1	accepted	1	31267	31267
400	15	0x1a40155d770d5a166e5976f7f9c1804026797f51b522c4959fdcde7fcaa010d1	93909	69	1	accepted	1	31252	31252
400	15	0x1a40155d770d5a166e5976f7f9c1804026797f51b522c4959fdcde7fcaa010d1	93910	69	1	accepted	1	30907	30907
400	15	0x1a40155d770d5a166e5976f7f9c1804026797f51b522c4959fdcde7fcaa010d1	93911	69	1	accepted	1	31027	31027
400	15	0x1a40155d770d5a166e5976f7f9c1804026797f51b522c4959fdcde7fcaa010d1	93912	69	1	accepted	1	30859	30859
400	15	0x1a40155d770d5a166e5976f7f9c1804026797f51b522c4959fdcde7fcaa010d1	93913	69	1	accepted	1	30962	30962
400	15	0x1a40155d770d5a166e5976f7f9c1804026797f51b522c4959fdcde7fcaa010d1	93914	69	1	accepted	1	31028	31028
400	15	0x1a40155d770d5a166e5976f7f9c1804026797f51b522c4959fdcde7fcaa010d1	93915	69	1	accepted	1	31231	31231
400	15	0x1a40155d770d5a166e5976f7f9c1804026797f51b522c4959fdcde7fcaa010d1	93916	69	1	accepted	1	30816	30816
400	15	0x1a40155d770d5a166e5976f7f9c1804026797f51b522c4959fdcde7fcaa010d1	93917	69	1	accepted	1	30848	30848
400	15	0x1a40155d770d5a166e5976f7f9c1804026797f51b522c4959fdcde7fcaa010d1	93918	69	1	accepted	1	31246	31246
400	15	0x1a40155d770d5a166e5976f7f9c1804026797f51b522c4959fdcde7fcaa010d1	93919	69	1	accepted	1	30891	30891
400	15	0x1a40155d770d5a166e5976f7f9c1804026797f51b522c4959fdcde7fcaa010d1	93920	69	1	accepted	1	31111	31111
400	15	0x1a40155d770d5a166e5976f7f9c1804026797f51b522c4959fdcde7fcaa010d1	93921	69	1	accepted	1	30966	30966
400	15	0x1a40155d770d5a166e5976f7f9c1804026797f51b522c4959fdcde7fcaa010d1	93922	69	1	accepted	1	30940	30940
400	15	0x1a40155d770d5a166e5976f7f9c1804026797f51b522c4959fdcde7fcaa010d1	93923	69	1	accepted	1	30810	30810
400	15	0x1a40155d770d5a166e5976f7f9c1804026797f51b522c4959fdcde7fcaa010d1	93924	69	1	accepted	1	31043	31043
400	15	0x1a40155d770d5a166e5976f7f9c1804026797f51b522c4959fdcde7fcaa010d1	93925	69	1	accepted	1	31018	31018
400	15	0x1a40155d770d5a166e5976f7f9c1804026797f51b522c4959fdcde7fcaa010d1	93926	69	1	accepted	1	30987	30987
400	15	0x1a40155d770d5a166e5976f7f9c1804026797f51b522c4959fdcde7fcaa010d1	93927	69	1	accepted	1	30857	30857
400	15	0x1a40155d770d5a166e5976f7f9c1804026797f51b522c4959fdcde7fcaa010d1	93928	69	1	accepted	1	31096	31096
400	15	0x1a40155d770d5a166e5976f7f9c1804026797f51b522c4959fdcde7fcaa010d1	93929	69	1	accepted	1	31235	31235
400	15	0x1a40155d770d5a166e5976f7f9c1804026797f51b522c4959fdcde7fcaa010d1	93930	69	1	accepted	1	30830	30830
400	15	0x1a40155d770d5a166e5976f7f9c1804026797f51b522c4959fdcde7fcaa010d1	93931	69	1	accepted	1	31007	31007
400	15	0x1a40155d770d5a166e5976f7f9c1804026797f51b522c4959fdcde7fcaa010d1	93932	69	1	accepted	1	31150	31150
400	15	0x1a40155d770d5a166e5976f7f9c1804026797f51b522c4959fdcde7fcaa010d1	93933	69	1	accepted	1	30978	30978
400	15	0x1a40155d770d5a166e5976f7f9c1804026797f51b522c4959fdcde7fcaa010d1	93934	69	1	accepted	1	31173	31173
400	15	0x1a40155d770d5a166e5976f7f9c1804026797f51b522c4959fdcde7fcaa010d1	93935	69	1	accepted	1	30878	30878
400	15	0x1a40155d770d5a166e5976f7f9c1804026797f51b522c4959fdcde7fcaa010d1	93936	69	1	accepted	1	30965	30965
400	15	0x1a40155d770d5a166e5976f7f9c1804026797f51b522c4959fdcde7fcaa010d1	93937	69	1	accepted	1	31245	31245
400	15	0x1a40155d770d5a166e5976f7f9c1804026797f51b522c4959fdcde7fcaa010d1	93938	69	1	accepted	1	31156	31156
400	15	0x1a40155d770d5a166e5976f7f9c1804026797f51b522c4959fdcde7fcaa010d1	93939	69	1	accepted	1	31084	31084
400	15	0x1a40155d770d5a166e5976f7f9c1804026797f51b522c4959fdcde7fcaa010d1	93940	69	1	accepted	1	30945	30945
400	15	0x1a40155d770d5a166e5976f7f9c1804026797f51b522c4959fdcde7fcaa010d1	93941	69	1	accepted	1	31146	31146
400	15	0x1a40155d770d5a166e5976f7f9c1804026797f51b522c4959fdcde7fcaa010d1	93942	69	1	accepted	1	30809	30809
400	15	0x1a40155d770d5a166e5976f7f9c1804026797f51b522c4959fdcde7fcaa010d1	93943	69	1	accepted	1	31012	31012
400	15	0x1a40155d770d5a166e5976f7f9c1804026797f51b522c4959fdcde7fcaa010d1	93944	69	1	accepted	1	30881	30881
400	15	0x1a40155d770d5a166e5976f7f9c1804026797f51b522c4959fdcde7fcaa010d1	93945	69	1	accepted	1	31110	31110
400	15	0x1a40155d770d5a166e5976f7f9c1804026797f51b522c4959fdcde7fcaa010d1	93946	69	1	accepted	1	31121	31121
400	15	0x1a40155d770d5a166e5976f7f9c1804026797f51b522c4959fdcde7fcaa010d1	93947	69	1	accepted	1	30807	30807
400	15	0x1a40155d770d5a166e5976f7f9c1804026797f51b522c4959fdcde7fcaa010d1	93948	69	1	accepted	1	30991	30991
400	15	0x1a40155d770d5a166e5976f7f9c1804026797f51b522c4959fdcde7fcaa010d1	93949	69	1	accepted	1	31185	31185
400	15	0x1a40155d770d5a166e5976f7f9c1804026797f51b522c4959fdcde7fcaa010d1	93950	69	1	accepted	1	30776	30776
400	15	0x1a40155d770d5a166e5976f7f9c1804026797f51b522c4959fdcde7fcaa010d1	93951	69	1	accepted	1	31209	31209
400	15	0x1a40155d770d5a166e5976f7f9c1804026797f51b522c4959fdcde7fcaa010d1	93952	69	1	accepted	1	31056	31056
400	15	0x1a40155d770d5a166e5976f7f9c1804026797f51b522c4959fdcde7fcaa010d1	93953	69	1	accepted	1	31255	31255
400	15	0x1a40155d770d5a166e5976f7f9c1804026797f51b522c4959fdcde7fcaa010d1	93954	69	1	accepted	1	31178	31178
400	15	0x1a40155d770d5a166e5976f7f9c1804026797f51b522c4959fdcde7fcaa010d1	93955	69	1	accepted	1	30871	30871
400	15	0x1a40155d770d5a166e5976f7f9c1804026797f51b522c4959fdcde7fcaa010d1	93956	69	1	accepted	1	30821	30821
400	15	0x1a40155d770d5a166e5976f7f9c1804026797f51b522c4959fdcde7fcaa010d1	93957	69	1	accepted	1	31002	31002
400	15	0x1a40155d770d5a166e5976f7f9c1804026797f51b522c4959fdcde7fcaa010d1	93958	69	1	accepted	1	30851	30851
400	15	0x1a40155d770d5a166e5976f7f9c1804026797f51b522c4959fdcde7fcaa010d1	93959	69	1	accepted	1	30944	30944
400	15	0x1a40155d770d5a166e5976f7f9c1804026797f51b522c4959fdcde7fcaa010d1	93960	69	1	accepted	1	30902	30902
400	15	0x1a40155d770d5a166e5976f7f9c1804026797f51b522c4959fdcde7fcaa010d1	93961	69	1	accepted	1	31030	31030
400	15	0x1a40155d770d5a166e5976f7f9c1804026797f51b522c4959fdcde7fcaa010d1	93962	69	1	accepted	1	30861	30861
400	15	0x1a40155d770d5a166e5976f7f9c1804026797f51b522c4959fdcde7fcaa010d1	93963	69	1	accepted	1	31230	31230
400	15	0x1a40155d770d5a166e5976f7f9c1804026797f51b522c4959fdcde7fcaa010d1	93964	69	1	accepted	1	30921	30921
400	15	0x1a40155d770d5a166e5976f7f9c1804026797f51b522c4959fdcde7fcaa010d1	93965	69	1	accepted	1	31101	31101
400	15	0x1a40155d770d5a166e5976f7f9c1804026797f51b522c4959fdcde7fcaa010d1	93966	69	1	accepted	1	31259	31259
400	15	0x1a40155d770d5a166e5976f7f9c1804026797f51b522c4959fdcde7fcaa010d1	93967	69	1	accepted	1	30894	30894
400	15	0x1a40155d770d5a166e5976f7f9c1804026797f51b522c4959fdcde7fcaa010d1	93968	69	1	accepted	1	31044	31044
400	15	0x1a40155d770d5a166e5976f7f9c1804026797f51b522c4959fdcde7fcaa010d1	93969	69	1	accepted	1	31017	31017
400	15	0x1a40155d770d5a166e5976f7f9c1804026797f51b522c4959fdcde7fcaa010d1	93970	69	1	accepted	1	31102	31102
400	15	0x1a40155d770d5a166e5976f7f9c1804026797f51b522c4959fdcde7fcaa010d1	93971	69	1	accepted	1	30770	30770
400	15	0x1a40155d770d5a166e5976f7f9c1804026797f51b522c4959fdcde7fcaa010d1	93972	69	1	accepted	1	30806	30806
400	15	0x1a40155d770d5a166e5976f7f9c1804026797f51b522c4959fdcde7fcaa010d1	93973	69	1	accepted	1	31169	31169
400	15	0x1a40155d770d5a166e5976f7f9c1804026797f51b522c4959fdcde7fcaa010d1	93974	69	1	accepted	1	30817	30817
400	15	0x1a40155d770d5a166e5976f7f9c1804026797f51b522c4959fdcde7fcaa010d1	93975	69	1	accepted	1	30804	30804
400	15	0x1a40155d770d5a166e5976f7f9c1804026797f51b522c4959fdcde7fcaa010d1	93976	69	1	accepted	1	30946	30946
400	15	0x1a40155d770d5a166e5976f7f9c1804026797f51b522c4959fdcde7fcaa010d1	93977	69	1	accepted	1	31206	31206
400	15	0x1a40155d770d5a166e5976f7f9c1804026797f51b522c4959fdcde7fcaa010d1	93978	69	1	accepted	1	31089	31089
400	15	0x1a40155d770d5a166e5976f7f9c1804026797f51b522c4959fdcde7fcaa010d1	93979	69	1	accepted	1	30958	30958
400	15	0x1a40155d770d5a166e5976f7f9c1804026797f51b522c4959fdcde7fcaa010d1	93980	69	1	accepted	1	31140	31140
400	15	0x1a40155d770d5a166e5976f7f9c1804026797f51b522c4959fdcde7fcaa010d1	93981	69	1	accepted	1	31239	31239
400	15	0x1a40155d770d5a166e5976f7f9c1804026797f51b522c4959fdcde7fcaa010d1	93982	69	1	accepted	1	31093	31093
400	15	0x1a40155d770d5a166e5976f7f9c1804026797f51b522c4959fdcde7fcaa010d1	93983	69	1	accepted	1	31264	31264
400	15	0x1a40155d770d5a166e5976f7f9c1804026797f51b522c4959fdcde7fcaa010d1	93984	69	1	accepted	1	30959	30959
400	15	0x1a40155d770d5a166e5976f7f9c1804026797f51b522c4959fdcde7fcaa010d1	93985	69	1	accepted	1	31152	31152
400	15	0x1a40155d770d5a166e5976f7f9c1804026797f51b522c4959fdcde7fcaa010d1	93986	69	1	accepted	1	31269	31269
400	15	0x1a40155d770d5a166e5976f7f9c1804026797f51b522c4959fdcde7fcaa010d1	93987	69	1	accepted	1	30855	30855
400	15	0x1a40155d770d5a166e5976f7f9c1804026797f51b522c4959fdcde7fcaa010d1	93988	69	1	accepted	1	31005	31005
400	15	0x1a40155d770d5a166e5976f7f9c1804026797f51b522c4959fdcde7fcaa010d1	93989	69	1	accepted	1	31048	31048
400	15	0x1a40155d770d5a166e5976f7f9c1804026797f51b522c4959fdcde7fcaa010d1	93990	69	1	accepted	1	31183	31183
400	15	0x1a40155d770d5a166e5976f7f9c1804026797f51b522c4959fdcde7fcaa010d1	93991	69	1	accepted	1	31196	31196
400	15	0x1a40155d770d5a166e5976f7f9c1804026797f51b522c4959fdcde7fcaa010d1	93992	69	1	accepted	1	31210	31210
400	15	0x1a40155d770d5a166e5976f7f9c1804026797f51b522c4959fdcde7fcaa010d1	93993	69	1	accepted	1	30822	30822
400	15	0x1a40155d770d5a166e5976f7f9c1804026797f51b522c4959fdcde7fcaa010d1	93994	69	1	accepted	1	31063	31063
400	15	0x1a40155d770d5a166e5976f7f9c1804026797f51b522c4959fdcde7fcaa010d1	93995	69	1	accepted	1	30929	30929
400	15	0x1a40155d770d5a166e5976f7f9c1804026797f51b522c4959fdcde7fcaa010d1	93996	69	1	accepted	1	31126	31126
400	15	0x1a40155d770d5a166e5976f7f9c1804026797f51b522c4959fdcde7fcaa010d1	93997	69	1	accepted	1	31208	31208
400	15	0x1a40155d770d5a166e5976f7f9c1804026797f51b522c4959fdcde7fcaa010d1	93998	69	1	accepted	1	30863	30863
400	15	0x1a40155d770d5a166e5976f7f9c1804026797f51b522c4959fdcde7fcaa010d1	93999	69	1	accepted	1	31020	31020
400	15	0x1a40155d770d5a166e5976f7f9c1804026797f51b522c4959fdcde7fcaa010d1	94000	69	1	accepted	1	31138	31138
400	15	0x1a40155d770d5a166e5976f7f9c1804026797f51b522c4959fdcde7fcaa010d1	94001	69	1	accepted	1	31075	31075
400	15	0x1a40155d770d5a166e5976f7f9c1804026797f51b522c4959fdcde7fcaa010d1	94002	69	1	accepted	1	30825	30825
400	15	0x1a40155d770d5a166e5976f7f9c1804026797f51b522c4959fdcde7fcaa010d1	94003	69	1	accepted	1	30858	30858
400	15	0x1a40155d770d5a166e5976f7f9c1804026797f51b522c4959fdcde7fcaa010d1	94004	69	1	accepted	1	31222	31222
400	15	0x1a40155d770d5a166e5976f7f9c1804026797f51b522c4959fdcde7fcaa010d1	94005	69	1	accepted	1	31149	31149
400	15	0x1a40155d770d5a166e5976f7f9c1804026797f51b522c4959fdcde7fcaa010d1	94006	69	1	accepted	1	31119	31119
400	15	0x1a40155d770d5a166e5976f7f9c1804026797f51b522c4959fdcde7fcaa010d1	94007	69	1	accepted	1	30935	30935
400	15	0x1a40155d770d5a166e5976f7f9c1804026797f51b522c4959fdcde7fcaa010d1	94008	69	1	accepted	1	30900	30900
400	15	0x1a40155d770d5a166e5976f7f9c1804026797f51b522c4959fdcde7fcaa010d1	94009	69	1	accepted	1	30893	30893
400	15	0x1a40155d770d5a166e5976f7f9c1804026797f51b522c4959fdcde7fcaa010d1	94010	69	1	accepted	1	30870	30870
400	15	0x1a40155d770d5a166e5976f7f9c1804026797f51b522c4959fdcde7fcaa010d1	94011	69	1	accepted	1	31085	31085
400	15	0x1a40155d770d5a166e5976f7f9c1804026797f51b522c4959fdcde7fcaa010d1	94012	69	1	accepted	1	30889	30889
400	15	0x1a40155d770d5a166e5976f7f9c1804026797f51b522c4959fdcde7fcaa010d1	94013	69	1	accepted	1	31104	31104
400	15	0x1a40155d770d5a166e5976f7f9c1804026797f51b522c4959fdcde7fcaa010d1	94014	69	1	accepted	1	30814	30814
400	15	0x1a40155d770d5a166e5976f7f9c1804026797f51b522c4959fdcde7fcaa010d1	94015	69	1	accepted	1	31094	31094
400	15	0x1a40155d770d5a166e5976f7f9c1804026797f51b522c4959fdcde7fcaa010d1	94016	69	1	accepted	1	30823	30823
400	15	0x1a40155d770d5a166e5976f7f9c1804026797f51b522c4959fdcde7fcaa010d1	94017	69	1	accepted	1	31198	31198
400	15	0x1a40155d770d5a166e5976f7f9c1804026797f51b522c4959fdcde7fcaa010d1	94018	69	1	accepted	1	31195	31195
400	15	0x1a40155d770d5a166e5976f7f9c1804026797f51b522c4959fdcde7fcaa010d1	94019	69	1	accepted	1	30767	30767
400	15	0x1a40155d770d5a166e5976f7f9c1804026797f51b522c4959fdcde7fcaa010d1	94020	69	1	accepted	1	31170	31170
400	15	0x1a40155d770d5a166e5976f7f9c1804026797f51b522c4959fdcde7fcaa010d1	94021	69	1	accepted	1	31008	31008
400	15	0x1a40155d770d5a166e5976f7f9c1804026797f51b522c4959fdcde7fcaa010d1	94022	69	1	accepted	1	31099	31099
400	15	0x1a40155d770d5a166e5976f7f9c1804026797f51b522c4959fdcde7fcaa010d1	94023	69	1	accepted	1	31055	31055
400	15	0x1a40155d770d5a166e5976f7f9c1804026797f51b522c4959fdcde7fcaa010d1	94024	69	1	accepted	1	31250	31250
400	15	0x1a40155d770d5a166e5976f7f9c1804026797f51b522c4959fdcde7fcaa010d1	94025	69	1	accepted	1	31067	31067
400	15	0x6856419067eae1ba1bd63c1f519dcff0c921b3363a5f202ea5f69c6ef429df41	93514	68	1	accepted	1	28011	28011
400	15	0x6856419067eae1ba1bd63c1f519dcff0c921b3363a5f202ea5f69c6ef429df41	93515	68	1	accepted	1	28066	28066
400	15	0x6856419067eae1ba1bd63c1f519dcff0c921b3363a5f202ea5f69c6ef429df41	93516	68	1	accepted	1	28076	28076
400	15	0x6856419067eae1ba1bd63c1f519dcff0c921b3363a5f202ea5f69c6ef429df41	93517	68	1	accepted	1	28014	28014
400	15	0x6856419067eae1ba1bd63c1f519dcff0c921b3363a5f202ea5f69c6ef429df41	93518	68	1	accepted	1	28055	28055
400	15	0x6856419067eae1ba1bd63c1f519dcff0c921b3363a5f202ea5f69c6ef429df41	93519	68	1	accepted	1	28047	28047
400	15	0x6856419067eae1ba1bd63c1f519dcff0c921b3363a5f202ea5f69c6ef429df41	93520	68	1	accepted	1	28036	28036
400	15	0x6856419067eae1ba1bd63c1f519dcff0c921b3363a5f202ea5f69c6ef429df41	93521	68	1	accepted	1	28070	28070
400	15	0x6856419067eae1ba1bd63c1f519dcff0c921b3363a5f202ea5f69c6ef429df41	93522	68	1	accepted	1	28015	28015
400	15	0x6856419067eae1ba1bd63c1f519dcff0c921b3363a5f202ea5f69c6ef429df41	93523	68	1	accepted	1	28039	28039
400	15	0x6856419067eae1ba1bd63c1f519dcff0c921b3363a5f202ea5f69c6ef429df41	93524	68	1	accepted	1	28028	28028
400	15	0x6856419067eae1ba1bd63c1f519dcff0c921b3363a5f202ea5f69c6ef429df41	93525	68	1	accepted	1	28065	28065
400	15	0x6856419067eae1ba1bd63c1f519dcff0c921b3363a5f202ea5f69c6ef429df41	93526	68	1	accepted	1	28080	28080
400	15	0x6856419067eae1ba1bd63c1f519dcff0c921b3363a5f202ea5f69c6ef429df41	93527	68	1	accepted	1	28059	28059
400	15	0x6856419067eae1ba1bd63c1f519dcff0c921b3363a5f202ea5f69c6ef429df41	93528	68	1	accepted	1	28032	28032
400	15	0x6856419067eae1ba1bd63c1f519dcff0c921b3363a5f202ea5f69c6ef429df41	93529	68	1	accepted	1	28008	28008
400	15	0x6856419067eae1ba1bd63c1f519dcff0c921b3363a5f202ea5f69c6ef429df41	93530	68	1	accepted	1	28077	28077
400	15	0x6856419067eae1ba1bd63c1f519dcff0c921b3363a5f202ea5f69c6ef429df41	93531	68	1	accepted	1	28031	28031
400	15	0x6856419067eae1ba1bd63c1f519dcff0c921b3363a5f202ea5f69c6ef429df41	93532	68	1	accepted	1	28057	28057
400	15	0x6856419067eae1ba1bd63c1f519dcff0c921b3363a5f202ea5f69c6ef429df41	93533	68	1	accepted	1	28049	28049
400	15	0x6856419067eae1ba1bd63c1f519dcff0c921b3363a5f202ea5f69c6ef429df41	93534	68	1	accepted	1	28046	28046
400	15	0x6856419067eae1ba1bd63c1f519dcff0c921b3363a5f202ea5f69c6ef429df41	93535	68	1	accepted	1	28060	28060
400	15	0x6856419067eae1ba1bd63c1f519dcff0c921b3363a5f202ea5f69c6ef429df41	93536	68	1	accepted	1	28051	28051
400	15	0x6856419067eae1ba1bd63c1f519dcff0c921b3363a5f202ea5f69c6ef429df41	93537	68	1	accepted	1	28062	28062
400	15	0x6856419067eae1ba1bd63c1f519dcff0c921b3363a5f202ea5f69c6ef429df41	93538	68	1	accepted	1	28054	28054
400	15	0x6856419067eae1ba1bd63c1f519dcff0c921b3363a5f202ea5f69c6ef429df41	93539	68	1	accepted	1	28009	28009
400	15	0x6856419067eae1ba1bd63c1f519dcff0c921b3363a5f202ea5f69c6ef429df41	93540	68	1	accepted	1	28075	28075
400	15	0x6856419067eae1ba1bd63c1f519dcff0c921b3363a5f202ea5f69c6ef429df41	93541	68	1	accepted	1	28038	28038
400	15	0x6856419067eae1ba1bd63c1f519dcff0c921b3363a5f202ea5f69c6ef429df41	93542	68	1	accepted	1	28052	28052
400	15	0x6856419067eae1ba1bd63c1f519dcff0c921b3363a5f202ea5f69c6ef429df41	93543	68	1	accepted	1	28048	28048
400	15	0x6856419067eae1ba1bd63c1f519dcff0c921b3363a5f202ea5f69c6ef429df41	93544	68	1	accepted	1	28013	28013
400	15	0x6856419067eae1ba1bd63c1f519dcff0c921b3363a5f202ea5f69c6ef429df41	93545	68	1	accepted	1	28023	28023
400	15	0x6856419067eae1ba1bd63c1f519dcff0c921b3363a5f202ea5f69c6ef429df41	93546	68	1	accepted	1	28026	28026
400	15	0x6856419067eae1ba1bd63c1f519dcff0c921b3363a5f202ea5f69c6ef429df41	93547	68	1	accepted	1	28034	28034
400	15	0x6856419067eae1ba1bd63c1f519dcff0c921b3363a5f202ea5f69c6ef429df41	93548	68	1	accepted	1	28012	28012
400	15	0x6856419067eae1ba1bd63c1f519dcff0c921b3363a5f202ea5f69c6ef429df41	93549	68	1	accepted	1	28079	28079
400	15	0x6856419067eae1ba1bd63c1f519dcff0c921b3363a5f202ea5f69c6ef429df41	93550	68	1	accepted	1	28050	28050
400	15	0x6856419067eae1ba1bd63c1f519dcff0c921b3363a5f202ea5f69c6ef429df41	93551	68	1	accepted	1	28033	28033
400	15	0x6856419067eae1ba1bd63c1f519dcff0c921b3363a5f202ea5f69c6ef429df41	93552	68	1	accepted	1	28040	28040
400	15	0x6856419067eae1ba1bd63c1f519dcff0c921b3363a5f202ea5f69c6ef429df41	93553	68	1	accepted	1	28042	28042
400	15	0x6856419067eae1ba1bd63c1f519dcff0c921b3363a5f202ea5f69c6ef429df41	93554	68	1	accepted	1	28030	28030
400	15	0x6856419067eae1ba1bd63c1f519dcff0c921b3363a5f202ea5f69c6ef429df41	93555	68	1	accepted	1	28064	28064
400	15	0x6856419067eae1ba1bd63c1f519dcff0c921b3363a5f202ea5f69c6ef429df41	93556	68	1	accepted	1	28045	28045
400	15	0x6856419067eae1ba1bd63c1f519dcff0c921b3363a5f202ea5f69c6ef429df41	93557	68	1	accepted	1	28061	28061
400	15	0x6856419067eae1ba1bd63c1f519dcff0c921b3363a5f202ea5f69c6ef429df41	93558	68	1	accepted	1	28010	28010
400	15	0x6856419067eae1ba1bd63c1f519dcff0c921b3363a5f202ea5f69c6ef429df41	93559	68	1	accepted	1	28024	28024
400	15	0x6856419067eae1ba1bd63c1f519dcff0c921b3363a5f202ea5f69c6ef429df41	93560	68	1	accepted	1	28027	28027
400	15	0x6856419067eae1ba1bd63c1f519dcff0c921b3363a5f202ea5f69c6ef429df41	93561	68	1	accepted	1	28037	28037
400	15	0x6856419067eae1ba1bd63c1f519dcff0c921b3363a5f202ea5f69c6ef429df41	93562	68	1	accepted	1	28063	28063
400	15	0x6856419067eae1ba1bd63c1f519dcff0c921b3363a5f202ea5f69c6ef429df41	93563	68	1	accepted	1	28069	28069
400	15	0x6856419067eae1ba1bd63c1f519dcff0c921b3363a5f202ea5f69c6ef429df41	93564	68	1	accepted	1	28041	28041
400	15	0x6856419067eae1ba1bd63c1f519dcff0c921b3363a5f202ea5f69c6ef429df41	93565	68	1	accepted	1	28053	28053
400	15	0x6856419067eae1ba1bd63c1f519dcff0c921b3363a5f202ea5f69c6ef429df41	93566	68	1	accepted	1	28044	28044
400	15	0x6856419067eae1ba1bd63c1f519dcff0c921b3363a5f202ea5f69c6ef429df41	93567	68	1	accepted	1	28035	28035
400	16	0x4b07a2a4ef496b99e14601673b47caf145ce8834b57e2f365cb40c71b03e9857	27557	94	1	accepted	1	34040	34040
400	16	0x4b07a2a4ef496b99e14601673b47caf145ce8834b57e2f365cb40c71b03e9857	27558	94	1	accepted	1	34124	34124
400	16	0x4b07a2a4ef496b99e14601673b47caf145ce8834b57e2f365cb40c71b03e9857	27559	94	1	accepted	1	34119	34119
400	16	0x4b07a2a4ef496b99e14601673b47caf145ce8834b57e2f365cb40c71b03e9857	27560	94	1	accepted	1	34152	34152
400	16	0x4b07a2a4ef496b99e14601673b47caf145ce8834b57e2f365cb40c71b03e9857	27561	94	1	accepted	1	34161	34161
400	16	0x4b07a2a4ef496b99e14601673b47caf145ce8834b57e2f365cb40c71b03e9857	27562	94	1	accepted	1	34155	34155
400	16	0x4b07a2a4ef496b99e14601673b47caf145ce8834b57e2f365cb40c71b03e9857	27563	94	1	accepted	1	34150	34150
400	16	0x4b07a2a4ef496b99e14601673b47caf145ce8834b57e2f365cb40c71b03e9857	27564	94	1	accepted	1	34128	34128
400	16	0x4b07a2a4ef496b99e14601673b47caf145ce8834b57e2f365cb40c71b03e9857	27565	94	1	accepted	1	34159	34159
400	16	0x4b07a2a4ef496b99e14601673b47caf145ce8834b57e2f365cb40c71b03e9857	27566	94	1	accepted	1	34153	34153
400	16	0x4b07a2a4ef496b99e14601673b47caf145ce8834b57e2f365cb40c71b03e9857	27567	94	1	accepted	1	34126	34126
400	16	0x4b07a2a4ef496b99e14601673b47caf145ce8834b57e2f365cb40c71b03e9857	27568	94	1	accepted	1	34149	34149
400	16	0x4b07a2a4ef496b99e14601673b47caf145ce8834b57e2f365cb40c71b03e9857	27569	94	1	accepted	1	34154	34154
400	16	0x4b07a2a4ef496b99e14601673b47caf145ce8834b57e2f365cb40c71b03e9857	27570	94	1	accepted	1	34158	34158
400	16	0x4b07a2a4ef496b99e14601673b47caf145ce8834b57e2f365cb40c71b03e9857	27571	94	1	accepted	1	34118	34118
400	16	0x4b07a2a4ef496b99e14601673b47caf145ce8834b57e2f365cb40c71b03e9857	27572	94	1	accepted	1	34151	34151
400	16	0x4b07a2a4ef496b99e14601673b47caf145ce8834b57e2f365cb40c71b03e9857	27573	94	1	accepted	1	34123	34123
400	16	0x4b07a2a4ef496b99e14601673b47caf145ce8834b57e2f365cb40c71b03e9857	27574	94	1	accepted	1	34122	34122
400	16	0x4b07a2a4ef496b99e14601673b47caf145ce8834b57e2f365cb40c71b03e9857	27575	94	1	accepted	1	34010	34010
400	16	0x4b07a2a4ef496b99e14601673b47caf145ce8834b57e2f365cb40c71b03e9857	27576	94	1	accepted	1	34156	34156
400	16	0x4b07a2a4ef496b99e14601673b47caf145ce8834b57e2f365cb40c71b03e9857	27577	94	1	accepted	1	34160	34160
400	16	0x4b07a2a4ef496b99e14601673b47caf145ce8834b57e2f365cb40c71b03e9857	27578	94	1	accepted	1	34121	34121
400	16	0x4b07a2a4ef496b99e14601673b47caf145ce8834b57e2f365cb40c71b03e9857	27579	94	1	accepted	1	34127	34127
400	16	0x6856419067eae1ba1bd63c1f519dcff0c921b3363a5f202ea5f69c6ef429df41	27068	93	1	accepted	1	34825	34825
400	16	0x6856419067eae1ba1bd63c1f519dcff0c921b3363a5f202ea5f69c6ef429df41	27069	93	1	accepted	1	34658	34658
400	16	0x6856419067eae1ba1bd63c1f519dcff0c921b3363a5f202ea5f69c6ef429df41	27070	93	1	accepted	1	34218	34218
400	16	0x6856419067eae1ba1bd63c1f519dcff0c921b3363a5f202ea5f69c6ef429df41	27071	93	1	accepted	1	34535	34535
400	16	0x6856419067eae1ba1bd63c1f519dcff0c921b3363a5f202ea5f69c6ef429df41	27072	93	1	accepted	1	34763	34763
400	16	0x6856419067eae1ba1bd63c1f519dcff0c921b3363a5f202ea5f69c6ef429df41	27073	93	1	accepted	1	34413	34413
400	16	0x6856419067eae1ba1bd63c1f519dcff0c921b3363a5f202ea5f69c6ef429df41	27074	93	1	accepted	1	34807	34807
400	16	0x6856419067eae1ba1bd63c1f519dcff0c921b3363a5f202ea5f69c6ef429df41	27075	93	1	accepted	1	34520	34520
400	16	0x6856419067eae1ba1bd63c1f519dcff0c921b3363a5f202ea5f69c6ef429df41	27076	93	1	accepted	1	34505	34505
400	16	0x6856419067eae1ba1bd63c1f519dcff0c921b3363a5f202ea5f69c6ef429df41	27077	93	1	accepted	1	34680	34680
400	16	0x6856419067eae1ba1bd63c1f519dcff0c921b3363a5f202ea5f69c6ef429df41	27078	93	1	accepted	1	34604	34604
400	16	0x6856419067eae1ba1bd63c1f519dcff0c921b3363a5f202ea5f69c6ef429df41	27079	93	1	accepted	1	34913	34913
400	16	0x6856419067eae1ba1bd63c1f519dcff0c921b3363a5f202ea5f69c6ef429df41	27080	93	1	accepted	1	34712	34712
400	16	0x6856419067eae1ba1bd63c1f519dcff0c921b3363a5f202ea5f69c6ef429df41	27081	93	1	accepted	1	34802	34802
400	16	0x6856419067eae1ba1bd63c1f519dcff0c921b3363a5f202ea5f69c6ef429df41	27082	93	1	accepted	1	34608	34608
400	16	0x6856419067eae1ba1bd63c1f519dcff0c921b3363a5f202ea5f69c6ef429df41	27083	93	1	accepted	1	34859	34859
400	16	0x6856419067eae1ba1bd63c1f519dcff0c921b3363a5f202ea5f69c6ef429df41	27084	93	1	accepted	1	34838	34838
400	16	0x6856419067eae1ba1bd63c1f519dcff0c921b3363a5f202ea5f69c6ef429df41	27085	93	1	accepted	1	34718	34718
400	16	0x6856419067eae1ba1bd63c1f519dcff0c921b3363a5f202ea5f69c6ef429df41	27086	93	1	accepted	1	34262	34262
400	16	0x6856419067eae1ba1bd63c1f519dcff0c921b3363a5f202ea5f69c6ef429df41	27087	93	1	accepted	1	34609	34609
400	16	0x6856419067eae1ba1bd63c1f519dcff0c921b3363a5f202ea5f69c6ef429df41	27088	93	1	accepted	1	34610	34610
400	16	0x6856419067eae1ba1bd63c1f519dcff0c921b3363a5f202ea5f69c6ef429df41	27089	93	1	accepted	1	34237	34237
400	16	0x6856419067eae1ba1bd63c1f519dcff0c921b3363a5f202ea5f69c6ef429df41	27090	93	1	accepted	1	34810	34810
400	16	0x6856419067eae1ba1bd63c1f519dcff0c921b3363a5f202ea5f69c6ef429df41	27091	93	1	accepted	1	34854	34854
400	16	0x6856419067eae1ba1bd63c1f519dcff0c921b3363a5f202ea5f69c6ef429df41	27092	93	1	accepted	1	34641	34641
400	16	0x6856419067eae1ba1bd63c1f519dcff0c921b3363a5f202ea5f69c6ef429df41	27093	93	1	accepted	1	34819	34819
400	16	0x6856419067eae1ba1bd63c1f519dcff0c921b3363a5f202ea5f69c6ef429df41	27094	93	1	accepted	1	34526	34526
400	16	0x6856419067eae1ba1bd63c1f519dcff0c921b3363a5f202ea5f69c6ef429df41	27095	93	1	accepted	1	34754	34754
400	16	0x6856419067eae1ba1bd63c1f519dcff0c921b3363a5f202ea5f69c6ef429df41	27096	93	1	accepted	1	34856	34856
400	16	0x6856419067eae1ba1bd63c1f519dcff0c921b3363a5f202ea5f69c6ef429df41	27097	93	1	accepted	1	34555	34555
400	16	0x6856419067eae1ba1bd63c1f519dcff0c921b3363a5f202ea5f69c6ef429df41	27098	93	1	accepted	1	34853	34853
400	16	0x6856419067eae1ba1bd63c1f519dcff0c921b3363a5f202ea5f69c6ef429df41	27099	93	1	accepted	1	34898	34898
400	16	0x6856419067eae1ba1bd63c1f519dcff0c921b3363a5f202ea5f69c6ef429df41	27100	93	1	accepted	1	34561	34561
400	16	0x6856419067eae1ba1bd63c1f519dcff0c921b3363a5f202ea5f69c6ef429df41	27101	93	1	accepted	1	34799	34799
400	16	0x6856419067eae1ba1bd63c1f519dcff0c921b3363a5f202ea5f69c6ef429df41	27102	93	1	accepted	1	34600	34600
400	16	0x6856419067eae1ba1bd63c1f519dcff0c921b3363a5f202ea5f69c6ef429df41	27103	93	1	accepted	1	34568	34568
400	16	0x6856419067eae1ba1bd63c1f519dcff0c921b3363a5f202ea5f69c6ef429df41	27104	93	1	accepted	1	34843	34843
400	16	0x6856419067eae1ba1bd63c1f519dcff0c921b3363a5f202ea5f69c6ef429df41	27105	93	1	accepted	1	34743	34743
400	16	0x6856419067eae1ba1bd63c1f519dcff0c921b3363a5f202ea5f69c6ef429df41	27106	93	1	accepted	1	34498	34498
400	16	0x6856419067eae1ba1bd63c1f519dcff0c921b3363a5f202ea5f69c6ef429df41	27107	93	1	accepted	1	34487	34487
400	16	0x6856419067eae1ba1bd63c1f519dcff0c921b3363a5f202ea5f69c6ef429df41	27108	93	1	accepted	1	34238	34238
400	16	0x6856419067eae1ba1bd63c1f519dcff0c921b3363a5f202ea5f69c6ef429df41	27109	93	1	accepted	1	34452	34452
400	16	0x6856419067eae1ba1bd63c1f519dcff0c921b3363a5f202ea5f69c6ef429df41	27110	93	1	accepted	1	34564	34564
400	16	0x6856419067eae1ba1bd63c1f519dcff0c921b3363a5f202ea5f69c6ef429df41	27111	93	1	accepted	1	34868	34868
400	16	0x6856419067eae1ba1bd63c1f519dcff0c921b3363a5f202ea5f69c6ef429df41	27112	93	1	accepted	1	34473	34473
400	16	0x6856419067eae1ba1bd63c1f519dcff0c921b3363a5f202ea5f69c6ef429df41	27113	93	1	accepted	1	34532	34532
400	16	0x6856419067eae1ba1bd63c1f519dcff0c921b3363a5f202ea5f69c6ef429df41	27114	93	1	accepted	1	34725	34725
400	16	0x6856419067eae1ba1bd63c1f519dcff0c921b3363a5f202ea5f69c6ef429df41	27115	93	1	accepted	1	34759	34759
400	16	0x6856419067eae1ba1bd63c1f519dcff0c921b3363a5f202ea5f69c6ef429df41	27116	93	1	accepted	1	34455	34455
400	16	0x6856419067eae1ba1bd63c1f519dcff0c921b3363a5f202ea5f69c6ef429df41	27117	93	1	accepted	1	34543	34543
400	16	0x6856419067eae1ba1bd63c1f519dcff0c921b3363a5f202ea5f69c6ef429df41	27118	93	1	accepted	1	34527	34527
400	16	0x6856419067eae1ba1bd63c1f519dcff0c921b3363a5f202ea5f69c6ef429df41	27119	93	1	accepted	1	34500	34500
400	16	0x6856419067eae1ba1bd63c1f519dcff0c921b3363a5f202ea5f69c6ef429df41	27120	93	1	accepted	1	34602	34602
400	16	0x6856419067eae1ba1bd63c1f519dcff0c921b3363a5f202ea5f69c6ef429df41	27121	93	1	accepted	1	34408	34408
400	16	0x6856419067eae1ba1bd63c1f519dcff0c921b3363a5f202ea5f69c6ef429df41	27122	93	1	accepted	1	34747	34747
400	16	0x6856419067eae1ba1bd63c1f519dcff0c921b3363a5f202ea5f69c6ef429df41	27123	93	1	accepted	1	34675	34675
400	16	0x6856419067eae1ba1bd63c1f519dcff0c921b3363a5f202ea5f69c6ef429df41	27124	93	1	accepted	1	34559	34559
400	16	0x6856419067eae1ba1bd63c1f519dcff0c921b3363a5f202ea5f69c6ef429df41	27125	93	1	accepted	1	34245	34245
400	16	0x6856419067eae1ba1bd63c1f519dcff0c921b3363a5f202ea5f69c6ef429df41	27126	93	1	accepted	1	34485	34485
400	16	0x6856419067eae1ba1bd63c1f519dcff0c921b3363a5f202ea5f69c6ef429df41	27127	93	1	accepted	1	34625	34625
400	16	0x6856419067eae1ba1bd63c1f519dcff0c921b3363a5f202ea5f69c6ef429df41	27128	93	1	accepted	1	34643	34643
400	16	0x6856419067eae1ba1bd63c1f519dcff0c921b3363a5f202ea5f69c6ef429df41	27129	93	1	accepted	1	34570	34570
400	16	0x6856419067eae1ba1bd63c1f519dcff0c921b3363a5f202ea5f69c6ef429df41	27130	93	1	accepted	1	34514	34514
400	16	0x6856419067eae1ba1bd63c1f519dcff0c921b3363a5f202ea5f69c6ef429df41	27131	93	1	accepted	1	34504	34504
400	16	0x6856419067eae1ba1bd63c1f519dcff0c921b3363a5f202ea5f69c6ef429df41	27132	93	1	accepted	1	34444	34444
400	16	0x6856419067eae1ba1bd63c1f519dcff0c921b3363a5f202ea5f69c6ef429df41	27133	93	1	accepted	1	34622	34622
400	16	0x6856419067eae1ba1bd63c1f519dcff0c921b3363a5f202ea5f69c6ef429df41	27134	93	1	accepted	1	34655	34655
400	16	0x6856419067eae1ba1bd63c1f519dcff0c921b3363a5f202ea5f69c6ef429df41	27135	93	1	accepted	1	34440	34440
400	16	0x6856419067eae1ba1bd63c1f519dcff0c921b3363a5f202ea5f69c6ef429df41	27136	93	1	accepted	1	34243	34243
400	16	0x6856419067eae1ba1bd63c1f519dcff0c921b3363a5f202ea5f69c6ef429df41	27137	93	1	accepted	1	34621	34621
400	16	0x6856419067eae1ba1bd63c1f519dcff0c921b3363a5f202ea5f69c6ef429df41	27138	93	1	accepted	1	34481	34481
400	16	0x6856419067eae1ba1bd63c1f519dcff0c921b3363a5f202ea5f69c6ef429df41	27139	93	1	accepted	1	34711	34711
400	16	0x6856419067eae1ba1bd63c1f519dcff0c921b3363a5f202ea5f69c6ef429df41	27140	93	1	accepted	1	34732	34732
400	16	0x6856419067eae1ba1bd63c1f519dcff0c921b3363a5f202ea5f69c6ef429df41	27141	93	1	accepted	1	34677	34677
400	16	0x6856419067eae1ba1bd63c1f519dcff0c921b3363a5f202ea5f69c6ef429df41	27142	93	1	accepted	1	34867	34867
400	16	0x6856419067eae1ba1bd63c1f519dcff0c921b3363a5f202ea5f69c6ef429df41	27143	93	1	accepted	1	34734	34734
400	16	0x6856419067eae1ba1bd63c1f519dcff0c921b3363a5f202ea5f69c6ef429df41	27144	93	1	accepted	1	34791	34791
400	16	0x6856419067eae1ba1bd63c1f519dcff0c921b3363a5f202ea5f69c6ef429df41	27145	93	1	accepted	1	34742	34742
400	16	0x6856419067eae1ba1bd63c1f519dcff0c921b3363a5f202ea5f69c6ef429df41	27146	93	1	accepted	1	34820	34820
400	16	0x6856419067eae1ba1bd63c1f519dcff0c921b3363a5f202ea5f69c6ef429df41	27147	93	1	accepted	1	34710	34710
400	16	0x6856419067eae1ba1bd63c1f519dcff0c921b3363a5f202ea5f69c6ef429df41	27148	93	1	accepted	1	34688	34688
400	16	0x6856419067eae1ba1bd63c1f519dcff0c921b3363a5f202ea5f69c6ef429df41	27149	93	1	accepted	1	34857	34857
400	16	0x6856419067eae1ba1bd63c1f519dcff0c921b3363a5f202ea5f69c6ef429df41	27150	93	1	accepted	1	34845	34845
400	16	0x6856419067eae1ba1bd63c1f519dcff0c921b3363a5f202ea5f69c6ef429df41	27151	93	1	accepted	1	34475	34475
400	16	0x6856419067eae1ba1bd63c1f519dcff0c921b3363a5f202ea5f69c6ef429df41	27152	93	1	accepted	1	34471	34471
400	16	0x6856419067eae1ba1bd63c1f519dcff0c921b3363a5f202ea5f69c6ef429df41	27153	93	1	accepted	1	34529	34529
400	16	0x6856419067eae1ba1bd63c1f519dcff0c921b3363a5f202ea5f69c6ef429df41	27154	93	1	accepted	1	34901	34901
400	16	0x6856419067eae1ba1bd63c1f519dcff0c921b3363a5f202ea5f69c6ef429df41	27155	93	1	accepted	1	34506	34506
400	16	0x6856419067eae1ba1bd63c1f519dcff0c921b3363a5f202ea5f69c6ef429df41	27156	93	1	accepted	1	34436	34436
400	16	0x6856419067eae1ba1bd63c1f519dcff0c921b3363a5f202ea5f69c6ef429df41	27157	93	1	accepted	1	34234	34234
400	16	0x6856419067eae1ba1bd63c1f519dcff0c921b3363a5f202ea5f69c6ef429df41	27158	93	1	accepted	1	34640	34640
400	16	0x6856419067eae1ba1bd63c1f519dcff0c921b3363a5f202ea5f69c6ef429df41	27159	93	1	accepted	1	34241	34241
400	16	0x6856419067eae1ba1bd63c1f519dcff0c921b3363a5f202ea5f69c6ef429df41	27160	93	1	accepted	1	34642	34642
400	16	0x6856419067eae1ba1bd63c1f519dcff0c921b3363a5f202ea5f69c6ef429df41	27161	93	1	accepted	1	34880	34880
400	16	0x6856419067eae1ba1bd63c1f519dcff0c921b3363a5f202ea5f69c6ef429df41	27162	93	1	accepted	1	34464	34464
400	16	0x6856419067eae1ba1bd63c1f519dcff0c921b3363a5f202ea5f69c6ef429df41	27163	93	1	accepted	1	34692	34692
400	16	0x6856419067eae1ba1bd63c1f519dcff0c921b3363a5f202ea5f69c6ef429df41	27164	93	1	accepted	1	34721	34721
400	16	0x6856419067eae1ba1bd63c1f519dcff0c921b3363a5f202ea5f69c6ef429df41	27165	93	1	accepted	1	34858	34858
400	16	0x6856419067eae1ba1bd63c1f519dcff0c921b3363a5f202ea5f69c6ef429df41	27166	93	1	accepted	1	34624	34624
400	16	0x6856419067eae1ba1bd63c1f519dcff0c921b3363a5f202ea5f69c6ef429df41	27167	93	1	accepted	1	34660	34660
400	16	0x6856419067eae1ba1bd63c1f519dcff0c921b3363a5f202ea5f69c6ef429df41	27168	93	1	accepted	1	34458	34458
400	16	0x6856419067eae1ba1bd63c1f519dcff0c921b3363a5f202ea5f69c6ef429df41	27169	93	1	accepted	1	34431	34431
400	16	0x6856419067eae1ba1bd63c1f519dcff0c921b3363a5f202ea5f69c6ef429df41	27170	93	1	accepted	1	34260	34260
400	16	0x6856419067eae1ba1bd63c1f519dcff0c921b3363a5f202ea5f69c6ef429df41	27171	93	1	accepted	1	34746	34746
400	16	0x6856419067eae1ba1bd63c1f519dcff0c921b3363a5f202ea5f69c6ef429df41	27172	93	1	accepted	1	34232	34232
400	16	0x6856419067eae1ba1bd63c1f519dcff0c921b3363a5f202ea5f69c6ef429df41	27173	93	1	accepted	1	34411	34411
400	16	0x6856419067eae1ba1bd63c1f519dcff0c921b3363a5f202ea5f69c6ef429df41	27174	93	1	accepted	1	34652	34652
400	16	0x6856419067eae1ba1bd63c1f519dcff0c921b3363a5f202ea5f69c6ef429df41	27175	93	1	accepted	1	34489	34489
400	16	0x6856419067eae1ba1bd63c1f519dcff0c921b3363a5f202ea5f69c6ef429df41	27176	93	1	accepted	1	34805	34805
400	16	0x6856419067eae1ba1bd63c1f519dcff0c921b3363a5f202ea5f69c6ef429df41	27177	93	1	accepted	1	34606	34606
400	16	0x6856419067eae1ba1bd63c1f519dcff0c921b3363a5f202ea5f69c6ef429df41	27178	93	1	accepted	1	34430	34430
400	16	0x6856419067eae1ba1bd63c1f519dcff0c921b3363a5f202ea5f69c6ef429df41	27179	93	1	accepted	1	34541	34541
400	16	0x6856419067eae1ba1bd63c1f519dcff0c921b3363a5f202ea5f69c6ef429df41	27180	93	1	accepted	1	34786	34786
400	16	0x6856419067eae1ba1bd63c1f519dcff0c921b3363a5f202ea5f69c6ef429df41	27181	93	1	accepted	1	34522	34522
400	16	0x6856419067eae1ba1bd63c1f519dcff0c921b3363a5f202ea5f69c6ef429df41	27182	93	1	accepted	1	34456	34456
400	16	0x6856419067eae1ba1bd63c1f519dcff0c921b3363a5f202ea5f69c6ef429df41	27183	93	1	accepted	1	34503	34503
400	16	0x6856419067eae1ba1bd63c1f519dcff0c921b3363a5f202ea5f69c6ef429df41	27184	93	1	accepted	1	34644	34644
400	16	0x6856419067eae1ba1bd63c1f519dcff0c921b3363a5f202ea5f69c6ef429df41	27185	93	1	accepted	1	34637	34637
400	16	0x6856419067eae1ba1bd63c1f519dcff0c921b3363a5f202ea5f69c6ef429df41	27186	93	1	accepted	1	34547	34547
400	16	0x6856419067eae1ba1bd63c1f519dcff0c921b3363a5f202ea5f69c6ef429df41	27187	93	1	accepted	1	34537	34537
400	16	0x6856419067eae1ba1bd63c1f519dcff0c921b3363a5f202ea5f69c6ef429df41	27188	93	1	accepted	1	34822	34822
400	16	0x6856419067eae1ba1bd63c1f519dcff0c921b3363a5f202ea5f69c6ef429df41	27189	93	1	accepted	1	34479	34479
400	16	0x6856419067eae1ba1bd63c1f519dcff0c921b3363a5f202ea5f69c6ef429df41	27190	93	1	accepted	1	34760	34760
400	16	0x6856419067eae1ba1bd63c1f519dcff0c921b3363a5f202ea5f69c6ef429df41	27191	93	1	accepted	1	34477	34477
400	16	0x6856419067eae1ba1bd63c1f519dcff0c921b3363a5f202ea5f69c6ef429df41	27192	93	1	accepted	1	34443	34443
400	16	0x6856419067eae1ba1bd63c1f519dcff0c921b3363a5f202ea5f69c6ef429df41	27193	93	1	accepted	1	34412	34412
400	16	0x6856419067eae1ba1bd63c1f519dcff0c921b3363a5f202ea5f69c6ef429df41	27194	93	1	accepted	1	34517	34517
400	16	0x6856419067eae1ba1bd63c1f519dcff0c921b3363a5f202ea5f69c6ef429df41	27195	93	1	accepted	1	34590	34590
400	16	0x6856419067eae1ba1bd63c1f519dcff0c921b3363a5f202ea5f69c6ef429df41	27196	93	1	accepted	1	34253	34253
400	16	0x6856419067eae1ba1bd63c1f519dcff0c921b3363a5f202ea5f69c6ef429df41	27197	93	1	accepted	1	34434	34434
400	16	0x6856419067eae1ba1bd63c1f519dcff0c921b3363a5f202ea5f69c6ef429df41	27198	93	1	accepted	1	34414	34414
400	16	0x6856419067eae1ba1bd63c1f519dcff0c921b3363a5f202ea5f69c6ef429df41	27199	93	1	accepted	1	34594	34594
400	16	0x6856419067eae1ba1bd63c1f519dcff0c921b3363a5f202ea5f69c6ef429df41	27200	93	1	accepted	1	34258	34258
400	16	0x6856419067eae1ba1bd63c1f519dcff0c921b3363a5f202ea5f69c6ef429df41	27201	93	1	accepted	1	34562	34562
400	16	0x6856419067eae1ba1bd63c1f519dcff0c921b3363a5f202ea5f69c6ef429df41	27202	93	1	accepted	1	34482	34482
400	16	0x6856419067eae1ba1bd63c1f519dcff0c921b3363a5f202ea5f69c6ef429df41	27203	93	1	accepted	1	34685	34685
400	16	0x6856419067eae1ba1bd63c1f519dcff0c921b3363a5f202ea5f69c6ef429df41	27204	93	1	accepted	1	34463	34463
400	16	0x6856419067eae1ba1bd63c1f519dcff0c921b3363a5f202ea5f69c6ef429df41	27205	93	1	accepted	1	34496	34496
400	16	0x6856419067eae1ba1bd63c1f519dcff0c921b3363a5f202ea5f69c6ef429df41	27206	93	1	accepted	1	34542	34542
400	16	0x6856419067eae1ba1bd63c1f519dcff0c921b3363a5f202ea5f69c6ef429df41	27207	93	1	accepted	1	34796	34796
400	16	0x6856419067eae1ba1bd63c1f519dcff0c921b3363a5f202ea5f69c6ef429df41	27208	93	1	accepted	1	34466	34466
400	16	0x6856419067eae1ba1bd63c1f519dcff0c921b3363a5f202ea5f69c6ef429df41	27209	93	1	accepted	1	34667	34667
400	16	0x6856419067eae1ba1bd63c1f519dcff0c921b3363a5f202ea5f69c6ef429df41	27210	93	1	accepted	1	34557	34557
400	16	0x6856419067eae1ba1bd63c1f519dcff0c921b3363a5f202ea5f69c6ef429df41	27211	93	1	accepted	1	34446	34446
400	16	0x6856419067eae1ba1bd63c1f519dcff0c921b3363a5f202ea5f69c6ef429df41	27212	93	1	accepted	1	34729	34729
400	16	0x6856419067eae1ba1bd63c1f519dcff0c921b3363a5f202ea5f69c6ef429df41	27213	93	1	accepted	1	34757	34757
400	16	0x6856419067eae1ba1bd63c1f519dcff0c921b3363a5f202ea5f69c6ef429df41	27214	93	1	accepted	1	34691	34691
400	16	0x6856419067eae1ba1bd63c1f519dcff0c921b3363a5f202ea5f69c6ef429df41	27215	93	1	accepted	1	34518	34518
400	16	0x6856419067eae1ba1bd63c1f519dcff0c921b3363a5f202ea5f69c6ef429df41	27216	93	1	accepted	1	34560	34560
400	16	0x6856419067eae1ba1bd63c1f519dcff0c921b3363a5f202ea5f69c6ef429df41	27217	93	1	accepted	1	34790	34790
400	16	0x6856419067eae1ba1bd63c1f519dcff0c921b3363a5f202ea5f69c6ef429df41	27218	93	1	accepted	1	34749	34749
400	16	0x6856419067eae1ba1bd63c1f519dcff0c921b3363a5f202ea5f69c6ef429df41	27219	93	1	accepted	1	34591	34591
400	16	0x6856419067eae1ba1bd63c1f519dcff0c921b3363a5f202ea5f69c6ef429df41	27220	93	1	accepted	1	34442	34442
400	16	0x6856419067eae1ba1bd63c1f519dcff0c921b3363a5f202ea5f69c6ef429df41	27221	93	1	accepted	1	34728	34728
400	16	0x6856419067eae1ba1bd63c1f519dcff0c921b3363a5f202ea5f69c6ef429df41	27222	93	1	accepted	1	34599	34599
400	16	0x6856419067eae1ba1bd63c1f519dcff0c921b3363a5f202ea5f69c6ef429df41	27223	93	1	accepted	1	34565	34565
400	16	0x6856419067eae1ba1bd63c1f519dcff0c921b3363a5f202ea5f69c6ef429df41	27224	93	1	accepted	1	34659	34659
400	16	0x6856419067eae1ba1bd63c1f519dcff0c921b3363a5f202ea5f69c6ef429df41	27225	93	1	accepted	1	34495	34495
400	16	0x6856419067eae1ba1bd63c1f519dcff0c921b3363a5f202ea5f69c6ef429df41	27226	93	1	accepted	1	34716	34716
400	16	0x6856419067eae1ba1bd63c1f519dcff0c921b3363a5f202ea5f69c6ef429df41	27227	93	1	accepted	1	34823	34823
400	16	0x6856419067eae1ba1bd63c1f519dcff0c921b3363a5f202ea5f69c6ef429df41	27228	93	1	accepted	1	34467	34467
400	16	0x6856419067eae1ba1bd63c1f519dcff0c921b3363a5f202ea5f69c6ef429df41	27229	93	1	accepted	1	34765	34765
400	16	0x6856419067eae1ba1bd63c1f519dcff0c921b3363a5f202ea5f69c6ef429df41	27230	93	1	accepted	1	34563	34563
400	16	0x6856419067eae1ba1bd63c1f519dcff0c921b3363a5f202ea5f69c6ef429df41	27231	93	1	accepted	1	34511	34511
400	16	0x6856419067eae1ba1bd63c1f519dcff0c921b3363a5f202ea5f69c6ef429df41	27232	93	1	accepted	1	34598	34598
400	16	0x6856419067eae1ba1bd63c1f519dcff0c921b3363a5f202ea5f69c6ef429df41	27233	93	1	accepted	1	34769	34769
400	16	0x6856419067eae1ba1bd63c1f519dcff0c921b3363a5f202ea5f69c6ef429df41	27234	93	1	accepted	1	34472	34472
400	16	0x6856419067eae1ba1bd63c1f519dcff0c921b3363a5f202ea5f69c6ef429df41	27235	93	1	accepted	1	34793	34793
400	16	0x6856419067eae1ba1bd63c1f519dcff0c921b3363a5f202ea5f69c6ef429df41	27236	93	1	accepted	1	34219	34219
400	16	0x6856419067eae1ba1bd63c1f519dcff0c921b3363a5f202ea5f69c6ef429df41	27237	93	1	accepted	1	34840	34840
400	16	0x6856419067eae1ba1bd63c1f519dcff0c921b3363a5f202ea5f69c6ef429df41	27238	93	1	accepted	1	34407	34407
400	16	0x6856419067eae1ba1bd63c1f519dcff0c921b3363a5f202ea5f69c6ef429df41	27239	93	1	accepted	1	34648	34648
400	16	0x6856419067eae1ba1bd63c1f519dcff0c921b3363a5f202ea5f69c6ef429df41	27240	93	1	accepted	1	34617	34617
400	16	0x6856419067eae1ba1bd63c1f519dcff0c921b3363a5f202ea5f69c6ef429df41	27241	93	1	accepted	1	34722	34722
400	16	0x6856419067eae1ba1bd63c1f519dcff0c921b3363a5f202ea5f69c6ef429df41	27242	93	1	accepted	1	34717	34717
400	16	0x6856419067eae1ba1bd63c1f519dcff0c921b3363a5f202ea5f69c6ef429df41	27243	93	1	accepted	1	34519	34519
400	16	0x6856419067eae1ba1bd63c1f519dcff0c921b3363a5f202ea5f69c6ef429df41	27244	93	1	accepted	1	34862	34862
400	16	0x6856419067eae1ba1bd63c1f519dcff0c921b3363a5f202ea5f69c6ef429df41	27245	93	1	accepted	1	34846	34846
400	16	0x6856419067eae1ba1bd63c1f519dcff0c921b3363a5f202ea5f69c6ef429df41	27246	93	1	accepted	1	34410	34410
400	16	0x6856419067eae1ba1bd63c1f519dcff0c921b3363a5f202ea5f69c6ef429df41	27247	93	1	accepted	1	34484	34484
400	16	0x6856419067eae1ba1bd63c1f519dcff0c921b3363a5f202ea5f69c6ef429df41	27248	93	1	accepted	1	34536	34536
400	16	0x6856419067eae1ba1bd63c1f519dcff0c921b3363a5f202ea5f69c6ef429df41	27249	93	1	accepted	1	34616	34616
400	16	0x6856419067eae1ba1bd63c1f519dcff0c921b3363a5f202ea5f69c6ef429df41	27250	93	1	accepted	1	34665	34665
400	16	0x6856419067eae1ba1bd63c1f519dcff0c921b3363a5f202ea5f69c6ef429df41	27251	93	1	accepted	1	34663	34663
400	16	0x6856419067eae1ba1bd63c1f519dcff0c921b3363a5f202ea5f69c6ef429df41	27252	93	1	accepted	1	34737	34737
400	16	0x6856419067eae1ba1bd63c1f519dcff0c921b3363a5f202ea5f69c6ef429df41	27253	93	1	accepted	1	34239	34239
400	16	0x6856419067eae1ba1bd63c1f519dcff0c921b3363a5f202ea5f69c6ef429df41	27254	93	1	accepted	1	34679	34679
400	16	0x6856419067eae1ba1bd63c1f519dcff0c921b3363a5f202ea5f69c6ef429df41	27255	93	1	accepted	1	34265	34265
400	16	0x6856419067eae1ba1bd63c1f519dcff0c921b3363a5f202ea5f69c6ef429df41	27256	93	1	accepted	1	34638	34638
400	16	0x6856419067eae1ba1bd63c1f519dcff0c921b3363a5f202ea5f69c6ef429df41	27257	93	1	accepted	1	34682	34682
400	16	0x6856419067eae1ba1bd63c1f519dcff0c921b3363a5f202ea5f69c6ef429df41	27258	93	1	accepted	1	34704	34704
400	16	0x6856419067eae1ba1bd63c1f519dcff0c921b3363a5f202ea5f69c6ef429df41	27259	93	1	accepted	1	34516	34516
400	16	0x6856419067eae1ba1bd63c1f519dcff0c921b3363a5f202ea5f69c6ef429df41	27260	93	1	accepted	1	34566	34566
400	16	0x6856419067eae1ba1bd63c1f519dcff0c921b3363a5f202ea5f69c6ef429df41	27261	93	1	accepted	1	34681	34681
400	16	0x6856419067eae1ba1bd63c1f519dcff0c921b3363a5f202ea5f69c6ef429df41	27262	93	1	accepted	1	34657	34657
400	16	0x6856419067eae1ba1bd63c1f519dcff0c921b3363a5f202ea5f69c6ef429df41	27263	93	1	accepted	1	34781	34781
400	16	0x6856419067eae1ba1bd63c1f519dcff0c921b3363a5f202ea5f69c6ef429df41	27264	93	1	accepted	1	34573	34573
400	16	0x6856419067eae1ba1bd63c1f519dcff0c921b3363a5f202ea5f69c6ef429df41	27265	93	1	accepted	1	34601	34601
400	16	0x6856419067eae1ba1bd63c1f519dcff0c921b3363a5f202ea5f69c6ef429df41	27266	93	1	accepted	1	34873	34873
400	16	0x6856419067eae1ba1bd63c1f519dcff0c921b3363a5f202ea5f69c6ef429df41	27267	93	1	accepted	1	34259	34259
400	16	0x6856419067eae1ba1bd63c1f519dcff0c921b3363a5f202ea5f69c6ef429df41	27268	93	1	accepted	1	34724	34724
400	16	0x6856419067eae1ba1bd63c1f519dcff0c921b3363a5f202ea5f69c6ef429df41	27269	93	1	accepted	1	34882	34882
400	16	0x6856419067eae1ba1bd63c1f519dcff0c921b3363a5f202ea5f69c6ef429df41	27270	93	1	accepted	1	34556	34556
400	16	0x6856419067eae1ba1bd63c1f519dcff0c921b3363a5f202ea5f69c6ef429df41	27271	93	1	accepted	1	34544	34544
400	16	0x6856419067eae1ba1bd63c1f519dcff0c921b3363a5f202ea5f69c6ef429df41	27272	93	1	accepted	1	34877	34877
400	16	0x6856419067eae1ba1bd63c1f519dcff0c921b3363a5f202ea5f69c6ef429df41	27273	93	1	accepted	1	34783	34783
400	16	0x6856419067eae1ba1bd63c1f519dcff0c921b3363a5f202ea5f69c6ef429df41	27274	93	1	accepted	1	34251	34251
400	16	0x6856419067eae1ba1bd63c1f519dcff0c921b3363a5f202ea5f69c6ef429df41	27275	93	1	accepted	1	34548	34548
400	16	0x6856419067eae1ba1bd63c1f519dcff0c921b3363a5f202ea5f69c6ef429df41	27276	93	1	accepted	1	34835	34835
400	16	0x6856419067eae1ba1bd63c1f519dcff0c921b3363a5f202ea5f69c6ef429df41	27277	93	1	accepted	1	34534	34534
400	16	0x6856419067eae1ba1bd63c1f519dcff0c921b3363a5f202ea5f69c6ef429df41	27278	93	1	accepted	1	34501	34501
400	16	0x6856419067eae1ba1bd63c1f519dcff0c921b3363a5f202ea5f69c6ef429df41	27279	93	1	accepted	1	34832	34832
400	16	0x6856419067eae1ba1bd63c1f519dcff0c921b3363a5f202ea5f69c6ef429df41	27280	93	1	accepted	1	34521	34521
400	16	0x6856419067eae1ba1bd63c1f519dcff0c921b3363a5f202ea5f69c6ef429df41	27281	93	1	accepted	1	34426	34426
400	16	0x6856419067eae1ba1bd63c1f519dcff0c921b3363a5f202ea5f69c6ef429df41	27282	93	1	accepted	1	34513	34513
400	16	0x6856419067eae1ba1bd63c1f519dcff0c921b3363a5f202ea5f69c6ef429df41	27283	93	1	accepted	1	34785	34785
400	16	0x6856419067eae1ba1bd63c1f519dcff0c921b3363a5f202ea5f69c6ef429df41	27284	93	1	accepted	1	34632	34632
400	16	0x6856419067eae1ba1bd63c1f519dcff0c921b3363a5f202ea5f69c6ef429df41	27285	93	1	accepted	1	34435	34435
400	16	0x6856419067eae1ba1bd63c1f519dcff0c921b3363a5f202ea5f69c6ef429df41	27286	93	1	accepted	1	34432	34432
400	16	0x6856419067eae1ba1bd63c1f519dcff0c921b3363a5f202ea5f69c6ef429df41	27287	93	1	accepted	1	34892	34892
400	16	0x6856419067eae1ba1bd63c1f519dcff0c921b3363a5f202ea5f69c6ef429df41	27288	93	1	accepted	1	34646	34646
400	16	0x6856419067eae1ba1bd63c1f519dcff0c921b3363a5f202ea5f69c6ef429df41	27289	93	1	accepted	1	34509	34509
400	16	0x6856419067eae1ba1bd63c1f519dcff0c921b3363a5f202ea5f69c6ef429df41	27290	93	1	accepted	1	34650	34650
400	16	0x6856419067eae1ba1bd63c1f519dcff0c921b3363a5f202ea5f69c6ef429df41	27291	93	1	accepted	1	34236	34236
400	16	0x6856419067eae1ba1bd63c1f519dcff0c921b3363a5f202ea5f69c6ef429df41	27292	93	1	accepted	1	34545	34545
400	16	0x6856419067eae1ba1bd63c1f519dcff0c921b3363a5f202ea5f69c6ef429df41	27293	93	1	accepted	1	34705	34705
400	16	0x6856419067eae1ba1bd63c1f519dcff0c921b3363a5f202ea5f69c6ef429df41	27294	93	1	accepted	1	34731	34731
400	16	0x6856419067eae1ba1bd63c1f519dcff0c921b3363a5f202ea5f69c6ef429df41	27295	93	1	accepted	1	34420	34420
400	16	0x6856419067eae1ba1bd63c1f519dcff0c921b3363a5f202ea5f69c6ef429df41	27296	93	1	accepted	1	34623	34623
400	16	0x6856419067eae1ba1bd63c1f519dcff0c921b3363a5f202ea5f69c6ef429df41	27297	93	1	accepted	1	34826	34826
400	16	0x6856419067eae1ba1bd63c1f519dcff0c921b3363a5f202ea5f69c6ef429df41	27298	93	1	accepted	1	34753	34753
400	16	0x6856419067eae1ba1bd63c1f519dcff0c921b3363a5f202ea5f69c6ef429df41	27299	93	1	accepted	1	34552	34552
400	16	0x6856419067eae1ba1bd63c1f519dcff0c921b3363a5f202ea5f69c6ef429df41	27300	93	1	accepted	1	34697	34697
400	16	0x6856419067eae1ba1bd63c1f519dcff0c921b3363a5f202ea5f69c6ef429df41	27301	93	1	accepted	1	34755	34755
400	16	0x6856419067eae1ba1bd63c1f519dcff0c921b3363a5f202ea5f69c6ef429df41	27302	93	1	accepted	1	34636	34636
400	16	0x6856419067eae1ba1bd63c1f519dcff0c921b3363a5f202ea5f69c6ef429df41	27303	93	1	accepted	1	34582	34582
400	16	0x6856419067eae1ba1bd63c1f519dcff0c921b3363a5f202ea5f69c6ef429df41	27304	93	1	accepted	1	34698	34698
400	16	0x6856419067eae1ba1bd63c1f519dcff0c921b3363a5f202ea5f69c6ef429df41	27305	93	1	accepted	1	34713	34713
400	16	0x6856419067eae1ba1bd63c1f519dcff0c921b3363a5f202ea5f69c6ef429df41	27306	93	1	accepted	1	34726	34726
400	16	0x6856419067eae1ba1bd63c1f519dcff0c921b3363a5f202ea5f69c6ef429df41	27307	93	1	accepted	1	34690	34690
400	16	0x6856419067eae1ba1bd63c1f519dcff0c921b3363a5f202ea5f69c6ef429df41	27308	93	1	accepted	1	34231	34231
400	16	0x6856419067eae1ba1bd63c1f519dcff0c921b3363a5f202ea5f69c6ef429df41	27309	93	1	accepted	1	34611	34611
400	16	0x6856419067eae1ba1bd63c1f519dcff0c921b3363a5f202ea5f69c6ef429df41	27310	93	1	accepted	1	34812	34812
400	16	0x6856419067eae1ba1bd63c1f519dcff0c921b3363a5f202ea5f69c6ef429df41	27311	93	1	accepted	1	34634	34634
400	16	0x6856419067eae1ba1bd63c1f519dcff0c921b3363a5f202ea5f69c6ef429df41	27312	93	1	accepted	1	34774	34774
400	16	0x6856419067eae1ba1bd63c1f519dcff0c921b3363a5f202ea5f69c6ef429df41	27313	93	1	accepted	1	34423	34423
400	16	0x6856419067eae1ba1bd63c1f519dcff0c921b3363a5f202ea5f69c6ef429df41	27314	93	1	accepted	1	34654	34654
400	16	0x6856419067eae1ba1bd63c1f519dcff0c921b3363a5f202ea5f69c6ef429df41	27315	93	1	accepted	1	34855	34855
400	16	0x6856419067eae1ba1bd63c1f519dcff0c921b3363a5f202ea5f69c6ef429df41	27316	93	1	accepted	1	34674	34674
400	16	0x6856419067eae1ba1bd63c1f519dcff0c921b3363a5f202ea5f69c6ef429df41	27317	93	1	accepted	1	34886	34886
400	16	0x6856419067eae1ba1bd63c1f519dcff0c921b3363a5f202ea5f69c6ef429df41	27318	93	1	accepted	1	34631	34631
400	16	0x6856419067eae1ba1bd63c1f519dcff0c921b3363a5f202ea5f69c6ef429df41	27319	93	1	accepted	1	34528	34528
400	16	0x6856419067eae1ba1bd63c1f519dcff0c921b3363a5f202ea5f69c6ef429df41	27320	93	1	accepted	1	34618	34618
400	16	0x6856419067eae1ba1bd63c1f519dcff0c921b3363a5f202ea5f69c6ef429df41	27321	93	1	accepted	1	34735	34735
400	16	0x6856419067eae1ba1bd63c1f519dcff0c921b3363a5f202ea5f69c6ef429df41	27322	93	1	accepted	1	34580	34580
400	16	0x6856419067eae1ba1bd63c1f519dcff0c921b3363a5f202ea5f69c6ef429df41	27323	93	1	accepted	1	34700	34700
400	16	0x6856419067eae1ba1bd63c1f519dcff0c921b3363a5f202ea5f69c6ef429df41	27324	93	1	accepted	1	34863	34863
400	16	0x6856419067eae1ba1bd63c1f519dcff0c921b3363a5f202ea5f69c6ef429df41	27325	93	1	accepted	1	34222	34222
400	16	0x6856419067eae1ba1bd63c1f519dcff0c921b3363a5f202ea5f69c6ef429df41	27326	93	1	accepted	1	34689	34689
400	16	0x6856419067eae1ba1bd63c1f519dcff0c921b3363a5f202ea5f69c6ef429df41	27327	93	1	accepted	1	34661	34661
400	16	0x6856419067eae1ba1bd63c1f519dcff0c921b3363a5f202ea5f69c6ef429df41	27328	93	1	accepted	1	34255	34255
400	16	0x6856419067eae1ba1bd63c1f519dcff0c921b3363a5f202ea5f69c6ef429df41	27329	93	1	accepted	1	34852	34852
400	16	0x6856419067eae1ba1bd63c1f519dcff0c921b3363a5f202ea5f69c6ef429df41	27330	93	1	accepted	1	34739	34739
400	16	0x6856419067eae1ba1bd63c1f519dcff0c921b3363a5f202ea5f69c6ef429df41	27331	93	1	accepted	1	34417	34417
400	16	0x6856419067eae1ba1bd63c1f519dcff0c921b3363a5f202ea5f69c6ef429df41	27332	93	1	accepted	1	34603	34603
400	16	0x6856419067eae1ba1bd63c1f519dcff0c921b3363a5f202ea5f69c6ef429df41	27333	93	1	accepted	1	34916	34916
400	16	0x6856419067eae1ba1bd63c1f519dcff0c921b3363a5f202ea5f69c6ef429df41	27334	93	1	accepted	1	34768	34768
400	16	0x6856419067eae1ba1bd63c1f519dcff0c921b3363a5f202ea5f69c6ef429df41	27335	93	1	accepted	1	34597	34597
400	16	0x6856419067eae1ba1bd63c1f519dcff0c921b3363a5f202ea5f69c6ef429df41	27336	93	1	accepted	1	34875	34875
400	16	0x6856419067eae1ba1bd63c1f519dcff0c921b3363a5f202ea5f69c6ef429df41	27337	93	1	accepted	1	34666	34666
400	16	0x6856419067eae1ba1bd63c1f519dcff0c921b3363a5f202ea5f69c6ef429df41	27338	93	1	accepted	1	34424	34424
400	16	0x6856419067eae1ba1bd63c1f519dcff0c921b3363a5f202ea5f69c6ef429df41	27339	93	1	accepted	1	34736	34736
400	16	0x6856419067eae1ba1bd63c1f519dcff0c921b3363a5f202ea5f69c6ef429df41	27340	93	1	accepted	1	34776	34776
400	16	0x6856419067eae1ba1bd63c1f519dcff0c921b3363a5f202ea5f69c6ef429df41	27341	93	1	accepted	1	34257	34257
400	16	0x6856419067eae1ba1bd63c1f519dcff0c921b3363a5f202ea5f69c6ef429df41	27342	93	1	accepted	1	34460	34460
400	16	0x6856419067eae1ba1bd63c1f519dcff0c921b3363a5f202ea5f69c6ef429df41	27343	93	1	accepted	1	34592	34592
400	16	0x6856419067eae1ba1bd63c1f519dcff0c921b3363a5f202ea5f69c6ef429df41	27344	93	1	accepted	1	34833	34833
400	16	0x6856419067eae1ba1bd63c1f519dcff0c921b3363a5f202ea5f69c6ef429df41	27345	93	1	accepted	1	34751	34751
400	16	0x6856419067eae1ba1bd63c1f519dcff0c921b3363a5f202ea5f69c6ef429df41	27346	93	1	accepted	1	34550	34550
400	16	0x6856419067eae1ba1bd63c1f519dcff0c921b3363a5f202ea5f69c6ef429df41	27347	93	1	accepted	1	34461	34461
400	16	0x6856419067eae1ba1bd63c1f519dcff0c921b3363a5f202ea5f69c6ef429df41	27348	93	1	accepted	1	34220	34220
400	16	0x6856419067eae1ba1bd63c1f519dcff0c921b3363a5f202ea5f69c6ef429df41	27349	93	1	accepted	1	34795	34795
400	16	0x6856419067eae1ba1bd63c1f519dcff0c921b3363a5f202ea5f69c6ef429df41	27350	93	1	accepted	1	34830	34830
400	16	0x6856419067eae1ba1bd63c1f519dcff0c921b3363a5f202ea5f69c6ef429df41	27351	93	1	accepted	1	34558	34558
400	16	0x6856419067eae1ba1bd63c1f519dcff0c921b3363a5f202ea5f69c6ef429df41	27352	93	1	accepted	1	34708	34708
400	16	0x6856419067eae1ba1bd63c1f519dcff0c921b3363a5f202ea5f69c6ef429df41	27353	93	1	accepted	1	34437	34437
400	16	0x6856419067eae1ba1bd63c1f519dcff0c921b3363a5f202ea5f69c6ef429df41	27354	93	1	accepted	1	34696	34696
400	16	0x6856419067eae1ba1bd63c1f519dcff0c921b3363a5f202ea5f69c6ef429df41	27355	93	1	accepted	1	34885	34885
400	16	0x6856419067eae1ba1bd63c1f519dcff0c921b3363a5f202ea5f69c6ef429df41	27356	93	1	accepted	1	34630	34630
400	16	0x6856419067eae1ba1bd63c1f519dcff0c921b3363a5f202ea5f69c6ef429df41	27357	93	1	accepted	1	34525	34525
400	16	0x6856419067eae1ba1bd63c1f519dcff0c921b3363a5f202ea5f69c6ef429df41	27358	93	1	accepted	1	34866	34866
400	16	0x6856419067eae1ba1bd63c1f519dcff0c921b3363a5f202ea5f69c6ef429df41	27359	93	1	accepted	1	34235	34235
400	16	0x6856419067eae1ba1bd63c1f519dcff0c921b3363a5f202ea5f69c6ef429df41	27360	93	1	accepted	1	34486	34486
400	16	0x6856419067eae1ba1bd63c1f519dcff0c921b3363a5f202ea5f69c6ef429df41	27361	93	1	accepted	1	34750	34750
400	16	0x6856419067eae1ba1bd63c1f519dcff0c921b3363a5f202ea5f69c6ef429df41	27362	93	1	accepted	1	34767	34767
400	16	0x6856419067eae1ba1bd63c1f519dcff0c921b3363a5f202ea5f69c6ef429df41	27363	93	1	accepted	1	34870	34870
400	16	0x6856419067eae1ba1bd63c1f519dcff0c921b3363a5f202ea5f69c6ef429df41	27364	93	1	accepted	1	34576	34576
400	16	0x6856419067eae1ba1bd63c1f519dcff0c921b3363a5f202ea5f69c6ef429df41	27365	93	1	accepted	1	34780	34780
400	16	0x6856419067eae1ba1bd63c1f519dcff0c921b3363a5f202ea5f69c6ef429df41	27366	93	1	accepted	1	34723	34723
400	16	0x6856419067eae1ba1bd63c1f519dcff0c921b3363a5f202ea5f69c6ef429df41	27367	93	1	accepted	1	34551	34551
400	16	0x6856419067eae1ba1bd63c1f519dcff0c921b3363a5f202ea5f69c6ef429df41	27368	93	1	accepted	1	34645	34645
400	16	0x6856419067eae1ba1bd63c1f519dcff0c921b3363a5f202ea5f69c6ef429df41	27369	93	1	accepted	1	34761	34761
400	16	0x6856419067eae1ba1bd63c1f519dcff0c921b3363a5f202ea5f69c6ef429df41	27370	93	1	accepted	1	34605	34605
400	16	0x6856419067eae1ba1bd63c1f519dcff0c921b3363a5f202ea5f69c6ef429df41	27371	93	1	accepted	1	34620	34620
400	16	0x6856419067eae1ba1bd63c1f519dcff0c921b3363a5f202ea5f69c6ef429df41	27372	93	1	accepted	1	34788	34788
400	16	0x6856419067eae1ba1bd63c1f519dcff0c921b3363a5f202ea5f69c6ef429df41	27373	93	1	accepted	1	34719	34719
400	16	0x6856419067eae1ba1bd63c1f519dcff0c921b3363a5f202ea5f69c6ef429df41	27374	93	1	accepted	1	34244	34244
400	16	0x6856419067eae1ba1bd63c1f519dcff0c921b3363a5f202ea5f69c6ef429df41	27375	93	1	accepted	1	34626	34626
400	16	0x6856419067eae1ba1bd63c1f519dcff0c921b3363a5f202ea5f69c6ef429df41	27376	93	1	accepted	1	34752	34752
400	16	0x6856419067eae1ba1bd63c1f519dcff0c921b3363a5f202ea5f69c6ef429df41	27377	93	1	accepted	1	34596	34596
400	16	0x6856419067eae1ba1bd63c1f519dcff0c921b3363a5f202ea5f69c6ef429df41	27378	93	1	accepted	1	34758	34758
400	16	0x6856419067eae1ba1bd63c1f519dcff0c921b3363a5f202ea5f69c6ef429df41	27379	93	1	accepted	1	34261	34261
400	16	0x6856419067eae1ba1bd63c1f519dcff0c921b3363a5f202ea5f69c6ef429df41	27380	93	1	accepted	1	34627	34627
400	16	0x6856419067eae1ba1bd63c1f519dcff0c921b3363a5f202ea5f69c6ef429df41	27381	93	1	accepted	1	34861	34861
400	16	0x6856419067eae1ba1bd63c1f519dcff0c921b3363a5f202ea5f69c6ef429df41	27382	93	1	accepted	1	34465	34465
400	16	0x6856419067eae1ba1bd63c1f519dcff0c921b3363a5f202ea5f69c6ef429df41	27383	93	1	accepted	1	34428	34428
400	16	0x6856419067eae1ba1bd63c1f519dcff0c921b3363a5f202ea5f69c6ef429df41	27384	93	1	accepted	1	34872	34872
400	16	0x6856419067eae1ba1bd63c1f519dcff0c921b3363a5f202ea5f69c6ef429df41	27385	93	1	accepted	1	34778	34778
400	16	0x6856419067eae1ba1bd63c1f519dcff0c921b3363a5f202ea5f69c6ef429df41	27386	93	1	accepted	1	34764	34764
400	16	0x6856419067eae1ba1bd63c1f519dcff0c921b3363a5f202ea5f69c6ef429df41	27387	93	1	accepted	1	34577	34577
400	16	0x6856419067eae1ba1bd63c1f519dcff0c921b3363a5f202ea5f69c6ef429df41	27388	93	1	accepted	1	34806	34806
400	16	0x6856419067eae1ba1bd63c1f519dcff0c921b3363a5f202ea5f69c6ef429df41	27389	93	1	accepted	1	34252	34252
400	16	0x6856419067eae1ba1bd63c1f519dcff0c921b3363a5f202ea5f69c6ef429df41	27390	93	1	accepted	1	34453	34453
400	16	0x6856419067eae1ba1bd63c1f519dcff0c921b3363a5f202ea5f69c6ef429df41	27391	93	1	accepted	1	34502	34502
400	16	0x6856419067eae1ba1bd63c1f519dcff0c921b3363a5f202ea5f69c6ef429df41	27392	93	1	accepted	1	34450	34450
400	16	0x6856419067eae1ba1bd63c1f519dcff0c921b3363a5f202ea5f69c6ef429df41	27393	93	1	accepted	1	34587	34587
400	16	0x6856419067eae1ba1bd63c1f519dcff0c921b3363a5f202ea5f69c6ef429df41	27394	93	1	accepted	1	34693	34693
400	16	0x6856419067eae1ba1bd63c1f519dcff0c921b3363a5f202ea5f69c6ef429df41	27395	93	1	accepted	1	34860	34860
400	16	0x6856419067eae1ba1bd63c1f519dcff0c921b3363a5f202ea5f69c6ef429df41	27396	93	1	accepted	1	34748	34748
400	16	0x6856419067eae1ba1bd63c1f519dcff0c921b3363a5f202ea5f69c6ef429df41	27397	93	1	accepted	1	34651	34651
400	16	0x6856419067eae1ba1bd63c1f519dcff0c921b3363a5f202ea5f69c6ef429df41	27398	93	1	accepted	1	34416	34416
400	16	0x6856419067eae1ba1bd63c1f519dcff0c921b3363a5f202ea5f69c6ef429df41	27399	93	1	accepted	1	34589	34589
400	16	0x6856419067eae1ba1bd63c1f519dcff0c921b3363a5f202ea5f69c6ef429df41	27400	93	1	accepted	1	34614	34614
400	16	0x6856419067eae1ba1bd63c1f519dcff0c921b3363a5f202ea5f69c6ef429df41	27401	93	1	accepted	1	34850	34850
400	16	0x6856419067eae1ba1bd63c1f519dcff0c921b3363a5f202ea5f69c6ef429df41	27402	93	1	accepted	1	34540	34540
400	16	0x6856419067eae1ba1bd63c1f519dcff0c921b3363a5f202ea5f69c6ef429df41	27403	93	1	accepted	1	34762	34762
400	16	0x6856419067eae1ba1bd63c1f519dcff0c921b3363a5f202ea5f69c6ef429df41	27404	93	1	accepted	1	34593	34593
400	16	0x6856419067eae1ba1bd63c1f519dcff0c921b3363a5f202ea5f69c6ef429df41	27405	93	1	accepted	1	34476	34476
400	16	0x6856419067eae1ba1bd63c1f519dcff0c921b3363a5f202ea5f69c6ef429df41	27406	93	1	accepted	1	34694	34694
400	16	0x6856419067eae1ba1bd63c1f519dcff0c921b3363a5f202ea5f69c6ef429df41	27407	93	1	accepted	1	34523	34523
400	16	0x6856419067eae1ba1bd63c1f519dcff0c921b3363a5f202ea5f69c6ef429df41	27408	93	1	accepted	1	34256	34256
400	16	0x6856419067eae1ba1bd63c1f519dcff0c921b3363a5f202ea5f69c6ef429df41	27409	93	1	accepted	1	34703	34703
400	16	0x6856419067eae1ba1bd63c1f519dcff0c921b3363a5f202ea5f69c6ef429df41	27410	93	1	accepted	1	34787	34787
400	16	0x6856419067eae1ba1bd63c1f519dcff0c921b3363a5f202ea5f69c6ef429df41	27411	93	1	accepted	1	34448	34448
400	16	0x6856419067eae1ba1bd63c1f519dcff0c921b3363a5f202ea5f69c6ef429df41	27412	93	1	accepted	1	34549	34549
400	16	0x6856419067eae1ba1bd63c1f519dcff0c921b3363a5f202ea5f69c6ef429df41	27413	93	1	accepted	1	34491	34491
400	16	0x6856419067eae1ba1bd63c1f519dcff0c921b3363a5f202ea5f69c6ef429df41	27414	93	1	accepted	1	34474	34474
400	16	0x6856419067eae1ba1bd63c1f519dcff0c921b3363a5f202ea5f69c6ef429df41	27415	93	1	accepted	1	34425	34425
400	16	0x6856419067eae1ba1bd63c1f519dcff0c921b3363a5f202ea5f69c6ef429df41	27416	93	1	accepted	1	34878	34878
400	16	0x6856419067eae1ba1bd63c1f519dcff0c921b3363a5f202ea5f69c6ef429df41	27417	93	1	accepted	1	34893	34893
400	16	0x6856419067eae1ba1bd63c1f519dcff0c921b3363a5f202ea5f69c6ef429df41	27418	93	1	accepted	1	34883	34883
400	16	0x6856419067eae1ba1bd63c1f519dcff0c921b3363a5f202ea5f69c6ef429df41	27419	93	1	accepted	1	34714	34714
400	16	0x6856419067eae1ba1bd63c1f519dcff0c921b3363a5f202ea5f69c6ef429df41	27420	93	1	accepted	1	34480	34480
400	16	0x6856419067eae1ba1bd63c1f519dcff0c921b3363a5f202ea5f69c6ef429df41	27421	93	1	accepted	1	34684	34684
400	16	0x6856419067eae1ba1bd63c1f519dcff0c921b3363a5f202ea5f69c6ef429df41	27422	93	1	accepted	1	34701	34701
400	16	0x6856419067eae1ba1bd63c1f519dcff0c921b3363a5f202ea5f69c6ef429df41	27423	93	1	accepted	1	34772	34772
400	16	0x6856419067eae1ba1bd63c1f519dcff0c921b3363a5f202ea5f69c6ef429df41	27424	93	1	accepted	1	34844	34844
400	16	0x6856419067eae1ba1bd63c1f519dcff0c921b3363a5f202ea5f69c6ef429df41	27425	93	1	accepted	1	34801	34801
400	16	0x6856419067eae1ba1bd63c1f519dcff0c921b3363a5f202ea5f69c6ef429df41	27426	93	1	accepted	1	34539	34539
400	16	0x6856419067eae1ba1bd63c1f519dcff0c921b3363a5f202ea5f69c6ef429df41	27427	93	1	accepted	1	34656	34656
400	16	0x6856419067eae1ba1bd63c1f519dcff0c921b3363a5f202ea5f69c6ef429df41	27428	93	1	accepted	1	34720	34720
400	16	0x6856419067eae1ba1bd63c1f519dcff0c921b3363a5f202ea5f69c6ef429df41	27429	93	1	accepted	1	34847	34847
400	16	0x6856419067eae1ba1bd63c1f519dcff0c921b3363a5f202ea5f69c6ef429df41	27430	93	1	accepted	1	34607	34607
400	16	0x6856419067eae1ba1bd63c1f519dcff0c921b3363a5f202ea5f69c6ef429df41	27431	93	1	accepted	1	34422	34422
400	16	0x6856419067eae1ba1bd63c1f519dcff0c921b3363a5f202ea5f69c6ef429df41	27432	93	1	accepted	1	34727	34727
400	16	0x6856419067eae1ba1bd63c1f519dcff0c921b3363a5f202ea5f69c6ef429df41	27433	93	1	accepted	1	34499	34499
400	16	0x6856419067eae1ba1bd63c1f519dcff0c921b3363a5f202ea5f69c6ef429df41	27434	93	1	accepted	1	34459	34459
400	16	0x6856419067eae1ba1bd63c1f519dcff0c921b3363a5f202ea5f69c6ef429df41	27435	93	1	accepted	1	34865	34865
400	16	0x6856419067eae1ba1bd63c1f519dcff0c921b3363a5f202ea5f69c6ef429df41	27436	93	1	accepted	1	34233	34233
400	16	0x6856419067eae1ba1bd63c1f519dcff0c921b3363a5f202ea5f69c6ef429df41	27437	93	1	accepted	1	34709	34709
400	16	0x6856419067eae1ba1bd63c1f519dcff0c921b3363a5f202ea5f69c6ef429df41	27438	93	1	accepted	1	34782	34782
400	16	0x6856419067eae1ba1bd63c1f519dcff0c921b3363a5f202ea5f69c6ef429df41	27439	93	1	accepted	1	34827	34827
400	16	0x6856419067eae1ba1bd63c1f519dcff0c921b3363a5f202ea5f69c6ef429df41	27440	93	1	accepted	1	34797	34797
400	16	0x6856419067eae1ba1bd63c1f519dcff0c921b3363a5f202ea5f69c6ef429df41	27441	93	1	accepted	1	34842	34842
400	16	0x6856419067eae1ba1bd63c1f519dcff0c921b3363a5f202ea5f69c6ef429df41	27442	93	1	accepted	1	34803	34803
400	16	0x6856419067eae1ba1bd63c1f519dcff0c921b3363a5f202ea5f69c6ef429df41	27443	93	1	accepted	1	34706	34706
400	16	0x6856419067eae1ba1bd63c1f519dcff0c921b3363a5f202ea5f69c6ef429df41	27444	93	1	accepted	1	34242	34242
400	16	0x6856419067eae1ba1bd63c1f519dcff0c921b3363a5f202ea5f69c6ef429df41	27445	93	1	accepted	1	34702	34702
400	16	0x6856419067eae1ba1bd63c1f519dcff0c921b3363a5f202ea5f69c6ef429df41	27446	93	1	accepted	1	34839	34839
400	16	0x6856419067eae1ba1bd63c1f519dcff0c921b3363a5f202ea5f69c6ef429df41	27447	93	1	accepted	1	34512	34512
400	16	0x6856419067eae1ba1bd63c1f519dcff0c921b3363a5f202ea5f69c6ef429df41	27448	93	1	accepted	1	34421	34421
400	16	0x6856419067eae1ba1bd63c1f519dcff0c921b3363a5f202ea5f69c6ef429df41	27449	93	1	accepted	1	34418	34418
400	16	0x6856419067eae1ba1bd63c1f519dcff0c921b3363a5f202ea5f69c6ef429df41	27450	93	1	accepted	1	34546	34546
400	16	0x6856419067eae1ba1bd63c1f519dcff0c921b3363a5f202ea5f69c6ef429df41	27451	93	1	accepted	1	34789	34789
400	16	0x6856419067eae1ba1bd63c1f519dcff0c921b3363a5f202ea5f69c6ef429df41	27452	93	1	accepted	1	34784	34784
400	16	0x6856419067eae1ba1bd63c1f519dcff0c921b3363a5f202ea5f69c6ef429df41	27453	93	1	accepted	1	34263	34263
400	16	0x6856419067eae1ba1bd63c1f519dcff0c921b3363a5f202ea5f69c6ef429df41	27454	93	1	accepted	1	34647	34647
400	16	0x6856419067eae1ba1bd63c1f519dcff0c921b3363a5f202ea5f69c6ef429df41	27455	93	1	accepted	1	34733	34733
400	16	0x6856419067eae1ba1bd63c1f519dcff0c921b3363a5f202ea5f69c6ef429df41	27456	93	1	accepted	1	34478	34478
400	16	0x6856419067eae1ba1bd63c1f519dcff0c921b3363a5f202ea5f69c6ef429df41	27457	93	1	accepted	1	34588	34588
400	16	0x6856419067eae1ba1bd63c1f519dcff0c921b3363a5f202ea5f69c6ef429df41	27458	93	1	accepted	1	34687	34687
400	16	0x6856419067eae1ba1bd63c1f519dcff0c921b3363a5f202ea5f69c6ef429df41	27459	93	1	accepted	1	34447	34447
400	16	0x6856419067eae1ba1bd63c1f519dcff0c921b3363a5f202ea5f69c6ef429df41	27460	93	1	accepted	1	34492	34492
400	16	0x6856419067eae1ba1bd63c1f519dcff0c921b3363a5f202ea5f69c6ef429df41	27461	93	1	accepted	1	34794	34794
400	16	0x6856419067eae1ba1bd63c1f519dcff0c921b3363a5f202ea5f69c6ef429df41	27462	93	1	accepted	1	34804	34804
400	16	0x6856419067eae1ba1bd63c1f519dcff0c921b3363a5f202ea5f69c6ef429df41	27463	93	1	accepted	1	34770	34770
400	16	0x6856419067eae1ba1bd63c1f519dcff0c921b3363a5f202ea5f69c6ef429df41	27464	93	1	accepted	1	34569	34569
400	16	0x6856419067eae1ba1bd63c1f519dcff0c921b3363a5f202ea5f69c6ef429df41	27465	93	1	accepted	1	34419	34419
400	16	0x6856419067eae1ba1bd63c1f519dcff0c921b3363a5f202ea5f69c6ef429df41	27466	93	1	accepted	1	34493	34493
400	16	0x6856419067eae1ba1bd63c1f519dcff0c921b3363a5f202ea5f69c6ef429df41	27467	93	1	accepted	1	34730	34730
400	16	0x6856419067eae1ba1bd63c1f519dcff0c921b3363a5f202ea5f69c6ef429df41	27468	93	1	accepted	1	34779	34779
400	16	0x6856419067eae1ba1bd63c1f519dcff0c921b3363a5f202ea5f69c6ef429df41	27469	93	1	accepted	1	34490	34490
400	16	0x6856419067eae1ba1bd63c1f519dcff0c921b3363a5f202ea5f69c6ef429df41	27470	93	1	accepted	1	34524	34524
400	16	0x6856419067eae1ba1bd63c1f519dcff0c921b3363a5f202ea5f69c6ef429df41	27471	93	1	accepted	1	34457	34457
400	16	0x6856419067eae1ba1bd63c1f519dcff0c921b3363a5f202ea5f69c6ef429df41	27472	93	1	accepted	1	34612	34612
400	16	0x6856419067eae1ba1bd63c1f519dcff0c921b3363a5f202ea5f69c6ef429df41	27473	93	1	accepted	1	34633	34633
400	16	0x6856419067eae1ba1bd63c1f519dcff0c921b3363a5f202ea5f69c6ef429df41	27474	93	1	accepted	1	34756	34756
400	16	0x6856419067eae1ba1bd63c1f519dcff0c921b3363a5f202ea5f69c6ef429df41	27475	93	1	accepted	1	34441	34441
400	16	0x6856419067eae1ba1bd63c1f519dcff0c921b3363a5f202ea5f69c6ef429df41	27476	93	1	accepted	1	34613	34613
400	16	0x6856419067eae1ba1bd63c1f519dcff0c921b3363a5f202ea5f69c6ef429df41	27477	93	1	accepted	1	34848	34848
400	16	0x6856419067eae1ba1bd63c1f519dcff0c921b3363a5f202ea5f69c6ef429df41	27478	93	1	accepted	1	34553	34553
400	16	0x6856419067eae1ba1bd63c1f519dcff0c921b3363a5f202ea5f69c6ef429df41	27479	93	1	accepted	1	34808	34808
400	16	0x6856419067eae1ba1bd63c1f519dcff0c921b3363a5f202ea5f69c6ef429df41	27480	93	1	accepted	1	34571	34571
400	16	0x6856419067eae1ba1bd63c1f519dcff0c921b3363a5f202ea5f69c6ef429df41	27481	93	1	accepted	1	34837	34837
400	16	0x6856419067eae1ba1bd63c1f519dcff0c921b3363a5f202ea5f69c6ef429df41	27482	93	1	accepted	1	34766	34766
400	16	0x6856419067eae1ba1bd63c1f519dcff0c921b3363a5f202ea5f69c6ef429df41	27483	93	1	accepted	1	34811	34811
400	16	0x6856419067eae1ba1bd63c1f519dcff0c921b3363a5f202ea5f69c6ef429df41	27484	93	1	accepted	1	34771	34771
400	16	0x6856419067eae1ba1bd63c1f519dcff0c921b3363a5f202ea5f69c6ef429df41	27485	93	1	accepted	1	34538	34538
400	16	0x6856419067eae1ba1bd63c1f519dcff0c921b3363a5f202ea5f69c6ef429df41	27486	93	1	accepted	1	34470	34470
400	16	0x6856419067eae1ba1bd63c1f519dcff0c921b3363a5f202ea5f69c6ef429df41	27487	93	1	accepted	1	34406	34406
400	16	0x6856419067eae1ba1bd63c1f519dcff0c921b3363a5f202ea5f69c6ef429df41	27488	93	1	accepted	1	34836	34836
400	16	0x6856419067eae1ba1bd63c1f519dcff0c921b3363a5f202ea5f69c6ef429df41	27489	93	1	accepted	1	34777	34777
400	16	0x6856419067eae1ba1bd63c1f519dcff0c921b3363a5f202ea5f69c6ef429df41	27490	93	1	accepted	1	34841	34841
400	16	0x6856419067eae1ba1bd63c1f519dcff0c921b3363a5f202ea5f69c6ef429df41	27491	93	1	accepted	1	34567	34567
400	16	0x6856419067eae1ba1bd63c1f519dcff0c921b3363a5f202ea5f69c6ef429df41	27492	93	1	accepted	1	34745	34745
400	16	0x6856419067eae1ba1bd63c1f519dcff0c921b3363a5f202ea5f69c6ef429df41	27493	93	1	accepted	1	34619	34619
400	16	0x6856419067eae1ba1bd63c1f519dcff0c921b3363a5f202ea5f69c6ef429df41	27494	93	1	accepted	1	34849	34849
400	16	0x6856419067eae1ba1bd63c1f519dcff0c921b3363a5f202ea5f69c6ef429df41	27495	93	1	accepted	1	34533	34533
400	16	0x6856419067eae1ba1bd63c1f519dcff0c921b3363a5f202ea5f69c6ef429df41	27496	93	1	accepted	1	34864	34864
400	16	0x6856419067eae1ba1bd63c1f519dcff0c921b3363a5f202ea5f69c6ef429df41	27497	93	1	accepted	1	34792	34792
400	16	0x6856419067eae1ba1bd63c1f519dcff0c921b3363a5f202ea5f69c6ef429df41	27498	93	1	accepted	1	34699	34699
400	16	0x6856419067eae1ba1bd63c1f519dcff0c921b3363a5f202ea5f69c6ef429df41	27499	93	1	accepted	1	34653	34653
400	16	0x6856419067eae1ba1bd63c1f519dcff0c921b3363a5f202ea5f69c6ef429df41	27500	93	1	accepted	1	34869	34869
400	16	0x6856419067eae1ba1bd63c1f519dcff0c921b3363a5f202ea5f69c6ef429df41	27501	93	1	accepted	1	34695	34695
400	16	0x6856419067eae1ba1bd63c1f519dcff0c921b3363a5f202ea5f69c6ef429df41	27502	93	1	accepted	1	34445	34445
400	16	0x6856419067eae1ba1bd63c1f519dcff0c921b3363a5f202ea5f69c6ef429df41	27503	93	1	accepted	1	34635	34635
400	16	0x6856419067eae1ba1bd63c1f519dcff0c921b3363a5f202ea5f69c6ef429df41	27504	93	1	accepted	1	34629	34629
400	16	0x6856419067eae1ba1bd63c1f519dcff0c921b3363a5f202ea5f69c6ef429df41	27505	93	1	accepted	1	34628	34628
400	16	0x6856419067eae1ba1bd63c1f519dcff0c921b3363a5f202ea5f69c6ef429df41	27506	93	1	accepted	1	34775	34775
400	16	0x6856419067eae1ba1bd63c1f519dcff0c921b3363a5f202ea5f69c6ef429df41	27507	93	1	accepted	1	34911	34911
400	16	0x6856419067eae1ba1bd63c1f519dcff0c921b3363a5f202ea5f69c6ef429df41	27508	93	1	accepted	1	34554	34554
400	16	0x6856419067eae1ba1bd63c1f519dcff0c921b3363a5f202ea5f69c6ef429df41	27509	93	1	accepted	1	34664	34664
400	16	0x6856419067eae1ba1bd63c1f519dcff0c921b3363a5f202ea5f69c6ef429df41	27510	93	1	accepted	1	34639	34639
400	16	0x6856419067eae1ba1bd63c1f519dcff0c921b3363a5f202ea5f69c6ef429df41	27511	93	1	accepted	1	34851	34851
400	16	0x6856419067eae1ba1bd63c1f519dcff0c921b3363a5f202ea5f69c6ef429df41	27512	93	1	accepted	1	34744	34744
400	16	0x6856419067eae1ba1bd63c1f519dcff0c921b3363a5f202ea5f69c6ef429df41	27513	93	1	accepted	1	34914	34914
400	16	0x6856419067eae1ba1bd63c1f519dcff0c921b3363a5f202ea5f69c6ef429df41	27514	93	1	accepted	1	34876	34876
400	16	0x6856419067eae1ba1bd63c1f519dcff0c921b3363a5f202ea5f69c6ef429df41	27515	93	1	accepted	1	34595	34595
400	16	0x6856419067eae1ba1bd63c1f519dcff0c921b3363a5f202ea5f69c6ef429df41	27516	93	1	accepted	1	34683	34683
400	16	0x6856419067eae1ba1bd63c1f519dcff0c921b3363a5f202ea5f69c6ef429df41	27517	93	1	accepted	1	34469	34469
400	16	0x6856419067eae1ba1bd63c1f519dcff0c921b3363a5f202ea5f69c6ef429df41	27518	93	1	accepted	1	34433	34433
400	16	0x6856419067eae1ba1bd63c1f519dcff0c921b3363a5f202ea5f69c6ef429df41	27519	93	1	accepted	1	34438	34438
400	16	0x6856419067eae1ba1bd63c1f519dcff0c921b3363a5f202ea5f69c6ef429df41	27520	93	1	accepted	1	34741	34741
400	16	0x6856419067eae1ba1bd63c1f519dcff0c921b3363a5f202ea5f69c6ef429df41	27521	93	1	accepted	1	34715	34715
400	16	0x6856419067eae1ba1bd63c1f519dcff0c921b3363a5f202ea5f69c6ef429df41	27522	93	1	accepted	1	34686	34686
400	16	0x6856419067eae1ba1bd63c1f519dcff0c921b3363a5f202ea5f69c6ef429df41	27523	93	1	accepted	1	34809	34809
400	16	0x6856419067eae1ba1bd63c1f519dcff0c921b3363a5f202ea5f69c6ef429df41	27524	93	1	accepted	1	34246	34246
400	16	0x6856419067eae1ba1bd63c1f519dcff0c921b3363a5f202ea5f69c6ef429df41	27525	93	1	accepted	1	34912	34912
400	16	0x6856419067eae1ba1bd63c1f519dcff0c921b3363a5f202ea5f69c6ef429df41	27526	93	1	accepted	1	34773	34773
400	16	0x6856419067eae1ba1bd63c1f519dcff0c921b3363a5f202ea5f69c6ef429df41	27527	93	1	accepted	1	34871	34871
400	16	0x6856419067eae1ba1bd63c1f519dcff0c921b3363a5f202ea5f69c6ef429df41	27528	93	1	accepted	1	34454	34454
400	16	0x6856419067eae1ba1bd63c1f519dcff0c921b3363a5f202ea5f69c6ef429df41	27529	93	1	accepted	1	34572	34572
400	16	0x6856419067eae1ba1bd63c1f519dcff0c921b3363a5f202ea5f69c6ef429df41	27530	93	1	accepted	1	34615	34615
400	16	0x6856419067eae1ba1bd63c1f519dcff0c921b3363a5f202ea5f69c6ef429df41	27531	93	1	accepted	1	34531	34531
400	16	0x6856419067eae1ba1bd63c1f519dcff0c921b3363a5f202ea5f69c6ef429df41	27532	93	1	accepted	1	34449	34449
400	16	0x6856419067eae1ba1bd63c1f519dcff0c921b3363a5f202ea5f69c6ef429df41	27533	93	1	accepted	1	34254	34254
400	16	0x6856419067eae1ba1bd63c1f519dcff0c921b3363a5f202ea5f69c6ef429df41	27534	93	1	accepted	1	34415	34415
400	16	0x6856419067eae1ba1bd63c1f519dcff0c921b3363a5f202ea5f69c6ef429df41	27535	93	1	accepted	1	34678	34678
400	16	0x6856419067eae1ba1bd63c1f519dcff0c921b3363a5f202ea5f69c6ef429df41	27536	93	1	accepted	1	34800	34800
400	16	0x6856419067eae1ba1bd63c1f519dcff0c921b3363a5f202ea5f69c6ef429df41	27537	93	1	accepted	1	34427	34427
400	16	0x6856419067eae1ba1bd63c1f519dcff0c921b3363a5f202ea5f69c6ef429df41	27538	93	1	accepted	1	34494	34494
400	16	0x6856419067eae1ba1bd63c1f519dcff0c921b3363a5f202ea5f69c6ef429df41	27539	93	1	accepted	1	34468	34468
400	16	0x6856419067eae1ba1bd63c1f519dcff0c921b3363a5f202ea5f69c6ef429df41	27540	93	1	accepted	1	34483	34483
400	16	0x6856419067eae1ba1bd63c1f519dcff0c921b3363a5f202ea5f69c6ef429df41	27541	93	1	accepted	1	34488	34488
400	16	0x6856419067eae1ba1bd63c1f519dcff0c921b3363a5f202ea5f69c6ef429df41	27542	93	1	accepted	1	34798	34798
400	16	0x6856419067eae1ba1bd63c1f519dcff0c921b3363a5f202ea5f69c6ef429df41	27543	93	1	accepted	1	34831	34831
400	16	0x6856419067eae1ba1bd63c1f519dcff0c921b3363a5f202ea5f69c6ef429df41	27544	93	1	accepted	1	34890	34890
400	16	0x6856419067eae1ba1bd63c1f519dcff0c921b3363a5f202ea5f69c6ef429df41	27545	93	1	accepted	1	34409	34409
400	16	0x6856419067eae1ba1bd63c1f519dcff0c921b3363a5f202ea5f69c6ef429df41	27546	93	1	accepted	1	34530	34530
400	16	0x6856419067eae1ba1bd63c1f519dcff0c921b3363a5f202ea5f69c6ef429df41	27547	93	1	accepted	1	34264	34264
400	16	0x6856419067eae1ba1bd63c1f519dcff0c921b3363a5f202ea5f69c6ef429df41	27548	93	1	accepted	1	34908	34908
400	16	0x6856419067eae1ba1bd63c1f519dcff0c921b3363a5f202ea5f69c6ef429df41	27549	93	1	accepted	1	34834	34834
400	16	0x6856419067eae1ba1bd63c1f519dcff0c921b3363a5f202ea5f69c6ef429df41	27550	93	1	accepted	1	34462	34462
400	16	0x6856419067eae1ba1bd63c1f519dcff0c921b3363a5f202ea5f69c6ef429df41	27551	93	1	accepted	1	34429	34429
400	16	0x6856419067eae1ba1bd63c1f519dcff0c921b3363a5f202ea5f69c6ef429df41	27552	93	1	accepted	1	34884	34884
400	16	0x6856419067eae1ba1bd63c1f519dcff0c921b3363a5f202ea5f69c6ef429df41	27553	93	1	accepted	1	34439	34439
400	16	0x6856419067eae1ba1bd63c1f519dcff0c921b3363a5f202ea5f69c6ef429df41	27554	93	1	accepted	1	34240	34240
400	16	0x6856419067eae1ba1bd63c1f519dcff0c921b3363a5f202ea5f69c6ef429df41	27555	93	1	accepted	1	34676	34676
400	16	0x6856419067eae1ba1bd63c1f519dcff0c921b3363a5f202ea5f69c6ef429df41	27556	93	1	accepted	1	34451	34451
