node	owned_slot	component	severity	logger	message_type	count	first_timestamp	first_anchor	last_timestamp	last_anchor
14	12	beacon.log	ERROR	execution	Beacon node is not respecting the follow distance. EL client is syncing.	15	2026-09-05T01:30:00.414966641Z	/tmp/prysm-r2-extra-logs.Rd7MjT/round2-prysm-geth-14.tar.gz::beacon.log:500	2026-09-05T01:33:30.463823648Z	/tmp/prysm-r2-extra-logs.Rd7MjT/round2-prysm-geth-14.tar.gz::beacon.log:528
14	12	beacon.log	INFO	slots	10s until chain genesis	1	2026-09-05T01:29:49.457572827Z	/tmp/prysm-r2-extra-logs.Rd7MjT/round2-prysm-geth-14.tar.gz::beacon.log:341	2026-09-05T01:29:49.457572827Z	/tmp/prysm-r2-extra-logs.Rd7MjT/round2-prysm-geth-14.tar.gz::beacon.log:341
14	12	beacon.log	INFO	slots	11s until chain genesis	1	2026-09-05T01:29:48.457384591Z	/tmp/prysm-r2-extra-logs.Rd7MjT/round2-prysm-geth-14.tar.gz::beacon.log:340	2026-09-05T01:29:48.457384591Z	/tmp/prysm-r2-extra-logs.Rd7MjT/round2-prysm-geth-14.tar.gz::beacon.log:340
14	12	beacon.log	INFO	slots	1s until chain genesis	1	2026-09-05T01:29:58.457721227Z	/tmp/prysm-r2-extra-logs.Rd7MjT/round2-prysm-geth-14.tar.gz::beacon.log:351	2026-09-05T01:29:58.457721227Z	/tmp/prysm-r2-extra-logs.Rd7MjT/round2-prysm-geth-14.tar.gz::beacon.log:351
14	12	beacon.log	INFO	slots	2s until chain genesis	1	2026-09-05T01:29:57.457618599Z	/tmp/prysm-r2-extra-logs.Rd7MjT/round2-prysm-geth-14.tar.gz::beacon.log:350	2026-09-05T01:29:57.457618599Z	/tmp/prysm-r2-extra-logs.Rd7MjT/round2-prysm-geth-14.tar.gz::beacon.log:350
14	12	beacon.log	INFO	slots	3s until chain genesis	1	2026-09-05T01:29:56.457296687Z	/tmp/prysm-r2-extra-logs.Rd7MjT/round2-prysm-geth-14.tar.gz::beacon.log:349	2026-09-05T01:29:56.457296687Z	/tmp/prysm-r2-extra-logs.Rd7MjT/round2-prysm-geth-14.tar.gz::beacon.log:349
14	12	beacon.log	INFO	slots	4s until chain genesis	1	2026-09-05T01:29:55.456972674Z	/tmp/prysm-r2-extra-logs.Rd7MjT/round2-prysm-geth-14.tar.gz::beacon.log:348	2026-09-05T01:29:55.456972674Z	/tmp/prysm-r2-extra-logs.Rd7MjT/round2-prysm-geth-14.tar.gz::beacon.log:348
14	12	beacon.log	INFO	slots	5s until chain genesis	1	2026-09-05T01:29:54.458179548Z	/tmp/prysm-r2-extra-logs.Rd7MjT/round2-prysm-geth-14.tar.gz::beacon.log:347	2026-09-05T01:29:54.458179548Z	/tmp/prysm-r2-extra-logs.Rd7MjT/round2-prysm-geth-14.tar.gz::beacon.log:347
14	12	beacon.log	INFO	slots	6s until chain genesis	1	2026-09-05T01:29:53.457501224Z	/tmp/prysm-r2-extra-logs.Rd7MjT/round2-prysm-geth-14.tar.gz::beacon.log:346	2026-09-05T01:29:53.457501224Z	/tmp/prysm-r2-extra-logs.Rd7MjT/round2-prysm-geth-14.tar.gz::beacon.log:346
14	12	beacon.log	INFO	slots	7s until chain genesis	1	2026-09-05T01:29:52.457126461Z	/tmp/prysm-r2-extra-logs.Rd7MjT/round2-prysm-geth-14.tar.gz::beacon.log:344	2026-09-05T01:29:52.457126461Z	/tmp/prysm-r2-extra-logs.Rd7MjT/round2-prysm-geth-14.tar.gz::beacon.log:344
14	12	beacon.log	INFO	slots	8s until chain genesis	1	2026-09-05T01:29:51.457692978Z	/tmp/prysm-r2-extra-logs.Rd7MjT/round2-prysm-geth-14.tar.gz::beacon.log:343	2026-09-05T01:29:51.457692978Z	/tmp/prysm-r2-extra-logs.Rd7MjT/round2-prysm-geth-14.tar.gz::beacon.log:343
14	12	beacon.log	INFO	slots	9s until chain genesis	1	2026-09-05T01:29:50.457619128Z	/tmp/prysm-r2-extra-logs.Rd7MjT/round2-prysm-geth-14.tar.gz::beacon.log:342	2026-09-05T01:29:50.457619128Z	/tmp/prysm-r2-extra-logs.Rd7MjT/round2-prysm-geth-14.tar.gz::beacon.log:342
14	12	beacon.log	INFO	slots	Chain genesis time reached	1	2026-09-05T01:30:00.457333647Z	/tmp/prysm-r2-extra-logs.Rd7MjT/round2-prysm-geth-14.tar.gz::beacon.log:501	2026-09-05T01:30:00.457333647Z	/tmp/prysm-r2-extra-logs.Rd7MjT/round2-prysm-geth-14.tar.gz::beacon.log:501
14	12	beacon.log	INFO	blockchain	Chain reorg occurred	3	2026-09-05T01:30:12.002388434Z	/tmp/prysm-r2-extra-logs.Rd7MjT/round2-prysm-geth-14.tar.gz::beacon.log:502	2026-09-05T01:33:46.022959498Z	/tmp/prysm-r2-extra-logs.Rd7MjT/round2-prysm-geth-14.tar.gz::beacon.log:532
14	12	beacon.log	INFO	p2p	Connected peers	5	2026-09-05T01:29:52.481080293Z	/tmp/prysm-r2-extra-logs.Rd7MjT/round2-prysm-geth-14.tar.gz::beacon.log:345	2026-09-05T01:33:52.493462861Z	/tmp/prysm-r2-extra-logs.Rd7MjT/round2-prysm-geth-14.tar.gz::beacon.log:533
14	12	beacon.log	INFO	blockchain	Finished applying state transition	4	2026-09-05T01:33:06.120025137Z	/tmp/prysm-r2-extra-logs.Rd7MjT/round2-prysm-geth-14.tar.gz::beacon.log:522	2026-09-05T01:33:55.926293417Z	/tmp/prysm-r2-extra-logs.Rd7MjT/round2-prysm-geth-14.tar.gz::beacon.log:535
14	12	beacon.log	INFO	blockchain	Forkchoice updated with payload attributes for proposal	1	2026-09-05T01:32:51.250282623Z	/tmp/prysm-r2-extra-logs.Rd7MjT/round2-prysm-geth-14.tar.gz::beacon.log:518	2026-09-05T01:32:51.250282623Z	/tmp/prysm-r2-extra-logs.Rd7MjT/round2-prysm-geth-14.tar.gz::beacon.log:518
14	12	beacon.log	INFO	sync	Subscribed to	147	2026-09-05T01:30:00.006023569Z	/tmp/prysm-r2-extra-logs.Rd7MjT/round2-prysm-geth-14.tar.gz::beacon.log:353	2026-09-05T01:30:00.191727764Z	/tmp/prysm-r2-extra-logs.Rd7MjT/round2-prysm-geth-14.tar.gz::beacon.log:499
14	12	beacon.log	INFO	blockchain	Synced execution payload envelope	4	2026-09-05T01:33:15.963626491Z	/tmp/prysm-r2-extra-logs.Rd7MjT/round2-prysm-geth-14.tar.gz::beacon.log:523	2026-09-05T01:33:32.994347826Z	/tmp/prysm-r2-extra-logs.Rd7MjT/round2-prysm-geth-14.tar.gz::beacon.log:531
14	12	beacon.log	INFO	blockchain	Synced new block	4	2026-09-05T01:33:06.119990714Z	/tmp/prysm-r2-extra-logs.Rd7MjT/round2-prysm-geth-14.tar.gz::beacon.log:521	2026-09-05T01:33:55.926225219Z	/tmp/prysm-r2-extra-logs.Rd7MjT/round2-prysm-geth-14.tar.gz::beacon.log:534
14	12	beacon.log	INFO	p2p	Updating ENR Fork ID	1	2026-09-05T01:30:00.005979024Z	/tmp/prysm-r2-extra-logs.Rd7MjT/round2-prysm-geth-14.tar.gz::beacon.log:352	2026-09-05T01:30:00.005979024Z	/tmp/prysm-r2-extra-logs.Rd7MjT/round2-prysm-geth-14.tar.gz::beacon.log:352
14	12	execution.log	INFO	geth	Chain head was updated	3	2026-09-05T01:33:15.881194543Z	/tmp/prysm-r2-extra-logs.Rd7MjT/round2-prysm-geth-14.tar.gz::execution.log:96	2026-09-05T01:33:50.107689606Z	/tmp/prysm-r2-extra-logs.Rd7MjT/round2-prysm-geth-14.tar.gz::execution.log:105
14	12	execution.log	INFO	geth	Imported new potential chain segment	4	2026-09-05T01:33:11.243265740Z	/tmp/prysm-r2-extra-logs.Rd7MjT/round2-prysm-geth-14.tar.gz::execution.log:95	2026-09-05T01:33:59.540750474Z	/tmp/prysm-r2-extra-logs.Rd7MjT/round2-prysm-geth-14.tar.gz::execution.log:107
14	12	execution.log	INFO	geth	Indexed transactions	1	2026-09-05T01:33:15.881231481Z	/tmp/prysm-r2-extra-logs.Rd7MjT/round2-prysm-geth-14.tar.gz::execution.log:97	2026-09-05T01:33:15.881231481Z	/tmp/prysm-r2-extra-logs.Rd7MjT/round2-prysm-geth-14.tar.gz::execution.log:97
14	12	execution.log	INFO	geth	Shorten chain	1	2026-09-05T01:33:50.107631634Z	/tmp/prysm-r2-extra-logs.Rd7MjT/round2-prysm-geth-14.tar.gz::execution.log:104	2026-09-05T01:33:50.107631634Z	/tmp/prysm-r2-extra-logs.Rd7MjT/round2-prysm-geth-14.tar.gz::execution.log:104
14	12	execution.log	INFO	geth	Starting work on payload	1	2026-09-05T01:32:49.767187437Z	/tmp/prysm-r2-extra-logs.Rd7MjT/round2-prysm-geth-14.tar.gz::execution.log:92	2026-09-05T01:32:49.767187437Z	/tmp/prysm-r2-extra-logs.Rd7MjT/round2-prysm-geth-14.tar.gz::execution.log:92
14	12	execution.log	INFO	geth	Stopping work on payload	1	2026-09-05T01:33:01.768256226Z	/tmp/prysm-r2-extra-logs.Rd7MjT/round2-prysm-geth-14.tar.gz::execution.log:94	2026-09-05T01:33:01.768256226Z	/tmp/prysm-r2-extra-logs.Rd7MjT/round2-prysm-geth-14.tar.gz::execution.log:94
14	12	execution.log	INFO	geth	Updated payload	1	2026-09-05T01:32:49.768499166Z	/tmp/prysm-r2-extra-logs.Rd7MjT/round2-prysm-geth-14.tar.gz::execution.log:93	2026-09-05T01:32:49.768499166Z	/tmp/prysm-r2-extra-logs.Rd7MjT/round2-prysm-geth-14.tar.gz::execution.log:93
14	12	execution.log	WARN	geth	Beacon client online, but no consensus updates received in a while. Please fix your beacon client to follow the chain!	1	2026-09-05T01:32:44.692700694Z	/tmp/prysm-r2-extra-logs.Rd7MjT/round2-prysm-geth-14.tar.gz::execution.log:91	2026-09-05T01:32:44.692700694Z	/tmp/prysm-r2-extra-logs.Rd7MjT/round2-prysm-geth-14.tar.gz::execution.log:91
14	12	execution.log	WARN	geth	Ignoring already known beacon payload	1	2026-09-05T01:33:17.288834985Z	/tmp/prysm-r2-extra-logs.Rd7MjT/round2-prysm-geth-14.tar.gz::execution.log:99	2026-09-05T01:33:17.288834985Z	/tmp/prysm-r2-extra-logs.Rd7MjT/round2-prysm-geth-14.tar.gz::execution.log:99
14	12	execution.log	WARN	geth	Nil finalized block cannot evict old blobs	3	2026-09-05T01:33:15.881235193Z	/tmp/prysm-r2-extra-logs.Rd7MjT/round2-prysm-geth-14.tar.gz::execution.log:98	2026-09-05T01:33:50.107697104Z	/tmp/prysm-r2-extra-logs.Rd7MjT/round2-prysm-geth-14.tar.gz::execution.log:106
14	12	snooper-engine.log	INFO	proxy	REQUEST #700: POST /	1	2026-09-05T01:30:00.414076378Z	/tmp/prysm-r2-extra-logs.Rd7MjT/round2-prysm-geth-14.tar.gz::snooper-engine.log:31270	2026-09-05T01:30:00.414076378Z	/tmp/prysm-r2-extra-logs.Rd7MjT/round2-prysm-geth-14.tar.gz::snooper-engine.log:31270
14	12	snooper-engine.log	INFO	proxy	REQUEST #702: POST /	1	2026-09-05T01:30:14.442879988Z	/tmp/prysm-r2-extra-logs.Rd7MjT/round2-prysm-geth-14.tar.gz::snooper-engine.log:31346	2026-09-05T01:30:14.442879988Z	/tmp/prysm-r2-extra-logs.Rd7MjT/round2-prysm-geth-14.tar.gz::snooper-engine.log:31346
14	12	snooper-engine.log	INFO	proxy	REQUEST #703: POST /	1	2026-09-05T01:30:31.190060939Z	/tmp/prysm-r2-extra-logs.Rd7MjT/round2-prysm-geth-14.tar.gz::snooper-engine.log:31393	2026-09-05T01:30:31.190060939Z	/tmp/prysm-r2-extra-logs.Rd7MjT/round2-prysm-geth-14.tar.gz::snooper-engine.log:31393
14	12	snooper-engine.log	INFO	proxy	REQUEST #704: POST /	1	2026-09-05T01:30:42.414734176Z	/tmp/prysm-r2-extra-logs.Rd7MjT/round2-prysm-geth-14.tar.gz::snooper-engine.log:31440	2026-09-05T01:30:42.414734176Z	/tmp/prysm-r2-extra-logs.Rd7MjT/round2-prysm-geth-14.tar.gz::snooper-engine.log:31440
14	12	snooper-engine.log	INFO	proxy	REQUEST #706: POST /	1	2026-09-05T01:30:56.420886507Z	/tmp/prysm-r2-extra-logs.Rd7MjT/round2-prysm-geth-14.tar.gz::snooper-engine.log:31517	2026-09-05T01:30:56.420886507Z	/tmp/prysm-r2-extra-logs.Rd7MjT/round2-prysm-geth-14.tar.gz::snooper-engine.log:31517
14	12	snooper-engine.log	INFO	proxy	REQUEST #708: POST /	1	2026-09-05T01:31:10.422143842Z	/tmp/prysm-r2-extra-logs.Rd7MjT/round2-prysm-geth-14.tar.gz::snooper-engine.log:31593	2026-09-05T01:31:10.422143842Z	/tmp/prysm-r2-extra-logs.Rd7MjT/round2-prysm-geth-14.tar.gz::snooper-engine.log:31593
14	12	snooper-engine.log	INFO	proxy	REQUEST #709: POST /	1	2026-09-05T01:31:24.415465633Z	/tmp/prysm-r2-extra-logs.Rd7MjT/round2-prysm-geth-14.tar.gz::snooper-engine.log:31640	2026-09-05T01:31:24.415465633Z	/tmp/prysm-r2-extra-logs.Rd7MjT/round2-prysm-geth-14.tar.gz::snooper-engine.log:31640
14	12	snooper-engine.log	INFO	proxy	REQUEST #710: POST /	1	2026-09-05T01:31:39.015959811Z	/tmp/prysm-r2-extra-logs.Rd7MjT/round2-prysm-geth-14.tar.gz::snooper-engine.log:31687	2026-09-05T01:31:39.015959811Z	/tmp/prysm-r2-extra-logs.Rd7MjT/round2-prysm-geth-14.tar.gz::snooper-engine.log:31687
14	12	snooper-engine.log	INFO	proxy	REQUEST #711: POST /	1	2026-09-05T01:31:53.181982260Z	/tmp/prysm-r2-extra-logs.Rd7MjT/round2-prysm-geth-14.tar.gz::snooper-engine.log:31735	2026-09-05T01:31:53.181982260Z	/tmp/prysm-r2-extra-logs.Rd7MjT/round2-prysm-geth-14.tar.gz::snooper-engine.log:31735
14	12	snooper-engine.log	INFO	proxy	REQUEST #712: POST /	1	2026-09-05T01:32:06.416341813Z	/tmp/prysm-r2-extra-logs.Rd7MjT/round2-prysm-geth-14.tar.gz::snooper-engine.log:31782	2026-09-05T01:32:06.416341813Z	/tmp/prysm-r2-extra-logs.Rd7MjT/round2-prysm-geth-14.tar.gz::snooper-engine.log:31782
14	12	snooper-engine.log	INFO	proxy	REQUEST #713: POST /	1	2026-09-05T01:32:20.415156441Z	/tmp/prysm-r2-extra-logs.Rd7MjT/round2-prysm-geth-14.tar.gz::snooper-engine.log:31829	2026-09-05T01:32:20.415156441Z	/tmp/prysm-r2-extra-logs.Rd7MjT/round2-prysm-geth-14.tar.gz::snooper-engine.log:31829
14	12	snooper-engine.log	INFO	proxy	REQUEST #714: POST /	1	2026-09-05T01:32:34.429587754Z	/tmp/prysm-r2-extra-logs.Rd7MjT/round2-prysm-geth-14.tar.gz::snooper-engine.log:31876	2026-09-05T01:32:34.429587754Z	/tmp/prysm-r2-extra-logs.Rd7MjT/round2-prysm-geth-14.tar.gz::snooper-engine.log:31876
14	12	snooper-engine.log	INFO	proxy	REQUEST #716: POST /	1	2026-09-05T01:32:48.420524846Z	/tmp/prysm-r2-extra-logs.Rd7MjT/round2-prysm-geth-14.tar.gz::snooper-engine.log:31952	2026-09-05T01:32:48.420524846Z	/tmp/prysm-r2-extra-logs.Rd7MjT/round2-prysm-geth-14.tar.gz::snooper-engine.log:31952
14	12	snooper-engine.log	INFO	proxy	REQUEST #718: POST /	1	2026-09-05T01:33:02.422228819Z	/tmp/prysm-r2-extra-logs.Rd7MjT/round2-prysm-geth-14.tar.gz::snooper-engine.log:32037	2026-09-05T01:33:02.422228819Z	/tmp/prysm-r2-extra-logs.Rd7MjT/round2-prysm-geth-14.tar.gz::snooper-engine.log:32037
14	12	snooper-engine.log	INFO	proxy	REQUEST #721: POST /	1	2026-09-05T01:33:16.423659377Z	/tmp/prysm-r2-extra-logs.Rd7MjT/round2-prysm-geth-14.tar.gz::snooper-engine.log:32157	2026-09-05T01:33:16.423659377Z	/tmp/prysm-r2-extra-logs.Rd7MjT/round2-prysm-geth-14.tar.gz::snooper-engine.log:32157
14	12	snooper-engine.log	INFO	proxy	REQUEST #722: POST /	1	2026-09-05T01:33:16.563627579Z	/tmp/prysm-r2-extra-logs.Rd7MjT/round2-prysm-geth-14.tar.gz::snooper-engine.log:32204	2026-09-05T01:33:16.563627579Z	/tmp/prysm-r2-extra-logs.Rd7MjT/round2-prysm-geth-14.tar.gz::snooper-engine.log:32204
14	12	snooper-engine.log	INFO	proxy	REQUEST #723: POST /	1	2026-09-05T01:33:17.175216426Z	/tmp/prysm-r2-extra-logs.Rd7MjT/round2-prysm-geth-14.tar.gz::snooper-engine.log:32251	2026-09-05T01:33:17.175216426Z	/tmp/prysm-r2-extra-logs.Rd7MjT/round2-prysm-geth-14.tar.gz::snooper-engine.log:32251
14	12	snooper-engine.log	INFO	proxy	REQUEST #727: POST /	1	2026-09-05T01:33:30.416194716Z	/tmp/prysm-r2-extra-logs.Rd7MjT/round2-prysm-geth-14.tar.gz::snooper-engine.log:32391	2026-09-05T01:33:30.416194716Z	/tmp/prysm-r2-extra-logs.Rd7MjT/round2-prysm-geth-14.tar.gz::snooper-engine.log:32391
14	12	snooper-engine.log	INFO	proxy	REQUEST #730: POST /	1	2026-09-05T01:33:44.429351319Z	/tmp/prysm-r2-extra-logs.Rd7MjT/round2-prysm-geth-14.tar.gz::snooper-engine.log:32512	2026-09-05T01:33:44.429351319Z	/tmp/prysm-r2-extra-logs.Rd7MjT/round2-prysm-geth-14.tar.gz::snooper-engine.log:32512
14	12	snooper-engine.log	INFO	proxy	REQUEST #731: POST /	1	2026-09-05T01:33:46.019790613Z	/tmp/prysm-r2-extra-logs.Rd7MjT/round2-prysm-geth-14.tar.gz::snooper-engine.log:32559	2026-09-05T01:33:46.019790613Z	/tmp/prysm-r2-extra-logs.Rd7MjT/round2-prysm-geth-14.tar.gz::snooper-engine.log:32559
14	12	snooper-engine.log	INFO	proxy	REQUEST #732: POST /	1	2026-09-05T01:33:46.020824299Z	/tmp/prysm-r2-extra-logs.Rd7MjT/round2-prysm-geth-14.tar.gz::snooper-engine.log:32606	2026-09-05T01:33:46.020824299Z	/tmp/prysm-r2-extra-logs.Rd7MjT/round2-prysm-geth-14.tar.gz::snooper-engine.log:32606
14	12	snooper-engine.log	INFO	proxy	REQUEST #734: POST /	1	2026-09-05T01:33:58.419854010Z	/tmp/prysm-r2-extra-logs.Rd7MjT/round2-prysm-geth-14.tar.gz::snooper-engine.log:32660	2026-09-05T01:33:58.419854010Z	/tmp/prysm-r2-extra-logs.Rd7MjT/round2-prysm-geth-14.tar.gz::snooper-engine.log:32660
14	12	snooper-engine.log	INFO	proxy	REQUEST engine_forkchoiceUpdatedV4	7	2026-09-05T01:30:12.005761280Z	/tmp/prysm-r2-extra-logs.Rd7MjT/round2-prysm-geth-14.tar.gz::snooper-engine.log:31317	2026-09-05T01:33:50.107667243Z	/tmp/prysm-r2-extra-logs.Rd7MjT/round2-prysm-geth-14.tar.gz::snooper-engine.log:32629
14	12	snooper-engine.log	INFO	proxy	REQUEST engine_getClientVersionV1	2	2026-09-05T01:31:07.505593039Z	/tmp/prysm-r2-extra-logs.Rd7MjT/round2-prysm-geth-14.tar.gz::snooper-engine.log:31564	2026-09-05T01:32:43.502872256Z	/tmp/prysm-r2-extra-logs.Rd7MjT/round2-prysm-geth-14.tar.gz::snooper-engine.log:31923
14	12	snooper-engine.log	INFO	proxy	REQUEST engine_newPayloadV5	5	2026-09-05T01:33:11.241066563Z	/tmp/prysm-r2-extra-logs.Rd7MjT/round2-prysm-geth-14.tar.gz::snooper-engine.log:32084	2026-09-05T01:33:59.528716356Z	/tmp/prysm-r2-extra-logs.Rd7MjT/round2-prysm-geth-14.tar.gz::snooper-engine.log:32707
14	12	snooper-engine.log	INFO	proxy	RESPONSE	36	2026-09-05T01:30:00.414420186Z	/tmp/prysm-r2-extra-logs.Rd7MjT/round2-prysm-geth-14.tar.gz::snooper-engine.log:31281	2026-09-05T01:33:59.541290929Z	/tmp/prysm-r2-extra-logs.Rd7MjT/round2-prysm-geth-14.tar.gz::snooper-engine.log:32740
14	12	snooper-engine.log	INFO	proxy	fetched execution metadata	5	2026-09-05T01:29:51.991202743Z	/tmp/prysm-r2-extra-logs.Rd7MjT/round2-prysm-geth-14.tar.gz::snooper-engine.log:31269	2026-09-05T01:33:51.991200202Z	/tmp/prysm-r2-extra-logs.Rd7MjT/round2-prysm-geth-14.tar.gz::snooper-engine.log:32659
14	12	validator.log	ERROR	client	Could not check if any validator is a sync committee aggregator	6	2026-09-05T01:30:36.003744800Z	/tmp/prysm-r2-extra-logs.Rd7MjT/round2-prysm-geth-14.tar.gz::validator.log:690	2026-09-05T01:32:48.000955666Z	/tmp/prysm-r2-extra-logs.Rd7MjT/round2-prysm-geth-14.tar.gz::validator.log:1445
14	12	validator.log	ERROR	client	Could not request attestation to sign at slot	673	2026-09-05T01:30:36.003805436Z	/tmp/prysm-r2-extra-logs.Rd7MjT/round2-prysm-geth-14.tar.gz::validator.log:691	2026-09-05T01:32:48.009179916Z	/tmp/prysm-r2-extra-logs.Rd7MjT/round2-prysm-geth-14.tar.gz::validator.log:1519
14	12	validator.log	ERROR	client	Could not request payload attestation data	26	2026-09-05T01:30:36.004029205Z	/tmp/prysm-r2-extra-logs.Rd7MjT/round2-prysm-geth-14.tar.gz::validator.log:695	2026-09-05T01:32:48.004532977Z	/tmp/prysm-r2-extra-logs.Rd7MjT/round2-prysm-geth-14.tar.gz::validator.log:1460
14	12	validator.log	ERROR	client	Could not request sync message block root to sign	7	2026-09-05T01:30:36.007872314Z	/tmp/prysm-r2-extra-logs.Rd7MjT/round2-prysm-geth-14.tar.gz::validator.log:707	2026-09-05T01:32:48.004637260Z	/tmp/prysm-r2-extra-logs.Rd7MjT/round2-prysm-geth-14.tar.gz::validator.log:1473
14	12	validator.log	ERROR	client	Could not submit aggregate selection proof to beacon node	21	2026-09-05T01:30:36.022308601Z	/tmp/prysm-r2-extra-logs.Rd7MjT/round2-prysm-geth-14.tar.gz::validator.log:745	2026-09-05T01:33:00.001190145Z	/tmp/prysm-r2-extra-logs.Rd7MjT/round2-prysm-geth-14.tar.gz::validator.log:1525
14	12	validator.log	ERROR	client	Could not submit attestation to beacon node	64	2026-09-05T01:31:12.011800386Z	/tmp/prysm-r2-extra-logs.Rd7MjT/round2-prysm-geth-14.tar.gz::validator.log:946	2026-09-05T01:31:12.017193275Z	/tmp/prysm-r2-extra-logs.Rd7MjT/round2-prysm-geth-14.tar.gz::validator.log:1009
14	12	validator.log	ERROR	client	Failed to sign randao reveal	1	2026-09-05T01:32:36.007049729Z	/tmp/prysm-r2-extra-logs.Rd7MjT/round2-prysm-geth-14.tar.gz::validator.log:1391	2026-09-05T01:32:36.007049729Z	/tmp/prysm-r2-extra-logs.Rd7MjT/round2-prysm-geth-14.tar.gz::validator.log:1391
14	12	validator.log	INFO	client	Duties schedule	32	2026-09-05T01:30:03.375813089Z	/tmp/prysm-r2-extra-logs.Rd7MjT/round2-prysm-geth-14.tar.gz::validator.log:650	2026-09-05T01:30:03.380978972Z	/tmp/prysm-r2-extra-logs.Rd7MjT/round2-prysm-geth-14.tar.gz::validator.log:681
14	12	validator.log	INFO	client	Schedule for epoch 0	1	2026-09-05T01:30:03.375768585Z	/tmp/prysm-r2-extra-logs.Rd7MjT/round2-prysm-geth-14.tar.gz::validator.log:649	2026-09-05T01:30:03.375768585Z	/tmp/prysm-r2-extra-logs.Rd7MjT/round2-prysm-geth-14.tar.gz::validator.log:649
14	12	validator.log	INFO	client	Skipping payload attestation: no block for slot	22	2026-09-05T01:30:21.022225323Z	/tmp/prysm-r2-extra-logs.Rd7MjT/round2-prysm-geth-14.tar.gz::validator.log:686	2026-09-05T01:33:58.234943457Z	/tmp/prysm-r2-extra-logs.Rd7MjT/round2-prysm-geth-14.tar.gz::validator.log:1550
14	12	validator.log	INFO	client	Submitted new aggregate attestations	5	2026-09-05T01:30:09.005420243Z	/tmp/prysm-r2-extra-logs.Rd7MjT/round2-prysm-geth-14.tar.gz::validator.log:683	2026-09-05T01:33:59.739735584Z	/tmp/prysm-r2-extra-logs.Rd7MjT/round2-prysm-geth-14.tar.gz::validator.log:1552
14	12	validator.log	INFO	client	Submitted new attestations	10	2026-09-05T01:30:09.005355776Z	/tmp/prysm-r2-extra-logs.Rd7MjT/round2-prysm-geth-14.tar.gz::validator.log:682	2026-09-05T01:33:59.739676152Z	/tmp/prysm-r2-extra-logs.Rd7MjT/round2-prysm-geth-14.tar.gz::validator.log:1551
14	12	validator.log	INFO	client	Submitted payload attestations	3	2026-09-05T01:30:09.005429056Z	/tmp/prysm-r2-extra-logs.Rd7MjT/round2-prysm-geth-14.tar.gz::validator.log:684	2026-09-05T01:33:33.637601445Z	/tmp/prysm-r2-extra-logs.Rd7MjT/round2-prysm-geth-14.tar.gz::validator.log:1543
14	12	validator.log	INFO	client	Submitted sync committee contributions and proofs	2	2026-09-05T01:33:00.002265415Z	/tmp/prysm-r2-extra-logs.Rd7MjT/round2-prysm-geth-14.tar.gz::validator.log:1528	2026-09-05T01:33:21.929850619Z	/tmp/prysm-r2-extra-logs.Rd7MjT/round2-prysm-geth-14.tar.gz::validator.log:1540
14	12	validator.log	INFO	client	Submitted sync committee messages	13	2026-09-05T01:30:09.005448886Z	/tmp/prysm-r2-extra-logs.Rd7MjT/round2-prysm-geth-14.tar.gz::validator.log:685	2026-09-05T01:33:59.739740196Z	/tmp/prysm-r2-extra-logs.Rd7MjT/round2-prysm-geth-14.tar.gz::validator.log:1553
14	12	validator.log	WARN	client	Could not get signed attestation data for aggregation	16	2026-09-05T01:30:36.022303224Z	/tmp/prysm-r2-extra-logs.Rd7MjT/round2-prysm-geth-14.tar.gz::validator.log:744	2026-09-05T01:32:48.008895798Z	/tmp/prysm-r2-extra-logs.Rd7MjT/round2-prysm-geth-14.tar.gz::validator.log:1516
14	12	validator.log	WARN	client	No attestations to aggregate	3	2026-09-05T01:31:34.751667104Z	/tmp/prysm-r2-extra-logs.Rd7MjT/round2-prysm-geth-14.tar.gz::validator.log:1024	2026-09-05T01:33:11.240537182Z	/tmp/prysm-r2-extra-logs.Rd7MjT/round2-prysm-geth-14.tar.gz::validator.log:1529
19	8	beacon.log	ERROR	execution	Beacon node is not respecting the follow distance. EL client is syncing.	15	2026-09-05T01:29:58.580125534Z	/tmp/prysm-r2-extra-logs.Rd7MjT/round2-prysm-geth-19.tar.gz::beacon.log:370	2026-09-05T01:33:14.580023715Z	/tmp/prysm-r2-extra-logs.Rd7MjT/round2-prysm-geth-19.tar.gz::beacon.log:601
19	8	beacon.log	ERROR	rpc/validator	Could not build block	1	2026-09-05T01:31:48.052566176Z	/tmp/prysm-r2-extra-logs.Rd7MjT/round2-prysm-geth-19.tar.gz::beacon.log:540	2026-09-05T01:31:48.052566176Z	/tmp/prysm-r2-extra-logs.Rd7MjT/round2-prysm-geth-19.tar.gz::beacon.log:540
19	8	beacon.log	ERROR	rpc/validator	Could not pack deposits and attestations	1	2026-09-05T01:31:56.467728303Z	/tmp/prysm-r2-extra-logs.Rd7MjT/round2-prysm-geth-19.tar.gz::beacon.log:542	2026-09-05T01:31:56.467728303Z	/tmp/prysm-r2-extra-logs.Rd7MjT/round2-prysm-geth-19.tar.gz::beacon.log:542
19	8	beacon.log	ERROR	rpc/core	Forkchoice head root does not match head root	2	2026-09-05T01:33:12.009389204Z	/tmp/prysm-r2-extra-logs.Rd7MjT/round2-prysm-geth-19.tar.gz::beacon.log:598	2026-09-05T01:33:24.016010844Z	/tmp/prysm-r2-extra-logs.Rd7MjT/round2-prysm-geth-19.tar.gz::beacon.log:604
19	8	beacon.log	INFO	slots	10s until chain genesis	1	2026-09-05T01:29:49.388328460Z	/tmp/prysm-r2-extra-logs.Rd7MjT/round2-prysm-geth-19.tar.gz::beacon.log:360	2026-09-05T01:29:49.388328460Z	/tmp/prysm-r2-extra-logs.Rd7MjT/round2-prysm-geth-19.tar.gz::beacon.log:360
19	8	beacon.log	INFO	slots	11s until chain genesis	1	2026-09-05T01:29:48.388655315Z	/tmp/prysm-r2-extra-logs.Rd7MjT/round2-prysm-geth-19.tar.gz::beacon.log:359	2026-09-05T01:29:48.388655315Z	/tmp/prysm-r2-extra-logs.Rd7MjT/round2-prysm-geth-19.tar.gz::beacon.log:359
19	8	beacon.log	INFO	slots	1s until chain genesis	1	2026-09-05T01:29:58.388570259Z	/tmp/prysm-r2-extra-logs.Rd7MjT/round2-prysm-geth-19.tar.gz::beacon.log:369	2026-09-05T01:29:58.388570259Z	/tmp/prysm-r2-extra-logs.Rd7MjT/round2-prysm-geth-19.tar.gz::beacon.log:369
19	8	beacon.log	INFO	slots	2s until chain genesis	1	2026-09-05T01:29:57.387963194Z	/tmp/prysm-r2-extra-logs.Rd7MjT/round2-prysm-geth-19.tar.gz::beacon.log:368	2026-09-05T01:29:57.387963194Z	/tmp/prysm-r2-extra-logs.Rd7MjT/round2-prysm-geth-19.tar.gz::beacon.log:368
19	8	beacon.log	INFO	slots	3s until chain genesis	1	2026-09-05T01:29:56.387944845Z	/tmp/prysm-r2-extra-logs.Rd7MjT/round2-prysm-geth-19.tar.gz::beacon.log:367	2026-09-05T01:29:56.387944845Z	/tmp/prysm-r2-extra-logs.Rd7MjT/round2-prysm-geth-19.tar.gz::beacon.log:367
19	8	beacon.log	INFO	slots	4s until chain genesis	1	2026-09-05T01:29:55.388629704Z	/tmp/prysm-r2-extra-logs.Rd7MjT/round2-prysm-geth-19.tar.gz::beacon.log:366	2026-09-05T01:29:55.388629704Z	/tmp/prysm-r2-extra-logs.Rd7MjT/round2-prysm-geth-19.tar.gz::beacon.log:366
19	8	beacon.log	INFO	slots	5s until chain genesis	1	2026-09-05T01:29:54.388391180Z	/tmp/prysm-r2-extra-logs.Rd7MjT/round2-prysm-geth-19.tar.gz::beacon.log:365	2026-09-05T01:29:54.388391180Z	/tmp/prysm-r2-extra-logs.Rd7MjT/round2-prysm-geth-19.tar.gz::beacon.log:365
19	8	beacon.log	INFO	slots	6s until chain genesis	1	2026-09-05T01:29:53.388918099Z	/tmp/prysm-r2-extra-logs.Rd7MjT/round2-prysm-geth-19.tar.gz::beacon.log:364	2026-09-05T01:29:53.388918099Z	/tmp/prysm-r2-extra-logs.Rd7MjT/round2-prysm-geth-19.tar.gz::beacon.log:364
19	8	beacon.log	INFO	slots	7s until chain genesis	1	2026-09-05T01:29:52.388009817Z	/tmp/prysm-r2-extra-logs.Rd7MjT/round2-prysm-geth-19.tar.gz::beacon.log:363	2026-09-05T01:29:52.388009817Z	/tmp/prysm-r2-extra-logs.Rd7MjT/round2-prysm-geth-19.tar.gz::beacon.log:363
19	8	beacon.log	INFO	slots	8s until chain genesis	1	2026-09-05T01:29:51.388793403Z	/tmp/prysm-r2-extra-logs.Rd7MjT/round2-prysm-geth-19.tar.gz::beacon.log:362	2026-09-05T01:29:51.388793403Z	/tmp/prysm-r2-extra-logs.Rd7MjT/round2-prysm-geth-19.tar.gz::beacon.log:362
19	8	beacon.log	INFO	slots	9s until chain genesis	1	2026-09-05T01:29:50.388086848Z	/tmp/prysm-r2-extra-logs.Rd7MjT/round2-prysm-geth-19.tar.gz::beacon.log:361	2026-09-05T01:29:50.388086848Z	/tmp/prysm-r2-extra-logs.Rd7MjT/round2-prysm-geth-19.tar.gz::beacon.log:361
19	8	beacon.log	INFO	blockchain	Attempted late block reorg aborted due to attestations after threshold	1	2026-09-05T01:33:46.048513022Z	/tmp/prysm-r2-extra-logs.Rd7MjT/round2-prysm-geth-19.tar.gz::beacon.log:610	2026-09-05T01:33:46.048513022Z	/tmp/prysm-r2-extra-logs.Rd7MjT/round2-prysm-geth-19.tar.gz::beacon.log:610
19	8	beacon.log	INFO	rpc/validator	Building block	1	2026-09-05T01:31:47.191117851Z	/tmp/prysm-r2-extra-logs.Rd7MjT/round2-prysm-geth-19.tar.gz::beacon.log:533	2026-09-05T01:31:47.191117851Z	/tmp/prysm-r2-extra-logs.Rd7MjT/round2-prysm-geth-19.tar.gz::beacon.log:533
19	8	beacon.log	INFO	slots	Chain genesis time reached	1	2026-09-05T01:30:00.388176792Z	/tmp/prysm-r2-extra-logs.Rd7MjT/round2-prysm-geth-19.tar.gz::beacon.log:520	2026-09-05T01:30:00.388176792Z	/tmp/prysm-r2-extra-logs.Rd7MjT/round2-prysm-geth-19.tar.gz::beacon.log:520
19	8	beacon.log	INFO	blockchain	Chain reorg occurred	6	2026-09-05T01:30:12.002738155Z	/tmp/prysm-r2-extra-logs.Rd7MjT/round2-prysm-geth-19.tar.gz::beacon.log:521	2026-09-05T01:33:48.005726786Z	/tmp/prysm-r2-extra-logs.Rd7MjT/round2-prysm-geth-19.tar.gz::beacon.log:614
19	8	beacon.log	INFO	p2p	Connected peers	4	2026-09-05T01:30:35.406957038Z	/tmp/prysm-r2-extra-logs.Rd7MjT/round2-prysm-geth-19.tar.gz::beacon.log:525	2026-09-05T01:33:35.402463268Z	/tmp/prysm-r2-extra-logs.Rd7MjT/round2-prysm-geth-19.tar.gz::beacon.log:608
19	8	beacon.log	INFO	blockchain	Finished applying state transition	4	2026-09-05T01:33:01.612740135Z	/tmp/prysm-r2-extra-logs.Rd7MjT/round2-prysm-geth-19.tar.gz::beacon.log:551	2026-09-05T01:33:46.054521937Z	/tmp/prysm-r2-extra-logs.Rd7MjT/round2-prysm-geth-19.tar.gz::beacon.log:612
19	8	beacon.log	INFO	blockchain	Forkchoice updated with payload attributes for proposal	1	2026-09-05T01:31:36.005036850Z	/tmp/prysm-r2-extra-logs.Rd7MjT/round2-prysm-geth-19.tar.gz::beacon.log:531	2026-09-05T01:31:36.005036850Z	/tmp/prysm-r2-extra-logs.Rd7MjT/round2-prysm-geth-19.tar.gz::beacon.log:531
19	8	beacon.log	INFO	execution	Graffiti includes client version info appended after user graffiti	1	2026-09-05T01:31:47.197278663Z	/tmp/prysm-r2-extra-logs.Rd7MjT/round2-prysm-geth-19.tar.gz::beacon.log:534	2026-09-05T01:31:47.197278663Z	/tmp/prysm-r2-extra-logs.Rd7MjT/round2-prysm-geth-19.tar.gz::beacon.log:534
19	8	beacon.log	INFO	sync	Subscribed to	148	2026-09-05T01:30:00.002735419Z	/tmp/prysm-r2-extra-logs.Rd7MjT/round2-prysm-geth-19.tar.gz::beacon.log:372	2026-09-05T01:30:00.052130479Z	/tmp/prysm-r2-extra-logs.Rd7MjT/round2-prysm-geth-19.tar.gz::beacon.log:519
19	8	beacon.log	INFO	blockchain	Synced execution payload envelope	4	2026-09-05T01:33:01.663995312Z	/tmp/prysm-r2-extra-logs.Rd7MjT/round2-prysm-geth-19.tar.gz::beacon.log:552	2026-09-05T01:33:46.986076334Z	/tmp/prysm-r2-extra-logs.Rd7MjT/round2-prysm-geth-19.tar.gz::beacon.log:613
19	8	beacon.log	INFO	blockchain	Synced new block	4	2026-09-05T01:33:01.612706010Z	/tmp/prysm-r2-extra-logs.Rd7MjT/round2-prysm-geth-19.tar.gz::beacon.log:550	2026-09-05T01:33:46.054400297Z	/tmp/prysm-r2-extra-logs.Rd7MjT/round2-prysm-geth-19.tar.gz::beacon.log:611
19	8	beacon.log	INFO	p2p	Updating ENR Fork ID	1	2026-09-05T01:30:00.000614617Z	/tmp/prysm-r2-extra-logs.Rd7MjT/round2-prysm-geth-19.tar.gz::beacon.log:371	2026-09-05T01:30:00.000614617Z	/tmp/prysm-r2-extra-logs.Rd7MjT/round2-prysm-geth-19.tar.gz::beacon.log:371
19	8	beacon.log	WARN	rpc/validator	Could not get local payload, falling back to P2P bid	1	2026-09-05T01:31:48.007748774Z	/tmp/prysm-r2-extra-logs.Rd7MjT/round2-prysm-geth-19.tar.gz::beacon.log:536	2026-09-05T01:31:48.007748774Z	/tmp/prysm-r2-extra-logs.Rd7MjT/round2-prysm-geth-19.tar.gz::beacon.log:536
19	8	beacon.log	WARN	blockchain	Could not process attestation for fork choice	44	2026-09-05T01:33:10.002923859Z	/tmp/prysm-r2-extra-logs.Rd7MjT/round2-prysm-geth-19.tar.gz::beacon.log:553	2026-09-05T01:33:10.011782120Z	/tmp/prysm-r2-extra-logs.Rd7MjT/round2-prysm-geth-19.tar.gz::beacon.log:596
19	8	beacon.log	WARN	p2p	Sync Committee Message is too old to broadcast, discarding it	4	2026-09-05T01:31:48.045658284Z	/tmp/prysm-r2-extra-logs.Rd7MjT/round2-prysm-geth-19.tar.gz::beacon.log:537	2026-09-05T01:32:24.835972373Z	/tmp/prysm-r2-extra-logs.Rd7MjT/round2-prysm-geth-19.tar.gz::beacon.log:545
19	8	beacon.log	WARN	rpc/validator	Voting period before genesis + follow distance, using eth1data from head	1	2026-09-05T01:31:48.006834726Z	/tmp/prysm-r2-extra-logs.Rd7MjT/round2-prysm-geth-19.tar.gz::beacon.log:535	2026-09-05T01:31:48.006834726Z	/tmp/prysm-r2-extra-logs.Rd7MjT/round2-prysm-geth-19.tar.gz::beacon.log:535
19	8	execution.log	INFO	geth	Chain head was updated	8	2026-09-05T01:33:01.664578603Z	/tmp/prysm-r2-extra-logs.Rd7MjT/round2-prysm-geth-19.tar.gz::execution.log:91	2026-09-05T01:33:48.011974023Z	/tmp/prysm-r2-extra-logs.Rd7MjT/round2-prysm-geth-19.tar.gz::execution.log:113
19	8	execution.log	INFO	geth	Chain reorg detected	1	2026-09-05T01:33:24.018047676Z	/tmp/prysm-r2-extra-logs.Rd7MjT/round2-prysm-geth-19.tar.gz::execution.log:100	2026-09-05T01:33:24.018047676Z	/tmp/prysm-r2-extra-logs.Rd7MjT/round2-prysm-geth-19.tar.gz::execution.log:100
19	8	execution.log	INFO	geth	Imported new potential chain segment	4	2026-09-05T01:33:01.661799426Z	/tmp/prysm-r2-extra-logs.Rd7MjT/round2-prysm-geth-19.tar.gz::execution.log:90	2026-09-05T01:33:46.983576010Z	/tmp/prysm-r2-extra-logs.Rd7MjT/round2-prysm-geth-19.tar.gz::execution.log:109
19	8	execution.log	INFO	geth	Indexed transactions	1	2026-09-05T01:33:01.665127672Z	/tmp/prysm-r2-extra-logs.Rd7MjT/round2-prysm-geth-19.tar.gz::execution.log:93	2026-09-05T01:33:01.665127672Z	/tmp/prysm-r2-extra-logs.Rd7MjT/round2-prysm-geth-19.tar.gz::execution.log:93
19	8	execution.log	INFO	geth	Shorten chain	3	2026-09-05T01:33:12.010814799Z	/tmp/prysm-r2-extra-logs.Rd7MjT/round2-prysm-geth-19.tar.gz::execution.log:94	2026-09-05T01:33:48.011190837Z	/tmp/prysm-r2-extra-logs.Rd7MjT/round2-prysm-geth-19.tar.gz::execution.log:112
19	8	execution.log	INFO	geth	Starting work on payload	1	2026-09-05T01:31:35.334101604Z	/tmp/prysm-r2-extra-logs.Rd7MjT/round2-prysm-geth-19.tar.gz::execution.log:87	2026-09-05T01:31:35.334101604Z	/tmp/prysm-r2-extra-logs.Rd7MjT/round2-prysm-geth-19.tar.gz::execution.log:87
19	8	execution.log	INFO	geth	Stopping work on payload	1	2026-09-05T01:31:47.197269262Z	/tmp/prysm-r2-extra-logs.Rd7MjT/round2-prysm-geth-19.tar.gz::execution.log:89	2026-09-05T01:31:47.197269262Z	/tmp/prysm-r2-extra-logs.Rd7MjT/round2-prysm-geth-19.tar.gz::execution.log:89
19	8	execution.log	INFO	geth	Updated payload	1	2026-09-05T01:31:35.334445959Z	/tmp/prysm-r2-extra-logs.Rd7MjT/round2-prysm-geth-19.tar.gz::execution.log:88	2026-09-05T01:31:35.334445959Z	/tmp/prysm-r2-extra-logs.Rd7MjT/round2-prysm-geth-19.tar.gz::execution.log:88
19	8	execution.log	WARN	geth	Nil finalized block cannot evict old blobs	8	2026-09-05T01:33:01.665112230Z	/tmp/prysm-r2-extra-logs.Rd7MjT/round2-prysm-geth-19.tar.gz::execution.log:92	2026-09-05T01:33:48.011980975Z	/tmp/prysm-r2-extra-logs.Rd7MjT/round2-prysm-geth-19.tar.gz::execution.log:114
19	8	snooper-engine.log	INFO	proxy	REQUEST #709: POST /	1	2026-09-05T01:29:58.579973497Z	/tmp/prysm-r2-extra-logs.Rd7MjT/round2-prysm-geth-19.tar.gz::snooper-engine.log:31601	2026-09-05T01:29:58.579973497Z	/tmp/prysm-r2-extra-logs.Rd7MjT/round2-prysm-geth-19.tar.gz::snooper-engine.log:31601
19	8	snooper-engine.log	INFO	proxy	REQUEST #711: POST /	1	2026-09-05T01:30:12.591974236Z	/tmp/prysm-r2-extra-logs.Rd7MjT/round2-prysm-geth-19.tar.gz::snooper-engine.log:31677	2026-09-05T01:30:12.591974236Z	/tmp/prysm-r2-extra-logs.Rd7MjT/round2-prysm-geth-19.tar.gz::snooper-engine.log:31677
19	8	snooper-engine.log	INFO	proxy	REQUEST #713: POST /	1	2026-09-05T01:30:26.580246600Z	/tmp/prysm-r2-extra-logs.Rd7MjT/round2-prysm-geth-19.tar.gz::snooper-engine.log:31753	2026-09-05T01:30:26.580246600Z	/tmp/prysm-r2-extra-logs.Rd7MjT/round2-prysm-geth-19.tar.gz::snooper-engine.log:31753
19	8	snooper-engine.log	INFO	proxy	REQUEST #714: POST /	1	2026-09-05T01:30:40.580029673Z	/tmp/prysm-r2-extra-logs.Rd7MjT/round2-prysm-geth-19.tar.gz::snooper-engine.log:31800	2026-09-05T01:30:40.580029673Z	/tmp/prysm-r2-extra-logs.Rd7MjT/round2-prysm-geth-19.tar.gz::snooper-engine.log:31800
19	8	snooper-engine.log	INFO	proxy	REQUEST #716: POST /	1	2026-09-05T01:30:54.596195333Z	/tmp/prysm-r2-extra-logs.Rd7MjT/round2-prysm-geth-19.tar.gz::snooper-engine.log:31877	2026-09-05T01:30:54.596195333Z	/tmp/prysm-r2-extra-logs.Rd7MjT/round2-prysm-geth-19.tar.gz::snooper-engine.log:31877
19	8	snooper-engine.log	INFO	proxy	REQUEST #717: POST /	1	2026-09-05T01:31:08.580556662Z	/tmp/prysm-r2-extra-logs.Rd7MjT/round2-prysm-geth-19.tar.gz::snooper-engine.log:31924	2026-09-05T01:31:08.580556662Z	/tmp/prysm-r2-extra-logs.Rd7MjT/round2-prysm-geth-19.tar.gz::snooper-engine.log:31924
19	8	snooper-engine.log	INFO	proxy	REQUEST #718: POST /	1	2026-09-05T01:31:22.590524420Z	/tmp/prysm-r2-extra-logs.Rd7MjT/round2-prysm-geth-19.tar.gz::snooper-engine.log:31971	2026-09-05T01:31:22.590524420Z	/tmp/prysm-r2-extra-logs.Rd7MjT/round2-prysm-geth-19.tar.gz::snooper-engine.log:31971
19	8	snooper-engine.log	INFO	proxy	REQUEST #720: POST /	1	2026-09-05T01:31:36.586773827Z	/tmp/prysm-r2-extra-logs.Rd7MjT/round2-prysm-geth-19.tar.gz::snooper-engine.log:32055	2026-09-05T01:31:36.586773827Z	/tmp/prysm-r2-extra-logs.Rd7MjT/round2-prysm-geth-19.tar.gz::snooper-engine.log:32055
19	8	snooper-engine.log	INFO	proxy	REQUEST #722: POST /	1	2026-09-05T01:31:51.021547458Z	/tmp/prysm-r2-extra-logs.Rd7MjT/round2-prysm-geth-19.tar.gz::snooper-engine.log:32150	2026-09-05T01:31:51.021547458Z	/tmp/prysm-r2-extra-logs.Rd7MjT/round2-prysm-geth-19.tar.gz::snooper-engine.log:32150
19	8	snooper-engine.log	INFO	proxy	REQUEST #723: POST /	1	2026-09-05T01:32:04.579363731Z	/tmp/prysm-r2-extra-logs.Rd7MjT/round2-prysm-geth-19.tar.gz::snooper-engine.log:32197	2026-09-05T01:32:04.579363731Z	/tmp/prysm-r2-extra-logs.Rd7MjT/round2-prysm-geth-19.tar.gz::snooper-engine.log:32197
19	8	snooper-engine.log	INFO	proxy	REQUEST #724: POST /	1	2026-09-05T01:32:18.594142627Z	/tmp/prysm-r2-extra-logs.Rd7MjT/round2-prysm-geth-19.tar.gz::snooper-engine.log:32244	2026-09-05T01:32:18.594142627Z	/tmp/prysm-r2-extra-logs.Rd7MjT/round2-prysm-geth-19.tar.gz::snooper-engine.log:32244
19	8	snooper-engine.log	INFO	proxy	REQUEST #726: POST /	1	2026-09-05T01:32:32.583908428Z	/tmp/prysm-r2-extra-logs.Rd7MjT/round2-prysm-geth-19.tar.gz::snooper-engine.log:32320	2026-09-05T01:32:32.583908428Z	/tmp/prysm-r2-extra-logs.Rd7MjT/round2-prysm-geth-19.tar.gz::snooper-engine.log:32320
19	8	snooper-engine.log	INFO	proxy	REQUEST #727: POST /	1	2026-09-05T01:32:46.589680981Z	/tmp/prysm-r2-extra-logs.Rd7MjT/round2-prysm-geth-19.tar.gz::snooper-engine.log:32367	2026-09-05T01:32:46.589680981Z	/tmp/prysm-r2-extra-logs.Rd7MjT/round2-prysm-geth-19.tar.gz::snooper-engine.log:32367
19	8	snooper-engine.log	INFO	proxy	REQUEST #728: POST /	1	2026-09-05T01:33:00.580507777Z	/tmp/prysm-r2-extra-logs.Rd7MjT/round2-prysm-geth-19.tar.gz::snooper-engine.log:32415	2026-09-05T01:33:00.580507777Z	/tmp/prysm-r2-extra-logs.Rd7MjT/round2-prysm-geth-19.tar.gz::snooper-engine.log:32415
19	8	snooper-engine.log	INFO	proxy	REQUEST #732: POST /	1	2026-09-05T01:33:14.579208374Z	/tmp/prysm-r2-extra-logs.Rd7MjT/round2-prysm-geth-19.tar.gz::snooper-engine.log:32564	2026-09-05T01:33:14.579208374Z	/tmp/prysm-r2-extra-logs.Rd7MjT/round2-prysm-geth-19.tar.gz::snooper-engine.log:32564
19	8	snooper-engine.log	INFO	proxy	REQUEST #738: POST /	1	2026-09-05T01:33:26.999018741Z	/tmp/prysm-r2-extra-logs.Rd7MjT/round2-prysm-geth-19.tar.gz::snooper-engine.log:32786	2026-09-05T01:33:26.999018741Z	/tmp/prysm-r2-extra-logs.Rd7MjT/round2-prysm-geth-19.tar.gz::snooper-engine.log:32786
19	8	snooper-engine.log	INFO	proxy	REQUEST #740: POST /	1	2026-09-05T01:33:28.579200354Z	/tmp/prysm-r2-extra-logs.Rd7MjT/round2-prysm-geth-19.tar.gz::snooper-engine.log:32862	2026-09-05T01:33:28.579200354Z	/tmp/prysm-r2-extra-logs.Rd7MjT/round2-prysm-geth-19.tar.gz::snooper-engine.log:32862
19	8	snooper-engine.log	INFO	proxy	REQUEST #741: POST /	1	2026-09-05T01:33:28.579686333Z	/tmp/prysm-r2-extra-logs.Rd7MjT/round2-prysm-geth-19.tar.gz::snooper-engine.log:32909	2026-09-05T01:33:28.579686333Z	/tmp/prysm-r2-extra-logs.Rd7MjT/round2-prysm-geth-19.tar.gz::snooper-engine.log:32909
19	8	snooper-engine.log	INFO	proxy	REQUEST #742: POST /	1	2026-09-05T01:33:28.581059165Z	/tmp/prysm-r2-extra-logs.Rd7MjT/round2-prysm-geth-19.tar.gz::snooper-engine.log:32956	2026-09-05T01:33:28.581059165Z	/tmp/prysm-r2-extra-logs.Rd7MjT/round2-prysm-geth-19.tar.gz::snooper-engine.log:32956
19	8	snooper-engine.log	INFO	proxy	REQUEST #743: POST /	1	2026-09-05T01:33:28.581723091Z	/tmp/prysm-r2-extra-logs.Rd7MjT/round2-prysm-geth-19.tar.gz::snooper-engine.log:33003	2026-09-05T01:33:28.581723091Z	/tmp/prysm-r2-extra-logs.Rd7MjT/round2-prysm-geth-19.tar.gz::snooper-engine.log:33003
19	8	snooper-engine.log	INFO	proxy	REQUEST #744: POST /	1	2026-09-05T01:33:28.582610033Z	/tmp/prysm-r2-extra-logs.Rd7MjT/round2-prysm-geth-19.tar.gz::snooper-engine.log:33026	2026-09-05T01:33:28.582610033Z	/tmp/prysm-r2-extra-logs.Rd7MjT/round2-prysm-geth-19.tar.gz::snooper-engine.log:33026
19	8	snooper-engine.log	INFO	proxy	REQUEST #746: POST /	1	2026-09-05T01:33:42.579266552Z	/tmp/prysm-r2-extra-logs.Rd7MjT/round2-prysm-geth-19.tar.gz::snooper-engine.log:33079	2026-09-05T01:33:42.579266552Z	/tmp/prysm-r2-extra-logs.Rd7MjT/round2-prysm-geth-19.tar.gz::snooper-engine.log:33079
19	8	snooper-engine.log	INFO	proxy	REQUEST #750: POST /	1	2026-09-05T01:33:56.579452203Z	/tmp/prysm-r2-extra-logs.Rd7MjT/round2-prysm-geth-19.tar.gz::snooper-engine.log:33230	2026-09-05T01:33:56.579452203Z	/tmp/prysm-r2-extra-logs.Rd7MjT/round2-prysm-geth-19.tar.gz::snooper-engine.log:33230
19	8	snooper-engine.log	INFO	proxy	REQUEST engine_forkchoiceUpdatedV4	11	2026-09-05T01:30:12.004675726Z	/tmp/prysm-r2-extra-logs.Rd7MjT/round2-prysm-geth-19.tar.gz::snooper-engine.log:31648	2026-09-05T01:33:48.011299012Z	/tmp/prysm-r2-extra-logs.Rd7MjT/round2-prysm-geth-19.tar.gz::snooper-engine.log:33199
19	8	snooper-engine.log	INFO	proxy	REQUEST engine_getClientVersionV1	2	2026-09-05T01:30:50.420513869Z	/tmp/prysm-r2-extra-logs.Rd7MjT/round2-prysm-geth-19.tar.gz::snooper-engine.log:31848	2026-09-05T01:32:26.416726977Z	/tmp/prysm-r2-extra-logs.Rd7MjT/round2-prysm-geth-19.tar.gz::snooper-engine.log:32291
19	8	snooper-engine.log	INFO	proxy	REQUEST engine_getPayloadBodiesByHashV2	1	2026-09-05T01:33:26.999989961Z	/tmp/prysm-r2-extra-logs.Rd7MjT/round2-prysm-geth-19.tar.gz::snooper-engine.log:32837	2026-09-05T01:33:26.999989961Z	/tmp/prysm-r2-extra-logs.Rd7MjT/round2-prysm-geth-19.tar.gz::snooper-engine.log:32837
19	8	snooper-engine.log	INFO	proxy	REQUEST engine_getPayloadV6	1	2026-09-05T01:31:47.197292960Z	/tmp/prysm-r2-extra-logs.Rd7MjT/round2-prysm-geth-19.tar.gz::snooper-engine.log:32102	2026-09-05T01:31:47.197292960Z	/tmp/prysm-r2-extra-logs.Rd7MjT/round2-prysm-geth-19.tar.gz::snooper-engine.log:32102
19	8	snooper-engine.log	INFO	proxy	REQUEST engine_newPayloadV5	4	2026-09-05T01:33:01.660558023Z	/tmp/prysm-r2-extra-logs.Rd7MjT/round2-prysm-geth-19.tar.gz::snooper-engine.log:32462	2026-09-05T01:33:46.982557294Z	/tmp/prysm-r2-extra-logs.Rd7MjT/round2-prysm-geth-19.tar.gz::snooper-engine.log:33126
19	8	snooper-engine.log	INFO	proxy	RESPONSE	42	2026-09-05T01:29:58.580024795Z	/tmp/prysm-r2-extra-logs.Rd7MjT/round2-prysm-geth-19.tar.gz::snooper-engine.log:31612	2026-09-05T01:33:56.580020042Z	/tmp/prysm-r2-extra-logs.Rd7MjT/round2-prysm-geth-19.tar.gz::snooper-engine.log:33241
19	8	snooper-engine.log	INFO	proxy	fetched execution metadata	5	2026-09-05T01:29:49.102770671Z	/tmp/prysm-r2-extra-logs.Rd7MjT/round2-prysm-geth-19.tar.gz::snooper-engine.log:31600	2026-09-05T01:33:49.102593062Z	/tmp/prysm-r2-extra-logs.Rd7MjT/round2-prysm-geth-19.tar.gz::snooper-engine.log:33228
19	8	validator.log	ERROR	client	Could not check if any validator is a sync committee aggregator	5	2026-09-05T01:30:36.001389860Z	/tmp/prysm-r2-extra-logs.Rd7MjT/round2-prysm-geth-19.tar.gz::validator.log:689	2026-09-05T01:32:12.000577870Z	/tmp/prysm-r2-extra-logs.Rd7MjT/round2-prysm-geth-19.tar.gz::validator.log:1486
19	8	validator.log	ERROR	client	Could not get sync committee contribution	1	2026-09-05T01:30:24.000651160Z	/tmp/prysm-r2-extra-logs.Rd7MjT/round2-prysm-geth-19.tar.gz::validator.log:685	2026-09-05T01:30:24.000651160Z	/tmp/prysm-r2-extra-logs.Rd7MjT/round2-prysm-geth-19.tar.gz::validator.log:685
19	8	validator.log	ERROR	client	Could not get sync committee domain data	2	2026-09-05T01:31:36.001753260Z	/tmp/prysm-r2-extra-logs.Rd7MjT/round2-prysm-geth-19.tar.gz::validator.log:1333	2026-09-05T01:31:36.001778610Z	/tmp/prysm-r2-extra-logs.Rd7MjT/round2-prysm-geth-19.tar.gz::validator.log:1334
19	8	validator.log	ERROR	client	Could not request attestation to sign at slot	525	2026-09-05T01:30:36.002546744Z	/tmp/prysm-r2-extra-logs.Rd7MjT/round2-prysm-geth-19.tar.gz::validator.log:695	2026-09-05T01:32:24.008732510Z	/tmp/prysm-r2-extra-logs.Rd7MjT/round2-prysm-geth-19.tar.gz::validator.log:1662
19	8	validator.log	ERROR	client	Could not request payload attestation data	19	2026-09-05T01:30:36.004858893Z	/tmp/prysm-r2-extra-logs.Rd7MjT/round2-prysm-geth-19.tar.gz::validator.log:703	2026-09-05T01:32:12.003699857Z	/tmp/prysm-r2-extra-logs.Rd7MjT/round2-prysm-geth-19.tar.gz::validator.log:1528
19	8	validator.log	ERROR	client	Could not request sync message block root to sign	15	2026-09-05T01:30:36.004846886Z	/tmp/prysm-r2-extra-logs.Rd7MjT/round2-prysm-geth-19.tar.gz::validator.log:701	2026-09-05T01:32:12.002435292Z	/tmp/prysm-r2-extra-logs.Rd7MjT/round2-prysm-geth-19.tar.gz::validator.log:1517
19	8	validator.log	ERROR	client	Could not submit aggregate selection proof to beacon node	17	2026-09-05T01:30:24.001127300Z	/tmp/prysm-r2-extra-logs.Rd7MjT/round2-prysm-geth-19.tar.gz::validator.log:686	2026-09-05T01:32:24.008963063Z	/tmp/prysm-r2-extra-logs.Rd7MjT/round2-prysm-geth-19.tar.gz::validator.log:1663
19	8	validator.log	ERROR	client	Could not submit attestation to beacon node	68	2026-09-05T01:31:48.001357772Z	/tmp/prysm-r2-extra-logs.Rd7MjT/round2-prysm-geth-19.tar.gz::validator.log:1407	2026-09-05T01:31:48.005345462Z	/tmp/prysm-r2-extra-logs.Rd7MjT/round2-prysm-geth-19.tar.gz::validator.log:1478
19	8	validator.log	ERROR	client	Could not submit sync committee message	5	2026-09-05T01:31:36.000870601Z	/tmp/prysm-r2-extra-logs.Rd7MjT/round2-prysm-geth-19.tar.gz::validator.log:1332	2026-09-05T01:32:24.001316472Z	/tmp/prysm-r2-extra-logs.Rd7MjT/round2-prysm-geth-19.tar.gz::validator.log:1588
19	8	validator.log	ERROR	client	Couldn't write available attestation: failed to get attestation data	290	2026-09-05T01:30:36.002262557Z	/tmp/prysm-r2-extra-logs.Rd7MjT/round2-prysm-geth-19.tar.gz::validator.log:690	2026-09-05T01:30:36.029463813Z	/tmp/prysm-r2-extra-logs.Rd7MjT/round2-prysm-geth-19.tar.gz::validator.log:1069
19	8	validator.log	ERROR	client	Failed to request block from beacon node	1	2026-09-05T01:31:48.002692639Z	/tmp/prysm-r2-extra-logs.Rd7MjT/round2-prysm-geth-19.tar.gz::validator.log:1419	2026-09-05T01:31:48.002692639Z	/tmp/prysm-r2-extra-logs.Rd7MjT/round2-prysm-geth-19.tar.gz::validator.log:1419
19	8	validator.log	INFO	client	Duties schedule	32	2026-09-05T01:30:01.318857651Z	/tmp/prysm-r2-extra-logs.Rd7MjT/round2-prysm-geth-19.tar.gz::validator.log:650	2026-09-05T01:30:01.320867686Z	/tmp/prysm-r2-extra-logs.Rd7MjT/round2-prysm-geth-19.tar.gz::validator.log:681
19	8	validator.log	INFO	client	Schedule for epoch 0	1	2026-09-05T01:30:01.318815192Z	/tmp/prysm-r2-extra-logs.Rd7MjT/round2-prysm-geth-19.tar.gz::validator.log:649	2026-09-05T01:30:01.318815192Z	/tmp/prysm-r2-extra-logs.Rd7MjT/round2-prysm-geth-19.tar.gz::validator.log:649
19	8	validator.log	INFO	client	Skipping payload attestation: no block for slot	24	2026-09-05T01:31:35.328060395Z	/tmp/prysm-r2-extra-logs.Rd7MjT/round2-prysm-geth-19.tar.gz::validator.log:1330	2026-09-05T01:33:57.000927863Z	/tmp/prysm-r2-extra-logs.Rd7MjT/round2-prysm-geth-19.tar.gz::validator.log:1699
19	8	validator.log	INFO	client	Submitted new aggregate attestations	7	2026-09-05T01:31:57.323972791Z	/tmp/prysm-r2-extra-logs.Rd7MjT/round2-prysm-geth-19.tar.gz::validator.log:1484	2026-09-05T01:33:33.006598878Z	/tmp/prysm-r2-extra-logs.Rd7MjT/round2-prysm-geth-19.tar.gz::validator.log:1689
19	8	validator.log	INFO	client	Submitted new attestations	12	2026-09-05T01:30:09.003580746Z	/tmp/prysm-r2-extra-logs.Rd7MjT/round2-prysm-geth-19.tar.gz::validator.log:682	2026-09-05T01:33:57.001270891Z	/tmp/prysm-r2-extra-logs.Rd7MjT/round2-prysm-geth-19.tar.gz::validator.log:1700
19	8	validator.log	INFO	client	Submitted payload attestations	4	2026-09-05T01:30:09.003625758Z	/tmp/prysm-r2-extra-logs.Rd7MjT/round2-prysm-geth-19.tar.gz::validator.log:683	2026-09-05T01:33:33.006601973Z	/tmp/prysm-r2-extra-logs.Rd7MjT/round2-prysm-geth-19.tar.gz::validator.log:1690
19	8	validator.log	INFO	client	Submitted sync committee contributions and proofs	1	2026-09-05T01:33:57.001321660Z	/tmp/prysm-r2-extra-logs.Rd7MjT/round2-prysm-geth-19.tar.gz::validator.log:1702	2026-09-05T01:33:57.001321660Z	/tmp/prysm-r2-extra-logs.Rd7MjT/round2-prysm-geth-19.tar.gz::validator.log:1702
19	8	validator.log	INFO	client	Submitted sync committee messages	13	2026-09-05T01:30:09.003629679Z	/tmp/prysm-r2-extra-logs.Rd7MjT/round2-prysm-geth-19.tar.gz::validator.log:684	2026-09-05T01:33:57.001309392Z	/tmp/prysm-r2-extra-logs.Rd7MjT/round2-prysm-geth-19.tar.gz::validator.log:1701
19	8	validator.log	WARN	client	Could not get signed attestation data for aggregation	12	2026-09-05T01:30:36.004837811Z	/tmp/prysm-r2-extra-logs.Rd7MjT/round2-prysm-geth-19.tar.gz::validator.log:699	2026-09-05T01:32:24.007043135Z	/tmp/prysm-r2-extra-logs.Rd7MjT/round2-prysm-geth-19.tar.gz::validator.log:1639
20	13	beacon.log	ERROR	execution	Beacon node is not respecting the follow distance. EL client is syncing.	17	2026-09-05T01:29:48.385202244Z	/tmp/prysm-r2-extra-logs.Rd7MjT/round2-prysm-geth-20.tar.gz::beacon.log:352	2026-09-05T01:33:34.799963547Z	/tmp/prysm-r2-extra-logs.Rd7MjT/round2-prysm-geth-20.tar.gz::beacon.log:541
20	13	beacon.log	ERROR	rpc/validator	Fail to build block: could not get parent state	1	2026-09-05T01:32:48.038076668Z	/tmp/prysm-r2-extra-logs.Rd7MjT/round2-prysm-geth-20.tar.gz::beacon.log:531	2026-09-05T01:32:48.038076668Z	/tmp/prysm-r2-extra-logs.Rd7MjT/round2-prysm-geth-20.tar.gz::beacon.log:531
20	13	beacon.log	INFO	slots	10s until chain genesis	1	2026-09-05T01:29:49.469316274Z	/tmp/prysm-r2-extra-logs.Rd7MjT/round2-prysm-geth-20.tar.gz::beacon.log:354	2026-09-05T01:29:49.469316274Z	/tmp/prysm-r2-extra-logs.Rd7MjT/round2-prysm-geth-20.tar.gz::beacon.log:354
20	13	beacon.log	INFO	slots	11s until chain genesis	1	2026-09-05T01:29:48.468879588Z	/tmp/prysm-r2-extra-logs.Rd7MjT/round2-prysm-geth-20.tar.gz::beacon.log:353	2026-09-05T01:29:48.468879588Z	/tmp/prysm-r2-extra-logs.Rd7MjT/round2-prysm-geth-20.tar.gz::beacon.log:353
20	13	beacon.log	INFO	slots	1s until chain genesis	1	2026-09-05T01:29:58.469351428Z	/tmp/prysm-r2-extra-logs.Rd7MjT/round2-prysm-geth-20.tar.gz::beacon.log:363	2026-09-05T01:29:58.469351428Z	/tmp/prysm-r2-extra-logs.Rd7MjT/round2-prysm-geth-20.tar.gz::beacon.log:363
20	13	beacon.log	INFO	slots	2s until chain genesis	1	2026-09-05T01:29:57.469664178Z	/tmp/prysm-r2-extra-logs.Rd7MjT/round2-prysm-geth-20.tar.gz::beacon.log:362	2026-09-05T01:29:57.469664178Z	/tmp/prysm-r2-extra-logs.Rd7MjT/round2-prysm-geth-20.tar.gz::beacon.log:362
20	13	beacon.log	INFO	slots	3s until chain genesis	1	2026-09-05T01:29:56.469322355Z	/tmp/prysm-r2-extra-logs.Rd7MjT/round2-prysm-geth-20.tar.gz::beacon.log:361	2026-09-05T01:29:56.469322355Z	/tmp/prysm-r2-extra-logs.Rd7MjT/round2-prysm-geth-20.tar.gz::beacon.log:361
20	13	beacon.log	INFO	slots	4s until chain genesis	1	2026-09-05T01:29:55.468642535Z	/tmp/prysm-r2-extra-logs.Rd7MjT/round2-prysm-geth-20.tar.gz::beacon.log:360	2026-09-05T01:29:55.468642535Z	/tmp/prysm-r2-extra-logs.Rd7MjT/round2-prysm-geth-20.tar.gz::beacon.log:360
20	13	beacon.log	INFO	slots	5s until chain genesis	1	2026-09-05T01:29:54.469068689Z	/tmp/prysm-r2-extra-logs.Rd7MjT/round2-prysm-geth-20.tar.gz::beacon.log:359	2026-09-05T01:29:54.469068689Z	/tmp/prysm-r2-extra-logs.Rd7MjT/round2-prysm-geth-20.tar.gz::beacon.log:359
20	13	beacon.log	INFO	slots	6s until chain genesis	1	2026-09-05T01:29:53.468931664Z	/tmp/prysm-r2-extra-logs.Rd7MjT/round2-prysm-geth-20.tar.gz::beacon.log:358	2026-09-05T01:29:53.468931664Z	/tmp/prysm-r2-extra-logs.Rd7MjT/round2-prysm-geth-20.tar.gz::beacon.log:358
20	13	beacon.log	INFO	slots	7s until chain genesis	1	2026-09-05T01:29:52.469528993Z	/tmp/prysm-r2-extra-logs.Rd7MjT/round2-prysm-geth-20.tar.gz::beacon.log:357	2026-09-05T01:29:52.469528993Z	/tmp/prysm-r2-extra-logs.Rd7MjT/round2-prysm-geth-20.tar.gz::beacon.log:357
20	13	beacon.log	INFO	slots	8s until chain genesis	1	2026-09-05T01:29:51.468638502Z	/tmp/prysm-r2-extra-logs.Rd7MjT/round2-prysm-geth-20.tar.gz::beacon.log:356	2026-09-05T01:29:51.468638502Z	/tmp/prysm-r2-extra-logs.Rd7MjT/round2-prysm-geth-20.tar.gz::beacon.log:356
20	13	beacon.log	INFO	slots	9s until chain genesis	1	2026-09-05T01:29:50.469532983Z	/tmp/prysm-r2-extra-logs.Rd7MjT/round2-prysm-geth-20.tar.gz::beacon.log:355	2026-09-05T01:29:50.469532983Z	/tmp/prysm-r2-extra-logs.Rd7MjT/round2-prysm-geth-20.tar.gz::beacon.log:355
20	13	beacon.log	INFO	rpc/validator	Building block	1	2026-09-05T01:32:37.317155228Z	/tmp/prysm-r2-extra-logs.Rd7MjT/round2-prysm-geth-20.tar.gz::beacon.log:527	2026-09-05T01:32:37.317155228Z	/tmp/prysm-r2-extra-logs.Rd7MjT/round2-prysm-geth-20.tar.gz::beacon.log:527
20	13	beacon.log	INFO	slots	Chain genesis time reached	1	2026-09-05T01:30:00.469093615Z	/tmp/prysm-r2-extra-logs.Rd7MjT/round2-prysm-geth-20.tar.gz::beacon.log:511	2026-09-05T01:30:00.469093615Z	/tmp/prysm-r2-extra-logs.Rd7MjT/round2-prysm-geth-20.tar.gz::beacon.log:511
20	13	beacon.log	INFO	blockchain	Chain reorg occurred	4	2026-09-05T01:30:12.002234039Z	/tmp/prysm-r2-extra-logs.Rd7MjT/round2-prysm-geth-20.tar.gz::beacon.log:513	2026-09-05T01:33:36.888939311Z	/tmp/prysm-r2-extra-logs.Rd7MjT/round2-prysm-geth-20.tar.gz::beacon.log:543
20	13	beacon.log	INFO	p2p	Connected peers	4	2026-09-05T01:30:40.509985062Z	/tmp/prysm-r2-extra-logs.Rd7MjT/round2-prysm-geth-20.tar.gz::beacon.log:517	2026-09-05T01:33:40.503030417Z	/tmp/prysm-r2-extra-logs.Rd7MjT/round2-prysm-geth-20.tar.gz::beacon.log:545
20	13	beacon.log	INFO	blockchain	Finished applying state transition	3	2026-09-05T01:33:31.940170924Z	/tmp/prysm-r2-extra-logs.Rd7MjT/round2-prysm-geth-20.tar.gz::beacon.log:537	2026-09-05T01:33:55.553533371Z	/tmp/prysm-r2-extra-logs.Rd7MjT/round2-prysm-geth-20.tar.gz::beacon.log:547
20	13	beacon.log	INFO	blockchain	Forkchoice updated with payload attributes for proposal	1	2026-09-05T01:32:46.342761692Z	/tmp/prysm-r2-extra-logs.Rd7MjT/round2-prysm-geth-20.tar.gz::beacon.log:530	2026-09-05T01:32:46.342761692Z	/tmp/prysm-r2-extra-logs.Rd7MjT/round2-prysm-geth-20.tar.gz::beacon.log:530
20	13	beacon.log	INFO	sync	Skipping pending block already being processed	1	2026-09-05T01:33:24.488450685Z	/tmp/prysm-r2-extra-logs.Rd7MjT/round2-prysm-geth-20.tar.gz::beacon.log:535	2026-09-05T01:33:24.488450685Z	/tmp/prysm-r2-extra-logs.Rd7MjT/round2-prysm-geth-20.tar.gz::beacon.log:535
20	13	beacon.log	INFO	sync	Subscribed to	146	2026-09-05T01:30:00.001705844Z	/tmp/prysm-r2-extra-logs.Rd7MjT/round2-prysm-geth-20.tar.gz::beacon.log:364	2026-09-05T01:30:00.056960259Z	/tmp/prysm-r2-extra-logs.Rd7MjT/round2-prysm-geth-20.tar.gz::beacon.log:510
20	13	beacon.log	INFO	blockchain	Synced execution payload envelope	3	2026-09-05T01:33:36.681185657Z	/tmp/prysm-r2-extra-logs.Rd7MjT/round2-prysm-geth-20.tar.gz::beacon.log:542	2026-09-05T01:33:55.799749161Z	/tmp/prysm-r2-extra-logs.Rd7MjT/round2-prysm-geth-20.tar.gz::beacon.log:548
20	13	beacon.log	INFO	blockchain	Synced new block	3	2026-09-05T01:33:31.938993034Z	/tmp/prysm-r2-extra-logs.Rd7MjT/round2-prysm-geth-20.tar.gz::beacon.log:536	2026-09-05T01:33:55.553483291Z	/tmp/prysm-r2-extra-logs.Rd7MjT/round2-prysm-geth-20.tar.gz::beacon.log:546
20	13	beacon.log	INFO	p2p	Updating ENR Fork ID	1	2026-09-05T01:30:00.005213746Z	/tmp/prysm-r2-extra-logs.Rd7MjT/round2-prysm-geth-20.tar.gz::beacon.log:371	2026-09-05T01:30:00.005213746Z	/tmp/prysm-r2-extra-logs.Rd7MjT/round2-prysm-geth-20.tar.gz::beacon.log:371
20	13	execution.log	INFO	geth	Chain head was updated	2	2026-09-05T01:33:37.291521642Z	/tmp/prysm-r2-extra-logs.Rd7MjT/round2-prysm-geth-20.tar.gz::execution.log:105	2026-09-05T01:33:55.791542746Z	/tmp/prysm-r2-extra-logs.Rd7MjT/round2-prysm-geth-20.tar.gz::execution.log:109
20	13	execution.log	INFO	geth	Imported new potential chain segment	3	2026-09-05T01:33:32.283881815Z	/tmp/prysm-r2-extra-logs.Rd7MjT/round2-prysm-geth-20.tar.gz::execution.log:103	2026-09-05T01:33:55.637324188Z	/tmp/prysm-r2-extra-logs.Rd7MjT/round2-prysm-geth-20.tar.gz::execution.log:108
20	13	execution.log	INFO	geth	Indexed transactions	1	2026-09-05T01:33:37.291738542Z	/tmp/prysm-r2-extra-logs.Rd7MjT/round2-prysm-geth-20.tar.gz::execution.log:106	2026-09-05T01:33:37.291738542Z	/tmp/prysm-r2-extra-logs.Rd7MjT/round2-prysm-geth-20.tar.gz::execution.log:106
20	13	execution.log	INFO	geth	Starting work on payload	1	2026-09-05T01:32:42.085939638Z	/tmp/prysm-r2-extra-logs.Rd7MjT/round2-prysm-geth-20.tar.gz::execution.log:100	2026-09-05T01:32:42.085939638Z	/tmp/prysm-r2-extra-logs.Rd7MjT/round2-prysm-geth-20.tar.gz::execution.log:100
20	13	execution.log	INFO	geth	Stopping work on payload	1	2026-09-05T01:32:54.086509509Z	/tmp/prysm-r2-extra-logs.Rd7MjT/round2-prysm-geth-20.tar.gz::execution.log:102	2026-09-05T01:32:54.086509509Z	/tmp/prysm-r2-extra-logs.Rd7MjT/round2-prysm-geth-20.tar.gz::execution.log:102
20	13	execution.log	INFO	geth	Updated payload	1	2026-09-05T01:32:42.086329042Z	/tmp/prysm-r2-extra-logs.Rd7MjT/round2-prysm-geth-20.tar.gz::execution.log:101	2026-09-05T01:32:42.086329042Z	/tmp/prysm-r2-extra-logs.Rd7MjT/round2-prysm-geth-20.tar.gz::execution.log:101
20	13	execution.log	WARN	geth	Beacon client online, but no consensus updates received in a while. Please fix your beacon client to follow the chain!	1	2026-09-05T01:32:27.110912556Z	/tmp/prysm-r2-extra-logs.Rd7MjT/round2-prysm-geth-20.tar.gz::execution.log:99	2026-09-05T01:32:27.110912556Z	/tmp/prysm-r2-extra-logs.Rd7MjT/round2-prysm-geth-20.tar.gz::execution.log:99
20	13	execution.log	WARN	geth	Nil finalized block cannot evict old blobs	2	2026-09-05T01:33:37.291901846Z	/tmp/prysm-r2-extra-logs.Rd7MjT/round2-prysm-geth-20.tar.gz::execution.log:107	2026-09-05T01:33:55.794619082Z	/tmp/prysm-r2-extra-logs.Rd7MjT/round2-prysm-geth-20.tar.gz::execution.log:110
20	13	snooper-engine.log	INFO	proxy	REQUEST #704: POST /	1	2026-09-05T01:29:48.384191615Z	/tmp/prysm-r2-extra-logs.Rd7MjT/round2-prysm-geth-20.tar.gz::snooper-engine.log:31419	2026-09-05T01:29:48.384191615Z	/tmp/prysm-r2-extra-logs.Rd7MjT/round2-prysm-geth-20.tar.gz::snooper-engine.log:31419
20	13	snooper-engine.log	INFO	proxy	REQUEST #705: POST /	1	2026-09-05T01:30:02.386047583Z	/tmp/prysm-r2-extra-logs.Rd7MjT/round2-prysm-geth-20.tar.gz::snooper-engine.log:31467	2026-09-05T01:30:02.386047583Z	/tmp/prysm-r2-extra-logs.Rd7MjT/round2-prysm-geth-20.tar.gz::snooper-engine.log:31467
20	13	snooper-engine.log	INFO	proxy	REQUEST #707: POST /	1	2026-09-05T01:30:16.389627728Z	/tmp/prysm-r2-extra-logs.Rd7MjT/round2-prysm-geth-20.tar.gz::snooper-engine.log:31543	2026-09-05T01:30:16.389627728Z	/tmp/prysm-r2-extra-logs.Rd7MjT/round2-prysm-geth-20.tar.gz::snooper-engine.log:31543
20	13	snooper-engine.log	INFO	proxy	REQUEST #709: POST /	1	2026-09-05T01:30:30.392537772Z	/tmp/prysm-r2-extra-logs.Rd7MjT/round2-prysm-geth-20.tar.gz::snooper-engine.log:31619	2026-09-05T01:30:30.392537772Z	/tmp/prysm-r2-extra-logs.Rd7MjT/round2-prysm-geth-20.tar.gz::snooper-engine.log:31619
20	13	snooper-engine.log	INFO	proxy	REQUEST #710: POST /	1	2026-09-05T01:30:44.979972374Z	/tmp/prysm-r2-extra-logs.Rd7MjT/round2-prysm-geth-20.tar.gz::snooper-engine.log:31666	2026-09-05T01:30:44.979972374Z	/tmp/prysm-r2-extra-logs.Rd7MjT/round2-prysm-geth-20.tar.gz::snooper-engine.log:31666
20	13	snooper-engine.log	INFO	proxy	REQUEST #712: POST /	1	2026-09-05T01:30:58.717550820Z	/tmp/prysm-r2-extra-logs.Rd7MjT/round2-prysm-geth-20.tar.gz::snooper-engine.log:31743	2026-09-05T01:30:58.717550820Z	/tmp/prysm-r2-extra-logs.Rd7MjT/round2-prysm-geth-20.tar.gz::snooper-engine.log:31743
20	13	snooper-engine.log	INFO	proxy	REQUEST #713: POST /	1	2026-09-05T01:31:12.384736069Z	/tmp/prysm-r2-extra-logs.Rd7MjT/round2-prysm-geth-20.tar.gz::snooper-engine.log:31790	2026-09-05T01:31:12.384736069Z	/tmp/prysm-r2-extra-logs.Rd7MjT/round2-prysm-geth-20.tar.gz::snooper-engine.log:31790
20	13	snooper-engine.log	INFO	proxy	REQUEST #714: POST /	1	2026-09-05T01:31:26.390851599Z	/tmp/prysm-r2-extra-logs.Rd7MjT/round2-prysm-geth-20.tar.gz::snooper-engine.log:31837	2026-09-05T01:31:26.390851599Z	/tmp/prysm-r2-extra-logs.Rd7MjT/round2-prysm-geth-20.tar.gz::snooper-engine.log:31837
20	13	snooper-engine.log	INFO	proxy	REQUEST #715: POST /	1	2026-09-05T01:31:40.397686362Z	/tmp/prysm-r2-extra-logs.Rd7MjT/round2-prysm-geth-20.tar.gz::snooper-engine.log:31884	2026-09-05T01:31:40.397686362Z	/tmp/prysm-r2-extra-logs.Rd7MjT/round2-prysm-geth-20.tar.gz::snooper-engine.log:31884
20	13	snooper-engine.log	INFO	proxy	REQUEST #716: POST /	1	2026-09-05T01:31:54.389177298Z	/tmp/prysm-r2-extra-logs.Rd7MjT/round2-prysm-geth-20.tar.gz::snooper-engine.log:31932	2026-09-05T01:31:54.389177298Z	/tmp/prysm-r2-extra-logs.Rd7MjT/round2-prysm-geth-20.tar.gz::snooper-engine.log:31932
20	13	snooper-engine.log	INFO	proxy	REQUEST #717: POST /	1	2026-09-05T01:32:08.384192718Z	/tmp/prysm-r2-extra-logs.Rd7MjT/round2-prysm-geth-20.tar.gz::snooper-engine.log:31979	2026-09-05T01:32:08.384192718Z	/tmp/prysm-r2-extra-logs.Rd7MjT/round2-prysm-geth-20.tar.gz::snooper-engine.log:31979
20	13	snooper-engine.log	INFO	proxy	REQUEST #718: POST /	1	2026-09-05T01:32:22.402401050Z	/tmp/prysm-r2-extra-logs.Rd7MjT/round2-prysm-geth-20.tar.gz::snooper-engine.log:32026	2026-09-05T01:32:22.402401050Z	/tmp/prysm-r2-extra-logs.Rd7MjT/round2-prysm-geth-20.tar.gz::snooper-engine.log:32026
20	13	snooper-engine.log	INFO	proxy	REQUEST #720: POST /	1	2026-09-05T01:32:37.318122173Z	/tmp/prysm-r2-extra-logs.Rd7MjT/round2-prysm-geth-20.tar.gz::snooper-engine.log:32102	2026-09-05T01:32:37.318122173Z	/tmp/prysm-r2-extra-logs.Rd7MjT/round2-prysm-geth-20.tar.gz::snooper-engine.log:32102
20	13	snooper-engine.log	INFO	proxy	REQUEST #722: POST /	1	2026-09-05T01:32:50.384953105Z	/tmp/prysm-r2-extra-logs.Rd7MjT/round2-prysm-geth-20.tar.gz::snooper-engine.log:32187	2026-09-05T01:32:50.384953105Z	/tmp/prysm-r2-extra-logs.Rd7MjT/round2-prysm-geth-20.tar.gz::snooper-engine.log:32187
20	13	snooper-engine.log	INFO	proxy	REQUEST #723: POST /	1	2026-09-05T01:33:04.401209820Z	/tmp/prysm-r2-extra-logs.Rd7MjT/round2-prysm-geth-20.tar.gz::snooper-engine.log:32234	2026-09-05T01:33:04.401209820Z	/tmp/prysm-r2-extra-logs.Rd7MjT/round2-prysm-geth-20.tar.gz::snooper-engine.log:32234
20	13	snooper-engine.log	INFO	proxy	REQUEST #724: POST /	1	2026-09-05T01:33:18.391607028Z	/tmp/prysm-r2-extra-logs.Rd7MjT/round2-prysm-geth-20.tar.gz::snooper-engine.log:32281	2026-09-05T01:33:18.391607028Z	/tmp/prysm-r2-extra-logs.Rd7MjT/round2-prysm-geth-20.tar.gz::snooper-engine.log:32281
20	13	snooper-engine.log	INFO	proxy	REQUEST #727: POST /	1	2026-09-05T01:33:32.862918453Z	/tmp/prysm-r2-extra-logs.Rd7MjT/round2-prysm-geth-20.tar.gz::snooper-engine.log:32416	2026-09-05T01:33:32.862918453Z	/tmp/prysm-r2-extra-logs.Rd7MjT/round2-prysm-geth-20.tar.gz::snooper-engine.log:32416
20	13	snooper-engine.log	INFO	proxy	REQUEST #730: POST /	1	2026-09-05T01:33:46.390418581Z	/tmp/prysm-r2-extra-logs.Rd7MjT/round2-prysm-geth-20.tar.gz::snooper-engine.log:32521	2026-09-05T01:33:46.390418581Z	/tmp/prysm-r2-extra-logs.Rd7MjT/round2-prysm-geth-20.tar.gz::snooper-engine.log:32521
20	13	snooper-engine.log	INFO	proxy	REQUEST #731: POST /	1	2026-09-05T01:33:46.789753229Z	/tmp/prysm-r2-extra-logs.Rd7MjT/round2-prysm-geth-20.tar.gz::snooper-engine.log:32568	2026-09-05T01:33:46.789753229Z	/tmp/prysm-r2-extra-logs.Rd7MjT/round2-prysm-geth-20.tar.gz::snooper-engine.log:32568
20	13	snooper-engine.log	INFO	proxy	REQUEST #732: POST /	1	2026-09-05T01:33:46.797794169Z	/tmp/prysm-r2-extra-logs.Rd7MjT/round2-prysm-geth-20.tar.gz::snooper-engine.log:32615	2026-09-05T01:33:46.797794169Z	/tmp/prysm-r2-extra-logs.Rd7MjT/round2-prysm-geth-20.tar.gz::snooper-engine.log:32615
20	13	snooper-engine.log	INFO	proxy	REQUEST engine_forkchoiceUpdatedV4	6	2026-09-05T01:30:12.004015000Z	/tmp/prysm-r2-extra-logs.Rd7MjT/round2-prysm-geth-20.tar.gz::snooper-engine.log:31514	2026-09-05T01:33:55.791047140Z	/tmp/prysm-r2-extra-logs.Rd7MjT/round2-prysm-geth-20.tar.gz::snooper-engine.log:32683
20	13	snooper-engine.log	INFO	proxy	REQUEST engine_getClientVersionV1	2	2026-09-05T01:30:55.522343122Z	/tmp/prysm-r2-extra-logs.Rd7MjT/round2-prysm-geth-20.tar.gz::snooper-engine.log:31714	2026-09-05T01:32:31.517599655Z	/tmp/prysm-r2-extra-logs.Rd7MjT/round2-prysm-geth-20.tar.gz::snooper-engine.log:32073
20	13	snooper-engine.log	INFO	proxy	REQUEST engine_newPayloadV5	3	2026-09-05T01:33:32.281169362Z	/tmp/prysm-r2-extra-logs.Rd7MjT/round2-prysm-geth-20.tar.gz::snooper-engine.log:32328	2026-09-05T01:33:55.634976396Z	/tmp/prysm-r2-extra-logs.Rd7MjT/round2-prysm-geth-20.tar.gz::snooper-engine.log:32639
20	13	snooper-engine.log	INFO	proxy	RESPONSE	31	2026-09-05T01:29:48.384965568Z	/tmp/prysm-r2-extra-logs.Rd7MjT/round2-prysm-geth-20.tar.gz::snooper-engine.log:31430	2026-09-05T01:33:55.792045425Z	/tmp/prysm-r2-extra-logs.Rd7MjT/round2-prysm-geth-20.tar.gz::snooper-engine.log:32698
20	13	snooper-engine.log	INFO	proxy	fetched execution metadata	5	2026-09-05T01:29:48.899413950Z	/tmp/prysm-r2-extra-logs.Rd7MjT/round2-prysm-geth-20.tar.gz::snooper-engine.log:31466	2026-09-05T01:33:48.898144634Z	/tmp/prysm-r2-extra-logs.Rd7MjT/round2-prysm-geth-20.tar.gz::snooper-engine.log:32638
20	13	validator.log	ERROR	client	Could not request attestation to sign at slot	151	2026-09-05T01:32:00.000856398Z	/tmp/prysm-r2-extra-logs.Rd7MjT/round2-prysm-geth-20.tar.gz::validator.log:1041	2026-09-05T01:32:51.035969761Z	/tmp/prysm-r2-extra-logs.Rd7MjT/round2-prysm-geth-20.tar.gz::validator.log:1273
20	13	validator.log	ERROR	client	Could not request payload attestation data	22	2026-09-05T01:30:36.003541946Z	/tmp/prysm-r2-extra-logs.Rd7MjT/round2-prysm-geth-20.tar.gz::validator.log:700	2026-09-05T01:33:00.002375120Z	/tmp/prysm-r2-extra-logs.Rd7MjT/round2-prysm-geth-20.tar.gz::validator.log:1287
20	13	validator.log	ERROR	client	Could not sign aggregate and proof	1	2026-09-05T01:30:24.001017371Z	/tmp/prysm-r2-extra-logs.Rd7MjT/round2-prysm-geth-20.tar.gz::validator.log:687	2026-09-05T01:30:24.001017371Z	/tmp/prysm-r2-extra-logs.Rd7MjT/round2-prysm-geth-20.tar.gz::validator.log:687
20	13	validator.log	ERROR	client	Could not submit aggregate selection proof to beacon node	20	2026-09-05T01:30:36.012379636Z	/tmp/prysm-r2-extra-logs.Rd7MjT/round2-prysm-geth-20.tar.gz::validator.log:753	2026-09-05T01:33:12.006706194Z	/tmp/prysm-r2-extra-logs.Rd7MjT/round2-prysm-geth-20.tar.gz::validator.log:1377
20	13	validator.log	ERROR	client	Could not submit attestation to beacon node	255	2026-09-05T01:31:12.005825112Z	/tmp/prysm-r2-extra-logs.Rd7MjT/round2-prysm-geth-20.tar.gz::validator.log:930	2026-09-05T01:33:12.007088353Z	/tmp/prysm-r2-extra-logs.Rd7MjT/round2-prysm-geth-20.tar.gz::validator.log:1389
20	13	validator.log	ERROR	client	Could not submit signed aggregate and proof to beacon node	1	2026-09-05T01:30:24.001317351Z	/tmp/prysm-r2-extra-logs.Rd7MjT/round2-prysm-geth-20.tar.gz::validator.log:688	2026-09-05T01:30:24.001317351Z	/tmp/prysm-r2-extra-logs.Rd7MjT/round2-prysm-geth-20.tar.gz::validator.log:688
20	13	validator.log	ERROR	client	Failed to request block from beacon node	1	2026-09-05T01:32:48.008413834Z	/tmp/prysm-r2-extra-logs.Rd7MjT/round2-prysm-geth-20.tar.gz::validator.log:1221	2026-09-05T01:32:48.008413834Z	/tmp/prysm-r2-extra-logs.Rd7MjT/round2-prysm-geth-20.tar.gz::validator.log:1221
20	13	validator.log	ERROR	client	failed to propose available attestation	222	2026-09-05T01:30:36.000846214Z	/tmp/prysm-r2-extra-logs.Rd7MjT/round2-prysm-geth-20.tar.gz::validator.log:690	2026-09-05T01:30:36.027130783Z	/tmp/prysm-r2-extra-logs.Rd7MjT/round2-prysm-geth-20.tar.gz::validator.log:919
20	13	validator.log	INFO	client	Duties schedule	32	2026-09-05T01:30:03.046121042Z	/tmp/prysm-r2-extra-logs.Rd7MjT/round2-prysm-geth-20.tar.gz::validator.log:650	2026-09-05T01:30:03.057666265Z	/tmp/prysm-r2-extra-logs.Rd7MjT/round2-prysm-geth-20.tar.gz::validator.log:681
20	13	validator.log	INFO	client	Schedule for epoch 0	1	2026-09-05T01:30:03.046074741Z	/tmp/prysm-r2-extra-logs.Rd7MjT/round2-prysm-geth-20.tar.gz::validator.log:649	2026-09-05T01:30:03.046074741Z	/tmp/prysm-r2-extra-logs.Rd7MjT/round2-prysm-geth-20.tar.gz::validator.log:649
20	13	validator.log	INFO	client	Skipping payload attestation: no block for slot	23	2026-09-05T01:30:23.055828613Z	/tmp/prysm-r2-extra-logs.Rd7MjT/round2-prysm-geth-20.tar.gz::validator.log:685	2026-09-05T01:33:57.279999731Z	/tmp/prysm-r2-extra-logs.Rd7MjT/round2-prysm-geth-20.tar.gz::validator.log:1405
20	13	validator.log	INFO	client	Submitted new aggregate attestations	5	2026-09-05T01:30:09.006363743Z	/tmp/prysm-r2-extra-logs.Rd7MjT/round2-prysm-geth-20.tar.gz::validator.log:683	2026-09-05T01:33:57.635962476Z	/tmp/prysm-r2-extra-logs.Rd7MjT/round2-prysm-geth-20.tar.gz::validator.log:1407
20	13	validator.log	INFO	client	Submitted new attestations	17	2026-09-05T01:30:09.006314730Z	/tmp/prysm-r2-extra-logs.Rd7MjT/round2-prysm-geth-20.tar.gz::validator.log:682	2026-09-05T01:33:57.635726438Z	/tmp/prysm-r2-extra-logs.Rd7MjT/round2-prysm-geth-20.tar.gz::validator.log:1406
20	13	validator.log	INFO	client	Submitted payload attestations	1	2026-09-05T01:30:09.006381364Z	/tmp/prysm-r2-extra-logs.Rd7MjT/round2-prysm-geth-20.tar.gz::validator.log:684	2026-09-05T01:30:09.006381364Z	/tmp/prysm-r2-extra-logs.Rd7MjT/round2-prysm-geth-20.tar.gz::validator.log:684
20	13	validator.log	WARN	client	Could not get signed attestation data for aggregation	1	2026-09-05T01:32:51.034603428Z	/tmp/prysm-r2-extra-logs.Rd7MjT/round2-prysm-geth-20.tar.gz::validator.log:1271	2026-09-05T01:32:51.034603428Z	/tmp/prysm-r2-extra-logs.Rd7MjT/round2-prysm-geth-20.tar.gz::validator.log:1271
20	13	validator.log	WARN	client	No attestations to aggregate	6	2026-09-05T01:30:46.067731598Z	/tmp/prysm-r2-extra-logs.Rd7MjT/round2-prysm-geth-20.tar.gz::validator.log:922	2026-09-05T01:33:23.839158210Z	/tmp/prysm-r2-extra-logs.Rd7MjT/round2-prysm-geth-20.tar.gz::validator.log:1393
22	3	beacon.log	ERROR	execution	Beacon node is not respecting the follow distance. EL client is syncing.	17	2026-09-05T01:29:58.946548968Z	/tmp/prysm-r2-extra-logs.Rd7MjT/round2-prysm-geth-22.tar.gz::beacon.log:354	2026-09-05T01:33:56.972717990Z	/tmp/prysm-r2-extra-logs.Rd7MjT/round2-prysm-geth-22.tar.gz::beacon.log:606
22	3	beacon.log	ERROR	rpc/core	Forkchoice head root does not match head root	1	2026-09-05T01:33:17.809453820Z	/tmp/prysm-r2-extra-logs.Rd7MjT/round2-prysm-geth-22.tar.gz::beacon.log:587	2026-09-05T01:33:17.809453820Z	/tmp/prysm-r2-extra-logs.Rd7MjT/round2-prysm-geth-22.tar.gz::beacon.log:587
22	3	beacon.log	INFO	slots	10s until chain genesis	1	2026-09-05T01:29:49.441217332Z	/tmp/prysm-r2-extra-logs.Rd7MjT/round2-prysm-geth-22.tar.gz::beacon.log:343	2026-09-05T01:29:49.441217332Z	/tmp/prysm-r2-extra-logs.Rd7MjT/round2-prysm-geth-22.tar.gz::beacon.log:343
22	3	beacon.log	INFO	slots	11s until chain genesis	1	2026-09-05T01:29:48.441520918Z	/tmp/prysm-r2-extra-logs.Rd7MjT/round2-prysm-geth-22.tar.gz::beacon.log:342	2026-09-05T01:29:48.441520918Z	/tmp/prysm-r2-extra-logs.Rd7MjT/round2-prysm-geth-22.tar.gz::beacon.log:342
22	3	beacon.log	INFO	slots	1s until chain genesis	1	2026-09-05T01:29:58.440899978Z	/tmp/prysm-r2-extra-logs.Rd7MjT/round2-prysm-geth-22.tar.gz::beacon.log:353	2026-09-05T01:29:58.440899978Z	/tmp/prysm-r2-extra-logs.Rd7MjT/round2-prysm-geth-22.tar.gz::beacon.log:353
22	3	beacon.log	INFO	slots	2s until chain genesis	1	2026-09-05T01:29:57.440682165Z	/tmp/prysm-r2-extra-logs.Rd7MjT/round2-prysm-geth-22.tar.gz::beacon.log:352	2026-09-05T01:29:57.440682165Z	/tmp/prysm-r2-extra-logs.Rd7MjT/round2-prysm-geth-22.tar.gz::beacon.log:352
22	3	beacon.log	INFO	slots	3s until chain genesis	1	2026-09-05T01:29:56.441265645Z	/tmp/prysm-r2-extra-logs.Rd7MjT/round2-prysm-geth-22.tar.gz::beacon.log:351	2026-09-05T01:29:56.441265645Z	/tmp/prysm-r2-extra-logs.Rd7MjT/round2-prysm-geth-22.tar.gz::beacon.log:351
22	3	beacon.log	INFO	slots	4s until chain genesis	1	2026-09-05T01:29:55.440412688Z	/tmp/prysm-r2-extra-logs.Rd7MjT/round2-prysm-geth-22.tar.gz::beacon.log:350	2026-09-05T01:29:55.440412688Z	/tmp/prysm-r2-extra-logs.Rd7MjT/round2-prysm-geth-22.tar.gz::beacon.log:350
22	3	beacon.log	INFO	slots	5s until chain genesis	1	2026-09-05T01:29:54.441524149Z	/tmp/prysm-r2-extra-logs.Rd7MjT/round2-prysm-geth-22.tar.gz::beacon.log:349	2026-09-05T01:29:54.441524149Z	/tmp/prysm-r2-extra-logs.Rd7MjT/round2-prysm-geth-22.tar.gz::beacon.log:349
22	3	beacon.log	INFO	slots	6s until chain genesis	1	2026-09-05T01:29:53.440890916Z	/tmp/prysm-r2-extra-logs.Rd7MjT/round2-prysm-geth-22.tar.gz::beacon.log:348	2026-09-05T01:29:53.440890916Z	/tmp/prysm-r2-extra-logs.Rd7MjT/round2-prysm-geth-22.tar.gz::beacon.log:348
22	3	beacon.log	INFO	slots	7s until chain genesis	1	2026-09-05T01:29:52.441045397Z	/tmp/prysm-r2-extra-logs.Rd7MjT/round2-prysm-geth-22.tar.gz::beacon.log:347	2026-09-05T01:29:52.441045397Z	/tmp/prysm-r2-extra-logs.Rd7MjT/round2-prysm-geth-22.tar.gz::beacon.log:347
22	3	beacon.log	INFO	slots	8s until chain genesis	1	2026-09-05T01:29:51.440732493Z	/tmp/prysm-r2-extra-logs.Rd7MjT/round2-prysm-geth-22.tar.gz::beacon.log:346	2026-09-05T01:29:51.440732493Z	/tmp/prysm-r2-extra-logs.Rd7MjT/round2-prysm-geth-22.tar.gz::beacon.log:346
22	3	beacon.log	INFO	slots	9s until chain genesis	1	2026-09-05T01:29:50.440592845Z	/tmp/prysm-r2-extra-logs.Rd7MjT/round2-prysm-geth-22.tar.gz::beacon.log:344	2026-09-05T01:29:50.440592845Z	/tmp/prysm-r2-extra-logs.Rd7MjT/round2-prysm-geth-22.tar.gz::beacon.log:344
22	3	beacon.log	INFO	blockchain	Attempted late block reorg aborted due to attestations after threshold	1	2026-09-05T01:33:35.609866906Z	/tmp/prysm-r2-extra-logs.Rd7MjT/round2-prysm-geth-22.tar.gz::beacon.log:595	2026-09-05T01:33:35.609866906Z	/tmp/prysm-r2-extra-logs.Rd7MjT/round2-prysm-geth-22.tar.gz::beacon.log:595
22	3	beacon.log	INFO	slots	Chain genesis time reached	1	2026-09-05T01:30:00.440585406Z	/tmp/prysm-r2-extra-logs.Rd7MjT/round2-prysm-geth-22.tar.gz::beacon.log:503	2026-09-05T01:30:00.440585406Z	/tmp/prysm-r2-extra-logs.Rd7MjT/round2-prysm-geth-22.tar.gz::beacon.log:503
22	3	beacon.log	INFO	blockchain	Chain reorg occurred	6	2026-09-05T01:30:12.001389282Z	/tmp/prysm-r2-extra-logs.Rd7MjT/round2-prysm-geth-22.tar.gz::beacon.log:504	2026-09-05T01:33:58.111783012Z	/tmp/prysm-r2-extra-logs.Rd7MjT/round2-prysm-geth-22.tar.gz::beacon.log:607
22	3	beacon.log	INFO	p2p	Connected peers	5	2026-09-05T01:29:50.456807183Z	/tmp/prysm-r2-extra-logs.Rd7MjT/round2-prysm-geth-22.tar.gz::beacon.log:345	2026-09-05T01:33:50.469940882Z	/tmp/prysm-r2-extra-logs.Rd7MjT/round2-prysm-geth-22.tar.gz::beacon.log:601
22	3	beacon.log	INFO	blockchain	Finished applying state transition	4	2026-09-05T01:33:17.792533846Z	/tmp/prysm-r2-extra-logs.Rd7MjT/round2-prysm-geth-22.tar.gz::beacon.log:586	2026-09-05T01:33:52.478238361Z	/tmp/prysm-r2-extra-logs.Rd7MjT/round2-prysm-geth-22.tar.gz::beacon.log:604
22	3	beacon.log	INFO	blockchain	Forkchoice updated with payload attributes for proposal	1	2026-09-05T01:30:39.126161692Z	/tmp/prysm-r2-extra-logs.Rd7MjT/round2-prysm-geth-22.tar.gz::beacon.log:509	2026-09-05T01:30:39.126161692Z	/tmp/prysm-r2-extra-logs.Rd7MjT/round2-prysm-geth-22.tar.gz::beacon.log:509
22	3	beacon.log	INFO	sync	Subscribed to	147	2026-09-05T01:30:00.004372215Z	/tmp/prysm-r2-extra-logs.Rd7MjT/round2-prysm-geth-22.tar.gz::beacon.log:356	2026-09-05T01:30:00.112767745Z	/tmp/prysm-r2-extra-logs.Rd7MjT/round2-prysm-geth-22.tar.gz::beacon.log:502
22	3	beacon.log	INFO	blockchain	Synced execution payload envelope	6	2026-09-05T01:33:30.097823331Z	/tmp/prysm-r2-extra-logs.Rd7MjT/round2-prysm-geth-22.tar.gz::beacon.log:592	2026-09-05T01:33:52.659430781Z	/tmp/prysm-r2-extra-logs.Rd7MjT/round2-prysm-geth-22.tar.gz::beacon.log:605
22	3	beacon.log	INFO	blockchain	Synced new block	4	2026-09-05T01:33:17.792276781Z	/tmp/prysm-r2-extra-logs.Rd7MjT/round2-prysm-geth-22.tar.gz::beacon.log:585	2026-09-05T01:33:52.478210221Z	/tmp/prysm-r2-extra-logs.Rd7MjT/round2-prysm-geth-22.tar.gz::beacon.log:603
22	3	beacon.log	INFO	p2p	Updating ENR Fork ID	1	2026-09-05T01:30:00.001433119Z	/tmp/prysm-r2-extra-logs.Rd7MjT/round2-prysm-geth-22.tar.gz::beacon.log:355	2026-09-05T01:30:00.001433119Z	/tmp/prysm-r2-extra-logs.Rd7MjT/round2-prysm-geth-22.tar.gz::beacon.log:355
22	3	beacon.log	WARN	blockchain	Could not process attestation for fork choice	60	2026-09-05T01:33:10.007999086Z	/tmp/prysm-r2-extra-logs.Rd7MjT/round2-prysm-geth-22.tar.gz::beacon.log:524	2026-09-05T01:33:10.014867278Z	/tmp/prysm-r2-extra-logs.Rd7MjT/round2-prysm-geth-22.tar.gz::beacon.log:583
22	3	beacon.log	WARN	p2p	Sync Committee Message is too old to broadcast, discarding it	1	2026-09-05T01:30:28.199909165Z	/tmp/prysm-r2-extra-logs.Rd7MjT/round2-prysm-geth-22.tar.gz::beacon.log:508	2026-09-05T01:30:28.199909165Z	/tmp/prysm-r2-extra-logs.Rd7MjT/round2-prysm-geth-22.tar.gz::beacon.log:508
22	3	execution.log	INFO	geth	Chain head was updated	6	2026-09-05T01:33:29.964432618Z	/tmp/prysm-r2-extra-logs.Rd7MjT/round2-prysm-geth-22.tar.gz::execution.log:92	2026-09-05T01:33:58.314313115Z	/tmp/prysm-r2-extra-logs.Rd7MjT/round2-prysm-geth-22.tar.gz::execution.log:110
22	3	execution.log	INFO	geth	Chain reorg detected	1	2026-09-05T01:33:52.657124804Z	/tmp/prysm-r2-extra-logs.Rd7MjT/round2-prysm-geth-22.tar.gz::execution.log:106	2026-09-05T01:33:52.657124804Z	/tmp/prysm-r2-extra-logs.Rd7MjT/round2-prysm-geth-22.tar.gz::execution.log:106
22	3	execution.log	INFO	geth	Imported new potential chain segment	4	2026-09-05T01:33:19.357496193Z	/tmp/prysm-r2-extra-logs.Rd7MjT/round2-prysm-geth-22.tar.gz::execution.log:90	2026-09-05T01:33:52.648326716Z	/tmp/prysm-r2-extra-logs.Rd7MjT/round2-prysm-geth-22.tar.gz::execution.log:105
22	3	execution.log	INFO	geth	Indexed transactions	1	2026-09-05T01:33:29.966094208Z	/tmp/prysm-r2-extra-logs.Rd7MjT/round2-prysm-geth-22.tar.gz::execution.log:93	2026-09-05T01:33:29.966094208Z	/tmp/prysm-r2-extra-logs.Rd7MjT/round2-prysm-geth-22.tar.gz::execution.log:93
22	3	execution.log	INFO	geth	Shorten chain	2	2026-09-05T01:33:46.147923961Z	/tmp/prysm-r2-extra-logs.Rd7MjT/round2-prysm-geth-22.tar.gz::execution.log:100	2026-09-05T01:33:58.314255524Z	/tmp/prysm-r2-extra-logs.Rd7MjT/round2-prysm-geth-22.tar.gz::execution.log:109
22	3	execution.log	INFO	geth	Starting work on payload	1	2026-09-05T01:30:34.557776825Z	/tmp/prysm-r2-extra-logs.Rd7MjT/round2-prysm-geth-22.tar.gz::execution.log:86	2026-09-05T01:30:34.557776825Z	/tmp/prysm-r2-extra-logs.Rd7MjT/round2-prysm-geth-22.tar.gz::execution.log:86
22	3	execution.log	INFO	geth	Stopping work on payload	1	2026-09-05T01:30:46.558112399Z	/tmp/prysm-r2-extra-logs.Rd7MjT/round2-prysm-geth-22.tar.gz::execution.log:88	2026-09-05T01:30:46.558112399Z	/tmp/prysm-r2-extra-logs.Rd7MjT/round2-prysm-geth-22.tar.gz::execution.log:88
22	3	execution.log	INFO	geth	Updated payload	1	2026-09-05T01:30:34.558450418Z	/tmp/prysm-r2-extra-logs.Rd7MjT/round2-prysm-geth-22.tar.gz::execution.log:87	2026-09-05T01:30:34.558450418Z	/tmp/prysm-r2-extra-logs.Rd7MjT/round2-prysm-geth-22.tar.gz::execution.log:87
22	3	execution.log	WARN	geth	Beacon client online, but no consensus updates received in a while. Please fix your beacon client to follow the chain!	1	2026-09-05T01:32:34.139827629Z	/tmp/prysm-r2-extra-logs.Rd7MjT/round2-prysm-geth-22.tar.gz::execution.log:89	2026-09-05T01:32:34.139827629Z	/tmp/prysm-r2-extra-logs.Rd7MjT/round2-prysm-geth-22.tar.gz::execution.log:89
22	3	execution.log	WARN	geth	Ignoring already known beacon payload	2	2026-09-05T01:33:31.518602042Z	/tmp/prysm-r2-extra-logs.Rd7MjT/round2-prysm-geth-22.tar.gz::execution.log:95	2026-09-05T01:33:38.614500338Z	/tmp/prysm-r2-extra-logs.Rd7MjT/round2-prysm-geth-22.tar.gz::execution.log:99
22	3	execution.log	WARN	geth	Nil finalized block cannot evict old blobs	6	2026-09-05T01:33:29.966570928Z	/tmp/prysm-r2-extra-logs.Rd7MjT/round2-prysm-geth-22.tar.gz::execution.log:94	2026-09-05T01:33:58.314321673Z	/tmp/prysm-r2-extra-logs.Rd7MjT/round2-prysm-geth-22.tar.gz::execution.log:111
22	3	snooper-engine.log	INFO	proxy	REQUEST #716: POST /	1	2026-09-05T01:29:58.945667708Z	/tmp/prysm-r2-extra-logs.Rd7MjT/round2-prysm-geth-22.tar.gz::snooper-engine.log:31793	2026-09-05T01:29:58.945667708Z	/tmp/prysm-r2-extra-logs.Rd7MjT/round2-prysm-geth-22.tar.gz::snooper-engine.log:31793
22	3	snooper-engine.log	INFO	proxy	REQUEST #718: POST /	1	2026-09-05T01:30:12.966807875Z	/tmp/prysm-r2-extra-logs.Rd7MjT/round2-prysm-geth-22.tar.gz::snooper-engine.log:31869	2026-09-05T01:30:12.966807875Z	/tmp/prysm-r2-extra-logs.Rd7MjT/round2-prysm-geth-22.tar.gz::snooper-engine.log:31869
22	3	snooper-engine.log	INFO	proxy	REQUEST #720: POST /	1	2026-09-05T01:30:28.192551875Z	/tmp/prysm-r2-extra-logs.Rd7MjT/round2-prysm-geth-22.tar.gz::snooper-engine.log:31945	2026-09-05T01:30:28.192551875Z	/tmp/prysm-r2-extra-logs.Rd7MjT/round2-prysm-geth-22.tar.gz::snooper-engine.log:31945
22	3	snooper-engine.log	INFO	proxy	REQUEST #722: POST /	1	2026-09-05T01:30:40.955213924Z	/tmp/prysm-r2-extra-logs.Rd7MjT/round2-prysm-geth-22.tar.gz::snooper-engine.log:32029	2026-09-05T01:30:40.955213924Z	/tmp/prysm-r2-extra-logs.Rd7MjT/round2-prysm-geth-22.tar.gz::snooper-engine.log:32029
22	3	snooper-engine.log	INFO	proxy	REQUEST #723: POST /	1	2026-09-05T01:30:54.960646294Z	/tmp/prysm-r2-extra-logs.Rd7MjT/round2-prysm-geth-22.tar.gz::snooper-engine.log:32077	2026-09-05T01:30:54.960646294Z	/tmp/prysm-r2-extra-logs.Rd7MjT/round2-prysm-geth-22.tar.gz::snooper-engine.log:32077
22	3	snooper-engine.log	INFO	proxy	REQUEST #725: POST /	1	2026-09-05T01:31:09.862156064Z	/tmp/prysm-r2-extra-logs.Rd7MjT/round2-prysm-geth-22.tar.gz::snooper-engine.log:32153	2026-09-05T01:31:09.862156064Z	/tmp/prysm-r2-extra-logs.Rd7MjT/round2-prysm-geth-22.tar.gz::snooper-engine.log:32153
22	3	snooper-engine.log	INFO	proxy	REQUEST #726: POST /	1	2026-09-05T01:31:22.959496716Z	/tmp/prysm-r2-extra-logs.Rd7MjT/round2-prysm-geth-22.tar.gz::snooper-engine.log:32200	2026-09-05T01:31:22.959496716Z	/tmp/prysm-r2-extra-logs.Rd7MjT/round2-prysm-geth-22.tar.gz::snooper-engine.log:32200
22	3	snooper-engine.log	INFO	proxy	REQUEST #727: POST /	1	2026-09-05T01:31:36.951167044Z	/tmp/prysm-r2-extra-logs.Rd7MjT/round2-prysm-geth-22.tar.gz::snooper-engine.log:32247	2026-09-05T01:31:36.951167044Z	/tmp/prysm-r2-extra-logs.Rd7MjT/round2-prysm-geth-22.tar.gz::snooper-engine.log:32247
22	3	snooper-engine.log	INFO	proxy	REQUEST #728: POST /	1	2026-09-05T01:31:50.946537408Z	/tmp/prysm-r2-extra-logs.Rd7MjT/round2-prysm-geth-22.tar.gz::snooper-engine.log:32294	2026-09-05T01:31:50.946537408Z	/tmp/prysm-r2-extra-logs.Rd7MjT/round2-prysm-geth-22.tar.gz::snooper-engine.log:32294
22	3	snooper-engine.log	INFO	proxy	REQUEST #729: POST /	1	2026-09-05T01:32:04.951921201Z	/tmp/prysm-r2-extra-logs.Rd7MjT/round2-prysm-geth-22.tar.gz::snooper-engine.log:32342	2026-09-05T01:32:04.951921201Z	/tmp/prysm-r2-extra-logs.Rd7MjT/round2-prysm-geth-22.tar.gz::snooper-engine.log:32342
22	3	snooper-engine.log	INFO	proxy	REQUEST #730: POST /	1	2026-09-05T01:32:18.949490421Z	/tmp/prysm-r2-extra-logs.Rd7MjT/round2-prysm-geth-22.tar.gz::snooper-engine.log:32389	2026-09-05T01:32:18.949490421Z	/tmp/prysm-r2-extra-logs.Rd7MjT/round2-prysm-geth-22.tar.gz::snooper-engine.log:32389
22	3	snooper-engine.log	INFO	proxy	REQUEST #731: POST /	1	2026-09-05T01:32:32.962463086Z	/tmp/prysm-r2-extra-logs.Rd7MjT/round2-prysm-geth-22.tar.gz::snooper-engine.log:32436	2026-09-05T01:32:32.962463086Z	/tmp/prysm-r2-extra-logs.Rd7MjT/round2-prysm-geth-22.tar.gz::snooper-engine.log:32436
22	3	snooper-engine.log	INFO	proxy	REQUEST #733: POST /	1	2026-09-05T01:32:46.980529508Z	/tmp/prysm-r2-extra-logs.Rd7MjT/round2-prysm-geth-22.tar.gz::snooper-engine.log:32512	2026-09-05T01:32:46.980529508Z	/tmp/prysm-r2-extra-logs.Rd7MjT/round2-prysm-geth-22.tar.gz::snooper-engine.log:32512
22	3	snooper-engine.log	INFO	proxy	REQUEST #734: POST /	1	2026-09-05T01:33:00.963035227Z	/tmp/prysm-r2-extra-logs.Rd7MjT/round2-prysm-geth-22.tar.gz::snooper-engine.log:32560	2026-09-05T01:33:00.963035227Z	/tmp/prysm-r2-extra-logs.Rd7MjT/round2-prysm-geth-22.tar.gz::snooper-engine.log:32560
22	3	snooper-engine.log	INFO	proxy	REQUEST #735: POST /	1	2026-09-05T01:33:14.951270723Z	/tmp/prysm-r2-extra-logs.Rd7MjT/round2-prysm-geth-22.tar.gz::snooper-engine.log:32607	2026-09-05T01:33:14.951270723Z	/tmp/prysm-r2-extra-logs.Rd7MjT/round2-prysm-geth-22.tar.gz::snooper-engine.log:32607
22	3	snooper-engine.log	INFO	proxy	REQUEST #737: POST /	1	2026-09-05T01:33:28.951334048Z	/tmp/prysm-r2-extra-logs.Rd7MjT/round2-prysm-geth-22.tar.gz::snooper-engine.log:32698	2026-09-05T01:33:28.951334048Z	/tmp/prysm-r2-extra-logs.Rd7MjT/round2-prysm-geth-22.tar.gz::snooper-engine.log:32698
22	3	snooper-engine.log	INFO	proxy	REQUEST #747: POST /	1	2026-09-05T01:33:42.946921159Z	/tmp/prysm-r2-extra-logs.Rd7MjT/round2-prysm-geth-22.tar.gz::snooper-engine.log:33066	2026-09-05T01:33:42.946921159Z	/tmp/prysm-r2-extra-logs.Rd7MjT/round2-prysm-geth-22.tar.gz::snooper-engine.log:33066
22	3	snooper-engine.log	INFO	proxy	REQUEST #748: POST /	1	2026-09-05T01:33:42.995821327Z	/tmp/prysm-r2-extra-logs.Rd7MjT/round2-prysm-geth-22.tar.gz::snooper-engine.log:33113	2026-09-05T01:33:42.995821327Z	/tmp/prysm-r2-extra-logs.Rd7MjT/round2-prysm-geth-22.tar.gz::snooper-engine.log:33113
22	3	snooper-engine.log	INFO	proxy	REQUEST #749: POST /	1	2026-09-05T01:33:43.077257601Z	/tmp/prysm-r2-extra-logs.Rd7MjT/round2-prysm-geth-22.tar.gz::snooper-engine.log:33160	2026-09-05T01:33:43.077257601Z	/tmp/prysm-r2-extra-logs.Rd7MjT/round2-prysm-geth-22.tar.gz::snooper-engine.log:33160
22	3	snooper-engine.log	INFO	proxy	REQUEST #750: POST /	1	2026-09-05T01:33:43.097879701Z	/tmp/prysm-r2-extra-logs.Rd7MjT/round2-prysm-geth-22.tar.gz::snooper-engine.log:33207	2026-09-05T01:33:43.097879701Z	/tmp/prysm-r2-extra-logs.Rd7MjT/round2-prysm-geth-22.tar.gz::snooper-engine.log:33207
22	3	snooper-engine.log	INFO	proxy	REQUEST #751: POST /	1	2026-09-05T01:33:43.121305031Z	/tmp/prysm-r2-extra-logs.Rd7MjT/round2-prysm-geth-22.tar.gz::snooper-engine.log:33230	2026-09-05T01:33:43.121305031Z	/tmp/prysm-r2-extra-logs.Rd7MjT/round2-prysm-geth-22.tar.gz::snooper-engine.log:33230
22	3	snooper-engine.log	INFO	proxy	REQUEST #756: POST /	1	2026-09-05T01:33:56.950819903Z	/tmp/prysm-r2-extra-logs.Rd7MjT/round2-prysm-geth-22.tar.gz::snooper-engine.log:33386	2026-09-05T01:33:56.950819903Z	/tmp/prysm-r2-extra-logs.Rd7MjT/round2-prysm-geth-22.tar.gz::snooper-engine.log:33386
22	3	snooper-engine.log	INFO	proxy	REQUEST engine_forkchoiceUpdatedV4	12	2026-09-05T01:30:12.006499231Z	/tmp/prysm-r2-extra-logs.Rd7MjT/round2-prysm-geth-22.tar.gz::snooper-engine.log:31840	2026-09-05T01:33:58.314530515Z	/tmp/prysm-r2-extra-logs.Rd7MjT/round2-prysm-geth-22.tar.gz::snooper-engine.log:33433
22	3	snooper-engine.log	INFO	proxy	REQUEST engine_getClientVersionV1	2	2026-09-05T01:31:05.497161393Z	/tmp/prysm-r2-extra-logs.Rd7MjT/round2-prysm-geth-22.tar.gz::snooper-engine.log:32124	2026-09-05T01:32:41.494905813Z	/tmp/prysm-r2-extra-logs.Rd7MjT/round2-prysm-geth-22.tar.gz::snooper-engine.log:32483
22	3	snooper-engine.log	INFO	proxy	REQUEST engine_newPayloadV5	6	2026-09-05T01:33:19.356339489Z	/tmp/prysm-r2-extra-logs.Rd7MjT/round2-prysm-geth-22.tar.gz::snooper-engine.log:32654	2026-09-05T01:33:52.647299154Z	/tmp/prysm-r2-extra-logs.Rd7MjT/round2-prysm-geth-22.tar.gz::snooper-engine.log:33312
22	3	snooper-engine.log	INFO	proxy	RESPONSE	42	2026-09-05T01:29:58.946187619Z	/tmp/prysm-r2-extra-logs.Rd7MjT/round2-prysm-geth-22.tar.gz::snooper-engine.log:31804	2026-09-05T01:33:58.314635032Z	/tmp/prysm-r2-extra-logs.Rd7MjT/round2-prysm-geth-22.tar.gz::snooper-engine.log:33448
22	3	snooper-engine.log	INFO	proxy	fetched execution metadata	5	2026-09-05T01:29:53.507751875Z	/tmp/prysm-r2-extra-logs.Rd7MjT/round2-prysm-geth-22.tar.gz::snooper-engine.log:31792	2026-09-05T01:33:53.507059708Z	/tmp/prysm-r2-extra-logs.Rd7MjT/round2-prysm-geth-22.tar.gz::snooper-engine.log:33385
22	3	validator.log	ERROR	client	Could not check if any validator is a sync committee aggregator	10	2026-09-05T01:30:36.000484851Z	/tmp/prysm-r2-extra-logs.Rd7MjT/round2-prysm-geth-22.tar.gz::validator.log:696	2026-09-05T01:32:24.000953222Z	/tmp/prysm-r2-extra-logs.Rd7MjT/round2-prysm-geth-22.tar.gz::validator.log:1447
22	3	validator.log	ERROR	client	Could not get selection proofs	1	2026-09-05T01:32:36.002353089Z	/tmp/prysm-r2-extra-logs.Rd7MjT/round2-prysm-geth-22.tar.gz::validator.log:1554	2026-09-05T01:32:36.002353089Z	/tmp/prysm-r2-extra-logs.Rd7MjT/round2-prysm-geth-22.tar.gz::validator.log:1554
22	3	validator.log	ERROR	client	Could not request attestation to sign at slot	829	2026-09-05T01:30:36.001101451Z	/tmp/prysm-r2-extra-logs.Rd7MjT/round2-prysm-geth-22.tar.gz::validator.log:697	2026-09-05T01:32:36.014318132Z	/tmp/prysm-r2-extra-logs.Rd7MjT/round2-prysm-geth-22.tar.gz::validator.log:1628
22	3	validator.log	ERROR	client	Could not request payload attestation data	28	2026-09-05T01:30:24.001814065Z	/tmp/prysm-r2-extra-logs.Rd7MjT/round2-prysm-geth-22.tar.gz::validator.log:688	2026-09-05T01:33:24.001106936Z	/tmp/prysm-r2-extra-logs.Rd7MjT/round2-prysm-geth-22.tar.gz::validator.log:1648
22	3	validator.log	ERROR	client	Could not request sync message block root to sign	33	2026-09-05T01:30:36.001125172Z	/tmp/prysm-r2-extra-logs.Rd7MjT/round2-prysm-geth-22.tar.gz::validator.log:699	2026-09-05T01:32:36.002869787Z	/tmp/prysm-r2-extra-logs.Rd7MjT/round2-prysm-geth-22.tar.gz::validator.log:1557
22	3	validator.log	ERROR	client	Could not submit aggregate selection proof to beacon node	21	2026-09-05T01:30:24.001655676Z	/tmp/prysm-r2-extra-logs.Rd7MjT/round2-prysm-geth-22.tar.gz::validator.log:687	2026-09-05T01:33:24.001309515Z	/tmp/prysm-r2-extra-logs.Rd7MjT/round2-prysm-geth-22.tar.gz::validator.log:1649
22	3	validator.log	ERROR	client	Could not submit sync committee message	1	2026-09-05T01:30:24.002802705Z	/tmp/prysm-r2-extra-logs.Rd7MjT/round2-prysm-geth-22.tar.gz::validator.log:692	2026-09-05T01:30:24.002802705Z	/tmp/prysm-r2-extra-logs.Rd7MjT/round2-prysm-geth-22.tar.gz::validator.log:692
22	3	validator.log	ERROR	client	Failed to sign randao reveal	1	2026-09-05T01:30:48.003364340Z	/tmp/prysm-r2-extra-logs.Rd7MjT/round2-prysm-geth-22.tar.gz::validator.log:800	2026-09-05T01:30:48.003364340Z	/tmp/prysm-r2-extra-logs.Rd7MjT/round2-prysm-geth-22.tar.gz::validator.log:800
22	3	validator.log	INFO	client	Duties schedule	32	2026-09-05T01:30:02.745798516Z	/tmp/prysm-r2-extra-logs.Rd7MjT/round2-prysm-geth-22.tar.gz::validator.log:650	2026-09-05T01:30:02.757597305Z	/tmp/prysm-r2-extra-logs.Rd7MjT/round2-prysm-geth-22.tar.gz::validator.log:681
22	3	validator.log	INFO	client	Schedule for epoch 0	1	2026-09-05T01:30:02.745274765Z	/tmp/prysm-r2-extra-logs.Rd7MjT/round2-prysm-geth-22.tar.gz::validator.log:649	2026-09-05T01:30:02.745274765Z	/tmp/prysm-r2-extra-logs.Rd7MjT/round2-prysm-geth-22.tar.gz::validator.log:649
22	3	validator.log	INFO	client	Skipping payload attestation: no block for slot	19	2026-09-05T01:32:45.792457963Z	/tmp/prysm-r2-extra-logs.Rd7MjT/round2-prysm-geth-22.tar.gz::validator.log:1629	2026-09-05T01:33:57.023648672Z	/tmp/prysm-r2-extra-logs.Rd7MjT/round2-prysm-geth-22.tar.gz::validator.log:1667
22	3	validator.log	INFO	client	Submitted new aggregate attestations	5	2026-09-05T01:30:09.007622742Z	/tmp/prysm-r2-extra-logs.Rd7MjT/round2-prysm-geth-22.tar.gz::validator.log:683	2026-09-05T01:33:58.094710875Z	/tmp/prysm-r2-extra-logs.Rd7MjT/round2-prysm-geth-22.tar.gz::validator.log:1669
22	3	validator.log	INFO	client	Submitted new attestations	9	2026-09-05T01:30:09.007526592Z	/tmp/prysm-r2-extra-logs.Rd7MjT/round2-prysm-geth-22.tar.gz::validator.log:682	2026-09-05T01:33:58.094673218Z	/tmp/prysm-r2-extra-logs.Rd7MjT/round2-prysm-geth-22.tar.gz::validator.log:1668
22	3	validator.log	INFO	client	Submitted payload attestations	1	2026-09-05T01:30:09.007629804Z	/tmp/prysm-r2-extra-logs.Rd7MjT/round2-prysm-geth-22.tar.gz::validator.log:684	2026-09-05T01:30:09.007629804Z	/tmp/prysm-r2-extra-logs.Rd7MjT/round2-prysm-geth-22.tar.gz::validator.log:684
22	3	validator.log	INFO	client	Submitted sync committee contributions and proofs	1	2026-09-05T01:30:09.007638255Z	/tmp/prysm-r2-extra-logs.Rd7MjT/round2-prysm-geth-22.tar.gz::validator.log:686	2026-09-05T01:30:09.007638255Z	/tmp/prysm-r2-extra-logs.Rd7MjT/round2-prysm-geth-22.tar.gz::validator.log:686
22	3	validator.log	INFO	client	Submitted sync committee messages	9	2026-09-05T01:30:09.007634328Z	/tmp/prysm-r2-extra-logs.Rd7MjT/round2-prysm-geth-22.tar.gz::validator.log:685	2026-09-05T01:33:58.094715193Z	/tmp/prysm-r2-extra-logs.Rd7MjT/round2-prysm-geth-22.tar.gz::validator.log:1670
22	3	validator.log	WARN	client	Could not get signed attestation data for aggregation	18	2026-09-05T01:30:36.001128267Z	/tmp/prysm-r2-extra-logs.Rd7MjT/round2-prysm-geth-22.tar.gz::validator.log:700	2026-09-05T01:32:36.009613908Z	/tmp/prysm-r2-extra-logs.Rd7MjT/round2-prysm-geth-22.tar.gz::validator.log:1572
22	3	validator.log	WARN	client	No attestations to aggregate	3	2026-09-05T01:32:46.055579620Z	/tmp/prysm-r2-extra-logs.Rd7MjT/round2-prysm-geth-22.tar.gz::validator.log:1632	2026-09-05T01:32:57.806084960Z	/tmp/prysm-r2-extra-logs.Rd7MjT/round2-prysm-geth-22.tar.gz::validator.log:1638
32	15	beacon.log	ERROR	execution	Beacon node is not respecting the follow distance. EL client is syncing.	15	2026-09-05T01:29:50.241329318Z	/tmp/prysm-r2-extra-logs.Rd7MjT/round2-prysm-geth-32.tar.gz::beacon.log:354	2026-09-05T01:33:20.240911483Z	/tmp/prysm-r2-extra-logs.Rd7MjT/round2-prysm-geth-32.tar.gz::beacon.log:594
32	15	beacon.log	ERROR	rpc/core	Forkchoice head root does not match head root	4	2026-09-05T01:33:12.008322836Z	/tmp/prysm-r2-extra-logs.Rd7MjT/round2-prysm-geth-32.tar.gz::beacon.log:590	2026-09-05T01:33:48.013918040Z	/tmp/prysm-r2-extra-logs.Rd7MjT/round2-prysm-geth-32.tar.gz::beacon.log:608
32	15	beacon.log	INFO	slots	10s until chain genesis	1	2026-09-05T01:29:49.375204032Z	/tmp/prysm-r2-extra-logs.Rd7MjT/round2-prysm-geth-32.tar.gz::beacon.log:353	2026-09-05T01:29:49.375204032Z	/tmp/prysm-r2-extra-logs.Rd7MjT/round2-prysm-geth-32.tar.gz::beacon.log:353
32	15	beacon.log	INFO	slots	11s until chain genesis	1	2026-09-05T01:29:48.375027020Z	/tmp/prysm-r2-extra-logs.Rd7MjT/round2-prysm-geth-32.tar.gz::beacon.log:352	2026-09-05T01:29:48.375027020Z	/tmp/prysm-r2-extra-logs.Rd7MjT/round2-prysm-geth-32.tar.gz::beacon.log:352
32	15	beacon.log	INFO	slots	1s until chain genesis	1	2026-09-05T01:29:58.374796688Z	/tmp/prysm-r2-extra-logs.Rd7MjT/round2-prysm-geth-32.tar.gz::beacon.log:363	2026-09-05T01:29:58.374796688Z	/tmp/prysm-r2-extra-logs.Rd7MjT/round2-prysm-geth-32.tar.gz::beacon.log:363
32	15	beacon.log	INFO	slots	2s until chain genesis	1	2026-09-05T01:29:57.375048325Z	/tmp/prysm-r2-extra-logs.Rd7MjT/round2-prysm-geth-32.tar.gz::beacon.log:362	2026-09-05T01:29:57.375048325Z	/tmp/prysm-r2-extra-logs.Rd7MjT/round2-prysm-geth-32.tar.gz::beacon.log:362
32	15	beacon.log	INFO	slots	3s until chain genesis	1	2026-09-05T01:29:56.374644498Z	/tmp/prysm-r2-extra-logs.Rd7MjT/round2-prysm-geth-32.tar.gz::beacon.log:361	2026-09-05T01:29:56.374644498Z	/tmp/prysm-r2-extra-logs.Rd7MjT/round2-prysm-geth-32.tar.gz::beacon.log:361
32	15	beacon.log	INFO	slots	4s until chain genesis	1	2026-09-05T01:29:55.375383190Z	/tmp/prysm-r2-extra-logs.Rd7MjT/round2-prysm-geth-32.tar.gz::beacon.log:360	2026-09-05T01:29:55.375383190Z	/tmp/prysm-r2-extra-logs.Rd7MjT/round2-prysm-geth-32.tar.gz::beacon.log:360
32	15	beacon.log	INFO	slots	5s until chain genesis	1	2026-09-05T01:29:54.374703488Z	/tmp/prysm-r2-extra-logs.Rd7MjT/round2-prysm-geth-32.tar.gz::beacon.log:359	2026-09-05T01:29:54.374703488Z	/tmp/prysm-r2-extra-logs.Rd7MjT/round2-prysm-geth-32.tar.gz::beacon.log:359
32	15	beacon.log	INFO	slots	6s until chain genesis	1	2026-09-05T01:29:53.375166025Z	/tmp/prysm-r2-extra-logs.Rd7MjT/round2-prysm-geth-32.tar.gz::beacon.log:358	2026-09-05T01:29:53.375166025Z	/tmp/prysm-r2-extra-logs.Rd7MjT/round2-prysm-geth-32.tar.gz::beacon.log:358
32	15	beacon.log	INFO	slots	7s until chain genesis	1	2026-09-05T01:29:52.374756653Z	/tmp/prysm-r2-extra-logs.Rd7MjT/round2-prysm-geth-32.tar.gz::beacon.log:357	2026-09-05T01:29:52.374756653Z	/tmp/prysm-r2-extra-logs.Rd7MjT/round2-prysm-geth-32.tar.gz::beacon.log:357
32	15	beacon.log	INFO	slots	8s until chain genesis	1	2026-09-05T01:29:51.374970274Z	/tmp/prysm-r2-extra-logs.Rd7MjT/round2-prysm-geth-32.tar.gz::beacon.log:356	2026-09-05T01:29:51.374970274Z	/tmp/prysm-r2-extra-logs.Rd7MjT/round2-prysm-geth-32.tar.gz::beacon.log:356
32	15	beacon.log	INFO	slots	9s until chain genesis	1	2026-09-05T01:29:50.375351249Z	/tmp/prysm-r2-extra-logs.Rd7MjT/round2-prysm-geth-32.tar.gz::beacon.log:355	2026-09-05T01:29:50.375351249Z	/tmp/prysm-r2-extra-logs.Rd7MjT/round2-prysm-geth-32.tar.gz::beacon.log:355
32	15	beacon.log	INFO	blockchain	Attempted late block reorg aborted due to attestations after threshold	1	2026-09-05T01:33:46.052436041Z	/tmp/prysm-r2-extra-logs.Rd7MjT/round2-prysm-geth-32.tar.gz::beacon.log:603	2026-09-05T01:33:46.052436041Z	/tmp/prysm-r2-extra-logs.Rd7MjT/round2-prysm-geth-32.tar.gz::beacon.log:603
32	15	beacon.log	INFO	rpc/validator	Building block	1	2026-09-05T01:33:00.009447845Z	/tmp/prysm-r2-extra-logs.Rd7MjT/round2-prysm-geth-32.tar.gz::beacon.log:532	2026-09-05T01:33:00.009447845Z	/tmp/prysm-r2-extra-logs.Rd7MjT/round2-prysm-geth-32.tar.gz::beacon.log:532
32	15	beacon.log	INFO	slots	Chain genesis time reached	1	2026-09-05T01:30:00.376466459Z	/tmp/prysm-r2-extra-logs.Rd7MjT/round2-prysm-geth-32.tar.gz::beacon.log:512	2026-09-05T01:30:00.376466459Z	/tmp/prysm-r2-extra-logs.Rd7MjT/round2-prysm-geth-32.tar.gz::beacon.log:512
32	15	beacon.log	INFO	blockchain	Chain reorg occurred	6	2026-09-05T01:30:12.002501949Z	/tmp/prysm-r2-extra-logs.Rd7MjT/round2-prysm-geth-32.tar.gz::beacon.log:514	2026-09-05T01:33:48.008556913Z	/tmp/prysm-r2-extra-logs.Rd7MjT/round2-prysm-geth-32.tar.gz::beacon.log:607
32	15	beacon.log	INFO	rpc/validator	Chose payload bid	1	2026-09-05T01:33:00.018810697Z	/tmp/prysm-r2-extra-logs.Rd7MjT/round2-prysm-geth-32.tar.gz::beacon.log:535	2026-09-05T01:33:00.018810697Z	/tmp/prysm-r2-extra-logs.Rd7MjT/round2-prysm-geth-32.tar.gz::beacon.log:535
32	15	beacon.log	INFO	p2p	Connected peers	4	2026-09-05T01:30:41.393131719Z	/tmp/prysm-r2-extra-logs.Rd7MjT/round2-prysm-geth-32.tar.gz::beacon.log:518	2026-09-05T01:33:41.387696182Z	/tmp/prysm-r2-extra-logs.Rd7MjT/round2-prysm-geth-32.tar.gz::beacon.log:602
32	15	beacon.log	INFO	blockchain	Finished applying state transition	4	2026-09-05T01:33:01.650202488Z	/tmp/prysm-r2-extra-logs.Rd7MjT/round2-prysm-geth-32.tar.gz::beacon.log:538	2026-09-05T01:33:46.056309619Z	/tmp/prysm-r2-extra-logs.Rd7MjT/round2-prysm-geth-32.tar.gz::beacon.log:605
32	15	beacon.log	INFO	rpc/validator	Finished building block	1	2026-09-05T01:33:01.482230895Z	/tmp/prysm-r2-extra-logs.Rd7MjT/round2-prysm-geth-32.tar.gz::beacon.log:536	2026-09-05T01:33:01.482230895Z	/tmp/prysm-r2-extra-logs.Rd7MjT/round2-prysm-geth-32.tar.gz::beacon.log:536
32	15	beacon.log	INFO	blockchain	Forkchoice updated with payload attributes for proposal	1	2026-09-05T01:32:51.040527444Z	/tmp/prysm-r2-extra-logs.Rd7MjT/round2-prysm-geth-32.tar.gz::beacon.log:530	2026-09-05T01:32:51.040527444Z	/tmp/prysm-r2-extra-logs.Rd7MjT/round2-prysm-geth-32.tar.gz::beacon.log:530
32	15	beacon.log	INFO	execution	Graffiti includes client version info appended after user graffiti	1	2026-09-05T01:33:00.014223603Z	/tmp/prysm-r2-extra-logs.Rd7MjT/round2-prysm-geth-32.tar.gz::beacon.log:533	2026-09-05T01:33:00.014223603Z	/tmp/prysm-r2-extra-logs.Rd7MjT/round2-prysm-geth-32.tar.gz::beacon.log:533
32	15	beacon.log	INFO	rpc/validator	Published execution payload envelope	1	2026-09-05T01:33:01.655162385Z	/tmp/prysm-r2-extra-logs.Rd7MjT/round2-prysm-geth-32.tar.gz::beacon.log:539	2026-09-05T01:33:01.655162385Z	/tmp/prysm-r2-extra-logs.Rd7MjT/round2-prysm-geth-32.tar.gz::beacon.log:539
32	15	beacon.log	INFO	sync	Subscribed to	147	2026-09-05T01:30:00.002628935Z	/tmp/prysm-r2-extra-logs.Rd7MjT/round2-prysm-geth-32.tar.gz::beacon.log:365	2026-09-05T01:30:00.075634133Z	/tmp/prysm-r2-extra-logs.Rd7MjT/round2-prysm-geth-32.tar.gz::beacon.log:511
32	15	beacon.log	INFO	blockchain	Synced execution payload envelope	4	2026-09-05T01:33:01.662294638Z	/tmp/prysm-r2-extra-logs.Rd7MjT/round2-prysm-geth-32.tar.gz::beacon.log:540	2026-09-05T01:33:46.982758906Z	/tmp/prysm-r2-extra-logs.Rd7MjT/round2-prysm-geth-32.tar.gz::beacon.log:606
32	15	beacon.log	INFO	blockchain	Synced new block	4	2026-09-05T01:33:01.650165062Z	/tmp/prysm-r2-extra-logs.Rd7MjT/round2-prysm-geth-32.tar.gz::beacon.log:537	2026-09-05T01:33:46.056030309Z	/tmp/prysm-r2-extra-logs.Rd7MjT/round2-prysm-geth-32.tar.gz::beacon.log:604
32	15	beacon.log	INFO	p2p	Updating ENR Fork ID	1	2026-09-05T01:30:00.000421619Z	/tmp/prysm-r2-extra-logs.Rd7MjT/round2-prysm-geth-32.tar.gz::beacon.log:364	2026-09-05T01:30:00.000421619Z	/tmp/prysm-r2-extra-logs.Rd7MjT/round2-prysm-geth-32.tar.gz::beacon.log:364
32	15	beacon.log	WARN	blockchain	Could not process attestation for fork choice	48	2026-09-05T01:33:10.000421823Z	/tmp/prysm-r2-extra-logs.Rd7MjT/round2-prysm-geth-32.tar.gz::beacon.log:541	2026-09-05T01:33:10.010817257Z	/tmp/prysm-r2-extra-logs.Rd7MjT/round2-prysm-geth-32.tar.gz::beacon.log:588
32	15	beacon.log	WARN	rpc/validator	Voting period before genesis + follow distance, using eth1data from head	1	2026-09-05T01:33:00.014559436Z	/tmp/prysm-r2-extra-logs.Rd7MjT/round2-prysm-geth-32.tar.gz::beacon.log:534	2026-09-05T01:33:00.014559436Z	/tmp/prysm-r2-extra-logs.Rd7MjT/round2-prysm-geth-32.tar.gz::beacon.log:534
32	15	execution.log	INFO	geth	Chain head was updated	8	2026-09-05T01:33:01.661336235Z	/tmp/prysm-r2-extra-logs.Rd7MjT/round2-prysm-geth-32.tar.gz::execution.log:97	2026-09-05T01:33:48.014682045Z	/tmp/prysm-r2-extra-logs.Rd7MjT/round2-prysm-geth-32.tar.gz::execution.log:119
32	15	execution.log	INFO	geth	Chain reorg detected	1	2026-09-05T01:33:24.017019991Z	/tmp/prysm-r2-extra-logs.Rd7MjT/round2-prysm-geth-32.tar.gz::execution.log:106	2026-09-05T01:33:24.017019991Z	/tmp/prysm-r2-extra-logs.Rd7MjT/round2-prysm-geth-32.tar.gz::execution.log:106
32	15	execution.log	INFO	geth	Imported new potential chain segment	4	2026-09-05T01:33:01.658266229Z	/tmp/prysm-r2-extra-logs.Rd7MjT/round2-prysm-geth-32.tar.gz::execution.log:96	2026-09-05T01:33:46.979421557Z	/tmp/prysm-r2-extra-logs.Rd7MjT/round2-prysm-geth-32.tar.gz::execution.log:115
32	15	execution.log	INFO	geth	Indexed transactions	1	2026-09-05T01:33:01.661771436Z	/tmp/prysm-r2-extra-logs.Rd7MjT/round2-prysm-geth-32.tar.gz::execution.log:98	2026-09-05T01:33:01.661771436Z	/tmp/prysm-r2-extra-logs.Rd7MjT/round2-prysm-geth-32.tar.gz::execution.log:98
32	15	execution.log	INFO	geth	Shorten chain	3	2026-09-05T01:33:12.008570157Z	/tmp/prysm-r2-extra-logs.Rd7MjT/round2-prysm-geth-32.tar.gz::execution.log:100	2026-09-05T01:33:48.014665438Z	/tmp/prysm-r2-extra-logs.Rd7MjT/round2-prysm-geth-32.tar.gz::execution.log:118
32	15	execution.log	INFO	geth	Starting work on payload	1	2026-09-05T01:32:51.038382028Z	/tmp/prysm-r2-extra-logs.Rd7MjT/round2-prysm-geth-32.tar.gz::execution.log:93	2026-09-05T01:32:51.038382028Z	/tmp/prysm-r2-extra-logs.Rd7MjT/round2-prysm-geth-32.tar.gz::execution.log:93
32	15	execution.log	INFO	geth	Stopping work on payload	1	2026-09-05T01:33:00.015143063Z	/tmp/prysm-r2-extra-logs.Rd7MjT/round2-prysm-geth-32.tar.gz::execution.log:95	2026-09-05T01:33:00.015143063Z	/tmp/prysm-r2-extra-logs.Rd7MjT/round2-prysm-geth-32.tar.gz::execution.log:95
32	15	execution.log	INFO	geth	Updated payload	1	2026-09-05T01:32:51.043107815Z	/tmp/prysm-r2-extra-logs.Rd7MjT/round2-prysm-geth-32.tar.gz::execution.log:94	2026-09-05T01:32:51.043107815Z	/tmp/prysm-r2-extra-logs.Rd7MjT/round2-prysm-geth-32.tar.gz::execution.log:94
32	15	execution.log	WARN	geth	Beacon client online, but no consensus updates received in a while. Please fix your beacon client to follow the chain!	1	2026-09-05T01:32:31.236075805Z	/tmp/prysm-r2-extra-logs.Rd7MjT/round2-prysm-geth-32.tar.gz::execution.log:92	2026-09-05T01:32:31.236075805Z	/tmp/prysm-r2-extra-logs.Rd7MjT/round2-prysm-geth-32.tar.gz::execution.log:92
32	15	execution.log	WARN	geth	Nil finalized block cannot evict old blobs	8	2026-09-05T01:33:01.662224668Z	/tmp/prysm-r2-extra-logs.Rd7MjT/round2-prysm-geth-32.tar.gz::execution.log:99	2026-09-05T01:33:48.016812825Z	/tmp/prysm-r2-extra-logs.Rd7MjT/round2-prysm-geth-32.tar.gz::execution.log:120
32	15	snooper-engine.log	INFO	proxy	REQUEST #708: POST /	1	2026-09-05T01:29:50.240449747Z	/tmp/prysm-r2-extra-logs.Rd7MjT/round2-prysm-geth-32.tar.gz::snooper-engine.log:31571	2026-09-05T01:29:50.240449747Z	/tmp/prysm-r2-extra-logs.Rd7MjT/round2-prysm-geth-32.tar.gz::snooper-engine.log:31571
32	15	snooper-engine.log	INFO	proxy	REQUEST #709: POST /	1	2026-09-05T01:30:04.239929708Z	/tmp/prysm-r2-extra-logs.Rd7MjT/round2-prysm-geth-32.tar.gz::snooper-engine.log:31619	2026-09-05T01:30:04.239929708Z	/tmp/prysm-r2-extra-logs.Rd7MjT/round2-prysm-geth-32.tar.gz::snooper-engine.log:31619
32	15	snooper-engine.log	INFO	proxy	REQUEST #711: POST /	1	2026-09-05T01:30:18.251853505Z	/tmp/prysm-r2-extra-logs.Rd7MjT/round2-prysm-geth-32.tar.gz::snooper-engine.log:31695	2026-09-05T01:30:18.251853505Z	/tmp/prysm-r2-extra-logs.Rd7MjT/round2-prysm-geth-32.tar.gz::snooper-engine.log:31695
32	15	snooper-engine.log	INFO	proxy	REQUEST #713: POST /	1	2026-09-05T01:30:32.256092403Z	/tmp/prysm-r2-extra-logs.Rd7MjT/round2-prysm-geth-32.tar.gz::snooper-engine.log:31771	2026-09-05T01:30:32.256092403Z	/tmp/prysm-r2-extra-logs.Rd7MjT/round2-prysm-geth-32.tar.gz::snooper-engine.log:31771
32	15	snooper-engine.log	INFO	proxy	REQUEST #714: POST /	1	2026-09-05T01:30:46.248457747Z	/tmp/prysm-r2-extra-logs.Rd7MjT/round2-prysm-geth-32.tar.gz::snooper-engine.log:31818	2026-09-05T01:30:46.248457747Z	/tmp/prysm-r2-extra-logs.Rd7MjT/round2-prysm-geth-32.tar.gz::snooper-engine.log:31818
32	15	snooper-engine.log	INFO	proxy	REQUEST #716: POST /	1	2026-09-05T01:31:00.966722642Z	/tmp/prysm-r2-extra-logs.Rd7MjT/round2-prysm-geth-32.tar.gz::snooper-engine.log:31895	2026-09-05T01:31:00.966722642Z	/tmp/prysm-r2-extra-logs.Rd7MjT/round2-prysm-geth-32.tar.gz::snooper-engine.log:31895
32	15	snooper-engine.log	INFO	proxy	REQUEST #717: POST /	1	2026-09-05T01:31:14.259032904Z	/tmp/prysm-r2-extra-logs.Rd7MjT/round2-prysm-geth-32.tar.gz::snooper-engine.log:31942	2026-09-05T01:31:14.259032904Z	/tmp/prysm-r2-extra-logs.Rd7MjT/round2-prysm-geth-32.tar.gz::snooper-engine.log:31942
32	15	snooper-engine.log	INFO	proxy	REQUEST #718: POST /	1	2026-09-05T01:31:28.255940705Z	/tmp/prysm-r2-extra-logs.Rd7MjT/round2-prysm-geth-32.tar.gz::snooper-engine.log:31989	2026-09-05T01:31:28.255940705Z	/tmp/prysm-r2-extra-logs.Rd7MjT/round2-prysm-geth-32.tar.gz::snooper-engine.log:31989
32	15	snooper-engine.log	INFO	proxy	REQUEST #719: POST /	1	2026-09-05T01:31:42.254054487Z	/tmp/prysm-r2-extra-logs.Rd7MjT/round2-prysm-geth-32.tar.gz::snooper-engine.log:32036	2026-09-05T01:31:42.254054487Z	/tmp/prysm-r2-extra-logs.Rd7MjT/round2-prysm-geth-32.tar.gz::snooper-engine.log:32036
32	15	snooper-engine.log	INFO	proxy	REQUEST #720: POST /	1	2026-09-05T01:31:56.335936812Z	/tmp/prysm-r2-extra-logs.Rd7MjT/round2-prysm-geth-32.tar.gz::snooper-engine.log:32084	2026-09-05T01:31:56.335936812Z	/tmp/prysm-r2-extra-logs.Rd7MjT/round2-prysm-geth-32.tar.gz::snooper-engine.log:32084
32	15	snooper-engine.log	INFO	proxy	REQUEST #721: POST /	1	2026-09-05T01:32:10.243374944Z	/tmp/prysm-r2-extra-logs.Rd7MjT/round2-prysm-geth-32.tar.gz::snooper-engine.log:32131	2026-09-05T01:32:10.243374944Z	/tmp/prysm-r2-extra-logs.Rd7MjT/round2-prysm-geth-32.tar.gz::snooper-engine.log:32131
32	15	snooper-engine.log	INFO	proxy	REQUEST #722: POST /	1	2026-09-05T01:32:24.239788870Z	/tmp/prysm-r2-extra-logs.Rd7MjT/round2-prysm-geth-32.tar.gz::snooper-engine.log:32178	2026-09-05T01:32:24.239788870Z	/tmp/prysm-r2-extra-logs.Rd7MjT/round2-prysm-geth-32.tar.gz::snooper-engine.log:32178
32	15	snooper-engine.log	INFO	proxy	REQUEST #724: POST /	1	2026-09-05T01:32:38.253492414Z	/tmp/prysm-r2-extra-logs.Rd7MjT/round2-prysm-geth-32.tar.gz::snooper-engine.log:32254	2026-09-05T01:32:38.253492414Z	/tmp/prysm-r2-extra-logs.Rd7MjT/round2-prysm-geth-32.tar.gz::snooper-engine.log:32254
32	15	snooper-engine.log	INFO	proxy	REQUEST #726: POST /	1	2026-09-05T01:32:52.239620570Z	/tmp/prysm-r2-extra-logs.Rd7MjT/round2-prysm-geth-32.tar.gz::snooper-engine.log:32338	2026-09-05T01:32:52.239620570Z	/tmp/prysm-r2-extra-logs.Rd7MjT/round2-prysm-geth-32.tar.gz::snooper-engine.log:32338
32	15	snooper-engine.log	INFO	proxy	REQUEST #730: POST /	1	2026-09-05T01:33:06.241275011Z	/tmp/prysm-r2-extra-logs.Rd7MjT/round2-prysm-geth-32.tar.gz::snooper-engine.log:32506	2026-09-05T01:33:06.241275011Z	/tmp/prysm-r2-extra-logs.Rd7MjT/round2-prysm-geth-32.tar.gz::snooper-engine.log:32506
32	15	snooper-engine.log	INFO	proxy	REQUEST #731: POST /	1	2026-09-05T01:33:06.241382309Z	/tmp/prysm-r2-extra-logs.Rd7MjT/round2-prysm-geth-32.tar.gz::snooper-engine.log:32553	2026-09-05T01:33:06.241382309Z	/tmp/prysm-r2-extra-logs.Rd7MjT/round2-prysm-geth-32.tar.gz::snooper-engine.log:32553
32	15	snooper-engine.log	INFO	proxy	REQUEST #732: POST /	1	2026-09-05T01:33:06.241671011Z	/tmp/prysm-r2-extra-logs.Rd7MjT/round2-prysm-geth-32.tar.gz::snooper-engine.log:32600	2026-09-05T01:33:06.241671011Z	/tmp/prysm-r2-extra-logs.Rd7MjT/round2-prysm-geth-32.tar.gz::snooper-engine.log:32600
32	15	snooper-engine.log	INFO	proxy	REQUEST #736: POST /	1	2026-09-05T01:33:20.240406299Z	/tmp/prysm-r2-extra-logs.Rd7MjT/round2-prysm-geth-32.tar.gz::snooper-engine.log:32725	2026-09-05T01:33:20.240406299Z	/tmp/prysm-r2-extra-logs.Rd7MjT/round2-prysm-geth-32.tar.gz::snooper-engine.log:32725
32	15	snooper-engine.log	INFO	proxy	REQUEST #739: POST /	1	2026-09-05T01:33:25.449694300Z	/tmp/prysm-r2-extra-logs.Rd7MjT/round2-prysm-geth-32.tar.gz::snooper-engine.log:32826	2026-09-05T01:33:25.449694300Z	/tmp/prysm-r2-extra-logs.Rd7MjT/round2-prysm-geth-32.tar.gz::snooper-engine.log:32826
32	15	snooper-engine.log	INFO	proxy	REQUEST #742: POST /	1	2026-09-05T01:33:34.240149786Z	/tmp/prysm-r2-extra-logs.Rd7MjT/round2-prysm-geth-32.tar.gz::snooper-engine.log:32951	2026-09-05T01:33:34.240149786Z	/tmp/prysm-r2-extra-logs.Rd7MjT/round2-prysm-geth-32.tar.gz::snooper-engine.log:32951
32	15	snooper-engine.log	INFO	proxy	REQUEST #743: POST /	1	2026-09-05T01:33:34.241128243Z	/tmp/prysm-r2-extra-logs.Rd7MjT/round2-prysm-geth-32.tar.gz::snooper-engine.log:32998	2026-09-05T01:33:34.241128243Z	/tmp/prysm-r2-extra-logs.Rd7MjT/round2-prysm-geth-32.tar.gz::snooper-engine.log:32998
32	15	snooper-engine.log	INFO	proxy	REQUEST #744: POST /	1	2026-09-05T01:33:34.244388918Z	/tmp/prysm-r2-extra-logs.Rd7MjT/round2-prysm-geth-32.tar.gz::snooper-engine.log:33045	2026-09-05T01:33:34.244388918Z	/tmp/prysm-r2-extra-logs.Rd7MjT/round2-prysm-geth-32.tar.gz::snooper-engine.log:33045
32	15	snooper-engine.log	INFO	proxy	REQUEST #749: POST /	1	2026-09-05T01:33:48.240917479Z	/tmp/prysm-r2-extra-logs.Rd7MjT/round2-prysm-geth-32.tar.gz::snooper-engine.log:33199	2026-09-05T01:33:48.240917479Z	/tmp/prysm-r2-extra-logs.Rd7MjT/round2-prysm-geth-32.tar.gz::snooper-engine.log:33199
32	15	snooper-engine.log	INFO	proxy	REQUEST #750: POST /	1	2026-09-05T01:33:49.460987566Z	/tmp/prysm-r2-extra-logs.Rd7MjT/round2-prysm-geth-32.tar.gz::snooper-engine.log:33247	2026-09-05T01:33:49.460987566Z	/tmp/prysm-r2-extra-logs.Rd7MjT/round2-prysm-geth-32.tar.gz::snooper-engine.log:33247
32	15	snooper-engine.log	INFO	proxy	REQUEST engine_forkchoiceUpdatedV4	11	2026-09-05T01:30:12.003897776Z	/tmp/prysm-r2-extra-logs.Rd7MjT/round2-prysm-geth-32.tar.gz::snooper-engine.log:31666	2026-09-05T01:33:48.014819149Z	/tmp/prysm-r2-extra-logs.Rd7MjT/round2-prysm-geth-32.tar.gz::snooper-engine.log:33170
32	15	snooper-engine.log	INFO	proxy	REQUEST engine_getClientVersionV1	2	2026-09-05T01:30:56.415850131Z	/tmp/prysm-r2-extra-logs.Rd7MjT/round2-prysm-geth-32.tar.gz::snooper-engine.log:31866	2026-09-05T01:32:32.414092549Z	/tmp/prysm-r2-extra-logs.Rd7MjT/round2-prysm-geth-32.tar.gz::snooper-engine.log:32225
32	15	snooper-engine.log	INFO	proxy	REQUEST engine_getPayloadBodiesByHashV2	2	2026-09-05T01:33:25.448216200Z	/tmp/prysm-r2-extra-logs.Rd7MjT/round2-prysm-geth-32.tar.gz::snooper-engine.log:32801	2026-09-05T01:33:49.461041649Z	/tmp/prysm-r2-extra-logs.Rd7MjT/round2-prysm-geth-32.tar.gz::snooper-engine.log:33260
32	15	snooper-engine.log	INFO	proxy	REQUEST engine_getPayloadV6	1	2026-09-05T01:33:00.014989400Z	/tmp/prysm-r2-extra-logs.Rd7MjT/round2-prysm-geth-32.tar.gz::snooper-engine.log:32386	2026-09-05T01:33:00.014989400Z	/tmp/prysm-r2-extra-logs.Rd7MjT/round2-prysm-geth-32.tar.gz::snooper-engine.log:32386
32	15	snooper-engine.log	INFO	proxy	REQUEST engine_newPayloadV5	4	2026-09-05T01:33:01.656048838Z	/tmp/prysm-r2-extra-logs.Rd7MjT/round2-prysm-geth-32.tar.gz::snooper-engine.log:32433	2026-09-05T01:33:46.978624346Z	/tmp/prysm-r2-extra-logs.Rd7MjT/round2-prysm-geth-32.tar.gz::snooper-engine.log:33097
32	15	snooper-engine.log	INFO	proxy	RESPONSE	44	2026-09-05T01:29:50.241140627Z	/tmp/prysm-r2-extra-logs.Rd7MjT/round2-prysm-geth-32.tar.gz::snooper-engine.log:31582	2026-09-05T01:33:49.461132392Z	/tmp/prysm-r2-extra-logs.Rd7MjT/round2-prysm-geth-32.tar.gz::snooper-engine.log:33310
32	15	snooper-engine.log	INFO	proxy	fetched execution metadata	5	2026-09-05T01:29:54.950103318Z	/tmp/prysm-r2-extra-logs.Rd7MjT/round2-prysm-geth-32.tar.gz::snooper-engine.log:31618	2026-09-05T01:33:54.951090987Z	/tmp/prysm-r2-extra-logs.Rd7MjT/round2-prysm-geth-32.tar.gz::snooper-engine.log:33323
32	15	validator.log	ERROR	client	Could not check if any validator is a sync committee aggregator	7	2026-09-05T01:30:36.003658938Z	/tmp/prysm-r2-extra-logs.Rd7MjT/round2-prysm-geth-32.tar.gz::validator.log:692	2026-09-05T01:32:00.002720095Z	/tmp/prysm-r2-extra-logs.Rd7MjT/round2-prysm-geth-32.tar.gz::validator.log:1203
32	15	validator.log	ERROR	client	Could not request attestation to sign at slot	519	2026-09-05T01:30:36.003708124Z	/tmp/prysm-r2-extra-logs.Rd7MjT/round2-prysm-geth-32.tar.gz::validator.log:693	2026-09-05T01:32:00.014104131Z	/tmp/prysm-r2-extra-logs.Rd7MjT/round2-prysm-geth-32.tar.gz::validator.log:1289
32	15	validator.log	ERROR	client	Could not request payload attestation data	25	2026-09-05T01:30:24.001817244Z	/tmp/prysm-r2-extra-logs.Rd7MjT/round2-prysm-geth-32.tar.gz::validator.log:686	2026-09-05T01:32:00.007705889Z	/tmp/prysm-r2-extra-logs.Rd7MjT/round2-prysm-geth-32.tar.gz::validator.log:1222
32	15	validator.log	ERROR	client	Could not request sync message block root to sign	21	2026-09-05T01:30:36.007073101Z	/tmp/prysm-r2-extra-logs.Rd7MjT/round2-prysm-geth-32.tar.gz::validator.log:736	2026-09-05T01:32:00.007826415Z	/tmp/prysm-r2-extra-logs.Rd7MjT/round2-prysm-geth-32.tar.gz::validator.log:1226
32	15	validator.log	ERROR	client	Could not submit aggregate selection proof to beacon node	11	2026-09-05T01:30:36.003760765Z	/tmp/prysm-r2-extra-logs.Rd7MjT/round2-prysm-geth-32.tar.gz::validator.log:704	2026-09-05T01:32:00.013073673Z	/tmp/prysm-r2-extra-logs.Rd7MjT/round2-prysm-geth-32.tar.gz::validator.log:1245
32	15	validator.log	INFO	client	Duties schedule	32	2026-09-05T01:30:01.967728777Z	/tmp/prysm-r2-extra-logs.Rd7MjT/round2-prysm-geth-32.tar.gz::validator.log:650	2026-09-05T01:30:01.972095314Z	/tmp/prysm-r2-extra-logs.Rd7MjT/round2-prysm-geth-32.tar.gz::validator.log:681
32	15	validator.log	INFO	client	Schedule for epoch 0	1	2026-09-05T01:30:01.967654025Z	/tmp/prysm-r2-extra-logs.Rd7MjT/round2-prysm-geth-32.tar.gz::validator.log:649	2026-09-05T01:30:01.967654025Z	/tmp/prysm-r2-extra-logs.Rd7MjT/round2-prysm-geth-32.tar.gz::validator.log:649
32	15	validator.log	INFO	client	Skipping payload attestation: no block for slot	25	2026-09-05T01:31:33.879590574Z	/tmp/prysm-r2-extra-logs.Rd7MjT/round2-prysm-geth-32.tar.gz::validator.log:1132	2026-09-05T01:33:57.001579697Z	/tmp/prysm-r2-extra-logs.Rd7MjT/round2-prysm-geth-32.tar.gz::validator.log:1344
32	15	validator.log	INFO	client	Submitted new aggregate attestations	7	2026-09-05T01:32:45.003333149Z	/tmp/prysm-r2-extra-logs.Rd7MjT/round2-prysm-geth-32.tar.gz::validator.log:1316	2026-09-05T01:33:57.001662914Z	/tmp/prysm-r2-extra-logs.Rd7MjT/round2-prysm-geth-32.tar.gz::validator.log:1346
32	15	validator.log	INFO	client	Submitted new attestations	13	2026-09-05T01:30:09.004703292Z	/tmp/prysm-r2-extra-logs.Rd7MjT/round2-prysm-geth-32.tar.gz::validator.log:682	2026-09-05T01:33:57.001628710Z	/tmp/prysm-r2-extra-logs.Rd7MjT/round2-prysm-geth-32.tar.gz::validator.log:1345
32	15	validator.log	INFO	client	Submitted new block	1	2026-09-05T01:33:01.658630063Z	/tmp/prysm-r2-extra-logs.Rd7MjT/round2-prysm-geth-32.tar.gz::validator.log:1324	2026-09-05T01:33:01.658630063Z	/tmp/prysm-r2-extra-logs.Rd7MjT/round2-prysm-geth-32.tar.gz::validator.log:1324
32	15	validator.log	INFO	client	Submitted payload attestations	4	2026-09-05T01:30:09.004760763Z	/tmp/prysm-r2-extra-logs.Rd7MjT/round2-prysm-geth-32.tar.gz::validator.log:683	2026-09-05T01:33:33.008656524Z	/tmp/prysm-r2-extra-logs.Rd7MjT/round2-prysm-geth-32.tar.gz::validator.log:1335
32	15	validator.log	INFO	client	Submitted sync committee contributions and proofs	3	2026-09-05T01:30:09.004766837Z	/tmp/prysm-r2-extra-logs.Rd7MjT/round2-prysm-geth-32.tar.gz::validator.log:685	2026-09-05T01:33:33.008660893Z	/tmp/prysm-r2-extra-logs.Rd7MjT/round2-prysm-geth-32.tar.gz::validator.log:1337
32	15	validator.log	INFO	client	Submitted sync committee messages	13	2026-09-05T01:30:09.004763830Z	/tmp/prysm-r2-extra-logs.Rd7MjT/round2-prysm-geth-32.tar.gz::validator.log:684	2026-09-05T01:33:57.001666662Z	/tmp/prysm-r2-extra-logs.Rd7MjT/round2-prysm-geth-32.tar.gz::validator.log:1347
32	15	validator.log	WARN	client	Could not get signed attestation data for aggregation	11	2026-09-05T01:30:36.003757676Z	/tmp/prysm-r2-extra-logs.Rd7MjT/round2-prysm-geth-32.tar.gz::validator.log:703	2026-09-05T01:32:00.013028886Z	/tmp/prysm-r2-extra-logs.Rd7MjT/round2-prysm-geth-32.tar.gz::validator.log:1243
32	15	validator.log	WARN	client	Failed to submit proposer preferences	1	2026-09-05T01:30:24.004337191Z	/tmp/prysm-r2-extra-logs.Rd7MjT/round2-prysm-geth-32.tar.gz::validator.log:691	2026-09-05T01:30:24.004337191Z	/tmp/prysm-r2-extra-logs.Rd7MjT/round2-prysm-geth-32.tar.gz::validator.log:691
32	15	validator.log	WARN	client	No attestations to aggregate	5	2026-09-05T01:31:32.281127440Z	/tmp/prysm-r2-extra-logs.Rd7MjT/round2-prysm-geth-32.tar.gz::validator.log:1130	2026-09-05T01:32:34.191913665Z	/tmp/prysm-r2-extra-logs.Rd7MjT/round2-prysm-geth-32.tar.gz::validator.log:1308
35	10	beacon.log	ERROR	execution	Beacon node is not respecting the follow distance. EL client is syncing.	15	2026-09-05T01:29:50.039753397Z	/tmp/prysm-r2-extra-logs.Rd7MjT/round2-prysm-geth-35.tar.gz::beacon.log:338	2026-09-05T01:33:20.199541376Z	/tmp/prysm-r2-extra-logs.Rd7MjT/round2-prysm-geth-35.tar.gz::beacon.log:534
35	10	beacon.log	ERROR	rpc/validator	Could not build block	1	2026-09-05T01:32:36.874620082Z	/tmp/prysm-r2-extra-logs.Rd7MjT/round2-prysm-geth-35.tar.gz::beacon.log:522	2026-09-05T01:32:36.874620082Z	/tmp/prysm-r2-extra-logs.Rd7MjT/round2-prysm-geth-35.tar.gz::beacon.log:522
35	10	beacon.log	ERROR	rpc/validator	Could not pack deposits and attestations	1	2026-09-05T01:32:36.873390348Z	/tmp/prysm-r2-extra-logs.Rd7MjT/round2-prysm-geth-35.tar.gz::beacon.log:521	2026-09-05T01:32:36.873390348Z	/tmp/prysm-r2-extra-logs.Rd7MjT/round2-prysm-geth-35.tar.gz::beacon.log:521
35	10	beacon.log	ERROR	rpc/core	Forkchoice head root does not match head root	2	2026-09-05T01:33:36.029386036Z	/tmp/prysm-r2-extra-logs.Rd7MjT/round2-prysm-geth-35.tar.gz::beacon.log:541	2026-09-05T01:33:48.022032749Z	/tmp/prysm-r2-extra-logs.Rd7MjT/round2-prysm-geth-35.tar.gz::beacon.log:547
35	10	beacon.log	INFO	slots	10s until chain genesis	1	2026-09-05T01:29:49.193861077Z	/tmp/prysm-r2-extra-logs.Rd7MjT/round2-prysm-geth-35.tar.gz::beacon.log:337	2026-09-05T01:29:49.193861077Z	/tmp/prysm-r2-extra-logs.Rd7MjT/round2-prysm-geth-35.tar.gz::beacon.log:337
35	10	beacon.log	INFO	slots	11s until chain genesis	1	2026-09-05T01:29:48.194016484Z	/tmp/prysm-r2-extra-logs.Rd7MjT/round2-prysm-geth-35.tar.gz::beacon.log:336	2026-09-05T01:29:48.194016484Z	/tmp/prysm-r2-extra-logs.Rd7MjT/round2-prysm-geth-35.tar.gz::beacon.log:336
35	10	beacon.log	INFO	slots	1s until chain genesis	1	2026-09-05T01:29:58.193458038Z	/tmp/prysm-r2-extra-logs.Rd7MjT/round2-prysm-geth-35.tar.gz::beacon.log:348	2026-09-05T01:29:58.193458038Z	/tmp/prysm-r2-extra-logs.Rd7MjT/round2-prysm-geth-35.tar.gz::beacon.log:348
35	10	beacon.log	INFO	slots	2s until chain genesis	1	2026-09-05T01:29:57.193323907Z	/tmp/prysm-r2-extra-logs.Rd7MjT/round2-prysm-geth-35.tar.gz::beacon.log:347	2026-09-05T01:29:57.193323907Z	/tmp/prysm-r2-extra-logs.Rd7MjT/round2-prysm-geth-35.tar.gz::beacon.log:347
35	10	beacon.log	INFO	slots	3s until chain genesis	1	2026-09-05T01:29:56.193729676Z	/tmp/prysm-r2-extra-logs.Rd7MjT/round2-prysm-geth-35.tar.gz::beacon.log:346	2026-09-05T01:29:56.193729676Z	/tmp/prysm-r2-extra-logs.Rd7MjT/round2-prysm-geth-35.tar.gz::beacon.log:346
35	10	beacon.log	INFO	slots	4s until chain genesis	1	2026-09-05T01:29:55.193774496Z	/tmp/prysm-r2-extra-logs.Rd7MjT/round2-prysm-geth-35.tar.gz::beacon.log:344	2026-09-05T01:29:55.193774496Z	/tmp/prysm-r2-extra-logs.Rd7MjT/round2-prysm-geth-35.tar.gz::beacon.log:344
35	10	beacon.log	INFO	slots	5s until chain genesis	1	2026-09-05T01:29:54.193695729Z	/tmp/prysm-r2-extra-logs.Rd7MjT/round2-prysm-geth-35.tar.gz::beacon.log:343	2026-09-05T01:29:54.193695729Z	/tmp/prysm-r2-extra-logs.Rd7MjT/round2-prysm-geth-35.tar.gz::beacon.log:343
35	10	beacon.log	INFO	slots	6s until chain genesis	1	2026-09-05T01:29:53.193419119Z	/tmp/prysm-r2-extra-logs.Rd7MjT/round2-prysm-geth-35.tar.gz::beacon.log:342	2026-09-05T01:29:53.193419119Z	/tmp/prysm-r2-extra-logs.Rd7MjT/round2-prysm-geth-35.tar.gz::beacon.log:342
35	10	beacon.log	INFO	slots	7s until chain genesis	1	2026-09-05T01:29:52.193224957Z	/tmp/prysm-r2-extra-logs.Rd7MjT/round2-prysm-geth-35.tar.gz::beacon.log:341	2026-09-05T01:29:52.193224957Z	/tmp/prysm-r2-extra-logs.Rd7MjT/round2-prysm-geth-35.tar.gz::beacon.log:341
35	10	beacon.log	INFO	slots	8s until chain genesis	1	2026-09-05T01:29:51.193425658Z	/tmp/prysm-r2-extra-logs.Rd7MjT/round2-prysm-geth-35.tar.gz::beacon.log:340	2026-09-05T01:29:51.193425658Z	/tmp/prysm-r2-extra-logs.Rd7MjT/round2-prysm-geth-35.tar.gz::beacon.log:340
35	10	beacon.log	INFO	slots	9s until chain genesis	1	2026-09-05T01:29:50.193551184Z	/tmp/prysm-r2-extra-logs.Rd7MjT/round2-prysm-geth-35.tar.gz::beacon.log:339	2026-09-05T01:29:50.193551184Z	/tmp/prysm-r2-extra-logs.Rd7MjT/round2-prysm-geth-35.tar.gz::beacon.log:339
35	10	beacon.log	INFO	blockchain	Attempted late block reorg aborted due to attestations after threshold	1	2026-09-05T01:33:46.111856429Z	/tmp/prysm-r2-extra-logs.Rd7MjT/round2-prysm-geth-35.tar.gz::beacon.log:542	2026-09-05T01:33:46.111856429Z	/tmp/prysm-r2-extra-logs.Rd7MjT/round2-prysm-geth-35.tar.gz::beacon.log:542
35	10	beacon.log	INFO	rpc/validator	Building block	1	2026-09-05T01:32:07.446879297Z	/tmp/prysm-r2-extra-logs.Rd7MjT/round2-prysm-geth-35.tar.gz::beacon.log:514	2026-09-05T01:32:07.446879297Z	/tmp/prysm-r2-extra-logs.Rd7MjT/round2-prysm-geth-35.tar.gz::beacon.log:514
35	10	beacon.log	INFO	slots	Chain genesis time reached	1	2026-09-05T01:30:00.193093307Z	/tmp/prysm-r2-extra-logs.Rd7MjT/round2-prysm-geth-35.tar.gz::beacon.log:500	2026-09-05T01:30:00.193093307Z	/tmp/prysm-r2-extra-logs.Rd7MjT/round2-prysm-geth-35.tar.gz::beacon.log:500
35	10	beacon.log	INFO	blockchain	Chain reorg occurred	6	2026-09-05T01:30:12.002018841Z	/tmp/prysm-r2-extra-logs.Rd7MjT/round2-prysm-geth-35.tar.gz::beacon.log:502	2026-09-05T01:33:48.016308095Z	/tmp/prysm-r2-extra-logs.Rd7MjT/round2-prysm-geth-35.tar.gz::beacon.log:546
35	10	beacon.log	INFO	rpc/validator	Chose payload bid	1	2026-09-05T01:32:10.338144388Z	/tmp/prysm-r2-extra-logs.Rd7MjT/round2-prysm-geth-35.tar.gz::beacon.log:519	2026-09-05T01:32:10.338144388Z	/tmp/prysm-r2-extra-logs.Rd7MjT/round2-prysm-geth-35.tar.gz::beacon.log:519
35	10	beacon.log	INFO	p2p	Connected peers	5	2026-09-05T01:29:55.210904294Z	/tmp/prysm-r2-extra-logs.Rd7MjT/round2-prysm-geth-35.tar.gz::beacon.log:345	2026-09-05T01:33:55.211226819Z	/tmp/prysm-r2-extra-logs.Rd7MjT/round2-prysm-geth-35.tar.gz::beacon.log:548
35	10	beacon.log	INFO	blockchain	Finished applying state transition	4	2026-09-05T01:33:02.180565584Z	/tmp/prysm-r2-extra-logs.Rd7MjT/round2-prysm-geth-35.tar.gz::beacon.log:528	2026-09-05T01:33:46.115386206Z	/tmp/prysm-r2-extra-logs.Rd7MjT/round2-prysm-geth-35.tar.gz::beacon.log:544
35	10	beacon.log	INFO	blockchain	Forkchoice updated with payload attributes for proposal	1	2026-09-05T01:32:10.015749981Z	/tmp/prysm-r2-extra-logs.Rd7MjT/round2-prysm-geth-35.tar.gz::beacon.log:515	2026-09-05T01:32:10.015749981Z	/tmp/prysm-r2-extra-logs.Rd7MjT/round2-prysm-geth-35.tar.gz::beacon.log:515
35	10	beacon.log	INFO	execution	Graffiti includes client version info appended after user graffiti	1	2026-09-05T01:32:10.312356356Z	/tmp/prysm-r2-extra-logs.Rd7MjT/round2-prysm-geth-35.tar.gz::beacon.log:517	2026-09-05T01:32:10.312356356Z	/tmp/prysm-r2-extra-logs.Rd7MjT/round2-prysm-geth-35.tar.gz::beacon.log:517
35	10	beacon.log	INFO	sync	Subscribed to	150	2026-09-05T01:30:00.004739243Z	/tmp/prysm-r2-extra-logs.Rd7MjT/round2-prysm-geth-35.tar.gz::beacon.log:350	2026-09-05T01:30:00.126339457Z	/tmp/prysm-r2-extra-logs.Rd7MjT/round2-prysm-geth-35.tar.gz::beacon.log:499
35	10	beacon.log	INFO	blockchain	Synced execution payload envelope	4	2026-09-05T01:33:02.454551703Z	/tmp/prysm-r2-extra-logs.Rd7MjT/round2-prysm-geth-35.tar.gz::beacon.log:529	2026-09-05T01:33:47.053023390Z	/tmp/prysm-r2-extra-logs.Rd7MjT/round2-prysm-geth-35.tar.gz::beacon.log:545
35	10	beacon.log	INFO	blockchain	Synced new block	4	2026-09-05T01:33:02.180521052Z	/tmp/prysm-r2-extra-logs.Rd7MjT/round2-prysm-geth-35.tar.gz::beacon.log:527	2026-09-05T01:33:46.115357458Z	/tmp/prysm-r2-extra-logs.Rd7MjT/round2-prysm-geth-35.tar.gz::beacon.log:543
35	10	beacon.log	INFO	p2p	Updating ENR Fork ID	1	2026-09-05T01:30:00.004707118Z	/tmp/prysm-r2-extra-logs.Rd7MjT/round2-prysm-geth-35.tar.gz::beacon.log:349	2026-09-05T01:30:00.004707118Z	/tmp/prysm-r2-extra-logs.Rd7MjT/round2-prysm-geth-35.tar.gz::beacon.log:349
35	10	beacon.log	WARN	events	Client is unable to keep up with event stream, shutting down.	2	2026-09-05T01:32:39.320775417Z	/tmp/prysm-r2-extra-logs.Rd7MjT/round2-prysm-geth-35.tar.gz::beacon.log:524	2026-09-05T01:33:03.772739086Z	/tmp/prysm-r2-extra-logs.Rd7MjT/round2-prysm-geth-35.tar.gz::beacon.log:530
35	10	beacon.log	WARN	rpc/validator	Voting period before genesis + follow distance, using eth1data from head	1	2026-09-05T01:32:10.337596937Z	/tmp/prysm-r2-extra-logs.Rd7MjT/round2-prysm-geth-35.tar.gz::beacon.log:518	2026-09-05T01:32:10.337596937Z	/tmp/prysm-r2-extra-logs.Rd7MjT/round2-prysm-geth-35.tar.gz::beacon.log:518
35	10	execution.log	INFO	geth	Chain head was updated	7	2026-09-05T01:33:02.456474276Z	/tmp/prysm-r2-extra-logs.Rd7MjT/round2-prysm-geth-35.tar.gz::execution.log:91	2026-09-05T01:33:48.021979850Z	/tmp/prysm-r2-extra-logs.Rd7MjT/round2-prysm-geth-35.tar.gz::execution.log:111
35	10	execution.log	INFO	geth	Chain reorg detected	2	2026-09-05T01:33:21.514033135Z	/tmp/prysm-r2-extra-logs.Rd7MjT/round2-prysm-geth-35.tar.gz::execution.log:95	2026-09-05T01:33:24.101009645Z	/tmp/prysm-r2-extra-logs.Rd7MjT/round2-prysm-geth-35.tar.gz::execution.log:98
35	10	execution.log	INFO	geth	Imported new potential chain segment	4	2026-09-05T01:33:02.311405248Z	/tmp/prysm-r2-extra-logs.Rd7MjT/round2-prysm-geth-35.tar.gz::execution.log:90	2026-09-05T01:33:47.049145346Z	/tmp/prysm-r2-extra-logs.Rd7MjT/round2-prysm-geth-35.tar.gz::execution.log:107
35	10	execution.log	INFO	geth	Indexed transactions	1	2026-09-05T01:33:02.457093255Z	/tmp/prysm-r2-extra-logs.Rd7MjT/round2-prysm-geth-35.tar.gz::execution.log:93	2026-09-05T01:33:02.457093255Z	/tmp/prysm-r2-extra-logs.Rd7MjT/round2-prysm-geth-35.tar.gz::execution.log:93
35	10	execution.log	INFO	geth	Shorten chain	2	2026-09-05T01:33:36.032704790Z	/tmp/prysm-r2-extra-logs.Rd7MjT/round2-prysm-geth-35.tar.gz::execution.log:104	2026-09-05T01:33:48.021951711Z	/tmp/prysm-r2-extra-logs.Rd7MjT/round2-prysm-geth-35.tar.gz::execution.log:110
35	10	execution.log	INFO	geth	Starting work on payload	1	2026-09-05T01:32:05.748957189Z	/tmp/prysm-r2-extra-logs.Rd7MjT/round2-prysm-geth-35.tar.gz::execution.log:87	2026-09-05T01:32:05.748957189Z	/tmp/prysm-r2-extra-logs.Rd7MjT/round2-prysm-geth-35.tar.gz::execution.log:87
35	10	execution.log	INFO	geth	Stopping work on payload	1	2026-09-05T01:32:10.313524865Z	/tmp/prysm-r2-extra-logs.Rd7MjT/round2-prysm-geth-35.tar.gz::execution.log:89	2026-09-05T01:32:10.313524865Z	/tmp/prysm-r2-extra-logs.Rd7MjT/round2-prysm-geth-35.tar.gz::execution.log:89
35	10	execution.log	INFO	geth	Updated payload	1	2026-09-05T01:32:05.749645780Z	/tmp/prysm-r2-extra-logs.Rd7MjT/round2-prysm-geth-35.tar.gz::execution.log:88	2026-09-05T01:32:05.749645780Z	/tmp/prysm-r2-extra-logs.Rd7MjT/round2-prysm-geth-35.tar.gz::execution.log:88
35	10	execution.log	WARN	geth	Nil finalized block cannot evict old blobs	7	2026-09-05T01:33:02.457063616Z	/tmp/prysm-r2-extra-logs.Rd7MjT/round2-prysm-geth-35.tar.gz::execution.log:92	2026-09-05T01:33:48.023419358Z	/tmp/prysm-r2-extra-logs.Rd7MjT/round2-prysm-geth-35.tar.gz::execution.log:112
35	10	snooper-engine.log	INFO	proxy	REQUEST #707: POST /	1	2026-09-05T01:29:50.039026691Z	/tmp/prysm-r2-extra-logs.Rd7MjT/round2-prysm-geth-35.tar.gz::snooper-engine.log:31538	2026-09-05T01:29:50.039026691Z	/tmp/prysm-r2-extra-logs.Rd7MjT/round2-prysm-geth-35.tar.gz::snooper-engine.log:31538
35	10	snooper-engine.log	INFO	proxy	REQUEST #708: POST /	1	2026-09-05T01:30:04.039116041Z	/tmp/prysm-r2-extra-logs.Rd7MjT/round2-prysm-geth-35.tar.gz::snooper-engine.log:31586	2026-09-05T01:30:04.039116041Z	/tmp/prysm-r2-extra-logs.Rd7MjT/round2-prysm-geth-35.tar.gz::snooper-engine.log:31586
35	10	snooper-engine.log	INFO	proxy	REQUEST #710: POST /	1	2026-09-05T01:30:18.077477643Z	/tmp/prysm-r2-extra-logs.Rd7MjT/round2-prysm-geth-35.tar.gz::snooper-engine.log:31662	2026-09-05T01:30:18.077477643Z	/tmp/prysm-r2-extra-logs.Rd7MjT/round2-prysm-geth-35.tar.gz::snooper-engine.log:31662
35	10	snooper-engine.log	INFO	proxy	REQUEST #711: POST /	1	2026-09-05T01:30:32.039319368Z	/tmp/prysm-r2-extra-logs.Rd7MjT/round2-prysm-geth-35.tar.gz::snooper-engine.log:31709	2026-09-05T01:30:32.039319368Z	/tmp/prysm-r2-extra-logs.Rd7MjT/round2-prysm-geth-35.tar.gz::snooper-engine.log:31709
35	10	snooper-engine.log	INFO	proxy	REQUEST #713: POST /	1	2026-09-05T01:30:46.042814917Z	/tmp/prysm-r2-extra-logs.Rd7MjT/round2-prysm-geth-35.tar.gz::snooper-engine.log:31785	2026-09-05T01:30:46.042814917Z	/tmp/prysm-r2-extra-logs.Rd7MjT/round2-prysm-geth-35.tar.gz::snooper-engine.log:31785
35	10	snooper-engine.log	INFO	proxy	REQUEST #714: POST /	1	2026-09-05T01:31:00.059464702Z	/tmp/prysm-r2-extra-logs.Rd7MjT/round2-prysm-geth-35.tar.gz::snooper-engine.log:31833	2026-09-05T01:31:00.059464702Z	/tmp/prysm-r2-extra-logs.Rd7MjT/round2-prysm-geth-35.tar.gz::snooper-engine.log:31833
35	10	snooper-engine.log	INFO	proxy	REQUEST #716: POST /	1	2026-09-05T01:31:15.012570563Z	/tmp/prysm-r2-extra-logs.Rd7MjT/round2-prysm-geth-35.tar.gz::snooper-engine.log:31909	2026-09-05T01:31:15.012570563Z	/tmp/prysm-r2-extra-logs.Rd7MjT/round2-prysm-geth-35.tar.gz::snooper-engine.log:31909
35	10	snooper-engine.log	INFO	proxy	REQUEST #717: POST /	1	2026-09-05T01:31:28.049822592Z	/tmp/prysm-r2-extra-logs.Rd7MjT/round2-prysm-geth-35.tar.gz::snooper-engine.log:31956	2026-09-05T01:31:28.049822592Z	/tmp/prysm-r2-extra-logs.Rd7MjT/round2-prysm-geth-35.tar.gz::snooper-engine.log:31956
35	10	snooper-engine.log	INFO	proxy	REQUEST #718: POST /	1	2026-09-05T01:31:42.049667817Z	/tmp/prysm-r2-extra-logs.Rd7MjT/round2-prysm-geth-35.tar.gz::snooper-engine.log:32003	2026-09-05T01:31:42.049667817Z	/tmp/prysm-r2-extra-logs.Rd7MjT/round2-prysm-geth-35.tar.gz::snooper-engine.log:32003
35	10	snooper-engine.log	INFO	proxy	REQUEST #719: POST /	1	2026-09-05T01:31:56.039787062Z	/tmp/prysm-r2-extra-logs.Rd7MjT/round2-prysm-geth-35.tar.gz::snooper-engine.log:32050	2026-09-05T01:31:56.039787062Z	/tmp/prysm-r2-extra-logs.Rd7MjT/round2-prysm-geth-35.tar.gz::snooper-engine.log:32050
35	10	snooper-engine.log	INFO	proxy	REQUEST #721: POST /	1	2026-09-05T01:32:10.046233044Z	/tmp/prysm-r2-extra-logs.Rd7MjT/round2-prysm-geth-35.tar.gz::snooper-engine.log:32135	2026-09-05T01:32:10.046233044Z	/tmp/prysm-r2-extra-logs.Rd7MjT/round2-prysm-geth-35.tar.gz::snooper-engine.log:32135
35	10	snooper-engine.log	INFO	proxy	REQUEST #723: POST /	1	2026-09-05T01:32:24.052825750Z	/tmp/prysm-r2-extra-logs.Rd7MjT/round2-prysm-geth-35.tar.gz::snooper-engine.log:32229	2026-09-05T01:32:24.052825750Z	/tmp/prysm-r2-extra-logs.Rd7MjT/round2-prysm-geth-35.tar.gz::snooper-engine.log:32229
35	10	snooper-engine.log	INFO	proxy	REQUEST #724: POST /	1	2026-09-05T01:32:38.037956632Z	/tmp/prysm-r2-extra-logs.Rd7MjT/round2-prysm-geth-35.tar.gz::snooper-engine.log:32276	2026-09-05T01:32:38.037956632Z	/tmp/prysm-r2-extra-logs.Rd7MjT/round2-prysm-geth-35.tar.gz::snooper-engine.log:32276
35	10	snooper-engine.log	INFO	proxy	REQUEST #726: POST /	1	2026-09-05T01:32:52.053947429Z	/tmp/prysm-r2-extra-logs.Rd7MjT/round2-prysm-geth-35.tar.gz::snooper-engine.log:32352	2026-09-05T01:32:52.053947429Z	/tmp/prysm-r2-extra-logs.Rd7MjT/round2-prysm-geth-35.tar.gz::snooper-engine.log:32352
35	10	snooper-engine.log	INFO	proxy	REQUEST #729: POST /	1	2026-09-05T01:33:06.048576725Z	/tmp/prysm-r2-extra-logs.Rd7MjT/round2-prysm-geth-35.tar.gz::snooper-engine.log:32473	2026-09-05T01:33:06.048576725Z	/tmp/prysm-r2-extra-logs.Rd7MjT/round2-prysm-geth-35.tar.gz::snooper-engine.log:32473
35	10	snooper-engine.log	INFO	proxy	REQUEST #730: POST /	1	2026-09-05T01:33:06.210666453Z	/tmp/prysm-r2-extra-logs.Rd7MjT/round2-prysm-geth-35.tar.gz::snooper-engine.log:32520	2026-09-05T01:33:06.210666453Z	/tmp/prysm-r2-extra-logs.Rd7MjT/round2-prysm-geth-35.tar.gz::snooper-engine.log:32520
35	10	snooper-engine.log	INFO	proxy	REQUEST #731: POST /	1	2026-09-05T01:33:06.440017857Z	/tmp/prysm-r2-extra-logs.Rd7MjT/round2-prysm-geth-35.tar.gz::snooper-engine.log:32567	2026-09-05T01:33:06.440017857Z	/tmp/prysm-r2-extra-logs.Rd7MjT/round2-prysm-geth-35.tar.gz::snooper-engine.log:32567
35	10	snooper-engine.log	INFO	proxy	REQUEST #733: POST /	1	2026-09-05T01:33:20.124672751Z	/tmp/prysm-r2-extra-logs.Rd7MjT/round2-prysm-geth-35.tar.gz::snooper-engine.log:32634	2026-09-05T01:33:20.124672751Z	/tmp/prysm-r2-extra-logs.Rd7MjT/round2-prysm-geth-35.tar.gz::snooper-engine.log:32634
35	10	snooper-engine.log	INFO	proxy	REQUEST #739: POST /	1	2026-09-05T01:33:32.146277104Z	/tmp/prysm-r2-extra-logs.Rd7MjT/round2-prysm-geth-35.tar.gz::snooper-engine.log:32837	2026-09-05T01:33:32.146277104Z	/tmp/prysm-r2-extra-logs.Rd7MjT/round2-prysm-geth-35.tar.gz::snooper-engine.log:32837
35	10	snooper-engine.log	INFO	proxy	REQUEST #740: POST /	1	2026-09-05T01:33:34.048930499Z	/tmp/prysm-r2-extra-logs.Rd7MjT/round2-prysm-geth-35.tar.gz::snooper-engine.log:32889	2026-09-05T01:33:34.048930499Z	/tmp/prysm-r2-extra-logs.Rd7MjT/round2-prysm-geth-35.tar.gz::snooper-engine.log:32889
35	10	snooper-engine.log	INFO	proxy	REQUEST #741: POST /	1	2026-09-05T01:33:34.099610799Z	/tmp/prysm-r2-extra-logs.Rd7MjT/round2-prysm-geth-35.tar.gz::snooper-engine.log:32936	2026-09-05T01:33:34.099610799Z	/tmp/prysm-r2-extra-logs.Rd7MjT/round2-prysm-geth-35.tar.gz::snooper-engine.log:32936
35	10	snooper-engine.log	INFO	proxy	REQUEST #742: POST /	1	2026-09-05T01:33:34.134108602Z	/tmp/prysm-r2-extra-logs.Rd7MjT/round2-prysm-geth-35.tar.gz::snooper-engine.log:32983	2026-09-05T01:33:34.134108602Z	/tmp/prysm-r2-extra-logs.Rd7MjT/round2-prysm-geth-35.tar.gz::snooper-engine.log:32983
35	10	snooper-engine.log	INFO	proxy	REQUEST #747: POST /	1	2026-09-05T01:33:48.039515380Z	/tmp/prysm-r2-extra-logs.Rd7MjT/round2-prysm-geth-35.tar.gz::snooper-engine.log:33137	2026-09-05T01:33:48.039515380Z	/tmp/prysm-r2-extra-logs.Rd7MjT/round2-prysm-geth-35.tar.gz::snooper-engine.log:33137
35	10	snooper-engine.log	INFO	proxy	REQUEST engine_forkchoiceUpdatedV4	10	2026-09-05T01:30:12.004453467Z	/tmp/prysm-r2-extra-logs.Rd7MjT/round2-prysm-geth-35.tar.gz::snooper-engine.log:31633	2026-09-05T01:33:48.021953543Z	/tmp/prysm-r2-extra-logs.Rd7MjT/round2-prysm-geth-35.tar.gz::snooper-engine.log:33108
35	10	snooper-engine.log	INFO	proxy	REQUEST engine_getClientVersionV1	2	2026-09-05T01:31:10.244446882Z	/tmp/prysm-r2-extra-logs.Rd7MjT/round2-prysm-geth-35.tar.gz::snooper-engine.log:31880	2026-09-05T01:32:46.235208006Z	/tmp/prysm-r2-extra-logs.Rd7MjT/round2-prysm-geth-35.tar.gz::snooper-engine.log:32323
35	10	snooper-engine.log	INFO	proxy	REQUEST engine_getPayloadBodiesByHashV2	1	2026-09-05T01:33:32.142712622Z	/tmp/prysm-r2-extra-logs.Rd7MjT/round2-prysm-geth-35.tar.gz::snooper-engine.log:32812	2026-09-05T01:33:32.142712622Z	/tmp/prysm-r2-extra-logs.Rd7MjT/round2-prysm-geth-35.tar.gz::snooper-engine.log:32812
35	10	snooper-engine.log	INFO	proxy	REQUEST engine_getPayloadV6	1	2026-09-05T01:32:10.313051245Z	/tmp/prysm-r2-extra-logs.Rd7MjT/round2-prysm-geth-35.tar.gz::snooper-engine.log:32182	2026-09-05T01:32:10.313051245Z	/tmp/prysm-r2-extra-logs.Rd7MjT/round2-prysm-geth-35.tar.gz::snooper-engine.log:32182
35	10	snooper-engine.log	INFO	proxy	REQUEST engine_newPayloadV5	4	2026-09-05T01:33:02.310088408Z	/tmp/prysm-r2-extra-logs.Rd7MjT/round2-prysm-geth-35.tar.gz::snooper-engine.log:32400	2026-09-05T01:33:47.048032076Z	/tmp/prysm-r2-extra-logs.Rd7MjT/round2-prysm-geth-35.tar.gz::snooper-engine.log:33035
35	10	snooper-engine.log	INFO	proxy	RESPONSE	41	2026-09-05T01:29:50.039331789Z	/tmp/prysm-r2-extra-logs.Rd7MjT/round2-prysm-geth-35.tar.gz::snooper-engine.log:31549	2026-09-05T01:33:48.039565349Z	/tmp/prysm-r2-extra-logs.Rd7MjT/round2-prysm-geth-35.tar.gz::snooper-engine.log:33148
35	10	snooper-engine.log	INFO	proxy	fetched execution metadata	5	2026-09-05T01:29:58.453517556Z	/tmp/prysm-r2-extra-logs.Rd7MjT/round2-prysm-geth-35.tar.gz::snooper-engine.log:31585	2026-09-05T01:33:58.452906961Z	/tmp/prysm-r2-extra-logs.Rd7MjT/round2-prysm-geth-35.tar.gz::snooper-engine.log:33186
35	10	validator.log	ERROR	client	Could not check if any validator is a sync committee aggregator	11	2026-09-05T01:30:36.000583891Z	/tmp/prysm-r2-extra-logs.Rd7MjT/round2-prysm-geth-35.tar.gz::validator.log:693	2026-09-05T01:33:00.002312865Z	/tmp/prysm-r2-extra-logs.Rd7MjT/round2-prysm-geth-35.tar.gz::validator.log:1551
35	10	validator.log	ERROR	client	Could not get sync committee contribution	1	2026-09-05T01:32:12.004857615Z	/tmp/prysm-r2-extra-logs.Rd7MjT/round2-prysm-geth-35.tar.gz::validator.log:1383	2026-09-05T01:32:12.004857615Z	/tmp/prysm-r2-extra-logs.Rd7MjT/round2-prysm-geth-35.tar.gz::validator.log:1383
35	10	validator.log	ERROR	client	Could not request attestation to sign at slot	809	2026-09-05T01:30:36.002235539Z	/tmp/prysm-r2-extra-logs.Rd7MjT/round2-prysm-geth-35.tar.gz::validator.log:694	2026-09-05T01:33:00.008663876Z	/tmp/prysm-r2-extra-logs.Rd7MjT/round2-prysm-geth-35.tar.gz::validator.log:1638
35	10	validator.log	ERROR	client	Could not request payload attestation data	33	2026-09-05T01:30:24.001454319Z	/tmp/prysm-r2-extra-logs.Rd7MjT/round2-prysm-geth-35.tar.gz::validator.log:687	2026-09-05T01:33:00.002502208Z	/tmp/prysm-r2-extra-logs.Rd7MjT/round2-prysm-geth-35.tar.gz::validator.log:1567
35	10	validator.log	ERROR	client	Could not request sync message block root to sign	55	2026-09-05T01:30:36.002254660Z	/tmp/prysm-r2-extra-logs.Rd7MjT/round2-prysm-geth-35.tar.gz::validator.log:695	2026-09-05T01:33:00.002650969Z	/tmp/prysm-r2-extra-logs.Rd7MjT/round2-prysm-geth-35.tar.gz::validator.log:1568
35	10	validator.log	ERROR	client	Could not submit aggregate selection proof to beacon node	15	2026-09-05T01:30:24.001504000Z	/tmp/prysm-r2-extra-logs.Rd7MjT/round2-prysm-geth-35.tar.gz::validator.log:688	2026-09-05T01:33:00.007814126Z	/tmp/prysm-r2-extra-logs.Rd7MjT/round2-prysm-geth-35.tar.gz::validator.log:1631
35	10	validator.log	ERROR	client	Failed to request block from beacon node	1	2026-09-05T01:32:12.004886514Z	/tmp/prysm-r2-extra-logs.Rd7MjT/round2-prysm-geth-35.tar.gz::validator.log:1384	2026-09-05T01:32:12.004886514Z	/tmp/prysm-r2-extra-logs.Rd7MjT/round2-prysm-geth-35.tar.gz::validator.log:1384
35	10	validator.log	INFO	client	Duties schedule	32	2026-09-05T01:30:01.821562880Z	/tmp/prysm-r2-extra-logs.Rd7MjT/round2-prysm-geth-35.tar.gz::validator.log:650	2026-09-05T01:30:01.840326810Z	/tmp/prysm-r2-extra-logs.Rd7MjT/round2-prysm-geth-35.tar.gz::validator.log:681
35	10	validator.log	INFO	client	Schedule for epoch 0	1	2026-09-05T01:30:01.821515248Z	/tmp/prysm-r2-extra-logs.Rd7MjT/round2-prysm-geth-35.tar.gz::validator.log:649	2026-09-05T01:30:01.821515248Z	/tmp/prysm-r2-extra-logs.Rd7MjT/round2-prysm-geth-35.tar.gz::validator.log:649
35	10	validator.log	INFO	client	Skipping payload attestation: no block for slot	13	2026-09-05T01:32:10.276902846Z	/tmp/prysm-r2-extra-logs.Rd7MjT/round2-prysm-geth-35.tar.gz::validator.log:1377	2026-09-05T01:33:57.008670616Z	/tmp/prysm-r2-extra-logs.Rd7MjT/round2-prysm-geth-35.tar.gz::validator.log:1657
35	10	validator.log	INFO	client	Submitted new aggregate attestations	5	2026-09-05T01:30:09.008127020Z	/tmp/prysm-r2-extra-logs.Rd7MjT/round2-prysm-geth-35.tar.gz::validator.log:683	2026-09-05T01:33:57.008733633Z	/tmp/prysm-r2-extra-logs.Rd7MjT/round2-prysm-geth-35.tar.gz::validator.log:1659
35	10	validator.log	INFO	client	Submitted new attestations	9	2026-09-05T01:30:09.008051645Z	/tmp/prysm-r2-extra-logs.Rd7MjT/round2-prysm-geth-35.tar.gz::validator.log:682	2026-09-05T01:33:57.008718507Z	/tmp/prysm-r2-extra-logs.Rd7MjT/round2-prysm-geth-35.tar.gz::validator.log:1658
35	10	validator.log	INFO	client	Submitted payload attestations	4	2026-09-05T01:30:09.008134108Z	/tmp/prysm-r2-extra-logs.Rd7MjT/round2-prysm-geth-35.tar.gz::validator.log:684	2026-09-05T01:33:33.066597395Z	/tmp/prysm-r2-extra-logs.Rd7MjT/round2-prysm-geth-35.tar.gz::validator.log:1649
35	10	validator.log	INFO	client	Submitted sync committee contributions and proofs	3	2026-09-05T01:30:09.008143230Z	/tmp/prysm-r2-extra-logs.Rd7MjT/round2-prysm-geth-35.tar.gz::validator.log:686	2026-09-05T01:33:57.008761985Z	/tmp/prysm-r2-extra-logs.Rd7MjT/round2-prysm-geth-35.tar.gz::validator.log:1661
35	10	validator.log	INFO	client	Submitted sync committee messages	9	2026-09-05T01:30:09.008138923Z	/tmp/prysm-r2-extra-logs.Rd7MjT/round2-prysm-geth-35.tar.gz::validator.log:685	2026-09-05T01:33:57.008757755Z	/tmp/prysm-r2-extra-logs.Rd7MjT/round2-prysm-geth-35.tar.gz::validator.log:1660
35	10	validator.log	WARN	client	Could not get signed attestation data for aggregation	12	2026-09-05T01:30:36.002258147Z	/tmp/prysm-r2-extra-logs.Rd7MjT/round2-prysm-geth-35.tar.gz::validator.log:696	2026-09-05T01:33:00.007487855Z	/tmp/prysm-r2-extra-logs.Rd7MjT/round2-prysm-geth-35.tar.gz::validator.log:1629
76	16	beacon.log	ERROR	execution	Beacon node is not respecting the follow distance. EL client is syncing.	15	2026-09-05T01:29:51.160527073Z	/tmp/prysm-r2-extra-logs.Rd7MjT/round2-prysm-geth-76.tar.gz::beacon.log:383	2026-09-05T01:33:21.185017529Z	/tmp/prysm-r2-extra-logs.Rd7MjT/round2-prysm-geth-76.tar.gz::beacon.log:729
76	16	beacon.log	ERROR	rpc/core	Forkchoice head root does not match head root	2	2026-09-05T01:33:12.529986916Z	/tmp/prysm-r2-extra-logs.Rd7MjT/round2-prysm-geth-76.tar.gz::beacon.log:720	2026-09-05T01:33:24.700239718Z	/tmp/prysm-r2-extra-logs.Rd7MjT/round2-prysm-geth-76.tar.gz::beacon.log:731
76	16	beacon.log	INFO	slots	10s until chain genesis	1	2026-09-05T01:29:49.997718237Z	/tmp/prysm-r2-extra-logs.Rd7MjT/round2-prysm-geth-76.tar.gz::beacon.log:381	2026-09-05T01:29:49.997718237Z	/tmp/prysm-r2-extra-logs.Rd7MjT/round2-prysm-geth-76.tar.gz::beacon.log:381
76	16	beacon.log	INFO	slots	11s until chain genesis	1	2026-09-05T01:29:48.997534366Z	/tmp/prysm-r2-extra-logs.Rd7MjT/round2-prysm-geth-76.tar.gz::beacon.log:380	2026-09-05T01:29:48.997534366Z	/tmp/prysm-r2-extra-logs.Rd7MjT/round2-prysm-geth-76.tar.gz::beacon.log:380
76	16	beacon.log	INFO	slots	1s until chain genesis	1	2026-09-05T01:29:58.998015906Z	/tmp/prysm-r2-extra-logs.Rd7MjT/round2-prysm-geth-76.tar.gz::beacon.log:391	2026-09-05T01:29:58.998015906Z	/tmp/prysm-r2-extra-logs.Rd7MjT/round2-prysm-geth-76.tar.gz::beacon.log:391
76	16	beacon.log	INFO	slots	2s until chain genesis	1	2026-09-05T01:29:57.998118449Z	/tmp/prysm-r2-extra-logs.Rd7MjT/round2-prysm-geth-76.tar.gz::beacon.log:390	2026-09-05T01:29:57.998118449Z	/tmp/prysm-r2-extra-logs.Rd7MjT/round2-prysm-geth-76.tar.gz::beacon.log:390
76	16	beacon.log	INFO	slots	3s until chain genesis	1	2026-09-05T01:29:56.997334515Z	/tmp/prysm-r2-extra-logs.Rd7MjT/round2-prysm-geth-76.tar.gz::beacon.log:389	2026-09-05T01:29:56.997334515Z	/tmp/prysm-r2-extra-logs.Rd7MjT/round2-prysm-geth-76.tar.gz::beacon.log:389
76	16	beacon.log	INFO	slots	4s until chain genesis	1	2026-09-05T01:29:55.997816458Z	/tmp/prysm-r2-extra-logs.Rd7MjT/round2-prysm-geth-76.tar.gz::beacon.log:388	2026-09-05T01:29:55.997816458Z	/tmp/prysm-r2-extra-logs.Rd7MjT/round2-prysm-geth-76.tar.gz::beacon.log:388
76	16	beacon.log	INFO	slots	5s until chain genesis	1	2026-09-05T01:29:54.997328324Z	/tmp/prysm-r2-extra-logs.Rd7MjT/round2-prysm-geth-76.tar.gz::beacon.log:387	2026-09-05T01:29:54.997328324Z	/tmp/prysm-r2-extra-logs.Rd7MjT/round2-prysm-geth-76.tar.gz::beacon.log:387
76	16	beacon.log	INFO	slots	6s until chain genesis	1	2026-09-05T01:29:53.997713382Z	/tmp/prysm-r2-extra-logs.Rd7MjT/round2-prysm-geth-76.tar.gz::beacon.log:386	2026-09-05T01:29:53.997713382Z	/tmp/prysm-r2-extra-logs.Rd7MjT/round2-prysm-geth-76.tar.gz::beacon.log:386
76	16	beacon.log	INFO	slots	7s until chain genesis	1	2026-09-05T01:29:52.997937074Z	/tmp/prysm-r2-extra-logs.Rd7MjT/round2-prysm-geth-76.tar.gz::beacon.log:385	2026-09-05T01:29:52.997937074Z	/tmp/prysm-r2-extra-logs.Rd7MjT/round2-prysm-geth-76.tar.gz::beacon.log:385
76	16	beacon.log	INFO	slots	8s until chain genesis	1	2026-09-05T01:29:51.997251130Z	/tmp/prysm-r2-extra-logs.Rd7MjT/round2-prysm-geth-76.tar.gz::beacon.log:384	2026-09-05T01:29:51.997251130Z	/tmp/prysm-r2-extra-logs.Rd7MjT/round2-prysm-geth-76.tar.gz::beacon.log:384
76	16	beacon.log	INFO	slots	9s until chain genesis	1	2026-09-05T01:29:50.997781102Z	/tmp/prysm-r2-extra-logs.Rd7MjT/round2-prysm-geth-76.tar.gz::beacon.log:382	2026-09-05T01:29:50.997781102Z	/tmp/prysm-r2-extra-logs.Rd7MjT/round2-prysm-geth-76.tar.gz::beacon.log:382
76	16	beacon.log	INFO	blockchain	Attempted late block reorg aborted due to attestations at 12 seconds	1	2026-09-05T01:33:12.447643335Z	/tmp/prysm-r2-extra-logs.Rd7MjT/round2-prysm-geth-76.tar.gz::beacon.log:718	2026-09-05T01:33:12.447643335Z	/tmp/prysm-r2-extra-logs.Rd7MjT/round2-prysm-geth-76.tar.gz::beacon.log:718
76	16	beacon.log	INFO	rpc/validator	Building block	1	2026-09-05T01:33:12.219198051Z	/tmp/prysm-r2-extra-logs.Rd7MjT/round2-prysm-geth-76.tar.gz::beacon.log:717	2026-09-05T01:33:12.219198051Z	/tmp/prysm-r2-extra-logs.Rd7MjT/round2-prysm-geth-76.tar.gz::beacon.log:717
76	16	beacon.log	INFO	slots	Chain genesis time reached	1	2026-09-05T01:30:00.998205851Z	/tmp/prysm-r2-extra-logs.Rd7MjT/round2-prysm-geth-76.tar.gz::beacon.log:542	2026-09-05T01:30:00.998205851Z	/tmp/prysm-r2-extra-logs.Rd7MjT/round2-prysm-geth-76.tar.gz::beacon.log:542
76	16	beacon.log	INFO	blockchain	Chain reorg occurred	5	2026-09-05T01:30:12.001207206Z	/tmp/prysm-r2-extra-logs.Rd7MjT/round2-prysm-geth-76.tar.gz::beacon.log:545	2026-09-05T01:33:36.032387877Z	/tmp/prysm-r2-extra-logs.Rd7MjT/round2-prysm-geth-76.tar.gz::beacon.log:735
76	16	beacon.log	INFO	rpc/validator	Chose payload bid	1	2026-09-05T01:33:12.703632422Z	/tmp/prysm-r2-extra-logs.Rd7MjT/round2-prysm-geth-76.tar.gz::beacon.log:722	2026-09-05T01:33:12.703632422Z	/tmp/prysm-r2-extra-logs.Rd7MjT/round2-prysm-geth-76.tar.gz::beacon.log:722
76	16	beacon.log	INFO	p2p	Connected peers	4	2026-09-05T01:30:10.014659605Z	/tmp/prysm-r2-extra-logs.Rd7MjT/round2-prysm-geth-76.tar.gz::beacon.log:544	2026-09-05T01:33:10.014458831Z	/tmp/prysm-r2-extra-logs.Rd7MjT/round2-prysm-geth-76.tar.gz::beacon.log:565
76	16	beacon.log	INFO	blockchain	Finished applying state transition	4	2026-09-05T01:33:04.398138796Z	/tmp/prysm-r2-extra-logs.Rd7MjT/round2-prysm-geth-76.tar.gz::beacon.log:563	2026-09-05T01:33:48.240236041Z	/tmp/prysm-r2-extra-logs.Rd7MjT/round2-prysm-geth-76.tar.gz::beacon.log:737
76	16	beacon.log	INFO	rpc/validator	Finished building block	1	2026-09-05T01:33:13.816690994Z	/tmp/prysm-r2-extra-logs.Rd7MjT/round2-prysm-geth-76.tar.gz::beacon.log:724	2026-09-05T01:33:13.816690994Z	/tmp/prysm-r2-extra-logs.Rd7MjT/round2-prysm-geth-76.tar.gz::beacon.log:724
76	16	beacon.log	INFO	blockchain	Forkchoice updated with payload attributes for proposal	1	2026-09-05T01:33:03.078126141Z	/tmp/prysm-r2-extra-logs.Rd7MjT/round2-prysm-geth-76.tar.gz::beacon.log:561	2026-09-05T01:33:03.078126141Z	/tmp/prysm-r2-extra-logs.Rd7MjT/round2-prysm-geth-76.tar.gz::beacon.log:561
76	16	beacon.log	INFO	execution	Graffiti includes client version info appended after user graffiti	1	2026-09-05T01:33:12.695280840Z	/tmp/prysm-r2-extra-logs.Rd7MjT/round2-prysm-geth-76.tar.gz::beacon.log:721	2026-09-05T01:33:12.695280840Z	/tmp/prysm-r2-extra-logs.Rd7MjT/round2-prysm-geth-76.tar.gz::beacon.log:721
76	16	beacon.log	INFO	rpc/validator	Published execution payload envelope	1	2026-09-05T01:33:18.771684185Z	/tmp/prysm-r2-extra-logs.Rd7MjT/round2-prysm-geth-76.tar.gz::beacon.log:727	2026-09-05T01:33:18.771684185Z	/tmp/prysm-r2-extra-logs.Rd7MjT/round2-prysm-geth-76.tar.gz::beacon.log:727
76	16	beacon.log	INFO	sync	Subscribed to	149	2026-09-05T01:30:00.003880551Z	/tmp/prysm-r2-extra-logs.Rd7MjT/round2-prysm-geth-76.tar.gz::beacon.log:393	2026-09-05T01:30:00.081781531Z	/tmp/prysm-r2-extra-logs.Rd7MjT/round2-prysm-geth-76.tar.gz::beacon.log:541
76	16	beacon.log	INFO	blockchain	Synced execution payload envelope	5	2026-09-05T01:33:04.489140429Z	/tmp/prysm-r2-extra-logs.Rd7MjT/round2-prysm-geth-76.tar.gz::beacon.log:564	2026-09-05T01:33:48.508280069Z	/tmp/prysm-r2-extra-logs.Rd7MjT/round2-prysm-geth-76.tar.gz::beacon.log:739
76	16	beacon.log	INFO	blockchain	Synced new block	4	2026-09-05T01:33:04.398084257Z	/tmp/prysm-r2-extra-logs.Rd7MjT/round2-prysm-geth-76.tar.gz::beacon.log:562	2026-09-05T01:33:48.240086124Z	/tmp/prysm-r2-extra-logs.Rd7MjT/round2-prysm-geth-76.tar.gz::beacon.log:736
76	16	beacon.log	INFO	p2p	Updating ENR Fork ID	1	2026-09-05T01:30:00.000573598Z	/tmp/prysm-r2-extra-logs.Rd7MjT/round2-prysm-geth-76.tar.gz::beacon.log:392	2026-09-05T01:30:00.000573598Z	/tmp/prysm-r2-extra-logs.Rd7MjT/round2-prysm-geth-76.tar.gz::beacon.log:392
76	16	beacon.log	WARN	blockchain	Could not process attestation for fork choice	151	2026-09-05T01:33:10.100003208Z	/tmp/prysm-r2-extra-logs.Rd7MjT/round2-prysm-geth-76.tar.gz::beacon.log:566	2026-09-05T01:33:10.132870162Z	/tmp/prysm-r2-extra-logs.Rd7MjT/round2-prysm-geth-76.tar.gz::beacon.log:716
76	16	beacon.log	WARN	rpc/validator	Voting period before genesis + follow distance, using eth1data from head	1	2026-09-05T01:33:12.721992865Z	/tmp/prysm-r2-extra-logs.Rd7MjT/round2-prysm-geth-76.tar.gz::beacon.log:723	2026-09-05T01:33:12.721992865Z	/tmp/prysm-r2-extra-logs.Rd7MjT/round2-prysm-geth-76.tar.gz::beacon.log:723
76	16	execution.log	INFO	geth	Chain head was updated	6	2026-09-05T01:33:04.496307779Z	/tmp/prysm-r2-extra-logs.Rd7MjT/round2-prysm-geth-76.tar.gz::execution.log:94	2026-09-05T01:33:36.153404907Z	/tmp/prysm-r2-extra-logs.Rd7MjT/round2-prysm-geth-76.tar.gz::execution.log:114
76	16	execution.log	INFO	geth	Chain reorg detected	1	2026-09-05T01:33:24.147660356Z	/tmp/prysm-r2-extra-logs.Rd7MjT/round2-prysm-geth-76.tar.gz::execution.log:107	2026-09-05T01:33:24.147660356Z	/tmp/prysm-r2-extra-logs.Rd7MjT/round2-prysm-geth-76.tar.gz::execution.log:107
76	16	execution.log	INFO	geth	Imported new potential chain segment	4	2026-09-05T01:33:04.427306940Z	/tmp/prysm-r2-extra-logs.Rd7MjT/round2-prysm-geth-76.tar.gz::execution.log:93	2026-09-05T01:33:48.473796939Z	/tmp/prysm-r2-extra-logs.Rd7MjT/round2-prysm-geth-76.tar.gz::execution.log:116
76	16	execution.log	INFO	geth	Indexed transactions	1	2026-09-05T01:33:04.496776203Z	/tmp/prysm-r2-extra-logs.Rd7MjT/round2-prysm-geth-76.tar.gz::execution.log:97	2026-09-05T01:33:04.496776203Z	/tmp/prysm-r2-extra-logs.Rd7MjT/round2-prysm-geth-76.tar.gz::execution.log:97
76	16	execution.log	INFO	geth	Shorten chain	2	2026-09-05T01:33:12.451901704Z	/tmp/prysm-r2-extra-logs.Rd7MjT/round2-prysm-geth-76.tar.gz::execution.log:99	2026-09-05T01:33:36.153152741Z	/tmp/prysm-r2-extra-logs.Rd7MjT/round2-prysm-geth-76.tar.gz::execution.log:113
76	16	execution.log	INFO	geth	Starting work on payload	2	2026-09-05T01:33:03.077583256Z	/tmp/prysm-r2-extra-logs.Rd7MjT/round2-prysm-geth-76.tar.gz::execution.log:91	2026-09-05T01:33:04.496752634Z	/tmp/prysm-r2-extra-logs.Rd7MjT/round2-prysm-geth-76.tar.gz::execution.log:96
76	16	execution.log	INFO	geth	Stopping work on payload	2	2026-09-05T01:33:12.696668181Z	/tmp/prysm-r2-extra-logs.Rd7MjT/round2-prysm-geth-76.tar.gz::execution.log:102	2026-09-05T01:33:16.497747107Z	/tmp/prysm-r2-extra-logs.Rd7MjT/round2-prysm-geth-76.tar.gz::execution.log:103
76	16	execution.log	INFO	geth	Updated payload	2	2026-09-05T01:33:03.078014759Z	/tmp/prysm-r2-extra-logs.Rd7MjT/round2-prysm-geth-76.tar.gz::execution.log:92	2026-09-05T01:33:04.497317128Z	/tmp/prysm-r2-extra-logs.Rd7MjT/round2-prysm-geth-76.tar.gz::execution.log:98
76	16	execution.log	WARN	geth	Beacon client online, but no consensus updates received in a while. Please fix your beacon client to follow the chain!	1	2026-09-05T01:32:35.087313701Z	/tmp/prysm-r2-extra-logs.Rd7MjT/round2-prysm-geth-76.tar.gz::execution.log:90	2026-09-05T01:32:35.087313701Z	/tmp/prysm-r2-extra-logs.Rd7MjT/round2-prysm-geth-76.tar.gz::execution.log:90
76	16	execution.log	WARN	geth	Ignoring already known beacon payload	1	2026-09-05T01:33:48.505542505Z	/tmp/prysm-r2-extra-logs.Rd7MjT/round2-prysm-geth-76.tar.gz::execution.log:117	2026-09-05T01:33:48.505542505Z	/tmp/prysm-r2-extra-logs.Rd7MjT/round2-prysm-geth-76.tar.gz::execution.log:117
76	16	execution.log	WARN	geth	Nil finalized block cannot evict old blobs	6	2026-09-05T01:33:04.496658992Z	/tmp/prysm-r2-extra-logs.Rd7MjT/round2-prysm-geth-76.tar.gz::execution.log:95	2026-09-05T01:33:36.153681460Z	/tmp/prysm-r2-extra-logs.Rd7MjT/round2-prysm-geth-76.tar.gz::execution.log:115
76	16	snooper-engine.log	INFO	proxy	REQUEST #706: POST /	1	2026-09-05T01:29:51.159939947Z	/tmp/prysm-r2-extra-logs.Rd7MjT/round2-prysm-geth-76.tar.gz::snooper-engine.log:31483	2026-09-05T01:29:51.159939947Z	/tmp/prysm-r2-extra-logs.Rd7MjT/round2-prysm-geth-76.tar.gz::snooper-engine.log:31483
76	16	snooper-engine.log	INFO	proxy	REQUEST #707: POST /	1	2026-09-05T01:30:05.159266889Z	/tmp/prysm-r2-extra-logs.Rd7MjT/round2-prysm-geth-76.tar.gz::snooper-engine.log:31530	2026-09-05T01:30:05.159266889Z	/tmp/prysm-r2-extra-logs.Rd7MjT/round2-prysm-geth-76.tar.gz::snooper-engine.log:31530
76	16	snooper-engine.log	INFO	proxy	REQUEST #709: POST /	1	2026-09-05T01:30:19.170039873Z	/tmp/prysm-r2-extra-logs.Rd7MjT/round2-prysm-geth-76.tar.gz::snooper-engine.log:31606	2026-09-05T01:30:19.170039873Z	/tmp/prysm-r2-extra-logs.Rd7MjT/round2-prysm-geth-76.tar.gz::snooper-engine.log:31606
76	16	snooper-engine.log	INFO	proxy	REQUEST #710: POST /	1	2026-09-05T01:30:33.176051080Z	/tmp/prysm-r2-extra-logs.Rd7MjT/round2-prysm-geth-76.tar.gz::snooper-engine.log:31654	2026-09-05T01:30:33.176051080Z	/tmp/prysm-r2-extra-logs.Rd7MjT/round2-prysm-geth-76.tar.gz::snooper-engine.log:31654
76	16	snooper-engine.log	INFO	proxy	REQUEST #712: POST /	1	2026-09-05T01:30:47.177117927Z	/tmp/prysm-r2-extra-logs.Rd7MjT/round2-prysm-geth-76.tar.gz::snooper-engine.log:31730	2026-09-05T01:30:47.177117927Z	/tmp/prysm-r2-extra-logs.Rd7MjT/round2-prysm-geth-76.tar.gz::snooper-engine.log:31730
76	16	snooper-engine.log	INFO	proxy	REQUEST #713: POST /	1	2026-09-05T01:31:01.162812809Z	/tmp/prysm-r2-extra-logs.Rd7MjT/round2-prysm-geth-76.tar.gz::snooper-engine.log:31777	2026-09-05T01:31:01.162812809Z	/tmp/prysm-r2-extra-logs.Rd7MjT/round2-prysm-geth-76.tar.gz::snooper-engine.log:31777
76	16	snooper-engine.log	INFO	proxy	REQUEST #714: POST /	1	2026-09-05T01:31:15.178816531Z	/tmp/prysm-r2-extra-logs.Rd7MjT/round2-prysm-geth-76.tar.gz::snooper-engine.log:31824	2026-09-05T01:31:15.178816531Z	/tmp/prysm-r2-extra-logs.Rd7MjT/round2-prysm-geth-76.tar.gz::snooper-engine.log:31824
76	16	snooper-engine.log	INFO	proxy	REQUEST #716: POST /	1	2026-09-05T01:31:35.696499486Z	/tmp/prysm-r2-extra-logs.Rd7MjT/round2-prysm-geth-76.tar.gz::snooper-engine.log:31901	2026-09-05T01:31:35.696499486Z	/tmp/prysm-r2-extra-logs.Rd7MjT/round2-prysm-geth-76.tar.gz::snooper-engine.log:31901
76	16	snooper-engine.log	INFO	proxy	REQUEST #717: POST /	1	2026-09-05T01:31:43.177568348Z	/tmp/prysm-r2-extra-logs.Rd7MjT/round2-prysm-geth-76.tar.gz::snooper-engine.log:31948	2026-09-05T01:31:43.177568348Z	/tmp/prysm-r2-extra-logs.Rd7MjT/round2-prysm-geth-76.tar.gz::snooper-engine.log:31948
76	16	snooper-engine.log	INFO	proxy	REQUEST #718: POST /	1	2026-09-05T01:31:57.161551493Z	/tmp/prysm-r2-extra-logs.Rd7MjT/round2-prysm-geth-76.tar.gz::snooper-engine.log:31995	2026-09-05T01:31:57.161551493Z	/tmp/prysm-r2-extra-logs.Rd7MjT/round2-prysm-geth-76.tar.gz::snooper-engine.log:31995
76	16	snooper-engine.log	INFO	proxy	REQUEST #719: POST /	1	2026-09-05T01:32:11.178864264Z	/tmp/prysm-r2-extra-logs.Rd7MjT/round2-prysm-geth-76.tar.gz::snooper-engine.log:32042	2026-09-05T01:32:11.178864264Z	/tmp/prysm-r2-extra-logs.Rd7MjT/round2-prysm-geth-76.tar.gz::snooper-engine.log:32042
76	16	snooper-engine.log	INFO	proxy	REQUEST #720: POST /	1	2026-09-05T01:32:25.170735461Z	/tmp/prysm-r2-extra-logs.Rd7MjT/round2-prysm-geth-76.tar.gz::snooper-engine.log:32090	2026-09-05T01:32:25.170735461Z	/tmp/prysm-r2-extra-logs.Rd7MjT/round2-prysm-geth-76.tar.gz::snooper-engine.log:32090
76	16	snooper-engine.log	INFO	proxy	REQUEST #721: POST /	1	2026-09-05T01:32:39.172054912Z	/tmp/prysm-r2-extra-logs.Rd7MjT/round2-prysm-geth-76.tar.gz::snooper-engine.log:32137	2026-09-05T01:32:39.172054912Z	/tmp/prysm-r2-extra-logs.Rd7MjT/round2-prysm-geth-76.tar.gz::snooper-engine.log:32137
76	16	snooper-engine.log	INFO	proxy	REQUEST #722: POST /	1	2026-09-05T01:32:53.170976354Z	/tmp/prysm-r2-extra-logs.Rd7MjT/round2-prysm-geth-76.tar.gz::snooper-engine.log:32184	2026-09-05T01:32:53.170976354Z	/tmp/prysm-r2-extra-logs.Rd7MjT/round2-prysm-geth-76.tar.gz::snooper-engine.log:32184
76	16	snooper-engine.log	INFO	proxy	REQUEST #727: POST /	1	2026-09-05T01:33:07.161001938Z	/tmp/prysm-r2-extra-logs.Rd7MjT/round2-prysm-geth-76.tar.gz::snooper-engine.log:32378	2026-09-05T01:33:07.161001938Z	/tmp/prysm-r2-extra-logs.Rd7MjT/round2-prysm-geth-76.tar.gz::snooper-engine.log:32378
76	16	snooper-engine.log	INFO	proxy	REQUEST #728: POST /	1	2026-09-05T01:33:07.172913436Z	/tmp/prysm-r2-extra-logs.Rd7MjT/round2-prysm-geth-76.tar.gz::snooper-engine.log:32425	2026-09-05T01:33:07.172913436Z	/tmp/prysm-r2-extra-logs.Rd7MjT/round2-prysm-geth-76.tar.gz::snooper-engine.log:32425
76	16	snooper-engine.log	INFO	proxy	REQUEST #729: POST /	1	2026-09-05T01:33:07.233661347Z	/tmp/prysm-r2-extra-logs.Rd7MjT/round2-prysm-geth-76.tar.gz::snooper-engine.log:32472	2026-09-05T01:33:07.233661347Z	/tmp/prysm-r2-extra-logs.Rd7MjT/round2-prysm-geth-76.tar.gz::snooper-engine.log:32472
76	16	snooper-engine.log	INFO	proxy	REQUEST #734: POST /	1	2026-09-05T01:33:21.164144513Z	/tmp/prysm-r2-extra-logs.Rd7MjT/round2-prysm-geth-76.tar.gz::snooper-engine.log:32652	2026-09-05T01:33:21.164144513Z	/tmp/prysm-r2-extra-logs.Rd7MjT/round2-prysm-geth-76.tar.gz::snooper-engine.log:32652
76	16	snooper-engine.log	INFO	proxy	REQUEST #738: POST /	1	2026-09-05T01:33:35.200454810Z	/tmp/prysm-r2-extra-logs.Rd7MjT/round2-prysm-geth-76.tar.gz::snooper-engine.log:32802	2026-09-05T01:33:35.200454810Z	/tmp/prysm-r2-extra-logs.Rd7MjT/round2-prysm-geth-76.tar.gz::snooper-engine.log:32802
76	16	snooper-engine.log	INFO	proxy	REQUEST #739: POST /	1	2026-09-05T01:33:35.204144589Z	/tmp/prysm-r2-extra-logs.Rd7MjT/round2-prysm-geth-76.tar.gz::snooper-engine.log:32849	2026-09-05T01:33:35.204144589Z	/tmp/prysm-r2-extra-logs.Rd7MjT/round2-prysm-geth-76.tar.gz::snooper-engine.log:32849
76	16	snooper-engine.log	INFO	proxy	REQUEST #740: POST /	1	2026-09-05T01:33:35.210764106Z	/tmp/prysm-r2-extra-logs.Rd7MjT/round2-prysm-geth-76.tar.gz::snooper-engine.log:32896	2026-09-05T01:33:35.210764106Z	/tmp/prysm-r2-extra-logs.Rd7MjT/round2-prysm-geth-76.tar.gz::snooper-engine.log:32896
76	16	snooper-engine.log	INFO	proxy	REQUEST #744: POST /	1	2026-09-05T01:33:49.166878719Z	/tmp/prysm-r2-extra-logs.Rd7MjT/round2-prysm-geth-76.tar.gz::snooper-engine.log:33037	2026-09-05T01:33:49.166878719Z	/tmp/prysm-r2-extra-logs.Rd7MjT/round2-prysm-geth-76.tar.gz::snooper-engine.log:33037
76	16	snooper-engine.log	INFO	proxy	REQUEST engine_forkchoiceUpdatedV4	9	2026-09-05T01:30:12.003531397Z	/tmp/prysm-r2-extra-logs.Rd7MjT/round2-prysm-geth-76.tar.gz::snooper-engine.log:31577	2026-09-05T01:33:36.152599366Z	/tmp/prysm-r2-extra-logs.Rd7MjT/round2-prysm-geth-76.tar.gz::snooper-engine.log:32920
76	16	snooper-engine.log	INFO	proxy	REQUEST engine_getClientVersionV1	3	2026-09-05T01:29:49.028156364Z	/tmp/prysm-r2-extra-logs.Rd7MjT/round2-prysm-geth-76.tar.gz::snooper-engine.log:31454	2026-09-05T01:33:01.046880884Z	/tmp/prysm-r2-extra-logs.Rd7MjT/round2-prysm-geth-76.tar.gz::snooper-engine.log:32231
76	16	snooper-engine.log	INFO	proxy	REQUEST engine_getPayloadV6	1	2026-09-05T01:33:12.696378647Z	/tmp/prysm-r2-extra-logs.Rd7MjT/round2-prysm-geth-76.tar.gz::snooper-engine.log:32532	2026-09-05T01:33:12.696378647Z	/tmp/prysm-r2-extra-logs.Rd7MjT/round2-prysm-geth-76.tar.gz::snooper-engine.log:32532
76	16	snooper-engine.log	INFO	proxy	REQUEST engine_newPayloadV5	5	2026-09-05T01:33:04.426527540Z	/tmp/prysm-r2-extra-logs.Rd7MjT/round2-prysm-geth-76.tar.gz::snooper-engine.log:32297	2026-09-05T01:33:48.507856374Z	/tmp/prysm-r2-extra-logs.Rd7MjT/round2-prysm-geth-76.tar.gz::snooper-engine.log:32993
76	16	snooper-engine.log	INFO	proxy	RESPONSE	40	2026-09-05T01:29:49.028578641Z	/tmp/prysm-r2-extra-logs.Rd7MjT/round2-prysm-geth-76.tar.gz::snooper-engine.log:31469	2026-09-05T01:33:49.167558396Z	/tmp/prysm-r2-extra-logs.Rd7MjT/round2-prysm-geth-76.tar.gz::snooper-engine.log:33048
76	16	snooper-engine.log	INFO	proxy	fetched execution metadata	4	2026-09-05T01:30:21.776327006Z	/tmp/prysm-r2-extra-logs.Rd7MjT/round2-prysm-geth-76.tar.gz::snooper-engine.log:31653	2026-09-05T01:33:21.774948138Z	/tmp/prysm-r2-extra-logs.Rd7MjT/round2-prysm-geth-76.tar.gz::snooper-engine.log:32699
76	16	validator.log	ERROR	client	Could not check if any validator is a sync committee aggregator	10	2026-09-05T01:30:36.002003618Z	/tmp/prysm-r2-extra-logs.Rd7MjT/round2-prysm-geth-76.tar.gz::validator.log:691	2026-09-05T01:32:36.000539375Z	/tmp/prysm-r2-extra-logs.Rd7MjT/round2-prysm-geth-76.tar.gz::validator.log:1738
76	16	validator.log	ERROR	client	Could not get sync committee contribution	1	2026-09-05T01:30:24.001134980Z	/tmp/prysm-r2-extra-logs.Rd7MjT/round2-prysm-geth-76.tar.gz::validator.log:686	2026-09-05T01:30:24.001134980Z	/tmp/prysm-r2-extra-logs.Rd7MjT/round2-prysm-geth-76.tar.gz::validator.log:686
76	16	validator.log	ERROR	client	Could not request attestation to sign at slot	844	2026-09-05T01:30:36.002042776Z	/tmp/prysm-r2-extra-logs.Rd7MjT/round2-prysm-geth-76.tar.gz::validator.log:692	2026-09-05T01:32:36.004923774Z	/tmp/prysm-r2-extra-logs.Rd7MjT/round2-prysm-geth-76.tar.gz::validator.log:1827
76	16	validator.log	ERROR	client	Could not request payload attestation data	28	2026-09-05T01:30:36.002054194Z	/tmp/prysm-r2-extra-logs.Rd7MjT/round2-prysm-geth-76.tar.gz::validator.log:695	2026-09-05T01:32:36.001379461Z	/tmp/prysm-r2-extra-logs.Rd7MjT/round2-prysm-geth-76.tar.gz::validator.log:1748
76	16	validator.log	ERROR	client	Could not request sync message block root to sign	44	2026-09-05T01:30:36.002047752Z	/tmp/prysm-r2-extra-logs.Rd7MjT/round2-prysm-geth-76.tar.gz::validator.log:693	2026-09-05T01:32:36.001375126Z	/tmp/prysm-r2-extra-logs.Rd7MjT/round2-prysm-geth-76.tar.gz::validator.log:1746
76	16	validator.log	ERROR	client	Could not sign aggregate and proof	1	2026-09-05T01:33:00.000950411Z	/tmp/prysm-r2-extra-logs.Rd7MjT/round2-prysm-geth-76.tar.gz::validator.log:1836	2026-09-05T01:33:00.000950411Z	/tmp/prysm-r2-extra-logs.Rd7MjT/round2-prysm-geth-76.tar.gz::validator.log:1836
76	16	validator.log	ERROR	client	Could not submit aggregate selection proof to beacon node	14	2026-09-05T01:30:24.001864646Z	/tmp/prysm-r2-extra-logs.Rd7MjT/round2-prysm-geth-76.tar.gz::validator.log:687	2026-09-05T01:32:36.001519294Z	/tmp/prysm-r2-extra-logs.Rd7MjT/round2-prysm-geth-76.tar.gz::validator.log:1751
76	16	validator.log	ERROR	client	Could not submit signed aggregate and proof to beacon node	1	2026-09-05T01:33:00.000982799Z	/tmp/prysm-r2-extra-logs.Rd7MjT/round2-prysm-geth-76.tar.gz::validator.log:1837	2026-09-05T01:33:00.000982799Z	/tmp/prysm-r2-extra-logs.Rd7MjT/round2-prysm-geth-76.tar.gz::validator.log:1837
76	16	validator.log	ERROR	client	Couldn't write available attestation: failed to get attestation data	187	2026-09-05T01:32:12.001538884Z	/tmp/prysm-r2-extra-logs.Rd7MjT/round2-prysm-geth-76.tar.gz::validator.log:1376	2026-09-05T01:32:12.017283891Z	/tmp/prysm-r2-extra-logs.Rd7MjT/round2-prysm-geth-76.tar.gz::validator.log:1637
76	16	validator.log	INFO	client	Duties schedule	32	2026-09-05T01:30:01.626522910Z	/tmp/prysm-r2-extra-logs.Rd7MjT/round2-prysm-geth-76.tar.gz::validator.log:650	2026-09-05T01:30:01.627855961Z	/tmp/prysm-r2-extra-logs.Rd7MjT/round2-prysm-geth-76.tar.gz::validator.log:681
76	16	validator.log	INFO	client	Schedule for epoch 0	1	2026-09-05T01:30:01.626299592Z	/tmp/prysm-r2-extra-logs.Rd7MjT/round2-prysm-geth-76.tar.gz::validator.log:649	2026-09-05T01:30:01.626299592Z	/tmp/prysm-r2-extra-logs.Rd7MjT/round2-prysm-geth-76.tar.gz::validator.log:649
76	16	validator.log	INFO	client	Skipping payload attestation: no block for slot	8	2026-09-05T01:32:45.218781724Z	/tmp/prysm-r2-extra-logs.Rd7MjT/round2-prysm-geth-76.tar.gz::validator.log:1828	2026-09-05T01:33:57.010301754Z	/tmp/prysm-r2-extra-logs.Rd7MjT/round2-prysm-geth-76.tar.gz::validator.log:1861
76	16	validator.log	INFO	client	Submitted new aggregate attestations	7	2026-09-05T01:30:09.004246705Z	/tmp/prysm-r2-extra-logs.Rd7MjT/round2-prysm-geth-76.tar.gz::validator.log:683	2026-09-05T01:33:57.011271260Z	/tmp/prysm-r2-extra-logs.Rd7MjT/round2-prysm-geth-76.tar.gz::validator.log:1863
76	16	validator.log	INFO	client	Submitted new attestations	9	2026-09-05T01:30:09.004199292Z	/tmp/prysm-r2-extra-logs.Rd7MjT/round2-prysm-geth-76.tar.gz::validator.log:682	2026-09-05T01:33:57.010506099Z	/tmp/prysm-r2-extra-logs.Rd7MjT/round2-prysm-geth-76.tar.gz::validator.log:1862
76	16	validator.log	INFO	client	Submitted new block	1	2026-09-05T01:33:18.773790607Z	/tmp/prysm-r2-extra-logs.Rd7MjT/round2-prysm-geth-76.tar.gz::validator.log:1846	2026-09-05T01:33:18.773790607Z	/tmp/prysm-r2-extra-logs.Rd7MjT/round2-prysm-geth-76.tar.gz::validator.log:1846
76	16	validator.log	INFO	client	Submitted payload attestations	4	2026-09-05T01:30:09.004251153Z	/tmp/prysm-r2-extra-logs.Rd7MjT/round2-prysm-geth-76.tar.gz::validator.log:684	2026-09-05T01:33:33.971806191Z	/tmp/prysm-r2-extra-logs.Rd7MjT/round2-prysm-geth-76.tar.gz::validator.log:1853
76	16	validator.log	INFO	client	Submitted sync committee contributions and proofs	4	2026-09-05T01:32:45.258638683Z	/tmp/prysm-r2-extra-logs.Rd7MjT/round2-prysm-geth-76.tar.gz::validator.log:1831	2026-09-05T01:33:57.011349813Z	/tmp/prysm-r2-extra-logs.Rd7MjT/round2-prysm-geth-76.tar.gz::validator.log:1865
76	16	validator.log	INFO	client	Submitted sync committee messages	9	2026-09-05T01:30:09.004253241Z	/tmp/prysm-r2-extra-logs.Rd7MjT/round2-prysm-geth-76.tar.gz::validator.log:685	2026-09-05T01:33:57.011305798Z	/tmp/prysm-r2-extra-logs.Rd7MjT/round2-prysm-geth-76.tar.gz::validator.log:1864
76	16	validator.log	WARN	client	Could not get signed attestation data for aggregation	12	2026-09-05T01:30:36.002092707Z	/tmp/prysm-r2-extra-logs.Rd7MjT/round2-prysm-geth-76.tar.gz::validator.log:698	2026-09-05T01:32:36.001381722Z	/tmp/prysm-r2-extra-logs.Rd7MjT/round2-prysm-geth-76.tar.gz::validator.log:1749
83	6	beacon.log	ERROR	execution	Beacon node is not respecting the follow distance. EL client is syncing.	17	2026-09-05T01:29:56.835707653Z	/tmp/prysm-r2-extra-logs.Rd7MjT/round2-prysm-geth-83.tar.gz::beacon.log:381	2026-09-05T01:33:54.932256178Z	/tmp/prysm-r2-extra-logs.Rd7MjT/round2-prysm-geth-83.tar.gz::beacon.log:673
83	6	beacon.log	ERROR	rpc/validator	Could not build block	1	2026-09-05T01:31:16.457180582Z	/tmp/prysm-r2-extra-logs.Rd7MjT/round2-prysm-geth-83.tar.gz::beacon.log:546	2026-09-05T01:31:16.457180582Z	/tmp/prysm-r2-extra-logs.Rd7MjT/round2-prysm-geth-83.tar.gz::beacon.log:546
83	6	beacon.log	ERROR	rpc/validator	Could not delete invalid attestations	1	2026-09-05T01:31:17.006150920Z	/tmp/prysm-r2-extra-logs.Rd7MjT/round2-prysm-geth-83.tar.gz::beacon.log:547	2026-09-05T01:31:17.006150920Z	/tmp/prysm-r2-extra-logs.Rd7MjT/round2-prysm-geth-83.tar.gz::beacon.log:547
83	6	beacon.log	ERROR	rpc/validator	Could not pack deposits and attestations	1	2026-09-05T01:31:27.292456420Z	/tmp/prysm-r2-extra-logs.Rd7MjT/round2-prysm-geth-83.tar.gz::beacon.log:550	2026-09-05T01:31:27.292456420Z	/tmp/prysm-r2-extra-logs.Rd7MjT/round2-prysm-geth-83.tar.gz::beacon.log:550
83	6	beacon.log	ERROR	rpc/core	Forkchoice head root does not match head root	1	2026-09-05T01:33:36.030133058Z	/tmp/prysm-r2-extra-logs.Rd7MjT/round2-prysm-geth-83.tar.gz::beacon.log:667	2026-09-05T01:33:36.030133058Z	/tmp/prysm-r2-extra-logs.Rd7MjT/round2-prysm-geth-83.tar.gz::beacon.log:667
83	6	beacon.log	INFO	slots	10s until chain genesis	1	2026-09-05T01:29:49.519635126Z	/tmp/prysm-r2-extra-logs.Rd7MjT/round2-prysm-geth-83.tar.gz::beacon.log:373	2026-09-05T01:29:49.519635126Z	/tmp/prysm-r2-extra-logs.Rd7MjT/round2-prysm-geth-83.tar.gz::beacon.log:373
83	6	beacon.log	INFO	slots	11s until chain genesis	1	2026-09-05T01:29:48.519485240Z	/tmp/prysm-r2-extra-logs.Rd7MjT/round2-prysm-geth-83.tar.gz::beacon.log:372	2026-09-05T01:29:48.519485240Z	/tmp/prysm-r2-extra-logs.Rd7MjT/round2-prysm-geth-83.tar.gz::beacon.log:372
83	6	beacon.log	INFO	slots	1s until chain genesis	1	2026-09-05T01:29:58.519470137Z	/tmp/prysm-r2-extra-logs.Rd7MjT/round2-prysm-geth-83.tar.gz::beacon.log:383	2026-09-05T01:29:58.519470137Z	/tmp/prysm-r2-extra-logs.Rd7MjT/round2-prysm-geth-83.tar.gz::beacon.log:383
83	6	beacon.log	INFO	slots	2s until chain genesis	1	2026-09-05T01:29:57.519336005Z	/tmp/prysm-r2-extra-logs.Rd7MjT/round2-prysm-geth-83.tar.gz::beacon.log:382	2026-09-05T01:29:57.519336005Z	/tmp/prysm-r2-extra-logs.Rd7MjT/round2-prysm-geth-83.tar.gz::beacon.log:382
83	6	beacon.log	INFO	slots	3s until chain genesis	1	2026-09-05T01:29:56.519276689Z	/tmp/prysm-r2-extra-logs.Rd7MjT/round2-prysm-geth-83.tar.gz::beacon.log:380	2026-09-05T01:29:56.519276689Z	/tmp/prysm-r2-extra-logs.Rd7MjT/round2-prysm-geth-83.tar.gz::beacon.log:380
83	6	beacon.log	INFO	slots	4s until chain genesis	1	2026-09-05T01:29:55.519442066Z	/tmp/prysm-r2-extra-logs.Rd7MjT/round2-prysm-geth-83.tar.gz::beacon.log:379	2026-09-05T01:29:55.519442066Z	/tmp/prysm-r2-extra-logs.Rd7MjT/round2-prysm-geth-83.tar.gz::beacon.log:379
83	6	beacon.log	INFO	slots	5s until chain genesis	1	2026-09-05T01:29:54.519262100Z	/tmp/prysm-r2-extra-logs.Rd7MjT/round2-prysm-geth-83.tar.gz::beacon.log:378	2026-09-05T01:29:54.519262100Z	/tmp/prysm-r2-extra-logs.Rd7MjT/round2-prysm-geth-83.tar.gz::beacon.log:378
83	6	beacon.log	INFO	slots	6s until chain genesis	1	2026-09-05T01:29:53.519616575Z	/tmp/prysm-r2-extra-logs.Rd7MjT/round2-prysm-geth-83.tar.gz::beacon.log:377	2026-09-05T01:29:53.519616575Z	/tmp/prysm-r2-extra-logs.Rd7MjT/round2-prysm-geth-83.tar.gz::beacon.log:377
83	6	beacon.log	INFO	slots	7s until chain genesis	1	2026-09-05T01:29:52.519042180Z	/tmp/prysm-r2-extra-logs.Rd7MjT/round2-prysm-geth-83.tar.gz::beacon.log:376	2026-09-05T01:29:52.519042180Z	/tmp/prysm-r2-extra-logs.Rd7MjT/round2-prysm-geth-83.tar.gz::beacon.log:376
83	6	beacon.log	INFO	slots	8s until chain genesis	1	2026-09-05T01:29:51.519603366Z	/tmp/prysm-r2-extra-logs.Rd7MjT/round2-prysm-geth-83.tar.gz::beacon.log:375	2026-09-05T01:29:51.519603366Z	/tmp/prysm-r2-extra-logs.Rd7MjT/round2-prysm-geth-83.tar.gz::beacon.log:375
83	6	beacon.log	INFO	slots	9s until chain genesis	1	2026-09-05T01:29:50.519102662Z	/tmp/prysm-r2-extra-logs.Rd7MjT/round2-prysm-geth-83.tar.gz::beacon.log:374	2026-09-05T01:29:50.519102662Z	/tmp/prysm-r2-extra-logs.Rd7MjT/round2-prysm-geth-83.tar.gz::beacon.log:374
83	6	beacon.log	INFO	rpc/validator	Building block	1	2026-09-05T01:31:15.664075699Z	/tmp/prysm-r2-extra-logs.Rd7MjT/round2-prysm-geth-83.tar.gz::beacon.log:542	2026-09-05T01:31:15.664075699Z	/tmp/prysm-r2-extra-logs.Rd7MjT/round2-prysm-geth-83.tar.gz::beacon.log:542
83	6	beacon.log	INFO	slots	Chain genesis time reached	1	2026-09-05T01:30:00.519679508Z	/tmp/prysm-r2-extra-logs.Rd7MjT/round2-prysm-geth-83.tar.gz::beacon.log:532	2026-09-05T01:30:00.519679508Z	/tmp/prysm-r2-extra-logs.Rd7MjT/round2-prysm-geth-83.tar.gz::beacon.log:532
83	6	beacon.log	INFO	blockchain	Chain reorg occurred	5	2026-09-05T01:30:12.003646930Z	/tmp/prysm-r2-extra-logs.Rd7MjT/round2-prysm-geth-83.tar.gz::beacon.log:534	2026-09-05T01:33:36.023063230Z	/tmp/prysm-r2-extra-logs.Rd7MjT/round2-prysm-geth-83.tar.gz::beacon.log:666
83	6	beacon.log	INFO	p2p	Connected peers	4	2026-09-05T01:30:17.554816969Z	/tmp/prysm-r2-extra-logs.Rd7MjT/round2-prysm-geth-83.tar.gz::beacon.log:535	2026-09-05T01:33:17.566845588Z	/tmp/prysm-r2-extra-logs.Rd7MjT/round2-prysm-geth-83.tar.gz::beacon.log:654
83	6	beacon.log	INFO	blockchain	Finished applying state transition	4	2026-09-05T01:33:04.857996722Z	/tmp/prysm-r2-extra-logs.Rd7MjT/round2-prysm-geth-83.tar.gz::beacon.log:560	2026-09-05T01:33:49.150753641Z	/tmp/prysm-r2-extra-logs.Rd7MjT/round2-prysm-geth-83.tar.gz::beacon.log:670
83	6	beacon.log	INFO	blockchain	Forkchoice updated with payload attributes for proposal	1	2026-09-05T01:31:07.247511038Z	/tmp/prysm-r2-extra-logs.Rd7MjT/round2-prysm-geth-83.tar.gz::beacon.log:540	2026-09-05T01:31:07.247511038Z	/tmp/prysm-r2-extra-logs.Rd7MjT/round2-prysm-geth-83.tar.gz::beacon.log:540
83	6	beacon.log	INFO	execution	Graffiti includes client version info appended after user graffiti	1	2026-09-05T01:31:16.145942480Z	/tmp/prysm-r2-extra-logs.Rd7MjT/round2-prysm-geth-83.tar.gz::beacon.log:543	2026-09-05T01:31:16.145942480Z	/tmp/prysm-r2-extra-logs.Rd7MjT/round2-prysm-geth-83.tar.gz::beacon.log:543
83	6	beacon.log	INFO	sync	Skipping pending block already being processed	1	2026-09-05T01:33:29.536151198Z	/tmp/prysm-r2-extra-logs.Rd7MjT/round2-prysm-geth-83.tar.gz::beacon.log:661	2026-09-05T01:33:29.536151198Z	/tmp/prysm-r2-extra-logs.Rd7MjT/round2-prysm-geth-83.tar.gz::beacon.log:661
83	6	beacon.log	INFO	sync	Subscribed to	147	2026-09-05T01:30:00.013721112Z	/tmp/prysm-r2-extra-logs.Rd7MjT/round2-prysm-geth-83.tar.gz::beacon.log:385	2026-09-05T01:30:00.134772173Z	/tmp/prysm-r2-extra-logs.Rd7MjT/round2-prysm-geth-83.tar.gz::beacon.log:531
83	6	beacon.log	INFO	blockchain	Synced execution payload envelope	6	2026-09-05T01:33:06.587814283Z	/tmp/prysm-r2-extra-logs.Rd7MjT/round2-prysm-geth-83.tar.gz::beacon.log:561	2026-09-05T01:33:53.949582019Z	/tmp/prysm-r2-extra-logs.Rd7MjT/round2-prysm-geth-83.tar.gz::beacon.log:672
83	6	beacon.log	INFO	blockchain	Synced new block	4	2026-09-05T01:33:04.856948694Z	/tmp/prysm-r2-extra-logs.Rd7MjT/round2-prysm-geth-83.tar.gz::beacon.log:559	2026-09-05T01:33:49.150383522Z	/tmp/prysm-r2-extra-logs.Rd7MjT/round2-prysm-geth-83.tar.gz::beacon.log:669
83	6	beacon.log	INFO	p2p	Updating ENR Fork ID	1	2026-09-05T01:30:00.002863997Z	/tmp/prysm-r2-extra-logs.Rd7MjT/round2-prysm-geth-83.tar.gz::beacon.log:384	2026-09-05T01:30:00.002863997Z	/tmp/prysm-r2-extra-logs.Rd7MjT/round2-prysm-geth-83.tar.gz::beacon.log:384
83	6	beacon.log	WARN	rpc/validator	Could not get local payload, falling back to P2P bid	1	2026-09-05T01:31:16.456844982Z	/tmp/prysm-r2-extra-logs.Rd7MjT/round2-prysm-geth-83.tar.gz::beacon.log:545	2026-09-05T01:31:16.456844982Z	/tmp/prysm-r2-extra-logs.Rd7MjT/round2-prysm-geth-83.tar.gz::beacon.log:545
83	6	beacon.log	WARN	blockchain	Could not process attestation for fork choice	92	2026-09-05T01:33:10.018328736Z	/tmp/prysm-r2-extra-logs.Rd7MjT/round2-prysm-geth-83.tar.gz::beacon.log:562	2026-09-05T01:33:10.035466513Z	/tmp/prysm-r2-extra-logs.Rd7MjT/round2-prysm-geth-83.tar.gz::beacon.log:653
83	6	beacon.log	WARN	rpc/validator	Voting period before genesis + follow distance, using eth1data from head	1	2026-09-05T01:31:16.160274254Z	/tmp/prysm-r2-extra-logs.Rd7MjT/round2-prysm-geth-83.tar.gz::beacon.log:544	2026-09-05T01:31:16.160274254Z	/tmp/prysm-r2-extra-logs.Rd7MjT/round2-prysm-geth-83.tar.gz::beacon.log:544
83	6	execution.log	INFO	geth	Chain head was updated	5	2026-09-05T01:33:06.445373193Z	/tmp/prysm-r2-extra-logs.Rd7MjT/round2-prysm-geth-83.tar.gz::execution.log:90	2026-09-05T01:33:36.028674182Z	/tmp/prysm-r2-extra-logs.Rd7MjT/round2-prysm-geth-83.tar.gz::execution.log:105
83	6	execution.log	INFO	geth	Chain reorg detected	2	2026-09-05T01:33:19.038372547Z	/tmp/prysm-r2-extra-logs.Rd7MjT/round2-prysm-geth-83.tar.gz::execution.log:94	2026-09-05T01:33:24.934796545Z	/tmp/prysm-r2-extra-logs.Rd7MjT/round2-prysm-geth-83.tar.gz::execution.log:97
83	6	execution.log	INFO	geth	Imported new potential chain segment	4	2026-09-05T01:33:05.901793481Z	/tmp/prysm-r2-extra-logs.Rd7MjT/round2-prysm-geth-83.tar.gz::execution.log:89	2026-09-05T01:33:49.414836768Z	/tmp/prysm-r2-extra-logs.Rd7MjT/round2-prysm-geth-83.tar.gz::execution.log:107
83	6	execution.log	INFO	geth	Indexed transactions	1	2026-09-05T01:33:06.445555382Z	/tmp/prysm-r2-extra-logs.Rd7MjT/round2-prysm-geth-83.tar.gz::execution.log:92	2026-09-05T01:33:06.445555382Z	/tmp/prysm-r2-extra-logs.Rd7MjT/round2-prysm-geth-83.tar.gz::execution.log:92
83	6	execution.log	INFO	geth	Shorten chain	1	2026-09-05T01:33:36.028553654Z	/tmp/prysm-r2-extra-logs.Rd7MjT/round2-prysm-geth-83.tar.gz::execution.log:104	2026-09-05T01:33:36.028553654Z	/tmp/prysm-r2-extra-logs.Rd7MjT/round2-prysm-geth-83.tar.gz::execution.log:104
83	6	execution.log	INFO	geth	Starting work on payload	1	2026-09-05T01:31:06.474962118Z	/tmp/prysm-r2-extra-logs.Rd7MjT/round2-prysm-geth-83.tar.gz::execution.log:86	2026-09-05T01:31:06.474962118Z	/tmp/prysm-r2-extra-logs.Rd7MjT/round2-prysm-geth-83.tar.gz::execution.log:86
83	6	execution.log	INFO	geth	Stopping work on payload	1	2026-09-05T01:31:16.148050707Z	/tmp/prysm-r2-extra-logs.Rd7MjT/round2-prysm-geth-83.tar.gz::execution.log:88	2026-09-05T01:31:16.148050707Z	/tmp/prysm-r2-extra-logs.Rd7MjT/round2-prysm-geth-83.tar.gz::execution.log:88
83	6	execution.log	INFO	geth	Updated payload	1	2026-09-05T01:31:06.489966600Z	/tmp/prysm-r2-extra-logs.Rd7MjT/round2-prysm-geth-83.tar.gz::execution.log:87	2026-09-05T01:31:06.489966600Z	/tmp/prysm-r2-extra-logs.Rd7MjT/round2-prysm-geth-83.tar.gz::execution.log:87
83	6	execution.log	WARN	geth	Ignoring already known beacon payload	2	2026-09-05T01:33:35.530547451Z	/tmp/prysm-r2-extra-logs.Rd7MjT/round2-prysm-geth-83.tar.gz::execution.log:103	2026-09-05T01:33:53.786710352Z	/tmp/prysm-r2-extra-logs.Rd7MjT/round2-prysm-geth-83.tar.gz::execution.log:108
83	6	execution.log	WARN	geth	Nil finalized block cannot evict old blobs	5	2026-09-05T01:33:06.445439546Z	/tmp/prysm-r2-extra-logs.Rd7MjT/round2-prysm-geth-83.tar.gz::execution.log:91	2026-09-05T01:33:36.028971672Z	/tmp/prysm-r2-extra-logs.Rd7MjT/round2-prysm-geth-83.tar.gz::execution.log:106
83	6	snooper-engine.log	INFO	proxy	REQUEST #708: POST /	1	2026-09-05T01:29:56.834671525Z	/tmp/prysm-r2-extra-logs.Rd7MjT/round2-prysm-geth-83.tar.gz::snooper-engine.log:31586	2026-09-05T01:29:56.834671525Z	/tmp/prysm-r2-extra-logs.Rd7MjT/round2-prysm-geth-83.tar.gz::snooper-engine.log:31586
83	6	snooper-engine.log	INFO	proxy	REQUEST #709: POST /	1	2026-09-05T01:30:10.839928834Z	/tmp/prysm-r2-extra-logs.Rd7MjT/round2-prysm-geth-83.tar.gz::snooper-engine.log:31633	2026-09-05T01:30:10.839928834Z	/tmp/prysm-r2-extra-logs.Rd7MjT/round2-prysm-geth-83.tar.gz::snooper-engine.log:31633
83	6	snooper-engine.log	INFO	proxy	REQUEST #711: POST /	1	2026-09-05T01:30:24.860049902Z	/tmp/prysm-r2-extra-logs.Rd7MjT/round2-prysm-geth-83.tar.gz::snooper-engine.log:31709	2026-09-05T01:30:24.860049902Z	/tmp/prysm-r2-extra-logs.Rd7MjT/round2-prysm-geth-83.tar.gz::snooper-engine.log:31709
83	6	snooper-engine.log	INFO	proxy	REQUEST #713: POST /	1	2026-09-05T01:30:38.839098778Z	/tmp/prysm-r2-extra-logs.Rd7MjT/round2-prysm-geth-83.tar.gz::snooper-engine.log:31786	2026-09-05T01:30:38.839098778Z	/tmp/prysm-r2-extra-logs.Rd7MjT/round2-prysm-geth-83.tar.gz::snooper-engine.log:31786
83	6	snooper-engine.log	INFO	proxy	REQUEST #714: POST /	1	2026-09-05T01:30:52.838600968Z	/tmp/prysm-r2-extra-logs.Rd7MjT/round2-prysm-geth-83.tar.gz::snooper-engine.log:31833	2026-09-05T01:30:52.838600968Z	/tmp/prysm-r2-extra-logs.Rd7MjT/round2-prysm-geth-83.tar.gz::snooper-engine.log:31833
83	6	snooper-engine.log	INFO	proxy	REQUEST #716: POST /	1	2026-09-05T01:31:07.245926990Z	/tmp/prysm-r2-extra-logs.Rd7MjT/round2-prysm-geth-83.tar.gz::snooper-engine.log:31917	2026-09-05T01:31:07.245926990Z	/tmp/prysm-r2-extra-logs.Rd7MjT/round2-prysm-geth-83.tar.gz::snooper-engine.log:31917
83	6	snooper-engine.log	INFO	proxy	REQUEST #718: POST /	1	2026-09-05T01:31:20.845527087Z	/tmp/prysm-r2-extra-logs.Rd7MjT/round2-prysm-geth-83.tar.gz::snooper-engine.log:32011	2026-09-05T01:31:20.845527087Z	/tmp/prysm-r2-extra-logs.Rd7MjT/round2-prysm-geth-83.tar.gz::snooper-engine.log:32011
83	6	snooper-engine.log	INFO	proxy	REQUEST #719: POST /	1	2026-09-05T01:31:34.007742958Z	/tmp/prysm-r2-extra-logs.Rd7MjT/round2-prysm-geth-83.tar.gz::snooper-engine.log:32060	2026-09-05T01:31:34.007742958Z	/tmp/prysm-r2-extra-logs.Rd7MjT/round2-prysm-geth-83.tar.gz::snooper-engine.log:32060
83	6	snooper-engine.log	INFO	proxy	REQUEST #720: POST /	1	2026-09-05T01:31:34.849624486Z	/tmp/prysm-r2-extra-logs.Rd7MjT/round2-prysm-geth-83.tar.gz::snooper-engine.log:32064	2026-09-05T01:31:34.849624486Z	/tmp/prysm-r2-extra-logs.Rd7MjT/round2-prysm-geth-83.tar.gz::snooper-engine.log:32064
83	6	snooper-engine.log	INFO	proxy	REQUEST #721: POST /	1	2026-09-05T01:31:48.835096489Z	/tmp/prysm-r2-extra-logs.Rd7MjT/round2-prysm-geth-83.tar.gz::snooper-engine.log:32111	2026-09-05T01:31:48.835096489Z	/tmp/prysm-r2-extra-logs.Rd7MjT/round2-prysm-geth-83.tar.gz::snooper-engine.log:32111
83	6	snooper-engine.log	INFO	proxy	REQUEST #722: POST /	1	2026-09-05T01:32:02.839003779Z	/tmp/prysm-r2-extra-logs.Rd7MjT/round2-prysm-geth-83.tar.gz::snooper-engine.log:32158	2026-09-05T01:32:02.839003779Z	/tmp/prysm-r2-extra-logs.Rd7MjT/round2-prysm-geth-83.tar.gz::snooper-engine.log:32158
83	6	snooper-engine.log	INFO	proxy	REQUEST #723: POST /	1	2026-09-05T01:32:16.850943445Z	/tmp/prysm-r2-extra-logs.Rd7MjT/round2-prysm-geth-83.tar.gz::snooper-engine.log:32205	2026-09-05T01:32:16.850943445Z	/tmp/prysm-r2-extra-logs.Rd7MjT/round2-prysm-geth-83.tar.gz::snooper-engine.log:32205
83	6	snooper-engine.log	INFO	proxy	REQUEST #724: POST /	1	2026-09-05T01:32:30.838794167Z	/tmp/prysm-r2-extra-logs.Rd7MjT/round2-prysm-geth-83.tar.gz::snooper-engine.log:32253	2026-09-05T01:32:30.838794167Z	/tmp/prysm-r2-extra-logs.Rd7MjT/round2-prysm-geth-83.tar.gz::snooper-engine.log:32253
83	6	snooper-engine.log	INFO	proxy	REQUEST #725: POST /	1	2026-09-05T01:32:45.048814355Z	/tmp/prysm-r2-extra-logs.Rd7MjT/round2-prysm-geth-83.tar.gz::snooper-engine.log:32300	2026-09-05T01:32:45.048814355Z	/tmp/prysm-r2-extra-logs.Rd7MjT/round2-prysm-geth-83.tar.gz::snooper-engine.log:32300
83	6	snooper-engine.log	INFO	proxy	REQUEST #726: POST /	1	2026-09-05T01:32:58.839157356Z	/tmp/prysm-r2-extra-logs.Rd7MjT/round2-prysm-geth-83.tar.gz::snooper-engine.log:32347	2026-09-05T01:32:58.839157356Z	/tmp/prysm-r2-extra-logs.Rd7MjT/round2-prysm-geth-83.tar.gz::snooper-engine.log:32347
83	6	snooper-engine.log	INFO	proxy	REQUEST #730: POST /	1	2026-09-05T01:33:12.843253606Z	/tmp/prysm-r2-extra-logs.Rd7MjT/round2-prysm-geth-83.tar.gz::snooper-engine.log:32496	2026-09-05T01:33:12.843253606Z	/tmp/prysm-r2-extra-logs.Rd7MjT/round2-prysm-geth-83.tar.gz::snooper-engine.log:32496
83	6	snooper-engine.log	INFO	proxy	REQUEST #731: POST /	1	2026-09-05T01:33:12.856794786Z	/tmp/prysm-r2-extra-logs.Rd7MjT/round2-prysm-geth-83.tar.gz::snooper-engine.log:32543	2026-09-05T01:33:12.856794786Z	/tmp/prysm-r2-extra-logs.Rd7MjT/round2-prysm-geth-83.tar.gz::snooper-engine.log:32543
83	6	snooper-engine.log	INFO	proxy	REQUEST #732: POST /	1	2026-09-05T01:33:12.939422510Z	/tmp/prysm-r2-extra-logs.Rd7MjT/round2-prysm-geth-83.tar.gz::snooper-engine.log:32590	2026-09-05T01:33:12.939422510Z	/tmp/prysm-r2-extra-logs.Rd7MjT/round2-prysm-geth-83.tar.gz::snooper-engine.log:32590
83	6	snooper-engine.log	INFO	proxy	REQUEST #734: POST /	1	2026-09-05T01:33:18.949885251Z	/tmp/prysm-r2-extra-logs.Rd7MjT/round2-prysm-geth-83.tar.gz::snooper-engine.log:32638	2026-09-05T01:33:18.949885251Z	/tmp/prysm-r2-extra-logs.Rd7MjT/round2-prysm-geth-83.tar.gz::snooper-engine.log:32638
83	6	snooper-engine.log	INFO	proxy	REQUEST #738: POST /	1	2026-09-05T01:33:26.852509724Z	/tmp/prysm-r2-extra-logs.Rd7MjT/round2-prysm-geth-83.tar.gz::snooper-engine.log:32791	2026-09-05T01:33:26.852509724Z	/tmp/prysm-r2-extra-logs.Rd7MjT/round2-prysm-geth-83.tar.gz::snooper-engine.log:32791
83	6	snooper-engine.log	INFO	proxy	REQUEST #744: POST /	1	2026-09-05T01:33:40.849980413Z	/tmp/prysm-r2-extra-logs.Rd7MjT/round2-prysm-geth-83.tar.gz::snooper-engine.log:33015	2026-09-05T01:33:40.849980413Z	/tmp/prysm-r2-extra-logs.Rd7MjT/round2-prysm-geth-83.tar.gz::snooper-engine.log:33015
83	6	snooper-engine.log	INFO	proxy	REQUEST #747: POST /	1	2026-09-05T01:33:54.921438191Z	/tmp/prysm-r2-extra-logs.Rd7MjT/round2-prysm-geth-83.tar.gz::snooper-engine.log:33151	2026-09-05T01:33:54.921438191Z	/tmp/prysm-r2-extra-logs.Rd7MjT/round2-prysm-geth-83.tar.gz::snooper-engine.log:33151
83	6	snooper-engine.log	INFO	proxy	REQUEST engine_forkchoiceUpdatedV4	9	2026-09-05T01:30:12.017202080Z	/tmp/prysm-r2-extra-logs.Rd7MjT/round2-prysm-geth-83.tar.gz::snooper-engine.log:31680	2026-09-05T01:33:36.028233803Z	/tmp/prysm-r2-extra-logs.Rd7MjT/round2-prysm-geth-83.tar.gz::snooper-engine.log:32985
83	6	snooper-engine.log	INFO	proxy	REQUEST engine_getClientVersionV1	2	2026-09-05T01:29:56.562453327Z	/tmp/prysm-r2-extra-logs.Rd7MjT/round2-prysm-geth-83.tar.gz::snooper-engine.log:31557	2026-09-05T01:33:08.564516744Z	/tmp/prysm-r2-extra-logs.Rd7MjT/round2-prysm-geth-83.tar.gz::snooper-engine.log:32467
83	6	snooper-engine.log	INFO	proxy	REQUEST engine_getPayloadBodiesByHashV2	1	2026-09-05T01:33:18.943798738Z	/tmp/prysm-r2-extra-logs.Rd7MjT/round2-prysm-geth-83.tar.gz::snooper-engine.log:32613	2026-09-05T01:33:18.943798738Z	/tmp/prysm-r2-extra-logs.Rd7MjT/round2-prysm-geth-83.tar.gz::snooper-engine.log:32613
83	6	snooper-engine.log	INFO	proxy	REQUEST engine_getPayloadV6	1	2026-09-05T01:31:16.147146329Z	/tmp/prysm-r2-extra-logs.Rd7MjT/round2-prysm-geth-83.tar.gz::snooper-engine.log:31964	2026-09-05T01:31:16.147146329Z	/tmp/prysm-r2-extra-logs.Rd7MjT/round2-prysm-geth-83.tar.gz::snooper-engine.log:31964
83	6	snooper-engine.log	INFO	proxy	REQUEST engine_newPayloadV5	6	2026-09-05T01:33:05.899320628Z	/tmp/prysm-r2-extra-logs.Rd7MjT/round2-prysm-geth-83.tar.gz::snooper-engine.log:32394	2026-09-05T01:33:53.786412529Z	/tmp/prysm-r2-extra-logs.Rd7MjT/round2-prysm-geth-83.tar.gz::snooper-engine.log:33107
83	6	snooper-engine.log	INFO	proxy	RESPONSE	40	2026-09-05T01:29:56.563433622Z	/tmp/prysm-r2-extra-logs.Rd7MjT/round2-prysm-geth-83.tar.gz::snooper-engine.log:31572	2026-09-05T01:33:54.922249788Z	/tmp/prysm-r2-extra-logs.Rd7MjT/round2-prysm-geth-83.tar.gz::snooper-engine.log:33162
83	6	snooper-engine.log	INFO	proxy	fetched execution metadata	4	2026-09-05T01:30:27.017746811Z	/tmp/prysm-r2-extra-logs.Rd7MjT/round2-prysm-geth-83.tar.gz::snooper-engine.log:31756	2026-09-05T01:33:27.015523138Z	/tmp/prysm-r2-extra-logs.Rd7MjT/round2-prysm-geth-83.tar.gz::snooper-engine.log:32838
83	6	snooper-engine.log	WARN	proxy	failed unmarshaling data: unexpected end of JSON input	1	2026-09-05T01:31:34.007701011Z	/tmp/prysm-r2-extra-logs.Rd7MjT/round2-prysm-geth-83.tar.gz::snooper-engine.log:32059	2026-09-05T01:31:34.007701011Z	/tmp/prysm-r2-extra-logs.Rd7MjT/round2-prysm-geth-83.tar.gz::snooper-engine.log:32059
83	6	validator.log	ERROR	client	Could not check if any validator is a sync committee aggregator	9	2026-09-05T01:30:36.001596928Z	/tmp/prysm-r2-extra-logs.Rd7MjT/round2-prysm-geth-83.tar.gz::validator.log:752	2026-09-05T01:32:48.001300036Z	/tmp/prysm-r2-extra-logs.Rd7MjT/round2-prysm-geth-83.tar.gz::validator.log:1532
83	6	validator.log	ERROR	client	Could not get PTC attester domain data	2	2026-09-05T01:33:12.002308853Z	/tmp/prysm-r2-extra-logs.Rd7MjT/round2-prysm-geth-83.tar.gz::validator.log:1619	2026-09-05T01:33:12.002328437Z	/tmp/prysm-r2-extra-logs.Rd7MjT/round2-prysm-geth-83.tar.gz::validator.log:1621
83	6	validator.log	ERROR	client	Could not get sync committee domain data	2	2026-09-05T01:32:00.001037361Z	/tmp/prysm-r2-extra-logs.Rd7MjT/round2-prysm-geth-83.tar.gz::validator.log:1193	2026-09-05T01:32:00.001121398Z	/tmp/prysm-r2-extra-logs.Rd7MjT/round2-prysm-geth-83.tar.gz::validator.log:1195
83	6	validator.log	ERROR	client	Could not request attestation to sign at slot	761	2026-09-05T01:30:36.005195909Z	/tmp/prysm-r2-extra-logs.Rd7MjT/round2-prysm-geth-83.tar.gz::validator.log:753	2026-09-05T01:32:48.018840102Z	/tmp/prysm-r2-extra-logs.Rd7MjT/round2-prysm-geth-83.tar.gz::validator.log:1613
83	6	validator.log	ERROR	client	Could not request payload attestation data	35	2026-09-05T01:30:24.032488455Z	/tmp/prysm-r2-extra-logs.Rd7MjT/round2-prysm-geth-83.tar.gz::validator.log:729	2026-09-05T01:32:48.004590505Z	/tmp/prysm-r2-extra-logs.Rd7MjT/round2-prysm-geth-83.tar.gz::validator.log:1541
83	6	validator.log	ERROR	client	Could not request sync message block root to sign	18	2026-09-05T01:30:36.012508323Z	/tmp/prysm-r2-extra-logs.Rd7MjT/round2-prysm-geth-83.tar.gz::validator.log:764	2026-09-05T01:32:48.004355669Z	/tmp/prysm-r2-extra-logs.Rd7MjT/round2-prysm-geth-83.tar.gz::validator.log:1536
83	6	validator.log	ERROR	client	Could not submit aggregate selection proof to beacon node	16	2026-09-05T01:30:24.032370173Z	/tmp/prysm-r2-extra-logs.Rd7MjT/round2-prysm-geth-83.tar.gz::validator.log:700	2026-09-05T01:32:36.006822167Z	/tmp/prysm-r2-extra-logs.Rd7MjT/round2-prysm-geth-83.tar.gz::validator.log:1466
83	6	validator.log	ERROR	client	Could not submit attestation to beacon node	62	2026-09-05T01:30:24.032210613Z	/tmp/prysm-r2-extra-logs.Rd7MjT/round2-prysm-geth-83.tar.gz::validator.log:686	2026-09-05T01:30:24.032573748Z	/tmp/prysm-r2-extra-logs.Rd7MjT/round2-prysm-geth-83.tar.gz::validator.log:749
83	6	validator.log	ERROR	client	Could not submit payload attestation	2	2026-09-05T01:33:12.001764217Z	/tmp/prysm-r2-extra-logs.Rd7MjT/round2-prysm-geth-83.tar.gz::validator.log:1618	2026-09-05T01:33:12.002323425Z	/tmp/prysm-r2-extra-logs.Rd7MjT/round2-prysm-geth-83.tar.gz::validator.log:1620
83	6	validator.log	ERROR	client	Failed to request block from beacon node	1	2026-09-05T01:31:16.634985550Z	/tmp/prysm-r2-extra-logs.Rd7MjT/round2-prysm-geth-83.tar.gz::validator.log:1097	2026-09-05T01:31:16.634985550Z	/tmp/prysm-r2-extra-logs.Rd7MjT/round2-prysm-geth-83.tar.gz::validator.log:1097
83	6	validator.log	INFO	client	Duties schedule	32	2026-09-05T01:30:04.672095907Z	/tmp/prysm-r2-extra-logs.Rd7MjT/round2-prysm-geth-83.tar.gz::validator.log:650	2026-09-05T01:30:04.679340800Z	/tmp/prysm-r2-extra-logs.Rd7MjT/round2-prysm-geth-83.tar.gz::validator.log:681
83	6	validator.log	INFO	client	Schedule for epoch 0	1	2026-09-05T01:30:04.670952016Z	/tmp/prysm-r2-extra-logs.Rd7MjT/round2-prysm-geth-83.tar.gz::validator.log:649	2026-09-05T01:30:04.670952016Z	/tmp/prysm-r2-extra-logs.Rd7MjT/round2-prysm-geth-83.tar.gz::validator.log:649
83	6	validator.log	INFO	client	Skipping payload attestation: no block for slot	11	2026-09-05T01:31:34.395103372Z	/tmp/prysm-r2-extra-logs.Rd7MjT/round2-prysm-geth-83.tar.gz::validator.log:1102	2026-09-05T01:33:57.105615367Z	/tmp/prysm-r2-extra-logs.Rd7MjT/round2-prysm-geth-83.tar.gz::validator.log:1638
83	6	validator.log	INFO	client	Submitted new aggregate attestations	5	2026-09-05T01:30:09.046413714Z	/tmp/prysm-r2-extra-logs.Rd7MjT/round2-prysm-geth-83.tar.gz::validator.log:683	2026-09-05T01:33:58.753667612Z	/tmp/prysm-r2-extra-logs.Rd7MjT/round2-prysm-geth-83.tar.gz::validator.log:1640
83	6	validator.log	INFO	client	Submitted new attestations	10	2026-09-05T01:30:09.046320032Z	/tmp/prysm-r2-extra-logs.Rd7MjT/round2-prysm-geth-83.tar.gz::validator.log:682	2026-09-05T01:33:58.753399058Z	/tmp/prysm-r2-extra-logs.Rd7MjT/round2-prysm-geth-83.tar.gz::validator.log:1639
83	6	validator.log	INFO	client	Submitted payload attestations	3	2026-09-05T01:30:09.046422884Z	/tmp/prysm-r2-extra-logs.Rd7MjT/round2-prysm-geth-83.tar.gz::validator.log:684	2026-09-05T01:33:33.711732253Z	/tmp/prysm-r2-extra-logs.Rd7MjT/round2-prysm-geth-83.tar.gz::validator.log:1630
83	6	validator.log	INFO	client	Submitted sync committee messages	10	2026-09-05T01:30:09.046427662Z	/tmp/prysm-r2-extra-logs.Rd7MjT/round2-prysm-geth-83.tar.gz::validator.log:685	2026-09-05T01:33:58.753697234Z	/tmp/prysm-r2-extra-logs.Rd7MjT/round2-prysm-geth-83.tar.gz::validator.log:1641
83	6	validator.log	WARN	client	Could not get signed attestation data for aggregation	13	2026-09-05T01:30:36.011436068Z	/tmp/prysm-r2-extra-logs.Rd7MjT/round2-prysm-geth-83.tar.gz::validator.log:756	2026-09-05T01:32:36.006811623Z	/tmp/prysm-r2-extra-logs.Rd7MjT/round2-prysm-geth-83.tar.gz::validator.log:1465
85	14	beacon.log	ERROR	execution	Beacon node is not respecting the follow distance. EL client is syncing.	15	2026-09-05T01:29:52.818523130Z	/tmp/prysm-r2-extra-logs.Rd7MjT/round2-prysm-geth-85.tar.gz::beacon.log:366	2026-09-05T01:33:08.830480023Z	/tmp/prysm-r2-extra-logs.Rd7MjT/round2-prysm-geth-85.tar.gz::beacon.log:549
85	14	beacon.log	ERROR	rpc/validator	Could not build block	1	2026-09-05T01:33:31.996258911Z	/tmp/prysm-r2-extra-logs.Rd7MjT/round2-prysm-geth-85.tar.gz::beacon.log:563	2026-09-05T01:33:31.996258911Z	/tmp/prysm-r2-extra-logs.Rd7MjT/round2-prysm-geth-85.tar.gz::beacon.log:563
85	14	beacon.log	ERROR	rpc/validator	Could not pack deposits and attestations	1	2026-09-05T01:33:31.993917337Z	/tmp/prysm-r2-extra-logs.Rd7MjT/round2-prysm-geth-85.tar.gz::beacon.log:562	2026-09-05T01:33:31.993917337Z	/tmp/prysm-r2-extra-logs.Rd7MjT/round2-prysm-geth-85.tar.gz::beacon.log:562
85	14	beacon.log	INFO	slots	10s until chain genesis	1	2026-09-05T01:29:49.315002486Z	/tmp/prysm-r2-extra-logs.Rd7MjT/round2-prysm-geth-85.tar.gz::beacon.log:362	2026-09-05T01:29:49.315002486Z	/tmp/prysm-r2-extra-logs.Rd7MjT/round2-prysm-geth-85.tar.gz::beacon.log:362
85	14	beacon.log	INFO	slots	11s until chain genesis	1	2026-09-05T01:29:48.315125202Z	/tmp/prysm-r2-extra-logs.Rd7MjT/round2-prysm-geth-85.tar.gz::beacon.log:361	2026-09-05T01:29:48.315125202Z	/tmp/prysm-r2-extra-logs.Rd7MjT/round2-prysm-geth-85.tar.gz::beacon.log:361
85	14	beacon.log	INFO	slots	1s until chain genesis	1	2026-09-05T01:29:58.315060347Z	/tmp/prysm-r2-extra-logs.Rd7MjT/round2-prysm-geth-85.tar.gz::beacon.log:372	2026-09-05T01:29:58.315060347Z	/tmp/prysm-r2-extra-logs.Rd7MjT/round2-prysm-geth-85.tar.gz::beacon.log:372
85	14	beacon.log	INFO	slots	2s until chain genesis	1	2026-09-05T01:29:57.314476476Z	/tmp/prysm-r2-extra-logs.Rd7MjT/round2-prysm-geth-85.tar.gz::beacon.log:371	2026-09-05T01:29:57.314476476Z	/tmp/prysm-r2-extra-logs.Rd7MjT/round2-prysm-geth-85.tar.gz::beacon.log:371
85	14	beacon.log	INFO	slots	3s until chain genesis	1	2026-09-05T01:29:56.314191807Z	/tmp/prysm-r2-extra-logs.Rd7MjT/round2-prysm-geth-85.tar.gz::beacon.log:370	2026-09-05T01:29:56.314191807Z	/tmp/prysm-r2-extra-logs.Rd7MjT/round2-prysm-geth-85.tar.gz::beacon.log:370
85	14	beacon.log	INFO	slots	4s until chain genesis	1	2026-09-05T01:29:55.315156126Z	/tmp/prysm-r2-extra-logs.Rd7MjT/round2-prysm-geth-85.tar.gz::beacon.log:369	2026-09-05T01:29:55.315156126Z	/tmp/prysm-r2-extra-logs.Rd7MjT/round2-prysm-geth-85.tar.gz::beacon.log:369
85	14	beacon.log	INFO	slots	5s until chain genesis	1	2026-09-05T01:29:54.314553318Z	/tmp/prysm-r2-extra-logs.Rd7MjT/round2-prysm-geth-85.tar.gz::beacon.log:368	2026-09-05T01:29:54.314553318Z	/tmp/prysm-r2-extra-logs.Rd7MjT/round2-prysm-geth-85.tar.gz::beacon.log:368
85	14	beacon.log	INFO	slots	6s until chain genesis	1	2026-09-05T01:29:53.314712649Z	/tmp/prysm-r2-extra-logs.Rd7MjT/round2-prysm-geth-85.tar.gz::beacon.log:367	2026-09-05T01:29:53.314712649Z	/tmp/prysm-r2-extra-logs.Rd7MjT/round2-prysm-geth-85.tar.gz::beacon.log:367
85	14	beacon.log	INFO	slots	7s until chain genesis	1	2026-09-05T01:29:52.314800346Z	/tmp/prysm-r2-extra-logs.Rd7MjT/round2-prysm-geth-85.tar.gz::beacon.log:365	2026-09-05T01:29:52.314800346Z	/tmp/prysm-r2-extra-logs.Rd7MjT/round2-prysm-geth-85.tar.gz::beacon.log:365
85	14	beacon.log	INFO	slots	8s until chain genesis	1	2026-09-05T01:29:51.314439957Z	/tmp/prysm-r2-extra-logs.Rd7MjT/round2-prysm-geth-85.tar.gz::beacon.log:364	2026-09-05T01:29:51.314439957Z	/tmp/prysm-r2-extra-logs.Rd7MjT/round2-prysm-geth-85.tar.gz::beacon.log:364
85	14	beacon.log	INFO	slots	9s until chain genesis	1	2026-09-05T01:29:50.314636321Z	/tmp/prysm-r2-extra-logs.Rd7MjT/round2-prysm-geth-85.tar.gz::beacon.log:363	2026-09-05T01:29:50.314636321Z	/tmp/prysm-r2-extra-logs.Rd7MjT/round2-prysm-geth-85.tar.gz::beacon.log:363
85	14	beacon.log	INFO	rpc/validator	Building block	1	2026-09-05T01:32:50.694093299Z	/tmp/prysm-r2-extra-logs.Rd7MjT/round2-prysm-geth-85.tar.gz::beacon.log:543	2026-09-05T01:32:50.694093299Z	/tmp/prysm-r2-extra-logs.Rd7MjT/round2-prysm-geth-85.tar.gz::beacon.log:543
85	14	beacon.log	INFO	slots	Chain genesis time reached	1	2026-09-05T01:30:00.314282498Z	/tmp/prysm-r2-extra-logs.Rd7MjT/round2-prysm-geth-85.tar.gz::beacon.log:524	2026-09-05T01:30:00.314282498Z	/tmp/prysm-r2-extra-logs.Rd7MjT/round2-prysm-geth-85.tar.gz::beacon.log:524
85	14	beacon.log	INFO	blockchain	Chain reorg occurred	3	2026-09-05T01:30:12.001815434Z	/tmp/prysm-r2-extra-logs.Rd7MjT/round2-prysm-geth-85.tar.gz::beacon.log:526	2026-09-05T01:33:46.633498356Z	/tmp/prysm-r2-extra-logs.Rd7MjT/round2-prysm-geth-85.tar.gz::beacon.log:564
85	14	beacon.log	INFO	rpc/validator	Chose payload bid	1	2026-09-05T01:32:50.744064893Z	/tmp/prysm-r2-extra-logs.Rd7MjT/round2-prysm-geth-85.tar.gz::beacon.log:546	2026-09-05T01:32:50.744064893Z	/tmp/prysm-r2-extra-logs.Rd7MjT/round2-prysm-geth-85.tar.gz::beacon.log:546
85	14	beacon.log	INFO	p2p	Connected peers	4	2026-09-05T01:30:27.349123413Z	/tmp/prysm-r2-extra-logs.Rd7MjT/round2-prysm-geth-85.tar.gz::beacon.log:529	2026-09-05T01:33:27.338712519Z	/tmp/prysm-r2-extra-logs.Rd7MjT/round2-prysm-geth-85.tar.gz::beacon.log:556
85	14	beacon.log	INFO	blockchain	Finished applying state transition	4	2026-09-05T01:33:12.605611634Z	/tmp/prysm-r2-extra-logs.Rd7MjT/round2-prysm-geth-85.tar.gz::beacon.log:551	2026-09-05T01:33:51.166169836Z	/tmp/prysm-r2-extra-logs.Rd7MjT/round2-prysm-geth-85.tar.gz::beacon.log:566
85	14	beacon.log	INFO	blockchain	Forkchoice updated with payload attributes for proposal	1	2026-09-05T01:32:44.523928605Z	/tmp/prysm-r2-extra-logs.Rd7MjT/round2-prysm-geth-85.tar.gz::beacon.log:542	2026-09-05T01:32:44.523928605Z	/tmp/prysm-r2-extra-logs.Rd7MjT/round2-prysm-geth-85.tar.gz::beacon.log:542
85	14	beacon.log	INFO	execution	Graffiti includes client version info appended after user graffiti	1	2026-09-05T01:32:50.739013172Z	/tmp/prysm-r2-extra-logs.Rd7MjT/round2-prysm-geth-85.tar.gz::beacon.log:544	2026-09-05T01:32:50.739013172Z	/tmp/prysm-r2-extra-logs.Rd7MjT/round2-prysm-geth-85.tar.gz::beacon.log:544
85	14	beacon.log	INFO	sync	Skipping pending block already being processed	1	2026-09-05T01:33:07.343404421Z	/tmp/prysm-r2-extra-logs.Rd7MjT/round2-prysm-geth-85.tar.gz::beacon.log:548	2026-09-05T01:33:07.343404421Z	/tmp/prysm-r2-extra-logs.Rd7MjT/round2-prysm-geth-85.tar.gz::beacon.log:548
85	14	beacon.log	INFO	sync	Subscribed to	150	2026-09-05T01:30:00.006662693Z	/tmp/prysm-r2-extra-logs.Rd7MjT/round2-prysm-geth-85.tar.gz::beacon.log:374	2026-09-05T01:30:00.088205361Z	/tmp/prysm-r2-extra-logs.Rd7MjT/round2-prysm-geth-85.tar.gz::beacon.log:523
85	14	beacon.log	INFO	blockchain	Synced execution payload envelope	6	2026-09-05T01:33:17.557504957Z	/tmp/prysm-r2-extra-logs.Rd7MjT/round2-prysm-geth-85.tar.gz::beacon.log:552	2026-09-05T01:33:51.515182577Z	/tmp/prysm-r2-extra-logs.Rd7MjT/round2-prysm-geth-85.tar.gz::beacon.log:567
85	14	beacon.log	INFO	blockchain	Synced new block	4	2026-09-05T01:33:12.605401221Z	/tmp/prysm-r2-extra-logs.Rd7MjT/round2-prysm-geth-85.tar.gz::beacon.log:550	2026-09-05T01:33:51.165924771Z	/tmp/prysm-r2-extra-logs.Rd7MjT/round2-prysm-geth-85.tar.gz::beacon.log:565
85	14	beacon.log	INFO	p2p	Updating ENR Fork ID	1	2026-09-05T01:30:00.006632536Z	/tmp/prysm-r2-extra-logs.Rd7MjT/round2-prysm-geth-85.tar.gz::beacon.log:373	2026-09-05T01:30:00.006632536Z	/tmp/prysm-r2-extra-logs.Rd7MjT/round2-prysm-geth-85.tar.gz::beacon.log:373
85	14	beacon.log	WARN	rpc/validator	Voting period before genesis + follow distance, using eth1data from head	1	2026-09-05T01:32:50.740644488Z	/tmp/prysm-r2-extra-logs.Rd7MjT/round2-prysm-geth-85.tar.gz::beacon.log:545	2026-09-05T01:32:50.740644488Z	/tmp/prysm-r2-extra-logs.Rd7MjT/round2-prysm-geth-85.tar.gz::beacon.log:545
85	14	execution.log	INFO	geth	Chain head was updated	3	2026-09-05T01:33:18.302705527Z	/tmp/prysm-r2-extra-logs.Rd7MjT/round2-prysm-geth-85.tar.gz::execution.log:92	2026-09-05T01:33:46.916054893Z	/tmp/prysm-r2-extra-logs.Rd7MjT/round2-prysm-geth-85.tar.gz::execution.log:102
85	14	execution.log	INFO	geth	Imported new potential chain segment	4	2026-09-05T01:33:15.023261133Z	/tmp/prysm-r2-extra-logs.Rd7MjT/round2-prysm-geth-85.tar.gz::execution.log:91	2026-09-05T01:33:51.385968558Z	/tmp/prysm-r2-extra-logs.Rd7MjT/round2-prysm-geth-85.tar.gz::execution.log:104
85	14	execution.log	INFO	geth	Indexed transactions	1	2026-09-05T01:33:18.303712844Z	/tmp/prysm-r2-extra-logs.Rd7MjT/round2-prysm-geth-85.tar.gz::execution.log:93	2026-09-05T01:33:18.303712844Z	/tmp/prysm-r2-extra-logs.Rd7MjT/round2-prysm-geth-85.tar.gz::execution.log:93
85	14	execution.log	INFO	geth	Shorten chain	1	2026-09-05T01:33:46.916030113Z	/tmp/prysm-r2-extra-logs.Rd7MjT/round2-prysm-geth-85.tar.gz::execution.log:101	2026-09-05T01:33:46.916030113Z	/tmp/prysm-r2-extra-logs.Rd7MjT/round2-prysm-geth-85.tar.gz::execution.log:101
85	14	execution.log	INFO	geth	Starting work on payload	1	2026-09-05T01:32:42.105217498Z	/tmp/prysm-r2-extra-logs.Rd7MjT/round2-prysm-geth-85.tar.gz::execution.log:88	2026-09-05T01:32:42.105217498Z	/tmp/prysm-r2-extra-logs.Rd7MjT/round2-prysm-geth-85.tar.gz::execution.log:88
85	14	execution.log	INFO	geth	Stopping work on payload	1	2026-09-05T01:32:50.741292854Z	/tmp/prysm-r2-extra-logs.Rd7MjT/round2-prysm-geth-85.tar.gz::execution.log:90	2026-09-05T01:32:50.741292854Z	/tmp/prysm-r2-extra-logs.Rd7MjT/round2-prysm-geth-85.tar.gz::execution.log:90
85	14	execution.log	INFO	geth	Updated payload	1	2026-09-05T01:32:42.106282463Z	/tmp/prysm-r2-extra-logs.Rd7MjT/round2-prysm-geth-85.tar.gz::execution.log:89	2026-09-05T01:32:42.106282463Z	/tmp/prysm-r2-extra-logs.Rd7MjT/round2-prysm-geth-85.tar.gz::execution.log:89
85	14	execution.log	WARN	geth	Beacon client online, but no consensus updates received in a while. Please fix your beacon client to follow the chain!	1	2026-09-05T01:32:25.176288355Z	/tmp/prysm-r2-extra-logs.Rd7MjT/round2-prysm-geth-85.tar.gz::execution.log:87	2026-09-05T01:32:25.176288355Z	/tmp/prysm-r2-extra-logs.Rd7MjT/round2-prysm-geth-85.tar.gz::execution.log:87
85	14	execution.log	WARN	geth	Ignoring already known beacon payload	2	2026-09-05T01:33:27.411500066Z	/tmp/prysm-r2-extra-logs.Rd7MjT/round2-prysm-geth-85.tar.gz::execution.log:96	2026-09-05T01:33:30.567977530Z	/tmp/prysm-r2-extra-logs.Rd7MjT/round2-prysm-geth-85.tar.gz::execution.log:100
85	14	execution.log	WARN	geth	Nil finalized block cannot evict old blobs	3	2026-09-05T01:33:18.303739126Z	/tmp/prysm-r2-extra-logs.Rd7MjT/round2-prysm-geth-85.tar.gz::execution.log:94	2026-09-05T01:33:46.916195985Z	/tmp/prysm-r2-extra-logs.Rd7MjT/round2-prysm-geth-85.tar.gz::execution.log:103
85	14	snooper-engine.log	INFO	proxy	REQUEST #707: POST /	1	2026-09-05T01:29:52.817487008Z	/tmp/prysm-r2-extra-logs.Rd7MjT/round2-prysm-geth-85.tar.gz::snooper-engine.log:31540	2026-09-05T01:29:52.817487008Z	/tmp/prysm-r2-extra-logs.Rd7MjT/round2-prysm-geth-85.tar.gz::snooper-engine.log:31540
85	14	snooper-engine.log	INFO	proxy	REQUEST #709: POST /	1	2026-09-05T01:30:06.817605127Z	/tmp/prysm-r2-extra-logs.Rd7MjT/round2-prysm-geth-85.tar.gz::snooper-engine.log:31616	2026-09-05T01:30:06.817605127Z	/tmp/prysm-r2-extra-logs.Rd7MjT/round2-prysm-geth-85.tar.gz::snooper-engine.log:31616
85	14	snooper-engine.log	INFO	proxy	REQUEST #711: POST /	1	2026-09-05T01:30:20.832835504Z	/tmp/prysm-r2-extra-logs.Rd7MjT/round2-prysm-geth-85.tar.gz::snooper-engine.log:31692	2026-09-05T01:30:20.832835504Z	/tmp/prysm-r2-extra-logs.Rd7MjT/round2-prysm-geth-85.tar.gz::snooper-engine.log:31692
85	14	snooper-engine.log	INFO	proxy	REQUEST #713: POST /	1	2026-09-05T01:30:34.832068102Z	/tmp/prysm-r2-extra-logs.Rd7MjT/round2-prysm-geth-85.tar.gz::snooper-engine.log:31768	2026-09-05T01:30:34.832068102Z	/tmp/prysm-r2-extra-logs.Rd7MjT/round2-prysm-geth-85.tar.gz::snooper-engine.log:31768
85	14	snooper-engine.log	INFO	proxy	REQUEST #714: POST /	1	2026-09-05T01:30:48.833818660Z	/tmp/prysm-r2-extra-logs.Rd7MjT/round2-prysm-geth-85.tar.gz::snooper-engine.log:31816	2026-09-05T01:30:48.833818660Z	/tmp/prysm-r2-extra-logs.Rd7MjT/round2-prysm-geth-85.tar.gz::snooper-engine.log:31816
85	14	snooper-engine.log	INFO	proxy	REQUEST #715: POST /	1	2026-09-05T01:31:02.825291937Z	/tmp/prysm-r2-extra-logs.Rd7MjT/round2-prysm-geth-85.tar.gz::snooper-engine.log:31863	2026-09-05T01:31:02.825291937Z	/tmp/prysm-r2-extra-logs.Rd7MjT/round2-prysm-geth-85.tar.gz::snooper-engine.log:31863
85	14	snooper-engine.log	INFO	proxy	REQUEST #716: POST /	1	2026-09-05T01:31:16.825793479Z	/tmp/prysm-r2-extra-logs.Rd7MjT/round2-prysm-geth-85.tar.gz::snooper-engine.log:31910	2026-09-05T01:31:16.825793479Z	/tmp/prysm-r2-extra-logs.Rd7MjT/round2-prysm-geth-85.tar.gz::snooper-engine.log:31910
85	14	snooper-engine.log	INFO	proxy	REQUEST #717: POST /	1	2026-09-05T01:31:30.827199570Z	/tmp/prysm-r2-extra-logs.Rd7MjT/round2-prysm-geth-85.tar.gz::snooper-engine.log:31957	2026-09-05T01:31:30.827199570Z	/tmp/prysm-r2-extra-logs.Rd7MjT/round2-prysm-geth-85.tar.gz::snooper-engine.log:31957
85	14	snooper-engine.log	INFO	proxy	REQUEST #719: POST /	1	2026-09-05T01:31:46.022280552Z	/tmp/prysm-r2-extra-logs.Rd7MjT/round2-prysm-geth-85.tar.gz::snooper-engine.log:32034	2026-09-05T01:31:46.022280552Z	/tmp/prysm-r2-extra-logs.Rd7MjT/round2-prysm-geth-85.tar.gz::snooper-engine.log:32034
85	14	snooper-engine.log	INFO	proxy	REQUEST #720: POST /	1	2026-09-05T01:31:58.828277724Z	/tmp/prysm-r2-extra-logs.Rd7MjT/round2-prysm-geth-85.tar.gz::snooper-engine.log:32081	2026-09-05T01:31:58.828277724Z	/tmp/prysm-r2-extra-logs.Rd7MjT/round2-prysm-geth-85.tar.gz::snooper-engine.log:32081
85	14	snooper-engine.log	INFO	proxy	REQUEST #721: POST /	1	2026-09-05T01:32:12.828064993Z	/tmp/prysm-r2-extra-logs.Rd7MjT/round2-prysm-geth-85.tar.gz::snooper-engine.log:32128	2026-09-05T01:32:12.828064993Z	/tmp/prysm-r2-extra-logs.Rd7MjT/round2-prysm-geth-85.tar.gz::snooper-engine.log:32128
85	14	snooper-engine.log	INFO	proxy	REQUEST #722: POST /	1	2026-09-05T01:32:26.819016018Z	/tmp/prysm-r2-extra-logs.Rd7MjT/round2-prysm-geth-85.tar.gz::snooper-engine.log:32175	2026-09-05T01:32:26.819016018Z	/tmp/prysm-r2-extra-logs.Rd7MjT/round2-prysm-geth-85.tar.gz::snooper-engine.log:32175
85	14	snooper-engine.log	INFO	proxy	REQUEST #723: POST /	1	2026-09-05T01:32:40.826356934Z	/tmp/prysm-r2-extra-logs.Rd7MjT/round2-prysm-geth-85.tar.gz::snooper-engine.log:32223	2026-09-05T01:32:40.826356934Z	/tmp/prysm-r2-extra-logs.Rd7MjT/round2-prysm-geth-85.tar.gz::snooper-engine.log:32223
85	14	snooper-engine.log	INFO	proxy	REQUEST #726: POST /	1	2026-09-05T01:32:54.817057399Z	/tmp/prysm-r2-extra-logs.Rd7MjT/round2-prysm-geth-85.tar.gz::snooper-engine.log:32354	2026-09-05T01:32:54.817057399Z	/tmp/prysm-r2-extra-logs.Rd7MjT/round2-prysm-geth-85.tar.gz::snooper-engine.log:32354
85	14	snooper-engine.log	INFO	proxy	REQUEST #727: POST /	1	2026-09-05T01:33:08.819139908Z	/tmp/prysm-r2-extra-logs.Rd7MjT/round2-prysm-geth-85.tar.gz::snooper-engine.log:32401	2026-09-05T01:33:08.819139908Z	/tmp/prysm-r2-extra-logs.Rd7MjT/round2-prysm-geth-85.tar.gz::snooper-engine.log:32401
85	14	snooper-engine.log	INFO	proxy	REQUEST #731: POST /	1	2026-09-05T01:33:22.816592538Z	/tmp/prysm-r2-extra-logs.Rd7MjT/round2-prysm-geth-85.tar.gz::snooper-engine.log:32550	2026-09-05T01:33:22.816592538Z	/tmp/prysm-r2-extra-logs.Rd7MjT/round2-prysm-geth-85.tar.gz::snooper-engine.log:32550
85	14	snooper-engine.log	INFO	proxy	REQUEST #732: POST /	1	2026-09-05T01:33:22.821026967Z	/tmp/prysm-r2-extra-logs.Rd7MjT/round2-prysm-geth-85.tar.gz::snooper-engine.log:32597	2026-09-05T01:33:22.821026967Z	/tmp/prysm-r2-extra-logs.Rd7MjT/round2-prysm-geth-85.tar.gz::snooper-engine.log:32597
85	14	snooper-engine.log	INFO	proxy	REQUEST #733: POST /	1	2026-09-05T01:33:22.822326658Z	/tmp/prysm-r2-extra-logs.Rd7MjT/round2-prysm-geth-85.tar.gz::snooper-engine.log:32644	2026-09-05T01:33:22.822326658Z	/tmp/prysm-r2-extra-logs.Rd7MjT/round2-prysm-geth-85.tar.gz::snooper-engine.log:32644
85	14	snooper-engine.log	INFO	proxy	REQUEST #740: POST /	1	2026-09-05T01:33:36.829993333Z	/tmp/prysm-r2-extra-logs.Rd7MjT/round2-prysm-geth-85.tar.gz::snooper-engine.log:32902	2026-09-05T01:33:36.829993333Z	/tmp/prysm-r2-extra-logs.Rd7MjT/round2-prysm-geth-85.tar.gz::snooper-engine.log:32902
85	14	snooper-engine.log	INFO	proxy	REQUEST #741: POST /	1	2026-09-05T01:33:37.996921055Z	/tmp/prysm-r2-extra-logs.Rd7MjT/round2-prysm-geth-85.tar.gz::snooper-engine.log:32949	2026-09-05T01:33:37.996921055Z	/tmp/prysm-r2-extra-logs.Rd7MjT/round2-prysm-geth-85.tar.gz::snooper-engine.log:32949
85	14	snooper-engine.log	INFO	proxy	REQUEST #742: POST /	1	2026-09-05T01:33:39.018652754Z	/tmp/prysm-r2-extra-logs.Rd7MjT/round2-prysm-geth-85.tar.gz::snooper-engine.log:32996	2026-09-05T01:33:39.018652754Z	/tmp/prysm-r2-extra-logs.Rd7MjT/round2-prysm-geth-85.tar.gz::snooper-engine.log:32996
85	14	snooper-engine.log	INFO	proxy	REQUEST #744: POST /	1	2026-09-05T01:33:50.817009344Z	/tmp/prysm-r2-extra-logs.Rd7MjT/round2-prysm-geth-85.tar.gz::snooper-engine.log:33049	2026-09-05T01:33:50.817009344Z	/tmp/prysm-r2-extra-logs.Rd7MjT/round2-prysm-geth-85.tar.gz::snooper-engine.log:33049
85	14	snooper-engine.log	INFO	proxy	REQUEST engine_forkchoiceUpdatedV4	7	2026-09-05T01:30:12.007076650Z	/tmp/prysm-r2-extra-logs.Rd7MjT/round2-prysm-geth-85.tar.gz::snooper-engine.log:31663	2026-09-05T01:33:46.915280399Z	/tmp/prysm-r2-extra-logs.Rd7MjT/round2-prysm-geth-85.tar.gz::snooper-engine.log:33019
85	14	snooper-engine.log	INFO	proxy	REQUEST engine_getClientVersionV1	3	2026-09-05T01:30:06.360131654Z	/tmp/prysm-r2-extra-logs.Rd7MjT/round2-prysm-geth-85.tar.gz::snooper-engine.log:31587	2026-09-05T01:33:18.373204620Z	/tmp/prysm-r2-extra-logs.Rd7MjT/round2-prysm-geth-85.tar.gz::snooper-engine.log:32521
85	14	snooper-engine.log	INFO	proxy	REQUEST engine_getPayloadV6	1	2026-09-05T01:32:50.740454432Z	/tmp/prysm-r2-extra-logs.Rd7MjT/round2-prysm-geth-85.tar.gz::snooper-engine.log:32307	2026-09-05T01:32:50.740454432Z	/tmp/prysm-r2-extra-logs.Rd7MjT/round2-prysm-geth-85.tar.gz::snooper-engine.log:32307
85	14	snooper-engine.log	INFO	proxy	REQUEST engine_newPayloadV5	6	2026-09-05T01:33:15.022950548Z	/tmp/prysm-r2-extra-logs.Rd7MjT/round2-prysm-geth-85.tar.gz::snooper-engine.log:32448	2026-09-05T01:33:51.384186445Z	/tmp/prysm-r2-extra-logs.Rd7MjT/round2-prysm-geth-85.tar.gz::snooper-engine.log:33096
85	14	snooper-engine.log	INFO	proxy	RESPONSE	39	2026-09-05T01:29:52.818177495Z	/tmp/prysm-r2-extra-logs.Rd7MjT/round2-prysm-geth-85.tar.gz::snooper-engine.log:31551	2026-09-05T01:33:51.386549649Z	/tmp/prysm-r2-extra-logs.Rd7MjT/round2-prysm-geth-85.tar.gz::snooper-engine.log:33129
85	14	snooper-engine.log	INFO	proxy	fetched execution metadata	4	2026-09-05T01:30:35.095142323Z	/tmp/prysm-r2-extra-logs.Rd7MjT/round2-prysm-geth-85.tar.gz::snooper-engine.log:31815	2026-09-05T01:33:35.094189732Z	/tmp/prysm-r2-extra-logs.Rd7MjT/round2-prysm-geth-85.tar.gz::snooper-engine.log:32901
85	14	validator.log	ERROR	client	Could not check if any validator is a sync committee aggregator	10	2026-09-05T01:30:36.003337034Z	/tmp/prysm-r2-extra-logs.Rd7MjT/round2-prysm-geth-85.tar.gz::validator.log:695	2026-09-05T01:32:24.000935271Z	/tmp/prysm-r2-extra-logs.Rd7MjT/round2-prysm-geth-85.tar.gz::validator.log:1473
85	14	validator.log	ERROR	client	Could not request attestation to sign at slot	743	2026-09-05T01:30:36.003381244Z	/tmp/prysm-r2-extra-logs.Rd7MjT/round2-prysm-geth-85.tar.gz::validator.log:698	2026-09-05T01:32:24.008444514Z	/tmp/prysm-r2-extra-logs.Rd7MjT/round2-prysm-geth-85.tar.gz::validator.log:1544
85	14	validator.log	ERROR	client	Could not request payload attestation data	31	2026-09-05T01:30:36.003377954Z	/tmp/prysm-r2-extra-logs.Rd7MjT/round2-prysm-geth-85.tar.gz::validator.log:697	2026-09-05T01:33:00.002292801Z	/tmp/prysm-r2-extra-logs.Rd7MjT/round2-prysm-geth-85.tar.gz::validator.log:1560
85	14	validator.log	ERROR	client	Could not request sync message block root to sign	50	2026-09-05T01:30:36.003373697Z	/tmp/prysm-r2-extra-logs.Rd7MjT/round2-prysm-geth-85.tar.gz::validator.log:696	2026-09-05T01:32:24.002733735Z	/tmp/prysm-r2-extra-logs.Rd7MjT/round2-prysm-geth-85.tar.gz::validator.log:1496
85	14	validator.log	ERROR	client	Could not submit aggregate selection proof to beacon node	15	2026-09-05T01:30:24.000657388Z	/tmp/prysm-r2-extra-logs.Rd7MjT/round2-prysm-geth-85.tar.gz::validator.log:692	2026-09-05T01:33:12.000942245Z	/tmp/prysm-r2-extra-logs.Rd7MjT/round2-prysm-geth-85.tar.gz::validator.log:1572
85	14	validator.log	ERROR	client	Could not submit payload attestation	3	2026-09-05T01:33:36.000745594Z	/tmp/prysm-r2-extra-logs.Rd7MjT/round2-prysm-geth-85.tar.gz::validator.log:1581	2026-09-05T01:33:36.000790612Z	/tmp/prysm-r2-extra-logs.Rd7MjT/round2-prysm-geth-85.tar.gz::validator.log:1583
85	14	validator.log	ERROR	client	Could not submit signed aggregate and proof to beacon node	3	2026-09-05T01:30:24.000617960Z	/tmp/prysm-r2-extra-logs.Rd7MjT/round2-prysm-geth-85.tar.gz::validator.log:691	2026-09-05T01:33:24.001107899Z	/tmp/prysm-r2-extra-logs.Rd7MjT/round2-prysm-geth-85.tar.gz::validator.log:1577
85	14	validator.log	ERROR	client	Failed to request block from beacon node	1	2026-09-05T01:33:00.002297931Z	/tmp/prysm-r2-extra-logs.Rd7MjT/round2-prysm-geth-85.tar.gz::validator.log:1561	2026-09-05T01:33:00.002297931Z	/tmp/prysm-r2-extra-logs.Rd7MjT/round2-prysm-geth-85.tar.gz::validator.log:1561
85	14	validator.log	INFO	client	Duties schedule	32	2026-09-05T01:30:04.096452420Z	/tmp/prysm-r2-extra-logs.Rd7MjT/round2-prysm-geth-85.tar.gz::validator.log:650	2026-09-05T01:30:04.115878303Z	/tmp/prysm-r2-extra-logs.Rd7MjT/round2-prysm-geth-85.tar.gz::validator.log:681
85	14	validator.log	INFO	client	Schedule for epoch 0	1	2026-09-05T01:30:04.096384059Z	/tmp/prysm-r2-extra-logs.Rd7MjT/round2-prysm-geth-85.tar.gz::validator.log:649	2026-09-05T01:30:04.096384059Z	/tmp/prysm-r2-extra-logs.Rd7MjT/round2-prysm-geth-85.tar.gz::validator.log:649
85	14	validator.log	INFO	client	Skipping payload attestation: no block for slot	19	2026-09-05T01:30:22.644854175Z	/tmp/prysm-r2-extra-logs.Rd7MjT/round2-prysm-geth-85.tar.gz::validator.log:686	2026-09-05T01:33:57.234384548Z	/tmp/prysm-r2-extra-logs.Rd7MjT/round2-prysm-geth-85.tar.gz::validator.log:1595
85	14	validator.log	INFO	client	Submitted new aggregate attestations	5	2026-09-05T01:30:09.010317208Z	/tmp/prysm-r2-extra-logs.Rd7MjT/round2-prysm-geth-85.tar.gz::validator.log:683	2026-09-05T01:33:57.235044462Z	/tmp/prysm-r2-extra-logs.Rd7MjT/round2-prysm-geth-85.tar.gz::validator.log:1597
85	14	validator.log	INFO	client	Submitted new attestations	10	2026-09-05T01:30:09.010241390Z	/tmp/prysm-r2-extra-logs.Rd7MjT/round2-prysm-geth-85.tar.gz::validator.log:682	2026-09-05T01:33:57.234621080Z	/tmp/prysm-r2-extra-logs.Rd7MjT/round2-prysm-geth-85.tar.gz::validator.log:1596
85	14	validator.log	INFO	client	Submitted payload attestations	1	2026-09-05T01:30:09.010324505Z	/tmp/prysm-r2-extra-logs.Rd7MjT/round2-prysm-geth-85.tar.gz::validator.log:684	2026-09-05T01:30:09.010324505Z	/tmp/prysm-r2-extra-logs.Rd7MjT/round2-prysm-geth-85.tar.gz::validator.log:684
85	14	validator.log	INFO	client	Submitted sync committee contributions and proofs	4	2026-09-05T01:32:45.548499162Z	/tmp/prysm-r2-extra-logs.Rd7MjT/round2-prysm-geth-85.tar.gz::validator.log:1555	2026-09-05T01:33:46.916094704Z	/tmp/prysm-r2-extra-logs.Rd7MjT/round2-prysm-geth-85.tar.gz::validator.log:1593
85	14	validator.log	INFO	client	Submitted sync committee messages	10	2026-09-05T01:30:09.010329486Z	/tmp/prysm-r2-extra-logs.Rd7MjT/round2-prysm-geth-85.tar.gz::validator.log:685	2026-09-05T01:33:57.235277262Z	/tmp/prysm-r2-extra-logs.Rd7MjT/round2-prysm-geth-85.tar.gz::validator.log:1598
85	14	validator.log	WARN	client	Could not get signed attestation data for aggregation	10	2026-09-05T01:30:36.008234682Z	/tmp/prysm-r2-extra-logs.Rd7MjT/round2-prysm-geth-85.tar.gz::validator.log:727	2026-09-05T01:32:24.002412035Z	/tmp/prysm-r2-extra-logs.Rd7MjT/round2-prysm-geth-85.tar.gz::validator.log:1486
85	14	validator.log	WARN	client	Sync contribution for validator has no bits set.	2	2026-09-05T01:30:22.644948421Z	/tmp/prysm-r2-extra-logs.Rd7MjT/round2-prysm-geth-85.tar.gz::validator.log:688	2026-09-05T01:32:45.534112219Z	/tmp/prysm-r2-extra-logs.Rd7MjT/round2-prysm-geth-85.tar.gz::validator.log:1552
91	4	beacon.log	ERROR	execution	Beacon node is not respecting the follow distance. EL client is syncing.	15	2026-09-05T01:29:59.729043028Z	/tmp/prysm-r2-extra-logs.Rd7MjT/round2-prysm-geth-91.tar.gz::beacon.log:380	2026-09-05T01:33:29.741584956Z	/tmp/prysm-r2-extra-logs.Rd7MjT/round2-prysm-geth-91.tar.gz::beacon.log:558
91	4	beacon.log	INFO	slots	10s until chain genesis	1	2026-09-05T01:29:49.120591474Z	/tmp/prysm-r2-extra-logs.Rd7MjT/round2-prysm-geth-91.tar.gz::beacon.log:370	2026-09-05T01:29:49.120591474Z	/tmp/prysm-r2-extra-logs.Rd7MjT/round2-prysm-geth-91.tar.gz::beacon.log:370
91	4	beacon.log	INFO	slots	11s until chain genesis	1	2026-09-05T01:29:48.120718723Z	/tmp/prysm-r2-extra-logs.Rd7MjT/round2-prysm-geth-91.tar.gz::beacon.log:369	2026-09-05T01:29:48.120718723Z	/tmp/prysm-r2-extra-logs.Rd7MjT/round2-prysm-geth-91.tar.gz::beacon.log:369
91	4	beacon.log	INFO	slots	1s until chain genesis	1	2026-09-05T01:29:58.121067992Z	/tmp/prysm-r2-extra-logs.Rd7MjT/round2-prysm-geth-91.tar.gz::beacon.log:379	2026-09-05T01:29:58.121067992Z	/tmp/prysm-r2-extra-logs.Rd7MjT/round2-prysm-geth-91.tar.gz::beacon.log:379
91	4	beacon.log	INFO	slots	2s until chain genesis	1	2026-09-05T01:29:57.120091787Z	/tmp/prysm-r2-extra-logs.Rd7MjT/round2-prysm-geth-91.tar.gz::beacon.log:378	2026-09-05T01:29:57.120091787Z	/tmp/prysm-r2-extra-logs.Rd7MjT/round2-prysm-geth-91.tar.gz::beacon.log:378
91	4	beacon.log	INFO	slots	3s until chain genesis	1	2026-09-05T01:29:56.120059781Z	/tmp/prysm-r2-extra-logs.Rd7MjT/round2-prysm-geth-91.tar.gz::beacon.log:377	2026-09-05T01:29:56.120059781Z	/tmp/prysm-r2-extra-logs.Rd7MjT/round2-prysm-geth-91.tar.gz::beacon.log:377
91	4	beacon.log	INFO	slots	4s until chain genesis	1	2026-09-05T01:29:55.121095160Z	/tmp/prysm-r2-extra-logs.Rd7MjT/round2-prysm-geth-91.tar.gz::beacon.log:376	2026-09-05T01:29:55.121095160Z	/tmp/prysm-r2-extra-logs.Rd7MjT/round2-prysm-geth-91.tar.gz::beacon.log:376
91	4	beacon.log	INFO	slots	5s until chain genesis	1	2026-09-05T01:29:54.120789451Z	/tmp/prysm-r2-extra-logs.Rd7MjT/round2-prysm-geth-91.tar.gz::beacon.log:375	2026-09-05T01:29:54.120789451Z	/tmp/prysm-r2-extra-logs.Rd7MjT/round2-prysm-geth-91.tar.gz::beacon.log:375
91	4	beacon.log	INFO	slots	6s until chain genesis	1	2026-09-05T01:29:53.120723095Z	/tmp/prysm-r2-extra-logs.Rd7MjT/round2-prysm-geth-91.tar.gz::beacon.log:374	2026-09-05T01:29:53.120723095Z	/tmp/prysm-r2-extra-logs.Rd7MjT/round2-prysm-geth-91.tar.gz::beacon.log:374
91	4	beacon.log	INFO	slots	7s until chain genesis	1	2026-09-05T01:29:52.120573443Z	/tmp/prysm-r2-extra-logs.Rd7MjT/round2-prysm-geth-91.tar.gz::beacon.log:373	2026-09-05T01:29:52.120573443Z	/tmp/prysm-r2-extra-logs.Rd7MjT/round2-prysm-geth-91.tar.gz::beacon.log:373
91	4	beacon.log	INFO	slots	8s until chain genesis	1	2026-09-05T01:29:51.120018473Z	/tmp/prysm-r2-extra-logs.Rd7MjT/round2-prysm-geth-91.tar.gz::beacon.log:372	2026-09-05T01:29:51.120018473Z	/tmp/prysm-r2-extra-logs.Rd7MjT/round2-prysm-geth-91.tar.gz::beacon.log:372
91	4	beacon.log	INFO	slots	9s until chain genesis	1	2026-09-05T01:29:50.121147651Z	/tmp/prysm-r2-extra-logs.Rd7MjT/round2-prysm-geth-91.tar.gz::beacon.log:371	2026-09-05T01:29:50.121147651Z	/tmp/prysm-r2-extra-logs.Rd7MjT/round2-prysm-geth-91.tar.gz::beacon.log:371
91	4	beacon.log	INFO	slots	Chain genesis time reached	1	2026-09-05T01:30:00.132701849Z	/tmp/prysm-r2-extra-logs.Rd7MjT/round2-prysm-geth-91.tar.gz::beacon.log:482	2026-09-05T01:30:00.132701849Z	/tmp/prysm-r2-extra-logs.Rd7MjT/round2-prysm-geth-91.tar.gz::beacon.log:482
91	4	beacon.log	INFO	blockchain	Chain reorg occurred	3	2026-09-05T01:30:12.001800791Z	/tmp/prysm-r2-extra-logs.Rd7MjT/round2-prysm-geth-91.tar.gz::beacon.log:532	2026-09-05T01:33:46.211261395Z	/tmp/prysm-r2-extra-logs.Rd7MjT/round2-prysm-geth-91.tar.gz::beacon.log:565
91	4	beacon.log	INFO	p2p	Connected peers	4	2026-09-05T01:30:20.157417262Z	/tmp/prysm-r2-extra-logs.Rd7MjT/round2-prysm-geth-91.tar.gz::beacon.log:534	2026-09-05T01:33:20.225981542Z	/tmp/prysm-r2-extra-logs.Rd7MjT/round2-prysm-geth-91.tar.gz::beacon.log:555
91	4	beacon.log	INFO	blockchain	Finished applying state transition	4	2026-09-05T01:33:06.468562710Z	/tmp/prysm-r2-extra-logs.Rd7MjT/round2-prysm-geth-91.tar.gz::beacon.log:553	2026-09-05T01:33:54.939582745Z	/tmp/prysm-r2-extra-logs.Rd7MjT/round2-prysm-geth-91.tar.gz::beacon.log:567
91	4	beacon.log	INFO	blockchain	Forkchoice updated with payload attributes for proposal	1	2026-09-05T01:30:46.014511947Z	/tmp/prysm-r2-extra-logs.Rd7MjT/round2-prysm-geth-91.tar.gz::beacon.log:538	2026-09-05T01:30:46.014511947Z	/tmp/prysm-r2-extra-logs.Rd7MjT/round2-prysm-geth-91.tar.gz::beacon.log:538
91	4	beacon.log	INFO	sync	Skipping pending block already being processed	1	2026-09-05T01:33:04.139828593Z	/tmp/prysm-r2-extra-logs.Rd7MjT/round2-prysm-geth-91.tar.gz::beacon.log:551	2026-09-05T01:33:04.139828593Z	/tmp/prysm-r2-extra-logs.Rd7MjT/round2-prysm-geth-91.tar.gz::beacon.log:551
91	4	beacon.log	INFO	sync	Subscribed to	149	2026-09-05T01:30:00.004436538Z	/tmp/prysm-r2-extra-logs.Rd7MjT/round2-prysm-geth-91.tar.gz::beacon.log:382	2026-09-05T01:30:00.169496983Z	/tmp/prysm-r2-extra-logs.Rd7MjT/round2-prysm-geth-91.tar.gz::beacon.log:531
91	4	beacon.log	INFO	blockchain	Synced execution payload envelope	6	2026-09-05T01:33:08.161382412Z	/tmp/prysm-r2-extra-logs.Rd7MjT/round2-prysm-geth-91.tar.gz::beacon.log:554	2026-09-05T01:33:56.940607587Z	/tmp/prysm-r2-extra-logs.Rd7MjT/round2-prysm-geth-91.tar.gz::beacon.log:568
91	4	beacon.log	INFO	blockchain	Synced new block	4	2026-09-05T01:33:06.468403699Z	/tmp/prysm-r2-extra-logs.Rd7MjT/round2-prysm-geth-91.tar.gz::beacon.log:552	2026-09-05T01:33:54.939496724Z	/tmp/prysm-r2-extra-logs.Rd7MjT/round2-prysm-geth-91.tar.gz::beacon.log:566
91	4	beacon.log	INFO	p2p	Updating ENR Fork ID	1	2026-09-05T01:30:00.004396125Z	/tmp/prysm-r2-extra-logs.Rd7MjT/round2-prysm-geth-91.tar.gz::beacon.log:381	2026-09-05T01:30:00.004396125Z	/tmp/prysm-r2-extra-logs.Rd7MjT/round2-prysm-geth-91.tar.gz::beacon.log:381
91	4	execution.log	INFO	geth	Chain head was updated	3	2026-09-05T01:33:08.161545552Z	/tmp/prysm-r2-extra-logs.Rd7MjT/round2-prysm-geth-91.tar.gz::execution.log:89	2026-09-05T01:33:46.252436041Z	/tmp/prysm-r2-extra-logs.Rd7MjT/round2-prysm-geth-91.tar.gz::execution.log:99
91	4	execution.log	INFO	geth	Imported new potential chain segment	4	2026-09-05T01:33:08.145157165Z	/tmp/prysm-r2-extra-logs.Rd7MjT/round2-prysm-geth-91.tar.gz::execution.log:88	2026-09-05T01:33:56.908226578Z	/tmp/prysm-r2-extra-logs.Rd7MjT/round2-prysm-geth-91.tar.gz::execution.log:101
91	4	execution.log	INFO	geth	Indexed transactions	1	2026-09-05T01:33:08.162235165Z	/tmp/prysm-r2-extra-logs.Rd7MjT/round2-prysm-geth-91.tar.gz::execution.log:91	2026-09-05T01:33:08.162235165Z	/tmp/prysm-r2-extra-logs.Rd7MjT/round2-prysm-geth-91.tar.gz::execution.log:91
91	4	execution.log	INFO	geth	Shorten chain	1	2026-09-05T01:33:46.252255969Z	/tmp/prysm-r2-extra-logs.Rd7MjT/round2-prysm-geth-91.tar.gz::execution.log:98	2026-09-05T01:33:46.252255969Z	/tmp/prysm-r2-extra-logs.Rd7MjT/round2-prysm-geth-91.tar.gz::execution.log:98
91	4	execution.log	INFO	geth	Starting work on payload	1	2026-09-05T01:30:44.780408757Z	/tmp/prysm-r2-extra-logs.Rd7MjT/round2-prysm-geth-91.tar.gz::execution.log:84	2026-09-05T01:30:44.780408757Z	/tmp/prysm-r2-extra-logs.Rd7MjT/round2-prysm-geth-91.tar.gz::execution.log:84
91	4	execution.log	INFO	geth	Stopping work on payload	1	2026-09-05T01:30:56.782022652Z	/tmp/prysm-r2-extra-logs.Rd7MjT/round2-prysm-geth-91.tar.gz::execution.log:86	2026-09-05T01:30:56.782022652Z	/tmp/prysm-r2-extra-logs.Rd7MjT/round2-prysm-geth-91.tar.gz::execution.log:86
91	4	execution.log	INFO	geth	Updated payload	1	2026-09-05T01:30:44.780864079Z	/tmp/prysm-r2-extra-logs.Rd7MjT/round2-prysm-geth-91.tar.gz::execution.log:85	2026-09-05T01:30:44.780864079Z	/tmp/prysm-r2-extra-logs.Rd7MjT/round2-prysm-geth-91.tar.gz::execution.log:85
91	4	execution.log	WARN	geth	Beacon client online, but no consensus updates received in a while. Please fix your beacon client to follow the chain!	1	2026-09-05T01:32:46.553075560Z	/tmp/prysm-r2-extra-logs.Rd7MjT/round2-prysm-geth-91.tar.gz::execution.log:87	2026-09-05T01:32:46.553075560Z	/tmp/prysm-r2-extra-logs.Rd7MjT/round2-prysm-geth-91.tar.gz::execution.log:87
91	4	execution.log	WARN	geth	Ignoring already known beacon payload	2	2026-09-05T01:33:30.233282741Z	/tmp/prysm-r2-extra-logs.Rd7MjT/round2-prysm-geth-91.tar.gz::execution.log:93	2026-09-05T01:33:32.744792695Z	/tmp/prysm-r2-extra-logs.Rd7MjT/round2-prysm-geth-91.tar.gz::execution.log:97
91	4	execution.log	WARN	geth	Nil finalized block cannot evict old blobs	3	2026-09-05T01:33:08.161868303Z	/tmp/prysm-r2-extra-logs.Rd7MjT/round2-prysm-geth-91.tar.gz::execution.log:90	2026-09-05T01:33:46.253031153Z	/tmp/prysm-r2-extra-logs.Rd7MjT/round2-prysm-geth-91.tar.gz::execution.log:100
91	4	snooper-engine.log	INFO	proxy	REQUEST #711: POST /	1	2026-09-05T01:29:59.727810432Z	/tmp/prysm-r2-extra-logs.Rd7MjT/round2-prysm-geth-91.tar.gz::snooper-engine.log:31676	2026-09-05T01:29:59.727810432Z	/tmp/prysm-r2-extra-logs.Rd7MjT/round2-prysm-geth-91.tar.gz::snooper-engine.log:31676
91	4	snooper-engine.log	INFO	proxy	REQUEST #713: POST /	1	2026-09-05T01:30:13.751692123Z	/tmp/prysm-r2-extra-logs.Rd7MjT/round2-prysm-geth-91.tar.gz::snooper-engine.log:31752	2026-09-05T01:30:13.751692123Z	/tmp/prysm-r2-extra-logs.Rd7MjT/round2-prysm-geth-91.tar.gz::snooper-engine.log:31752
91	4	snooper-engine.log	INFO	proxy	REQUEST #714: POST /	1	2026-09-05T01:30:27.737020951Z	/tmp/prysm-r2-extra-logs.Rd7MjT/round2-prysm-geth-91.tar.gz::snooper-engine.log:31799	2026-09-05T01:30:27.737020951Z	/tmp/prysm-r2-extra-logs.Rd7MjT/round2-prysm-geth-91.tar.gz::snooper-engine.log:31799
91	4	snooper-engine.log	INFO	proxy	REQUEST #716: POST /	1	2026-09-05T01:30:41.748747495Z	/tmp/prysm-r2-extra-logs.Rd7MjT/round2-prysm-geth-91.tar.gz::snooper-engine.log:31876	2026-09-05T01:30:41.748747495Z	/tmp/prysm-r2-extra-logs.Rd7MjT/round2-prysm-geth-91.tar.gz::snooper-engine.log:31876
91	4	snooper-engine.log	INFO	proxy	REQUEST #718: POST /	1	2026-09-05T01:30:55.729968097Z	/tmp/prysm-r2-extra-logs.Rd7MjT/round2-prysm-geth-91.tar.gz::snooper-engine.log:31960	2026-09-05T01:30:55.729968097Z	/tmp/prysm-r2-extra-logs.Rd7MjT/round2-prysm-geth-91.tar.gz::snooper-engine.log:31960
91	4	snooper-engine.log	INFO	proxy	REQUEST #719: POST /	1	2026-09-05T01:31:09.732993563Z	/tmp/prysm-r2-extra-logs.Rd7MjT/round2-prysm-geth-91.tar.gz::snooper-engine.log:32007	2026-09-05T01:31:09.732993563Z	/tmp/prysm-r2-extra-logs.Rd7MjT/round2-prysm-geth-91.tar.gz::snooper-engine.log:32007
91	4	snooper-engine.log	INFO	proxy	REQUEST #720: POST /	1	2026-09-05T01:31:23.745667614Z	/tmp/prysm-r2-extra-logs.Rd7MjT/round2-prysm-geth-91.tar.gz::snooper-engine.log:32054	2026-09-05T01:31:23.745667614Z	/tmp/prysm-r2-extra-logs.Rd7MjT/round2-prysm-geth-91.tar.gz::snooper-engine.log:32054
91	4	snooper-engine.log	INFO	proxy	REQUEST #722: POST /	1	2026-09-05T01:31:37.730342241Z	/tmp/prysm-r2-extra-logs.Rd7MjT/round2-prysm-geth-91.tar.gz::snooper-engine.log:32131	2026-09-05T01:31:37.730342241Z	/tmp/prysm-r2-extra-logs.Rd7MjT/round2-prysm-geth-91.tar.gz::snooper-engine.log:32131
91	4	snooper-engine.log	INFO	proxy	REQUEST #723: POST /	1	2026-09-05T01:31:51.744475291Z	/tmp/prysm-r2-extra-logs.Rd7MjT/round2-prysm-geth-91.tar.gz::snooper-engine.log:32178	2026-09-05T01:31:51.744475291Z	/tmp/prysm-r2-extra-logs.Rd7MjT/round2-prysm-geth-91.tar.gz::snooper-engine.log:32178
91	4	snooper-engine.log	INFO	proxy	REQUEST #724: POST /	1	2026-09-05T01:32:05.741001517Z	/tmp/prysm-r2-extra-logs.Rd7MjT/round2-prysm-geth-91.tar.gz::snooper-engine.log:32225	2026-09-05T01:32:05.741001517Z	/tmp/prysm-r2-extra-logs.Rd7MjT/round2-prysm-geth-91.tar.gz::snooper-engine.log:32225
91	4	snooper-engine.log	INFO	proxy	REQUEST #725: POST /	1	2026-09-05T01:32:20.820721172Z	/tmp/prysm-r2-extra-logs.Rd7MjT/round2-prysm-geth-91.tar.gz::snooper-engine.log:32272	2026-09-05T01:32:20.820721172Z	/tmp/prysm-r2-extra-logs.Rd7MjT/round2-prysm-geth-91.tar.gz::snooper-engine.log:32272
91	4	snooper-engine.log	INFO	proxy	REQUEST #726: POST /	1	2026-09-05T01:32:33.737609468Z	/tmp/prysm-r2-extra-logs.Rd7MjT/round2-prysm-geth-91.tar.gz::snooper-engine.log:32319	2026-09-05T01:32:33.737609468Z	/tmp/prysm-r2-extra-logs.Rd7MjT/round2-prysm-geth-91.tar.gz::snooper-engine.log:32319
91	4	snooper-engine.log	INFO	proxy	REQUEST #727: POST /	1	2026-09-05T01:32:47.731130658Z	/tmp/prysm-r2-extra-logs.Rd7MjT/round2-prysm-geth-91.tar.gz::snooper-engine.log:32367	2026-09-05T01:32:47.731130658Z	/tmp/prysm-r2-extra-logs.Rd7MjT/round2-prysm-geth-91.tar.gz::snooper-engine.log:32367
91	4	snooper-engine.log	INFO	proxy	REQUEST #728: POST /	1	2026-09-05T01:33:01.770496324Z	/tmp/prysm-r2-extra-logs.Rd7MjT/round2-prysm-geth-91.tar.gz::snooper-engine.log:32414	2026-09-05T01:33:01.770496324Z	/tmp/prysm-r2-extra-logs.Rd7MjT/round2-prysm-geth-91.tar.gz::snooper-engine.log:32414
91	4	snooper-engine.log	INFO	proxy	REQUEST #732: POST /	1	2026-09-05T01:33:16.248967662Z	/tmp/prysm-r2-extra-logs.Rd7MjT/round2-prysm-geth-91.tar.gz::snooper-engine.log:32563	2026-09-05T01:33:16.248967662Z	/tmp/prysm-r2-extra-logs.Rd7MjT/round2-prysm-geth-91.tar.gz::snooper-engine.log:32563
91	4	snooper-engine.log	INFO	proxy	REQUEST #733: POST /	1	2026-09-05T01:33:16.253127339Z	/tmp/prysm-r2-extra-logs.Rd7MjT/round2-prysm-geth-91.tar.gz::snooper-engine.log:32610	2026-09-05T01:33:16.253127339Z	/tmp/prysm-r2-extra-logs.Rd7MjT/round2-prysm-geth-91.tar.gz::snooper-engine.log:32610
91	4	snooper-engine.log	INFO	proxy	REQUEST #734: POST /	1	2026-09-05T01:33:16.257190612Z	/tmp/prysm-r2-extra-logs.Rd7MjT/round2-prysm-geth-91.tar.gz::snooper-engine.log:32657	2026-09-05T01:33:16.257190612Z	/tmp/prysm-r2-extra-logs.Rd7MjT/round2-prysm-geth-91.tar.gz::snooper-engine.log:32657
91	4	snooper-engine.log	INFO	proxy	REQUEST #736: POST /	1	2026-09-05T01:33:29.736941835Z	/tmp/prysm-r2-extra-logs.Rd7MjT/round2-prysm-geth-91.tar.gz::snooper-engine.log:32724	2026-09-05T01:33:29.736941835Z	/tmp/prysm-r2-extra-logs.Rd7MjT/round2-prysm-geth-91.tar.gz::snooper-engine.log:32724
91	4	snooper-engine.log	INFO	proxy	REQUEST #742: POST /	1	2026-09-05T01:33:43.737644697Z	/tmp/prysm-r2-extra-logs.Rd7MjT/round2-prysm-geth-91.tar.gz::snooper-engine.log:32963	2026-09-05T01:33:43.737644697Z	/tmp/prysm-r2-extra-logs.Rd7MjT/round2-prysm-geth-91.tar.gz::snooper-engine.log:32963
91	4	snooper-engine.log	INFO	proxy	REQUEST #743: POST /	1	2026-09-05T01:33:44.090524700Z	/tmp/prysm-r2-extra-logs.Rd7MjT/round2-prysm-geth-91.tar.gz::snooper-engine.log:33010	2026-09-05T01:33:44.090524700Z	/tmp/prysm-r2-extra-logs.Rd7MjT/round2-prysm-geth-91.tar.gz::snooper-engine.log:33010
91	4	snooper-engine.log	INFO	proxy	REQUEST #744: POST /	1	2026-09-05T01:33:44.248054009Z	/tmp/prysm-r2-extra-logs.Rd7MjT/round2-prysm-geth-91.tar.gz::snooper-engine.log:33057	2026-09-05T01:33:44.248054009Z	/tmp/prysm-r2-extra-logs.Rd7MjT/round2-prysm-geth-91.tar.gz::snooper-engine.log:33057
91	4	snooper-engine.log	INFO	proxy	REQUEST #747: POST /	1	2026-09-05T01:33:57.729394371Z	/tmp/prysm-r2-extra-logs.Rd7MjT/round2-prysm-geth-91.tar.gz::snooper-engine.log:33153	2026-09-05T01:33:57.729394371Z	/tmp/prysm-r2-extra-logs.Rd7MjT/round2-prysm-geth-91.tar.gz::snooper-engine.log:33153
91	4	snooper-engine.log	INFO	proxy	REQUEST engine_forkchoiceUpdatedV4	7	2026-09-05T01:30:12.007313774Z	/tmp/prysm-r2-extra-logs.Rd7MjT/round2-prysm-geth-91.tar.gz::snooper-engine.log:31723	2026-09-05T01:33:46.253614393Z	/tmp/prysm-r2-extra-logs.Rd7MjT/round2-prysm-geth-91.tar.gz::snooper-engine.log:33080
91	4	snooper-engine.log	INFO	proxy	REQUEST engine_getClientVersionV1	3	2026-09-05T01:29:59.156404352Z	/tmp/prysm-r2-extra-logs.Rd7MjT/round2-prysm-geth-91.tar.gz::snooper-engine.log:31647	2026-09-05T01:33:11.162153188Z	/tmp/prysm-r2-extra-logs.Rd7MjT/round2-prysm-geth-91.tar.gz::snooper-engine.log:32534
91	4	snooper-engine.log	INFO	proxy	REQUEST engine_newPayloadV5	6	2026-09-05T01:33:08.141926342Z	/tmp/prysm-r2-extra-logs.Rd7MjT/round2-prysm-geth-91.tar.gz::snooper-engine.log:32461	2026-09-05T01:33:56.907290347Z	/tmp/prysm-r2-extra-logs.Rd7MjT/round2-prysm-geth-91.tar.gz::snooper-engine.log:33109
91	4	snooper-engine.log	INFO	proxy	RESPONSE	38	2026-09-05T01:29:59.156599665Z	/tmp/prysm-r2-extra-logs.Rd7MjT/round2-prysm-geth-91.tar.gz::snooper-engine.log:31662	2026-09-05T01:33:57.733630174Z	/tmp/prysm-r2-extra-logs.Rd7MjT/round2-prysm-geth-91.tar.gz::snooper-engine.log:33164
91	4	snooper-engine.log	INFO	proxy	fetched execution metadata	4	2026-09-05T01:30:34.750385978Z	/tmp/prysm-r2-extra-logs.Rd7MjT/round2-prysm-geth-91.tar.gz::snooper-engine.log:31846	2026-09-05T01:33:34.749320540Z	/tmp/prysm-r2-extra-logs.Rd7MjT/round2-prysm-geth-91.tar.gz::snooper-engine.log:32961
91	4	validator.log	ERROR	client	Could not check if any validator is a sync committee aggregator	10	2026-09-05T01:30:36.001453531Z	/tmp/prysm-r2-extra-logs.Rd7MjT/round2-prysm-geth-91.tar.gz::validator.log:694	2026-09-05T01:32:36.000530172Z	/tmp/prysm-r2-extra-logs.Rd7MjT/round2-prysm-geth-91.tar.gz::validator.log:1517
91	4	validator.log	ERROR	client	Could not request attestation to sign at slot	790	2026-09-05T01:30:36.003021031Z	/tmp/prysm-r2-extra-logs.Rd7MjT/round2-prysm-geth-91.tar.gz::validator.log:695	2026-09-05T01:32:36.014611259Z	/tmp/prysm-r2-extra-logs.Rd7MjT/round2-prysm-geth-91.tar.gz::validator.log:1607
91	4	validator.log	ERROR	client	Could not request payload attestation data	29	2026-09-05T01:30:24.003193935Z	/tmp/prysm-r2-extra-logs.Rd7MjT/round2-prysm-geth-91.tar.gz::validator.log:687	2026-09-05T01:32:36.006860587Z	/tmp/prysm-r2-extra-logs.Rd7MjT/round2-prysm-geth-91.tar.gz::validator.log:1545
91	4	validator.log	ERROR	client	Could not request sync message block root to sign	40	2026-09-05T01:30:36.003220591Z	/tmp/prysm-r2-extra-logs.Rd7MjT/round2-prysm-geth-91.tar.gz::validator.log:696	2026-09-05T01:32:36.006856187Z	/tmp/prysm-r2-extra-logs.Rd7MjT/round2-prysm-geth-91.tar.gz::validator.log:1544
91	4	validator.log	ERROR	client	Could not sign contribution and proof	1	2026-09-05T01:31:48.004090994Z	/tmp/prysm-r2-extra-logs.Rd7MjT/round2-prysm-geth-91.tar.gz::validator.log:1188	2026-09-05T01:31:48.004090994Z	/tmp/prysm-r2-extra-logs.Rd7MjT/round2-prysm-geth-91.tar.gz::validator.log:1188
91	4	validator.log	ERROR	client	Could not submit aggregate selection proof to beacon node	24	2026-09-05T01:30:24.003229860Z	/tmp/prysm-r2-extra-logs.Rd7MjT/round2-prysm-geth-91.tar.gz::validator.log:688	2026-09-05T01:32:36.012897551Z	/tmp/prysm-r2-extra-logs.Rd7MjT/round2-prysm-geth-91.tar.gz::validator.log:1584
91	4	validator.log	ERROR	client	Could not submit attestation to beacon node	1	2026-09-05T01:30:24.003237507Z	/tmp/prysm-r2-extra-logs.Rd7MjT/round2-prysm-geth-91.tar.gz::validator.log:689	2026-09-05T01:30:24.003237507Z	/tmp/prysm-r2-extra-logs.Rd7MjT/round2-prysm-geth-91.tar.gz::validator.log:689
91	4	validator.log	ERROR	client	Failed to sign randao reveal	1	2026-09-05T01:31:00.003910654Z	/tmp/prysm-r2-extra-logs.Rd7MjT/round2-prysm-geth-91.tar.gz::validator.log:839	2026-09-05T01:31:00.003910654Z	/tmp/prysm-r2-extra-logs.Rd7MjT/round2-prysm-geth-91.tar.gz::validator.log:839
91	4	validator.log	INFO	client	Duties schedule	32	2026-09-05T01:30:03.576672426Z	/tmp/prysm-r2-extra-logs.Rd7MjT/round2-prysm-geth-91.tar.gz::validator.log:650	2026-09-05T01:30:03.603033090Z	/tmp/prysm-r2-extra-logs.Rd7MjT/round2-prysm-geth-91.tar.gz::validator.log:681
91	4	validator.log	INFO	client	Schedule for epoch 0	1	2026-09-05T01:30:03.574739552Z	/tmp/prysm-r2-extra-logs.Rd7MjT/round2-prysm-geth-91.tar.gz::validator.log:649	2026-09-05T01:30:03.574739552Z	/tmp/prysm-r2-extra-logs.Rd7MjT/round2-prysm-geth-91.tar.gz::validator.log:649
91	4	validator.log	INFO	client	Skipping payload attestation: no block for slot	14	2026-09-05T01:32:45.218779372Z	/tmp/prysm-r2-extra-logs.Rd7MjT/round2-prysm-geth-91.tar.gz::validator.log:1610	2026-09-05T01:33:57.012055703Z	/tmp/prysm-r2-extra-logs.Rd7MjT/round2-prysm-geth-91.tar.gz::validator.log:1644
91	4	validator.log	INFO	client	Submitted new aggregate attestations	4	2026-09-05T01:30:09.014316484Z	/tmp/prysm-r2-extra-logs.Rd7MjT/round2-prysm-geth-91.tar.gz::validator.log:683	2026-09-05T01:33:45.253421085Z	/tmp/prysm-r2-extra-logs.Rd7MjT/round2-prysm-geth-91.tar.gz::validator.log:1639
91	4	validator.log	INFO	client	Submitted new attestations	9	2026-09-05T01:30:09.014229698Z	/tmp/prysm-r2-extra-logs.Rd7MjT/round2-prysm-geth-91.tar.gz::validator.log:682	2026-09-05T01:33:57.012280733Z	/tmp/prysm-r2-extra-logs.Rd7MjT/round2-prysm-geth-91.tar.gz::validator.log:1645
91	4	validator.log	INFO	client	Submitted payload attestations	3	2026-09-05T01:30:09.014323561Z	/tmp/prysm-r2-extra-logs.Rd7MjT/round2-prysm-geth-91.tar.gz::validator.log:684	2026-09-05T01:33:34.120409392Z	/tmp/prysm-r2-extra-logs.Rd7MjT/round2-prysm-geth-91.tar.gz::validator.log:1635
91	4	validator.log	INFO	client	Submitted sync committee contributions and proofs	3	2026-09-05T01:30:09.014333719Z	/tmp/prysm-r2-extra-logs.Rd7MjT/round2-prysm-geth-91.tar.gz::validator.log:686	2026-09-05T01:33:45.253554093Z	/tmp/prysm-r2-extra-logs.Rd7MjT/round2-prysm-geth-91.tar.gz::validator.log:1641
91	4	validator.log	INFO	client	Submitted sync committee messages	10	2026-09-05T01:30:09.014328877Z	/tmp/prysm-r2-extra-logs.Rd7MjT/round2-prysm-geth-91.tar.gz::validator.log:685	2026-09-05T01:33:57.012321621Z	/tmp/prysm-r2-extra-logs.Rd7MjT/round2-prysm-geth-91.tar.gz::validator.log:1646
91	4	validator.log	WARN	client	Could not get signed attestation data for aggregation	22	2026-09-05T01:30:36.012938064Z	/tmp/prysm-r2-extra-logs.Rd7MjT/round2-prysm-geth-91.tar.gz::validator.log:735	2026-09-05T01:32:36.012893434Z	/tmp/prysm-r2-extra-logs.Rd7MjT/round2-prysm-geth-91.tar.gz::validator.log:1583
91	4	validator.log	WARN	client	No attestations to aggregate	4	2026-09-05T01:32:45.218637569Z	/tmp/prysm-r2-extra-logs.Rd7MjT/round2-prysm-geth-91.tar.gz::validator.log:1608	2026-09-05T01:32:58.574752213Z	/tmp/prysm-r2-extra-logs.Rd7MjT/round2-prysm-geth-91.tar.gz::validator.log:1619
107	9	beacon.log	ERROR	execution	Beacon node is not respecting the follow distance. EL client is syncing.	15	2026-09-05T01:30:01.691508447Z	/tmp/prysm-r2-extra-logs.Rd7MjT/round2-prysm-geth-107.tar.gz::beacon.log:516	2026-09-05T01:33:32.287238801Z	/tmp/prysm-r2-extra-logs.Rd7MjT/round2-prysm-geth-107.tar.gz::beacon.log:551
107	9	beacon.log	ERROR	rpc/validator	Could not build block	1	2026-09-05T01:31:55.638559131Z	/tmp/prysm-r2-extra-logs.Rd7MjT/round2-prysm-geth-107.tar.gz::beacon.log:534	2026-09-05T01:31:55.638559131Z	/tmp/prysm-r2-extra-logs.Rd7MjT/round2-prysm-geth-107.tar.gz::beacon.log:534
107	9	beacon.log	ERROR	rpc/validator	Could not pack deposits and attestations	1	2026-09-05T01:32:52.528147504Z	/tmp/prysm-r2-extra-logs.Rd7MjT/round2-prysm-geth-107.tar.gz::beacon.log:541	2026-09-05T01:32:52.528147504Z	/tmp/prysm-r2-extra-logs.Rd7MjT/round2-prysm-geth-107.tar.gz::beacon.log:541
107	9	beacon.log	ERROR	rpc/core	Forkchoice head root does not match head root	1	2026-09-05T01:33:48.659592856Z	/tmp/prysm-r2-extra-logs.Rd7MjT/round2-prysm-geth-107.tar.gz::beacon.log:562	2026-09-05T01:33:48.659592856Z	/tmp/prysm-r2-extra-logs.Rd7MjT/round2-prysm-geth-107.tar.gz::beacon.log:562
107	9	beacon.log	INFO	slots	10s until chain genesis	1	2026-09-05T01:29:49.125574406Z	/tmp/prysm-r2-extra-logs.Rd7MjT/round2-prysm-geth-107.tar.gz::beacon.log:355	2026-09-05T01:29:49.125574406Z	/tmp/prysm-r2-extra-logs.Rd7MjT/round2-prysm-geth-107.tar.gz::beacon.log:355
107	9	beacon.log	INFO	slots	11s until chain genesis	1	2026-09-05T01:29:48.125477479Z	/tmp/prysm-r2-extra-logs.Rd7MjT/round2-prysm-geth-107.tar.gz::beacon.log:354	2026-09-05T01:29:48.125477479Z	/tmp/prysm-r2-extra-logs.Rd7MjT/round2-prysm-geth-107.tar.gz::beacon.log:354
107	9	beacon.log	INFO	slots	1s until chain genesis	1	2026-09-05T01:29:58.125541132Z	/tmp/prysm-r2-extra-logs.Rd7MjT/round2-prysm-geth-107.tar.gz::beacon.log:364	2026-09-05T01:29:58.125541132Z	/tmp/prysm-r2-extra-logs.Rd7MjT/round2-prysm-geth-107.tar.gz::beacon.log:364
107	9	beacon.log	INFO	slots	2s until chain genesis	1	2026-09-05T01:29:57.125922240Z	/tmp/prysm-r2-extra-logs.Rd7MjT/round2-prysm-geth-107.tar.gz::beacon.log:363	2026-09-05T01:29:57.125922240Z	/tmp/prysm-r2-extra-logs.Rd7MjT/round2-prysm-geth-107.tar.gz::beacon.log:363
107	9	beacon.log	INFO	slots	3s until chain genesis	1	2026-09-05T01:29:56.126204479Z	/tmp/prysm-r2-extra-logs.Rd7MjT/round2-prysm-geth-107.tar.gz::beacon.log:362	2026-09-05T01:29:56.126204479Z	/tmp/prysm-r2-extra-logs.Rd7MjT/round2-prysm-geth-107.tar.gz::beacon.log:362
107	9	beacon.log	INFO	slots	4s until chain genesis	1	2026-09-05T01:29:55.126024044Z	/tmp/prysm-r2-extra-logs.Rd7MjT/round2-prysm-geth-107.tar.gz::beacon.log:361	2026-09-05T01:29:55.126024044Z	/tmp/prysm-r2-extra-logs.Rd7MjT/round2-prysm-geth-107.tar.gz::beacon.log:361
107	9	beacon.log	INFO	slots	5s until chain genesis	1	2026-09-05T01:29:54.126276423Z	/tmp/prysm-r2-extra-logs.Rd7MjT/round2-prysm-geth-107.tar.gz::beacon.log:360	2026-09-05T01:29:54.126276423Z	/tmp/prysm-r2-extra-logs.Rd7MjT/round2-prysm-geth-107.tar.gz::beacon.log:360
107	9	beacon.log	INFO	slots	6s until chain genesis	1	2026-09-05T01:29:53.125982486Z	/tmp/prysm-r2-extra-logs.Rd7MjT/round2-prysm-geth-107.tar.gz::beacon.log:359	2026-09-05T01:29:53.125982486Z	/tmp/prysm-r2-extra-logs.Rd7MjT/round2-prysm-geth-107.tar.gz::beacon.log:359
107	9	beacon.log	INFO	slots	7s until chain genesis	1	2026-09-05T01:29:52.125627997Z	/tmp/prysm-r2-extra-logs.Rd7MjT/round2-prysm-geth-107.tar.gz::beacon.log:358	2026-09-05T01:29:52.125627997Z	/tmp/prysm-r2-extra-logs.Rd7MjT/round2-prysm-geth-107.tar.gz::beacon.log:358
107	9	beacon.log	INFO	slots	8s until chain genesis	1	2026-09-05T01:29:51.125888966Z	/tmp/prysm-r2-extra-logs.Rd7MjT/round2-prysm-geth-107.tar.gz::beacon.log:357	2026-09-05T01:29:51.125888966Z	/tmp/prysm-r2-extra-logs.Rd7MjT/round2-prysm-geth-107.tar.gz::beacon.log:357
107	9	beacon.log	INFO	slots	9s until chain genesis	1	2026-09-05T01:29:50.125526265Z	/tmp/prysm-r2-extra-logs.Rd7MjT/round2-prysm-geth-107.tar.gz::beacon.log:356	2026-09-05T01:29:50.125526265Z	/tmp/prysm-r2-extra-logs.Rd7MjT/round2-prysm-geth-107.tar.gz::beacon.log:356
107	9	beacon.log	INFO	rpc/validator	Building block	1	2026-09-05T01:31:53.983282724Z	/tmp/prysm-r2-extra-logs.Rd7MjT/round2-prysm-geth-107.tar.gz::beacon.log:531	2026-09-05T01:31:53.983282724Z	/tmp/prysm-r2-extra-logs.Rd7MjT/round2-prysm-geth-107.tar.gz::beacon.log:531
107	9	beacon.log	INFO	slots	Chain genesis time reached	1	2026-09-05T01:30:00.125647242Z	/tmp/prysm-r2-extra-logs.Rd7MjT/round2-prysm-geth-107.tar.gz::beacon.log:460	2026-09-05T01:30:00.125647242Z	/tmp/prysm-r2-extra-logs.Rd7MjT/round2-prysm-geth-107.tar.gz::beacon.log:460
107	9	beacon.log	INFO	blockchain	Chain reorg occurred	6	2026-09-05T01:30:12.001233076Z	/tmp/prysm-r2-extra-logs.Rd7MjT/round2-prysm-geth-107.tar.gz::beacon.log:517	2026-09-05T01:33:58.061714885Z	/tmp/prysm-r2-extra-logs.Rd7MjT/round2-prysm-geth-107.tar.gz::beacon.log:564
107	9	beacon.log	INFO	p2p	Connected peers	4	2026-09-05T01:30:40.151604016Z	/tmp/prysm-r2-extra-logs.Rd7MjT/round2-prysm-geth-107.tar.gz::beacon.log:522	2026-09-05T01:33:40.147659696Z	/tmp/prysm-r2-extra-logs.Rd7MjT/round2-prysm-geth-107.tar.gz::beacon.log:557
107	9	beacon.log	INFO	blockchain	Finished applying state transition	4	2026-09-05T01:33:06.712395349Z	/tmp/prysm-r2-extra-logs.Rd7MjT/round2-prysm-geth-107.tar.gz::beacon.log:544	2026-09-05T01:33:48.651855043Z	/tmp/prysm-r2-extra-logs.Rd7MjT/round2-prysm-geth-107.tar.gz::beacon.log:561
107	9	beacon.log	INFO	blockchain	Forkchoice updated with payload attributes for proposal	1	2026-09-05T01:31:46.010211982Z	/tmp/prysm-r2-extra-logs.Rd7MjT/round2-prysm-geth-107.tar.gz::beacon.log:529	2026-09-05T01:31:46.010211982Z	/tmp/prysm-r2-extra-logs.Rd7MjT/round2-prysm-geth-107.tar.gz::beacon.log:529
107	9	beacon.log	INFO	execution	Graffiti includes client version info appended after user graffiti	1	2026-09-05T01:31:54.108133929Z	/tmp/prysm-r2-extra-logs.Rd7MjT/round2-prysm-geth-107.tar.gz::beacon.log:532	2026-09-05T01:31:54.108133929Z	/tmp/prysm-r2-extra-logs.Rd7MjT/round2-prysm-geth-107.tar.gz::beacon.log:532
107	9	beacon.log	INFO	sync	Skipping pending block already being processed	2	2026-09-05T01:33:32.561805545Z	/tmp/prysm-r2-extra-logs.Rd7MjT/round2-prysm-geth-107.tar.gz::beacon.log:552	2026-09-05T01:33:36.139361237Z	/tmp/prysm-r2-extra-logs.Rd7MjT/round2-prysm-geth-107.tar.gz::beacon.log:553
107	9	beacon.log	INFO	sync	Subscribed to	149	2026-09-05T01:30:00.003427337Z	/tmp/prysm-r2-extra-logs.Rd7MjT/round2-prysm-geth-107.tar.gz::beacon.log:366	2026-09-05T01:30:00.233083209Z	/tmp/prysm-r2-extra-logs.Rd7MjT/round2-prysm-geth-107.tar.gz::beacon.log:515
107	9	beacon.log	INFO	blockchain	Synced execution payload envelope	5	2026-09-05T01:33:10.158572707Z	/tmp/prysm-r2-extra-logs.Rd7MjT/round2-prysm-geth-107.tar.gz::beacon.log:545	2026-09-05T01:33:57.243241288Z	/tmp/prysm-r2-extra-logs.Rd7MjT/round2-prysm-geth-107.tar.gz::beacon.log:563
107	9	beacon.log	INFO	blockchain	Synced new block	4	2026-09-05T01:33:06.712248644Z	/tmp/prysm-r2-extra-logs.Rd7MjT/round2-prysm-geth-107.tar.gz::beacon.log:543	2026-09-05T01:33:48.651389047Z	/tmp/prysm-r2-extra-logs.Rd7MjT/round2-prysm-geth-107.tar.gz::beacon.log:560
107	9	beacon.log	INFO	p2p	Updating ENR Fork ID	1	2026-09-05T01:30:00.000957273Z	/tmp/prysm-r2-extra-logs.Rd7MjT/round2-prysm-geth-107.tar.gz::beacon.log:365	2026-09-05T01:30:00.000957273Z	/tmp/prysm-r2-extra-logs.Rd7MjT/round2-prysm-geth-107.tar.gz::beacon.log:365
107	9	beacon.log	WARN	rpc/validator	Could not get local payload, falling back to P2P bid	1	2026-09-05T01:31:55.638494096Z	/tmp/prysm-r2-extra-logs.Rd7MjT/round2-prysm-geth-107.tar.gz::beacon.log:533	2026-09-05T01:31:55.638494096Z	/tmp/prysm-r2-extra-logs.Rd7MjT/round2-prysm-geth-107.tar.gz::beacon.log:533
107	9	beacon.log	WARN	p2p	Sync Committee Message is too old to broadcast, discarding it	1	2026-09-05T01:30:29.089919264Z	/tmp/prysm-r2-extra-logs.Rd7MjT/round2-prysm-geth-107.tar.gz::beacon.log:520	2026-09-05T01:30:29.089919264Z	/tmp/prysm-r2-extra-logs.Rd7MjT/round2-prysm-geth-107.tar.gz::beacon.log:520
107	9	beacon.log	WARN	rpc/validator	Voting period before genesis + follow distance, using eth1data from head	1	2026-09-05T01:31:56.229969797Z	/tmp/prysm-r2-extra-logs.Rd7MjT/round2-prysm-geth-107.tar.gz::beacon.log:535	2026-09-05T01:31:56.229969797Z	/tmp/prysm-r2-extra-logs.Rd7MjT/round2-prysm-geth-107.tar.gz::beacon.log:535
107	9	execution.log	INFO	geth	Chain head was updated	5	2026-09-05T01:33:10.156127914Z	/tmp/prysm-r2-extra-logs.Rd7MjT/round2-prysm-geth-107.tar.gz::execution.log:91	2026-09-05T01:33:58.066462515Z	/tmp/prysm-r2-extra-logs.Rd7MjT/round2-prysm-geth-107.tar.gz::execution.log:106
107	9	execution.log	INFO	geth	Imported new potential chain segment	4	2026-09-05T01:33:10.145297391Z	/tmp/prysm-r2-extra-logs.Rd7MjT/round2-prysm-geth-107.tar.gz::execution.log:90	2026-09-05T01:33:57.141241997Z	/tmp/prysm-r2-extra-logs.Rd7MjT/round2-prysm-geth-107.tar.gz::execution.log:104
107	9	execution.log	INFO	geth	Indexed transactions	1	2026-09-05T01:33:10.156371739Z	/tmp/prysm-r2-extra-logs.Rd7MjT/round2-prysm-geth-107.tar.gz::execution.log:93	2026-09-05T01:33:10.156371739Z	/tmp/prysm-r2-extra-logs.Rd7MjT/round2-prysm-geth-107.tar.gz::execution.log:93
107	9	execution.log	INFO	geth	Shorten chain	2	2026-09-05T01:33:46.273674105Z	/tmp/prysm-r2-extra-logs.Rd7MjT/round2-prysm-geth-107.tar.gz::execution.log:99	2026-09-05T01:33:58.066362853Z	/tmp/prysm-r2-extra-logs.Rd7MjT/round2-prysm-geth-107.tar.gz::execution.log:105
107	9	execution.log	INFO	geth	Starting work on payload	1	2026-09-05T01:31:44.420993119Z	/tmp/prysm-r2-extra-logs.Rd7MjT/round2-prysm-geth-107.tar.gz::execution.log:87	2026-09-05T01:31:44.420993119Z	/tmp/prysm-r2-extra-logs.Rd7MjT/round2-prysm-geth-107.tar.gz::execution.log:87
107	9	execution.log	INFO	geth	Stopping work on payload	1	2026-09-05T01:31:54.117862851Z	/tmp/prysm-r2-extra-logs.Rd7MjT/round2-prysm-geth-107.tar.gz::execution.log:89	2026-09-05T01:31:54.117862851Z	/tmp/prysm-r2-extra-logs.Rd7MjT/round2-prysm-geth-107.tar.gz::execution.log:89
107	9	execution.log	INFO	geth	Updated payload	1	2026-09-05T01:31:44.435391754Z	/tmp/prysm-r2-extra-logs.Rd7MjT/round2-prysm-geth-107.tar.gz::execution.log:88	2026-09-05T01:31:44.435391754Z	/tmp/prysm-r2-extra-logs.Rd7MjT/round2-prysm-geth-107.tar.gz::execution.log:88
107	9	execution.log	WARN	geth	Ignoring already known beacon payload	1	2026-09-05T01:33:40.777914038Z	/tmp/prysm-r2-extra-logs.Rd7MjT/round2-prysm-geth-107.tar.gz::execution.log:98	2026-09-05T01:33:40.777914038Z	/tmp/prysm-r2-extra-logs.Rd7MjT/round2-prysm-geth-107.tar.gz::execution.log:98
107	9	execution.log	WARN	geth	Nil finalized block cannot evict old blobs	5	2026-09-05T01:33:10.156233975Z	/tmp/prysm-r2-extra-logs.Rd7MjT/round2-prysm-geth-107.tar.gz::execution.log:92	2026-09-05T01:33:58.066696505Z	/tmp/prysm-r2-extra-logs.Rd7MjT/round2-prysm-geth-107.tar.gz::execution.log:107
107	9	snooper-engine.log	INFO	proxy	REQUEST #709: POST /	1	2026-09-05T01:30:01.689681784Z	/tmp/prysm-r2-extra-logs.Rd7MjT/round2-prysm-geth-107.tar.gz::snooper-engine.log:31642	2026-09-05T01:30:01.689681784Z	/tmp/prysm-r2-extra-logs.Rd7MjT/round2-prysm-geth-107.tar.gz::snooper-engine.log:31642
107	9	snooper-engine.log	INFO	proxy	REQUEST #711: POST /	1	2026-09-05T01:30:15.703632819Z	/tmp/prysm-r2-extra-logs.Rd7MjT/round2-prysm-geth-107.tar.gz::snooper-engine.log:31718	2026-09-05T01:30:15.703632819Z	/tmp/prysm-r2-extra-logs.Rd7MjT/round2-prysm-geth-107.tar.gz::snooper-engine.log:31718
107	9	snooper-engine.log	INFO	proxy	REQUEST #713: POST /	1	2026-09-05T01:30:29.698893566Z	/tmp/prysm-r2-extra-logs.Rd7MjT/round2-prysm-geth-107.tar.gz::snooper-engine.log:31794	2026-09-05T01:30:29.698893566Z	/tmp/prysm-r2-extra-logs.Rd7MjT/round2-prysm-geth-107.tar.gz::snooper-engine.log:31794
107	9	snooper-engine.log	INFO	proxy	REQUEST #714: POST /	1	2026-09-05T01:30:43.706279643Z	/tmp/prysm-r2-extra-logs.Rd7MjT/round2-prysm-geth-107.tar.gz::snooper-engine.log:31841	2026-09-05T01:30:43.706279643Z	/tmp/prysm-r2-extra-logs.Rd7MjT/round2-prysm-geth-107.tar.gz::snooper-engine.log:31841
107	9	snooper-engine.log	INFO	proxy	REQUEST #716: POST /	1	2026-09-05T01:30:57.702471558Z	/tmp/prysm-r2-extra-logs.Rd7MjT/round2-prysm-geth-107.tar.gz::snooper-engine.log:31918	2026-09-05T01:30:57.702471558Z	/tmp/prysm-r2-extra-logs.Rd7MjT/round2-prysm-geth-107.tar.gz::snooper-engine.log:31918
107	9	snooper-engine.log	INFO	proxy	REQUEST #717: POST /	1	2026-09-05T01:31:11.700045374Z	/tmp/prysm-r2-extra-logs.Rd7MjT/round2-prysm-geth-107.tar.gz::snooper-engine.log:31965	2026-09-05T01:31:11.700045374Z	/tmp/prysm-r2-extra-logs.Rd7MjT/round2-prysm-geth-107.tar.gz::snooper-engine.log:31965
107	9	snooper-engine.log	INFO	proxy	REQUEST #718: POST /	1	2026-09-05T01:31:25.701413253Z	/tmp/prysm-r2-extra-logs.Rd7MjT/round2-prysm-geth-107.tar.gz::snooper-engine.log:32012	2026-09-05T01:31:25.701413253Z	/tmp/prysm-r2-extra-logs.Rd7MjT/round2-prysm-geth-107.tar.gz::snooper-engine.log:32012
107	9	snooper-engine.log	INFO	proxy	REQUEST #719: POST /	1	2026-09-05T01:31:39.691668572Z	/tmp/prysm-r2-extra-logs.Rd7MjT/round2-prysm-geth-107.tar.gz::snooper-engine.log:32059	2026-09-05T01:31:39.691668572Z	/tmp/prysm-r2-extra-logs.Rd7MjT/round2-prysm-geth-107.tar.gz::snooper-engine.log:32059
107	9	snooper-engine.log	INFO	proxy	REQUEST #721: POST /	1	2026-09-05T01:31:53.702527782Z	/tmp/prysm-r2-extra-logs.Rd7MjT/round2-prysm-geth-107.tar.gz::snooper-engine.log:32144	2026-09-05T01:31:53.702527782Z	/tmp/prysm-r2-extra-logs.Rd7MjT/round2-prysm-geth-107.tar.gz::snooper-engine.log:32144
107	9	snooper-engine.log	INFO	proxy	REQUEST #723: POST /	1	2026-09-05T01:32:10.032482564Z	/tmp/prysm-r2-extra-logs.Rd7MjT/round2-prysm-geth-107.tar.gz::snooper-engine.log:32238	2026-09-05T01:32:10.032482564Z	/tmp/prysm-r2-extra-logs.Rd7MjT/round2-prysm-geth-107.tar.gz::snooper-engine.log:32238
107	9	snooper-engine.log	INFO	proxy	REQUEST #724: POST /	1	2026-09-05T01:32:21.703637739Z	/tmp/prysm-r2-extra-logs.Rd7MjT/round2-prysm-geth-107.tar.gz::snooper-engine.log:32285	2026-09-05T01:32:21.703637739Z	/tmp/prysm-r2-extra-logs.Rd7MjT/round2-prysm-geth-107.tar.gz::snooper-engine.log:32285
107	9	snooper-engine.log	INFO	proxy	REQUEST #726: POST /	1	2026-09-05T01:32:36.466151799Z	/tmp/prysm-r2-extra-logs.Rd7MjT/round2-prysm-geth-107.tar.gz::snooper-engine.log:32361	2026-09-05T01:32:36.466151799Z	/tmp/prysm-r2-extra-logs.Rd7MjT/round2-prysm-geth-107.tar.gz::snooper-engine.log:32361
107	9	snooper-engine.log	INFO	proxy	REQUEST #727: POST /	1	2026-09-05T01:32:49.706576096Z	/tmp/prysm-r2-extra-logs.Rd7MjT/round2-prysm-geth-107.tar.gz::snooper-engine.log:32408	2026-09-05T01:32:49.706576096Z	/tmp/prysm-r2-extra-logs.Rd7MjT/round2-prysm-geth-107.tar.gz::snooper-engine.log:32408
107	9	snooper-engine.log	INFO	proxy	REQUEST #728: POST /	1	2026-09-05T01:33:03.702048309Z	/tmp/prysm-r2-extra-logs.Rd7MjT/round2-prysm-geth-107.tar.gz::snooper-engine.log:32456	2026-09-05T01:33:03.702048309Z	/tmp/prysm-r2-extra-logs.Rd7MjT/round2-prysm-geth-107.tar.gz::snooper-engine.log:32456
107	9	snooper-engine.log	INFO	proxy	REQUEST #731: POST /	1	2026-09-05T01:33:17.689529196Z	/tmp/prysm-r2-extra-logs.Rd7MjT/round2-prysm-geth-107.tar.gz::snooper-engine.log:32576	2026-09-05T01:33:17.689529196Z	/tmp/prysm-r2-extra-logs.Rd7MjT/round2-prysm-geth-107.tar.gz::snooper-engine.log:32576
107	9	snooper-engine.log	INFO	proxy	REQUEST #732: POST /	1	2026-09-05T01:33:17.693458045Z	/tmp/prysm-r2-extra-logs.Rd7MjT/round2-prysm-geth-107.tar.gz::snooper-engine.log:32623	2026-09-05T01:33:17.693458045Z	/tmp/prysm-r2-extra-logs.Rd7MjT/round2-prysm-geth-107.tar.gz::snooper-engine.log:32623
107	9	snooper-engine.log	INFO	proxy	REQUEST #733: POST /	1	2026-09-05T01:33:17.702131183Z	/tmp/prysm-r2-extra-logs.Rd7MjT/round2-prysm-geth-107.tar.gz::snooper-engine.log:32670	2026-09-05T01:33:17.702131183Z	/tmp/prysm-r2-extra-logs.Rd7MjT/round2-prysm-geth-107.tar.gz::snooper-engine.log:32670
107	9	snooper-engine.log	INFO	proxy	REQUEST #736: POST /	1	2026-09-05T01:33:31.701254855Z	/tmp/prysm-r2-extra-logs.Rd7MjT/round2-prysm-geth-107.tar.gz::snooper-engine.log:32766	2026-09-05T01:33:31.701254855Z	/tmp/prysm-r2-extra-logs.Rd7MjT/round2-prysm-geth-107.tar.gz::snooper-engine.log:32766
107	9	snooper-engine.log	INFO	proxy	REQUEST #741: POST /	1	2026-09-05T01:33:45.688968538Z	/tmp/prysm-r2-extra-logs.Rd7MjT/round2-prysm-geth-107.tar.gz::snooper-engine.log:32960	2026-09-05T01:33:45.688968538Z	/tmp/prysm-r2-extra-logs.Rd7MjT/round2-prysm-geth-107.tar.gz::snooper-engine.log:32960
107	9	snooper-engine.log	INFO	proxy	REQUEST #742: POST /	1	2026-09-05T01:33:45.710145725Z	/tmp/prysm-r2-extra-logs.Rd7MjT/round2-prysm-geth-107.tar.gz::snooper-engine.log:33007	2026-09-05T01:33:45.710145725Z	/tmp/prysm-r2-extra-logs.Rd7MjT/round2-prysm-geth-107.tar.gz::snooper-engine.log:33007
107	9	snooper-engine.log	INFO	proxy	REQUEST #743: POST /	1	2026-09-05T01:33:45.780638793Z	/tmp/prysm-r2-extra-logs.Rd7MjT/round2-prysm-geth-107.tar.gz::snooper-engine.log:33054	2026-09-05T01:33:45.780638793Z	/tmp/prysm-r2-extra-logs.Rd7MjT/round2-prysm-geth-107.tar.gz::snooper-engine.log:33054
107	9	snooper-engine.log	INFO	proxy	REQUEST #748: POST /	1	2026-09-05T01:33:59.688933455Z	/tmp/prysm-r2-extra-logs.Rd7MjT/round2-prysm-geth-107.tar.gz::snooper-engine.log:33209	2026-09-05T01:33:59.688933455Z	/tmp/prysm-r2-extra-logs.Rd7MjT/round2-prysm-geth-107.tar.gz::snooper-engine.log:33209
107	9	snooper-engine.log	INFO	proxy	REQUEST engine_forkchoiceUpdatedV4	10	2026-09-05T01:30:12.005494954Z	/tmp/prysm-r2-extra-logs.Rd7MjT/round2-prysm-geth-107.tar.gz::snooper-engine.log:31689	2026-09-05T01:33:58.066384889Z	/tmp/prysm-r2-extra-logs.Rd7MjT/round2-prysm-geth-107.tar.gz::snooper-engine.log:33180
107	9	snooper-engine.log	INFO	proxy	REQUEST engine_getClientVersionV1	2	2026-09-05T01:30:55.163311338Z	/tmp/prysm-r2-extra-logs.Rd7MjT/round2-prysm-geth-107.tar.gz::snooper-engine.log:31889	2026-09-05T01:32:31.180531079Z	/tmp/prysm-r2-extra-logs.Rd7MjT/round2-prysm-geth-107.tar.gz::snooper-engine.log:32332
107	9	snooper-engine.log	INFO	proxy	REQUEST engine_getPayloadV6	1	2026-09-05T01:31:54.109109533Z	/tmp/prysm-r2-extra-logs.Rd7MjT/round2-prysm-geth-107.tar.gz::snooper-engine.log:32191	2026-09-05T01:31:54.109109533Z	/tmp/prysm-r2-extra-logs.Rd7MjT/round2-prysm-geth-107.tar.gz::snooper-engine.log:32191
107	9	snooper-engine.log	INFO	proxy	REQUEST engine_newPayloadV5	5	2026-09-05T01:33:10.143351007Z	/tmp/prysm-r2-extra-logs.Rd7MjT/round2-prysm-geth-107.tar.gz::snooper-engine.log:32503	2026-09-05T01:33:57.139487664Z	/tmp/prysm-r2-extra-logs.Rd7MjT/round2-prysm-geth-107.tar.gz::snooper-engine.log:33136
107	9	snooper-engine.log	INFO	proxy	RESPONSE	40	2026-09-05T01:30:01.691277973Z	/tmp/prysm-r2-extra-logs.Rd7MjT/round2-prysm-geth-107.tar.gz::snooper-engine.log:31653	2026-09-05T01:33:59.690048217Z	/tmp/prysm-r2-extra-logs.Rd7MjT/round2-prysm-geth-107.tar.gz::snooper-engine.log:33220
107	9	snooper-engine.log	INFO	proxy	fetched execution metadata	5	2026-09-05T01:29:52.865631231Z	/tmp/prysm-r2-extra-logs.Rd7MjT/round2-prysm-geth-107.tar.gz::snooper-engine.log:31641	2026-09-05T01:33:52.865493473Z	/tmp/prysm-r2-extra-logs.Rd7MjT/round2-prysm-geth-107.tar.gz::snooper-engine.log:33135
107	9	validator.log	ERROR	client	Could not check if any validator is a sync committee aggregator	7	2026-09-05T01:30:36.005309518Z	/tmp/prysm-r2-extra-logs.Rd7MjT/round2-prysm-geth-107.tar.gz::validator.log:785	2026-09-05T01:32:48.000896972Z	/tmp/prysm-r2-extra-logs.Rd7MjT/round2-prysm-geth-107.tar.gz::validator.log:1301
107	9	validator.log	ERROR	client	Could not get sync committee domain data	5	2026-09-05T01:30:24.004544669Z	/tmp/prysm-r2-extra-logs.Rd7MjT/round2-prysm-geth-107.tar.gz::validator.log:687	2026-09-05T01:30:24.004609329Z	/tmp/prysm-r2-extra-logs.Rd7MjT/round2-prysm-geth-107.tar.gz::validator.log:691
107	9	validator.log	ERROR	client	Could not request attestation to sign at slot	595	2026-09-05T01:30:24.012856771Z	/tmp/prysm-r2-extra-logs.Rd7MjT/round2-prysm-geth-107.tar.gz::validator.log:692	2026-09-05T01:32:48.016275269Z	/tmp/prysm-r2-extra-logs.Rd7MjT/round2-prysm-geth-107.tar.gz::validator.log:1398
107	9	validator.log	ERROR	client	Could not request payload attestation data	22	2026-09-05T01:30:24.001503307Z	/tmp/prysm-r2-extra-logs.Rd7MjT/round2-prysm-geth-107.tar.gz::validator.log:686	2026-09-05T01:33:00.005789945Z	/tmp/prysm-r2-extra-logs.Rd7MjT/round2-prysm-geth-107.tar.gz::validator.log:1402
107	9	validator.log	ERROR	client	Could not request sync message block root to sign	42	2026-09-05T01:30:36.005371139Z	/tmp/prysm-r2-extra-logs.Rd7MjT/round2-prysm-geth-107.tar.gz::validator.log:788	2026-09-05T01:32:48.016208476Z	/tmp/prysm-r2-extra-logs.Rd7MjT/round2-prysm-geth-107.tar.gz::validator.log:1375
107	9	validator.log	ERROR	client	Could not sign contribution and proof	1	2026-09-05T01:32:12.001776117Z	/tmp/prysm-r2-extra-logs.Rd7MjT/round2-prysm-geth-107.tar.gz::validator.log:1213	2026-09-05T01:32:12.001776117Z	/tmp/prysm-r2-extra-logs.Rd7MjT/round2-prysm-geth-107.tar.gz::validator.log:1213
107	9	validator.log	ERROR	client	Could not submit aggregate selection proof to beacon node	14	2026-09-05T01:30:24.024828629Z	/tmp/prysm-r2-extra-logs.Rd7MjT/round2-prysm-geth-107.tar.gz::validator.log:732	2026-09-05T01:33:00.004623134Z	/tmp/prysm-r2-extra-logs.Rd7MjT/round2-prysm-geth-107.tar.gz::validator.log:1401
107	9	validator.log	ERROR	client	Could not submit payload attestation	2	2026-09-05T01:33:24.001383250Z	/tmp/prysm-r2-extra-logs.Rd7MjT/round2-prysm-geth-107.tar.gz::validator.log:1411	2026-09-05T01:33:24.001455596Z	/tmp/prysm-r2-extra-logs.Rd7MjT/round2-prysm-geth-107.tar.gz::validator.log:1412
107	9	validator.log	ERROR	client	Could not submit signed aggregate and proof to beacon node	1	2026-09-05T01:33:24.001591919Z	/tmp/prysm-r2-extra-logs.Rd7MjT/round2-prysm-geth-107.tar.gz::validator.log:1413	2026-09-05T01:33:24.001591919Z	/tmp/prysm-r2-extra-logs.Rd7MjT/round2-prysm-geth-107.tar.gz::validator.log:1413
107	9	validator.log	ERROR	client	Could not submit signed contribution and proof	1	2026-09-05T01:32:12.001852096Z	/tmp/prysm-r2-extra-logs.Rd7MjT/round2-prysm-geth-107.tar.gz::validator.log:1215	2026-09-05T01:32:12.001852096Z	/tmp/prysm-r2-extra-logs.Rd7MjT/round2-prysm-geth-107.tar.gz::validator.log:1215
107	9	validator.log	ERROR	client	Failed to request block from beacon node	1	2026-09-05T01:31:55.923308038Z	/tmp/prysm-r2-extra-logs.Rd7MjT/round2-prysm-geth-107.tar.gz::validator.log:1207	2026-09-05T01:31:55.923308038Z	/tmp/prysm-r2-extra-logs.Rd7MjT/round2-prysm-geth-107.tar.gz::validator.log:1207
107	9	validator.log	INFO	client	Duties schedule	32	2026-09-05T01:30:02.997852145Z	/tmp/prysm-r2-extra-logs.Rd7MjT/round2-prysm-geth-107.tar.gz::validator.log:650	2026-09-05T01:30:03.002700202Z	/tmp/prysm-r2-extra-logs.Rd7MjT/round2-prysm-geth-107.tar.gz::validator.log:681
107	9	validator.log	INFO	client	Schedule for epoch 0	1	2026-09-05T01:30:02.997765589Z	/tmp/prysm-r2-extra-logs.Rd7MjT/round2-prysm-geth-107.tar.gz::validator.log:649	2026-09-05T01:30:02.997765589Z	/tmp/prysm-r2-extra-logs.Rd7MjT/round2-prysm-geth-107.tar.gz::validator.log:649
107	9	validator.log	INFO	client	Skipping payload attestation: no block for slot	14	2026-09-05T01:30:45.985057443Z	/tmp/prysm-r2-extra-logs.Rd7MjT/round2-prysm-geth-107.tar.gz::validator.log:869	2026-09-05T01:33:57.028994113Z	/tmp/prysm-r2-extra-logs.Rd7MjT/round2-prysm-geth-107.tar.gz::validator.log:1430
107	9	validator.log	INFO	client	Submitted new aggregate attestations	4	2026-09-05T01:30:09.006645845Z	/tmp/prysm-r2-extra-logs.Rd7MjT/round2-prysm-geth-107.tar.gz::validator.log:683	2026-09-05T01:33:57.152865479Z	/tmp/prysm-r2-extra-logs.Rd7MjT/round2-prysm-geth-107.tar.gz::validator.log:1432
107	9	validator.log	INFO	client	Submitted new attestations	12	2026-09-05T01:30:09.006457560Z	/tmp/prysm-r2-extra-logs.Rd7MjT/round2-prysm-geth-107.tar.gz::validator.log:682	2026-09-05T01:33:57.152779290Z	/tmp/prysm-r2-extra-logs.Rd7MjT/round2-prysm-geth-107.tar.gz::validator.log:1431
107	9	validator.log	INFO	client	Submitted payload attestations	3	2026-09-05T01:30:09.006818758Z	/tmp/prysm-r2-extra-logs.Rd7MjT/round2-prysm-geth-107.tar.gz::validator.log:684	2026-09-05T01:33:24.004129327Z	/tmp/prysm-r2-extra-logs.Rd7MjT/round2-prysm-geth-107.tar.gz::validator.log:1415
107	9	validator.log	INFO	client	Submitted sync committee contributions and proofs	7	2026-09-05T01:32:24.002566325Z	/tmp/prysm-r2-extra-logs.Rd7MjT/round2-prysm-geth-107.tar.gz::validator.log:1224	2026-09-05T01:33:57.153132166Z	/tmp/prysm-r2-extra-logs.Rd7MjT/round2-prysm-geth-107.tar.gz::validator.log:1434
107	9	validator.log	INFO	client	Submitted sync committee messages	13	2026-09-05T01:30:09.006978928Z	/tmp/prysm-r2-extra-logs.Rd7MjT/round2-prysm-geth-107.tar.gz::validator.log:685	2026-09-05T01:33:57.152992925Z	/tmp/prysm-r2-extra-logs.Rd7MjT/round2-prysm-geth-107.tar.gz::validator.log:1433
107	9	validator.log	WARN	client	Could not get signed attestation data for aggregation	6	2026-09-05T01:30:24.022549558Z	/tmp/prysm-r2-extra-logs.Rd7MjT/round2-prysm-geth-107.tar.gz::validator.log:730	2026-09-05T01:32:36.009763812Z	/tmp/prysm-r2-extra-logs.Rd7MjT/round2-prysm-geth-107.tar.gz::validator.log:1274
107	9	validator.log	WARN	client	No attestations to aggregate	3	2026-09-05T01:30:46.021423433Z	/tmp/prysm-r2-extra-logs.Rd7MjT/round2-prysm-geth-107.tar.gz::validator.log:874	2026-09-05T01:31:21.521066101Z	/tmp/prysm-r2-extra-logs.Rd7MjT/round2-prysm-geth-107.tar.gz::validator.log:1057
117	11	beacon.log	ERROR	execution	Beacon node is not respecting the follow distance. EL client is syncing.	15	2026-09-05T01:30:01.472281374Z	/tmp/prysm-r2-extra-logs.Rd7MjT/round2-prysm-geth-117.tar.gz::beacon.log:514	2026-09-05T01:33:18.135521187Z	/tmp/prysm-r2-extra-logs.Rd7MjT/round2-prysm-geth-117.tar.gz::beacon.log:538
117	11	beacon.log	INFO	slots	10s until chain genesis	1	2026-09-05T01:29:49.353619072Z	/tmp/prysm-r2-extra-logs.Rd7MjT/round2-prysm-geth-117.tar.gz::beacon.log:354	2026-09-05T01:29:49.353619072Z	/tmp/prysm-r2-extra-logs.Rd7MjT/round2-prysm-geth-117.tar.gz::beacon.log:354
117	11	beacon.log	INFO	slots	11s until chain genesis	1	2026-09-05T01:29:48.353267611Z	/tmp/prysm-r2-extra-logs.Rd7MjT/round2-prysm-geth-117.tar.gz::beacon.log:353	2026-09-05T01:29:48.353267611Z	/tmp/prysm-r2-extra-logs.Rd7MjT/round2-prysm-geth-117.tar.gz::beacon.log:353
117	11	beacon.log	INFO	slots	1s until chain genesis	1	2026-09-05T01:29:58.352826674Z	/tmp/prysm-r2-extra-logs.Rd7MjT/round2-prysm-geth-117.tar.gz::beacon.log:363	2026-09-05T01:29:58.352826674Z	/tmp/prysm-r2-extra-logs.Rd7MjT/round2-prysm-geth-117.tar.gz::beacon.log:363
117	11	beacon.log	INFO	slots	2s until chain genesis	1	2026-09-05T01:29:57.352997788Z	/tmp/prysm-r2-extra-logs.Rd7MjT/round2-prysm-geth-117.tar.gz::beacon.log:362	2026-09-05T01:29:57.352997788Z	/tmp/prysm-r2-extra-logs.Rd7MjT/round2-prysm-geth-117.tar.gz::beacon.log:362
117	11	beacon.log	INFO	slots	3s until chain genesis	1	2026-09-05T01:29:56.353229998Z	/tmp/prysm-r2-extra-logs.Rd7MjT/round2-prysm-geth-117.tar.gz::beacon.log:361	2026-09-05T01:29:56.353229998Z	/tmp/prysm-r2-extra-logs.Rd7MjT/round2-prysm-geth-117.tar.gz::beacon.log:361
117	11	beacon.log	INFO	slots	4s until chain genesis	1	2026-09-05T01:29:55.353163596Z	/tmp/prysm-r2-extra-logs.Rd7MjT/round2-prysm-geth-117.tar.gz::beacon.log:360	2026-09-05T01:29:55.353163596Z	/tmp/prysm-r2-extra-logs.Rd7MjT/round2-prysm-geth-117.tar.gz::beacon.log:360
117	11	beacon.log	INFO	slots	5s until chain genesis	1	2026-09-05T01:29:54.353500477Z	/tmp/prysm-r2-extra-logs.Rd7MjT/round2-prysm-geth-117.tar.gz::beacon.log:359	2026-09-05T01:29:54.353500477Z	/tmp/prysm-r2-extra-logs.Rd7MjT/round2-prysm-geth-117.tar.gz::beacon.log:359
117	11	beacon.log	INFO	slots	6s until chain genesis	1	2026-09-05T01:29:53.352897480Z	/tmp/prysm-r2-extra-logs.Rd7MjT/round2-prysm-geth-117.tar.gz::beacon.log:358	2026-09-05T01:29:53.352897480Z	/tmp/prysm-r2-extra-logs.Rd7MjT/round2-prysm-geth-117.tar.gz::beacon.log:358
117	11	beacon.log	INFO	slots	7s until chain genesis	1	2026-09-05T01:29:52.352819697Z	/tmp/prysm-r2-extra-logs.Rd7MjT/round2-prysm-geth-117.tar.gz::beacon.log:357	2026-09-05T01:29:52.352819697Z	/tmp/prysm-r2-extra-logs.Rd7MjT/round2-prysm-geth-117.tar.gz::beacon.log:357
117	11	beacon.log	INFO	slots	8s until chain genesis	1	2026-09-05T01:29:51.352730998Z	/tmp/prysm-r2-extra-logs.Rd7MjT/round2-prysm-geth-117.tar.gz::beacon.log:356	2026-09-05T01:29:51.352730998Z	/tmp/prysm-r2-extra-logs.Rd7MjT/round2-prysm-geth-117.tar.gz::beacon.log:356
117	11	beacon.log	INFO	slots	9s until chain genesis	1	2026-09-05T01:29:50.353051073Z	/tmp/prysm-r2-extra-logs.Rd7MjT/round2-prysm-geth-117.tar.gz::beacon.log:355	2026-09-05T01:29:50.353051073Z	/tmp/prysm-r2-extra-logs.Rd7MjT/round2-prysm-geth-117.tar.gz::beacon.log:355
117	11	beacon.log	INFO	slots	Chain genesis time reached	1	2026-09-05T01:30:00.353090684Z	/tmp/prysm-r2-extra-logs.Rd7MjT/round2-prysm-geth-117.tar.gz::beacon.log:513	2026-09-05T01:30:00.353090684Z	/tmp/prysm-r2-extra-logs.Rd7MjT/round2-prysm-geth-117.tar.gz::beacon.log:513
117	11	beacon.log	INFO	blockchain	Chain reorg occurred	5	2026-09-05T01:30:12.007872237Z	/tmp/prysm-r2-extra-logs.Rd7MjT/round2-prysm-geth-117.tar.gz::beacon.log:515	2026-09-05T01:33:46.117644900Z	/tmp/prysm-r2-extra-logs.Rd7MjT/round2-prysm-geth-117.tar.gz::beacon.log:552
117	11	beacon.log	INFO	p2p	Connected peers	4	2026-09-05T01:30:41.380105733Z	/tmp/prysm-r2-extra-logs.Rd7MjT/round2-prysm-geth-117.tar.gz::beacon.log:519	2026-09-05T01:33:41.391895820Z	/tmp/prysm-r2-extra-logs.Rd7MjT/round2-prysm-geth-117.tar.gz::beacon.log:551
117	11	beacon.log	INFO	blockchain	Finished applying state transition	4	2026-09-05T01:33:14.354110995Z	/tmp/prysm-r2-extra-logs.Rd7MjT/round2-prysm-geth-117.tar.gz::beacon.log:537	2026-09-05T01:33:53.216782820Z	/tmp/prysm-r2-extra-logs.Rd7MjT/round2-prysm-geth-117.tar.gz::beacon.log:554
117	11	beacon.log	INFO	blockchain	Forkchoice updated with payload attributes for proposal	1	2026-09-05T01:32:07.503494698Z	/tmp/prysm-r2-extra-logs.Rd7MjT/round2-prysm-geth-117.tar.gz::beacon.log:527	2026-09-05T01:32:07.503494698Z	/tmp/prysm-r2-extra-logs.Rd7MjT/round2-prysm-geth-117.tar.gz::beacon.log:527
117	11	beacon.log	INFO	sync	Skipping pending block already being processed	3	2026-09-05T01:33:05.367595592Z	/tmp/prysm-r2-extra-logs.Rd7MjT/round2-prysm-geth-117.tar.gz::beacon.log:534	2026-09-05T01:33:29.362204901Z	/tmp/prysm-r2-extra-logs.Rd7MjT/round2-prysm-geth-117.tar.gz::beacon.log:546
117	11	beacon.log	INFO	sync	Subscribed to	148	2026-09-05T01:30:00.008385253Z	/tmp/prysm-r2-extra-logs.Rd7MjT/round2-prysm-geth-117.tar.gz::beacon.log:364	2026-09-05T01:30:00.245978225Z	/tmp/prysm-r2-extra-logs.Rd7MjT/round2-prysm-geth-117.tar.gz::beacon.log:512
117	11	beacon.log	INFO	blockchain	Synced execution payload envelope	6	2026-09-05T01:33:18.373955745Z	/tmp/prysm-r2-extra-logs.Rd7MjT/round2-prysm-geth-117.tar.gz::beacon.log:539	2026-09-05T01:33:53.446095011Z	/tmp/prysm-r2-extra-logs.Rd7MjT/round2-prysm-geth-117.tar.gz::beacon.log:555
117	11	beacon.log	INFO	blockchain	Synced new block	4	2026-09-05T01:33:14.353292537Z	/tmp/prysm-r2-extra-logs.Rd7MjT/round2-prysm-geth-117.tar.gz::beacon.log:536	2026-09-05T01:33:53.216735059Z	/tmp/prysm-r2-extra-logs.Rd7MjT/round2-prysm-geth-117.tar.gz::beacon.log:553
117	11	beacon.log	INFO	p2p	Updating ENR Fork ID	1	2026-09-05T01:30:00.008418906Z	/tmp/prysm-r2-extra-logs.Rd7MjT/round2-prysm-geth-117.tar.gz::beacon.log:365	2026-09-05T01:30:00.008418906Z	/tmp/prysm-r2-extra-logs.Rd7MjT/round2-prysm-geth-117.tar.gz::beacon.log:365
117	11	execution.log	INFO	geth	Chain head was updated	3	2026-09-05T01:33:18.392783973Z	/tmp/prysm-r2-extra-logs.Rd7MjT/round2-prysm-geth-117.tar.gz::execution.log:87	2026-09-05T01:33:46.524970926Z	/tmp/prysm-r2-extra-logs.Rd7MjT/round2-prysm-geth-117.tar.gz::execution.log:97
117	11	execution.log	INFO	geth	Imported new potential chain segment	4	2026-09-05T01:33:16.304080689Z	/tmp/prysm-r2-extra-logs.Rd7MjT/round2-prysm-geth-117.tar.gz::execution.log:86	2026-09-05T01:33:53.425943578Z	/tmp/prysm-r2-extra-logs.Rd7MjT/round2-prysm-geth-117.tar.gz::execution.log:99
117	11	execution.log	INFO	geth	Indexed transactions	1	2026-09-05T01:33:18.392991302Z	/tmp/prysm-r2-extra-logs.Rd7MjT/round2-prysm-geth-117.tar.gz::execution.log:89	2026-09-05T01:33:18.392991302Z	/tmp/prysm-r2-extra-logs.Rd7MjT/round2-prysm-geth-117.tar.gz::execution.log:89
117	11	execution.log	INFO	geth	Shorten chain	1	2026-09-05T01:33:46.524812016Z	/tmp/prysm-r2-extra-logs.Rd7MjT/round2-prysm-geth-117.tar.gz::execution.log:96	2026-09-05T01:33:46.524812016Z	/tmp/prysm-r2-extra-logs.Rd7MjT/round2-prysm-geth-117.tar.gz::execution.log:96
117	11	execution.log	INFO	geth	Starting work on payload	1	2026-09-05T01:32:07.465787966Z	/tmp/prysm-r2-extra-logs.Rd7MjT/round2-prysm-geth-117.tar.gz::execution.log:83	2026-09-05T01:32:07.465787966Z	/tmp/prysm-r2-extra-logs.Rd7MjT/round2-prysm-geth-117.tar.gz::execution.log:83
117	11	execution.log	INFO	geth	Stopping work on payload	1	2026-09-05T01:32:19.468386054Z	/tmp/prysm-r2-extra-logs.Rd7MjT/round2-prysm-geth-117.tar.gz::execution.log:85	2026-09-05T01:32:19.468386054Z	/tmp/prysm-r2-extra-logs.Rd7MjT/round2-prysm-geth-117.tar.gz::execution.log:85
117	11	execution.log	INFO	geth	Updated payload	1	2026-09-05T01:32:07.472910553Z	/tmp/prysm-r2-extra-logs.Rd7MjT/round2-prysm-geth-117.tar.gz::execution.log:84	2026-09-05T01:32:07.472910553Z	/tmp/prysm-r2-extra-logs.Rd7MjT/round2-prysm-geth-117.tar.gz::execution.log:84
117	11	execution.log	WARN	geth	Ignoring already known beacon payload	2	2026-09-05T01:33:24.294581034Z	/tmp/prysm-r2-extra-logs.Rd7MjT/round2-prysm-geth-117.tar.gz::execution.log:91	2026-09-05T01:33:35.605856631Z	/tmp/prysm-r2-extra-logs.Rd7MjT/round2-prysm-geth-117.tar.gz::execution.log:95
117	11	execution.log	WARN	geth	Nil finalized block cannot evict old blobs	3	2026-09-05T01:33:18.392826554Z	/tmp/prysm-r2-extra-logs.Rd7MjT/round2-prysm-geth-117.tar.gz::execution.log:88	2026-09-05T01:33:46.525837234Z	/tmp/prysm-r2-extra-logs.Rd7MjT/round2-prysm-geth-117.tar.gz::execution.log:98
117	11	snooper-engine.log	INFO	proxy	REQUEST #702: POST /	1	2026-09-05T01:30:01.472365013Z	/tmp/prysm-r2-extra-logs.Rd7MjT/round2-prysm-geth-117.tar.gz::snooper-engine.log:31376	2026-09-05T01:30:01.472365013Z	/tmp/prysm-r2-extra-logs.Rd7MjT/round2-prysm-geth-117.tar.gz::snooper-engine.log:31376
117	11	snooper-engine.log	INFO	proxy	REQUEST #704: POST /	1	2026-09-05T01:30:15.476230263Z	/tmp/prysm-r2-extra-logs.Rd7MjT/round2-prysm-geth-117.tar.gz::snooper-engine.log:31452	2026-09-05T01:30:15.476230263Z	/tmp/prysm-r2-extra-logs.Rd7MjT/round2-prysm-geth-117.tar.gz::snooper-engine.log:31452
117	11	snooper-engine.log	INFO	proxy	REQUEST #706: POST /	1	2026-09-05T01:30:29.482371338Z	/tmp/prysm-r2-extra-logs.Rd7MjT/round2-prysm-geth-117.tar.gz::snooper-engine.log:31528	2026-09-05T01:30:29.482371338Z	/tmp/prysm-r2-extra-logs.Rd7MjT/round2-prysm-geth-117.tar.gz::snooper-engine.log:31528
117	11	snooper-engine.log	INFO	proxy	REQUEST #707: POST /	1	2026-09-05T01:30:43.478726896Z	/tmp/prysm-r2-extra-logs.Rd7MjT/round2-prysm-geth-117.tar.gz::snooper-engine.log:31575	2026-09-05T01:30:43.478726896Z	/tmp/prysm-r2-extra-logs.Rd7MjT/round2-prysm-geth-117.tar.gz::snooper-engine.log:31575
117	11	snooper-engine.log	INFO	proxy	REQUEST #709: POST /	1	2026-09-05T01:31:00.018426952Z	/tmp/prysm-r2-extra-logs.Rd7MjT/round2-prysm-geth-117.tar.gz::snooper-engine.log:31652	2026-09-05T01:31:00.018426952Z	/tmp/prysm-r2-extra-logs.Rd7MjT/round2-prysm-geth-117.tar.gz::snooper-engine.log:31652
117	11	snooper-engine.log	INFO	proxy	REQUEST #710: POST /	1	2026-09-05T01:31:11.483759146Z	/tmp/prysm-r2-extra-logs.Rd7MjT/round2-prysm-geth-117.tar.gz::snooper-engine.log:31699	2026-09-05T01:31:11.483759146Z	/tmp/prysm-r2-extra-logs.Rd7MjT/round2-prysm-geth-117.tar.gz::snooper-engine.log:31699
117	11	snooper-engine.log	INFO	proxy	REQUEST #711: POST /	1	2026-09-05T01:31:25.477466231Z	/tmp/prysm-r2-extra-logs.Rd7MjT/round2-prysm-geth-117.tar.gz::snooper-engine.log:31746	2026-09-05T01:31:25.477466231Z	/tmp/prysm-r2-extra-logs.Rd7MjT/round2-prysm-geth-117.tar.gz::snooper-engine.log:31746
117	11	snooper-engine.log	INFO	proxy	REQUEST #712: POST /	1	2026-09-05T01:31:39.488103559Z	/tmp/prysm-r2-extra-logs.Rd7MjT/round2-prysm-geth-117.tar.gz::snooper-engine.log:31793	2026-09-05T01:31:39.488103559Z	/tmp/prysm-r2-extra-logs.Rd7MjT/round2-prysm-geth-117.tar.gz::snooper-engine.log:31793
117	11	snooper-engine.log	INFO	proxy	REQUEST #713: POST /	1	2026-09-05T01:31:53.475928001Z	/tmp/prysm-r2-extra-logs.Rd7MjT/round2-prysm-geth-117.tar.gz::snooper-engine.log:31841	2026-09-05T01:31:53.475928001Z	/tmp/prysm-r2-extra-logs.Rd7MjT/round2-prysm-geth-117.tar.gz::snooper-engine.log:31841
117	11	snooper-engine.log	INFO	proxy	REQUEST #715: POST /	1	2026-09-05T01:32:07.508728934Z	/tmp/prysm-r2-extra-logs.Rd7MjT/round2-prysm-geth-117.tar.gz::snooper-engine.log:31925	2026-09-05T01:32:07.508728934Z	/tmp/prysm-r2-extra-logs.Rd7MjT/round2-prysm-geth-117.tar.gz::snooper-engine.log:31925
117	11	snooper-engine.log	INFO	proxy	REQUEST #716: POST /	1	2026-09-05T01:32:21.472767767Z	/tmp/prysm-r2-extra-logs.Rd7MjT/round2-prysm-geth-117.tar.gz::snooper-engine.log:31972	2026-09-05T01:32:21.472767767Z	/tmp/prysm-r2-extra-logs.Rd7MjT/round2-prysm-geth-117.tar.gz::snooper-engine.log:31972
117	11	snooper-engine.log	INFO	proxy	REQUEST #718: POST /	1	2026-09-05T01:32:37.356029942Z	/tmp/prysm-r2-extra-logs.Rd7MjT/round2-prysm-geth-117.tar.gz::snooper-engine.log:32048	2026-09-05T01:32:37.356029942Z	/tmp/prysm-r2-extra-logs.Rd7MjT/round2-prysm-geth-117.tar.gz::snooper-engine.log:32048
117	11	snooper-engine.log	INFO	proxy	REQUEST #719: POST /	1	2026-09-05T01:32:49.477545090Z	/tmp/prysm-r2-extra-logs.Rd7MjT/round2-prysm-geth-117.tar.gz::snooper-engine.log:32096	2026-09-05T01:32:49.477545090Z	/tmp/prysm-r2-extra-logs.Rd7MjT/round2-prysm-geth-117.tar.gz::snooper-engine.log:32096
117	11	snooper-engine.log	INFO	proxy	REQUEST #720: POST /	1	2026-09-05T01:33:03.480528525Z	/tmp/prysm-r2-extra-logs.Rd7MjT/round2-prysm-geth-117.tar.gz::snooper-engine.log:32143	2026-09-05T01:33:03.480528525Z	/tmp/prysm-r2-extra-logs.Rd7MjT/round2-prysm-geth-117.tar.gz::snooper-engine.log:32143
117	11	snooper-engine.log	INFO	proxy	REQUEST #722: POST /	1	2026-09-05T01:33:17.476860551Z	/tmp/prysm-r2-extra-logs.Rd7MjT/round2-prysm-geth-117.tar.gz::snooper-engine.log:32234	2026-09-05T01:33:17.476860551Z	/tmp/prysm-r2-extra-logs.Rd7MjT/round2-prysm-geth-117.tar.gz::snooper-engine.log:32234
117	11	snooper-engine.log	INFO	proxy	REQUEST #728: POST /	1	2026-09-05T01:33:31.482031977Z	/tmp/prysm-r2-extra-logs.Rd7MjT/round2-prysm-geth-117.tar.gz::snooper-engine.log:32471	2026-09-05T01:33:31.482031977Z	/tmp/prysm-r2-extra-logs.Rd7MjT/round2-prysm-geth-117.tar.gz::snooper-engine.log:32471
117	11	snooper-engine.log	INFO	proxy	REQUEST #729: POST /	1	2026-09-05T01:33:31.744336089Z	/tmp/prysm-r2-extra-logs.Rd7MjT/round2-prysm-geth-117.tar.gz::snooper-engine.log:32518	2026-09-05T01:33:31.744336089Z	/tmp/prysm-r2-extra-logs.Rd7MjT/round2-prysm-geth-117.tar.gz::snooper-engine.log:32518
117	11	snooper-engine.log	INFO	proxy	REQUEST #730: POST /	1	2026-09-05T01:33:32.054933753Z	/tmp/prysm-r2-extra-logs.Rd7MjT/round2-prysm-geth-117.tar.gz::snooper-engine.log:32565	2026-09-05T01:33:32.054933753Z	/tmp/prysm-r2-extra-logs.Rd7MjT/round2-prysm-geth-117.tar.gz::snooper-engine.log:32565
117	11	snooper-engine.log	INFO	proxy	REQUEST #734: POST /	1	2026-09-05T01:33:45.477379912Z	/tmp/prysm-r2-extra-logs.Rd7MjT/round2-prysm-geth-117.tar.gz::snooper-engine.log:32690	2026-09-05T01:33:45.477379912Z	/tmp/prysm-r2-extra-logs.Rd7MjT/round2-prysm-geth-117.tar.gz::snooper-engine.log:32690
117	11	snooper-engine.log	INFO	proxy	REQUEST #735: POST /	1	2026-09-05T01:33:45.912384405Z	/tmp/prysm-r2-extra-logs.Rd7MjT/round2-prysm-geth-117.tar.gz::snooper-engine.log:32737	2026-09-05T01:33:45.912384405Z	/tmp/prysm-r2-extra-logs.Rd7MjT/round2-prysm-geth-117.tar.gz::snooper-engine.log:32737
117	11	snooper-engine.log	INFO	proxy	REQUEST #736: POST /	1	2026-09-05T01:33:46.111623046Z	/tmp/prysm-r2-extra-logs.Rd7MjT/round2-prysm-geth-117.tar.gz::snooper-engine.log:32784	2026-09-05T01:33:46.111623046Z	/tmp/prysm-r2-extra-logs.Rd7MjT/round2-prysm-geth-117.tar.gz::snooper-engine.log:32784
117	11	snooper-engine.log	INFO	proxy	REQUEST #739: POST /	1	2026-09-05T01:33:59.485113667Z	/tmp/prysm-r2-extra-logs.Rd7MjT/round2-prysm-geth-117.tar.gz::snooper-engine.log:32883	2026-09-05T01:33:59.485113667Z	/tmp/prysm-r2-extra-logs.Rd7MjT/round2-prysm-geth-117.tar.gz::snooper-engine.log:32883
117	11	snooper-engine.log	INFO	proxy	REQUEST engine_forkchoiceUpdatedV4	8	2026-09-05T01:30:12.017076786Z	/tmp/prysm-r2-extra-logs.Rd7MjT/round2-prysm-geth-117.tar.gz::snooper-engine.log:31423	2026-09-05T01:33:46.521257116Z	/tmp/prysm-r2-extra-logs.Rd7MjT/round2-prysm-geth-117.tar.gz::snooper-engine.log:32807
117	11	snooper-engine.log	INFO	proxy	REQUEST engine_getClientVersionV1	2	2026-09-05T01:30:56.410061496Z	/tmp/prysm-r2-extra-logs.Rd7MjT/round2-prysm-geth-117.tar.gz::snooper-engine.log:31623	2026-09-05T01:32:32.428944614Z	/tmp/prysm-r2-extra-logs.Rd7MjT/round2-prysm-geth-117.tar.gz::snooper-engine.log:32019
117	11	snooper-engine.log	INFO	proxy	REQUEST engine_newPayloadV5	6	2026-09-05T01:33:16.300861543Z	/tmp/prysm-r2-extra-logs.Rd7MjT/round2-prysm-geth-117.tar.gz::snooper-engine.log:32190	2026-09-05T01:33:53.424638156Z	/tmp/prysm-r2-extra-logs.Rd7MjT/round2-prysm-geth-117.tar.gz::snooper-engine.log:32838
117	11	snooper-engine.log	INFO	proxy	RESPONSE	38	2026-09-05T01:30:01.472436489Z	/tmp/prysm-r2-extra-logs.Rd7MjT/round2-prysm-geth-117.tar.gz::snooper-engine.log:31387	2026-09-05T01:33:59.485925884Z	/tmp/prysm-r2-extra-logs.Rd7MjT/round2-prysm-geth-117.tar.gz::snooper-engine.log:32894
117	11	snooper-engine.log	INFO	proxy	fetched execution metadata	5	2026-09-05T01:29:49.287221603Z	/tmp/prysm-r2-extra-logs.Rd7MjT/round2-prysm-geth-117.tar.gz::snooper-engine.log:31375	2026-09-05T01:33:49.287064925Z	/tmp/prysm-r2-extra-logs.Rd7MjT/round2-prysm-geth-117.tar.gz::snooper-engine.log:32837
117	11	validator.log	ERROR	client	Could not check if any validator is a sync committee aggregator	5	2026-09-05T01:30:36.002065764Z	/tmp/prysm-r2-extra-logs.Rd7MjT/round2-prysm-geth-117.tar.gz::validator.log:688	2026-09-05T01:32:36.000918649Z	/tmp/prysm-r2-extra-logs.Rd7MjT/round2-prysm-geth-117.tar.gz::validator.log:1194
117	11	validator.log	ERROR	client	Could not get sync subcommittee index	1	2026-09-05T01:31:36.004459970Z	/tmp/prysm-r2-extra-logs.Rd7MjT/round2-prysm-geth-117.tar.gz::validator.log:937	2026-09-05T01:31:36.004459970Z	/tmp/prysm-r2-extra-logs.Rd7MjT/round2-prysm-geth-117.tar.gz::validator.log:937
117	11	validator.log	ERROR	client	Could not request attestation to sign at slot	495	2026-09-05T01:30:36.002128723Z	/tmp/prysm-r2-extra-logs.Rd7MjT/round2-prysm-geth-117.tar.gz::validator.log:689	2026-09-05T01:32:48.014527658Z	/tmp/prysm-r2-extra-logs.Rd7MjT/round2-prysm-geth-117.tar.gz::validator.log:1355
117	11	validator.log	ERROR	client	Could not request payload attestation data	23	2026-09-05T01:30:36.002168672Z	/tmp/prysm-r2-extra-logs.Rd7MjT/round2-prysm-geth-117.tar.gz::validator.log:692	2026-09-05T01:32:36.005695744Z	/tmp/prysm-r2-extra-logs.Rd7MjT/round2-prysm-geth-117.tar.gz::validator.log:1221
117	11	validator.log	ERROR	client	Could not request sync message block root to sign	12	2026-09-05T01:30:36.002134345Z	/tmp/prysm-r2-extra-logs.Rd7MjT/round2-prysm-geth-117.tar.gz::validator.log:690	2026-09-05T01:32:36.004887311Z	/tmp/prysm-r2-extra-logs.Rd7MjT/round2-prysm-geth-117.tar.gz::validator.log:1202
117	11	validator.log	ERROR	client	Could not sign aggregate and proof	1	2026-09-05T01:31:24.001403986Z	/tmp/prysm-r2-extra-logs.Rd7MjT/round2-prysm-geth-117.tar.gz::validator.log:929	2026-09-05T01:31:24.001403986Z	/tmp/prysm-r2-extra-logs.Rd7MjT/round2-prysm-geth-117.tar.gz::validator.log:929
117	11	validator.log	ERROR	client	Could not submit aggregate selection proof to beacon node	15	2026-09-05T01:30:36.010334545Z	/tmp/prysm-r2-extra-logs.Rd7MjT/round2-prysm-geth-117.tar.gz::validator.log:720	2026-09-05T01:33:00.001369277Z	/tmp/prysm-r2-extra-logs.Rd7MjT/round2-prysm-geth-117.tar.gz::validator.log:1361
117	11	validator.log	ERROR	client	Could not submit attestation to beacon node	79	2026-09-05T01:32:00.004373886Z	/tmp/prysm-r2-extra-logs.Rd7MjT/round2-prysm-geth-117.tar.gz::validator.log:1018	2026-09-05T01:32:00.010990391Z	/tmp/prysm-r2-extra-logs.Rd7MjT/round2-prysm-geth-117.tar.gz::validator.log:1102
117	11	validator.log	ERROR	client	Failed to sign randao reveal	1	2026-09-05T01:32:24.012453541Z	/tmp/prysm-r2-extra-logs.Rd7MjT/round2-prysm-geth-117.tar.gz::validator.log:1130	2026-09-05T01:32:24.012453541Z	/tmp/prysm-r2-extra-logs.Rd7MjT/round2-prysm-geth-117.tar.gz::validator.log:1130
117	11	validator.log	INFO	client	Duties schedule	32	2026-09-05T01:30:04.384585229Z	/tmp/prysm-r2-extra-logs.Rd7MjT/round2-prysm-geth-117.tar.gz::validator.log:650	2026-09-05T01:30:04.397672019Z	/tmp/prysm-r2-extra-logs.Rd7MjT/round2-prysm-geth-117.tar.gz::validator.log:681
117	11	validator.log	INFO	client	Schedule for epoch 0	1	2026-09-05T01:30:04.384506696Z	/tmp/prysm-r2-extra-logs.Rd7MjT/round2-prysm-geth-117.tar.gz::validator.log:649	2026-09-05T01:30:04.384506696Z	/tmp/prysm-r2-extra-logs.Rd7MjT/round2-prysm-geth-117.tar.gz::validator.log:649
117	11	validator.log	INFO	client	Skipping payload attestation: no block for slot	21	2026-09-05T01:30:45.225120983Z	/tmp/prysm-r2-extra-logs.Rd7MjT/round2-prysm-geth-117.tar.gz::validator.log:764	2026-09-05T01:33:57.169726329Z	/tmp/prysm-r2-extra-logs.Rd7MjT/round2-prysm-geth-117.tar.gz::validator.log:1383
117	11	validator.log	INFO	client	Submitted new aggregate attestations	7	2026-09-05T01:30:08.023625337Z	/tmp/prysm-r2-extra-logs.Rd7MjT/round2-prysm-geth-117.tar.gz::validator.log:683	2026-09-05T01:33:57.170343042Z	/tmp/prysm-r2-extra-logs.Rd7MjT/round2-prysm-geth-117.tar.gz::validator.log:1385
117	11	validator.log	INFO	client	Submitted new attestations	12	2026-09-05T01:30:08.023546481Z	/tmp/prysm-r2-extra-logs.Rd7MjT/round2-prysm-geth-117.tar.gz::validator.log:682	2026-09-05T01:33:57.170289532Z	/tmp/prysm-r2-extra-logs.Rd7MjT/round2-prysm-geth-117.tar.gz::validator.log:1384
117	11	validator.log	INFO	client	Submitted payload attestations	2	2026-09-05T01:33:22.022704021Z	/tmp/prysm-r2-extra-logs.Rd7MjT/round2-prysm-geth-117.tar.gz::validator.log:1371	2026-09-05T01:33:33.292740581Z	/tmp/prysm-r2-extra-logs.Rd7MjT/round2-prysm-geth-117.tar.gz::validator.log:1375
117	11	validator.log	INFO	client	Submitted sync committee messages	14	2026-09-05T01:30:08.023632775Z	/tmp/prysm-r2-extra-logs.Rd7MjT/round2-prysm-geth-117.tar.gz::validator.log:684	2026-09-05T01:33:57.170350855Z	/tmp/prysm-r2-extra-logs.Rd7MjT/round2-prysm-geth-117.tar.gz::validator.log:1386
117	11	validator.log	WARN	client	Could not get signed attestation data for aggregation	12	2026-09-05T01:30:36.010289616Z	/tmp/prysm-r2-extra-logs.Rd7MjT/round2-prysm-geth-117.tar.gz::validator.log:719	2026-09-05T01:32:48.011165077Z	/tmp/prysm-r2-extra-logs.Rd7MjT/round2-prysm-geth-117.tar.gz::validator.log:1331
117	11	validator.log	WARN	client	No attestations to aggregate	5	2026-09-05T01:31:45.135056442Z	/tmp/prysm-r2-extra-logs.Rd7MjT/round2-prysm-geth-117.tar.gz::validator.log:1010	2026-09-05T01:32:08.007092478Z	/tmp/prysm-r2-extra-logs.Rd7MjT/round2-prysm-geth-117.tar.gz::validator.log:1105
118	5	beacon.log	ERROR	execution	Beacon node is not respecting the follow distance. EL client is syncing.	14	2026-09-05T01:30:01.871907121Z	/tmp/prysm-r2-extra-logs.Rd7MjT/round2-prysm-geth-118.tar.gz::beacon.log:515	2026-09-05T01:33:04.193725495Z	/tmp/prysm-r2-extra-logs.Rd7MjT/round2-prysm-geth-118.tar.gz::beacon.log:545
118	5	beacon.log	ERROR	rpc/validator	Could not build block	1	2026-09-05T01:31:14.527478983Z	/tmp/prysm-r2-extra-logs.Rd7MjT/round2-prysm-geth-118.tar.gz::beacon.log:528	2026-09-05T01:31:14.527478983Z	/tmp/prysm-r2-extra-logs.Rd7MjT/round2-prysm-geth-118.tar.gz::beacon.log:528
118	5	beacon.log	ERROR	rpc/validator	Could not pack deposits and attestations	1	2026-09-05T01:31:28.842353037Z	/tmp/prysm-r2-extra-logs.Rd7MjT/round2-prysm-geth-118.tar.gz::beacon.log:532	2026-09-05T01:31:28.842353037Z	/tmp/prysm-r2-extra-logs.Rd7MjT/round2-prysm-geth-118.tar.gz::beacon.log:532
118	5	beacon.log	INFO	slots	10s until chain genesis	1	2026-09-05T01:29:49.221014365Z	/tmp/prysm-r2-extra-logs.Rd7MjT/round2-prysm-geth-118.tar.gz::beacon.log:355	2026-09-05T01:29:49.221014365Z	/tmp/prysm-r2-extra-logs.Rd7MjT/round2-prysm-geth-118.tar.gz::beacon.log:355
118	5	beacon.log	INFO	slots	11s until chain genesis	1	2026-09-05T01:29:48.220670946Z	/tmp/prysm-r2-extra-logs.Rd7MjT/round2-prysm-geth-118.tar.gz::beacon.log:354	2026-09-05T01:29:48.220670946Z	/tmp/prysm-r2-extra-logs.Rd7MjT/round2-prysm-geth-118.tar.gz::beacon.log:354
118	5	beacon.log	INFO	slots	1s until chain genesis	1	2026-09-05T01:29:58.221523110Z	/tmp/prysm-r2-extra-logs.Rd7MjT/round2-prysm-geth-118.tar.gz::beacon.log:364	2026-09-05T01:29:58.221523110Z	/tmp/prysm-r2-extra-logs.Rd7MjT/round2-prysm-geth-118.tar.gz::beacon.log:364
118	5	beacon.log	INFO	slots	2s until chain genesis	1	2026-09-05T01:29:57.221513810Z	/tmp/prysm-r2-extra-logs.Rd7MjT/round2-prysm-geth-118.tar.gz::beacon.log:363	2026-09-05T01:29:57.221513810Z	/tmp/prysm-r2-extra-logs.Rd7MjT/round2-prysm-geth-118.tar.gz::beacon.log:363
118	5	beacon.log	INFO	slots	3s until chain genesis	1	2026-09-05T01:29:56.220828922Z	/tmp/prysm-r2-extra-logs.Rd7MjT/round2-prysm-geth-118.tar.gz::beacon.log:362	2026-09-05T01:29:56.220828922Z	/tmp/prysm-r2-extra-logs.Rd7MjT/round2-prysm-geth-118.tar.gz::beacon.log:362
118	5	beacon.log	INFO	slots	4s until chain genesis	1	2026-09-05T01:29:55.220994210Z	/tmp/prysm-r2-extra-logs.Rd7MjT/round2-prysm-geth-118.tar.gz::beacon.log:361	2026-09-05T01:29:55.220994210Z	/tmp/prysm-r2-extra-logs.Rd7MjT/round2-prysm-geth-118.tar.gz::beacon.log:361
118	5	beacon.log	INFO	slots	5s until chain genesis	1	2026-09-05T01:29:54.220885580Z	/tmp/prysm-r2-extra-logs.Rd7MjT/round2-prysm-geth-118.tar.gz::beacon.log:360	2026-09-05T01:29:54.220885580Z	/tmp/prysm-r2-extra-logs.Rd7MjT/round2-prysm-geth-118.tar.gz::beacon.log:360
118	5	beacon.log	INFO	slots	6s until chain genesis	1	2026-09-05T01:29:53.221639055Z	/tmp/prysm-r2-extra-logs.Rd7MjT/round2-prysm-geth-118.tar.gz::beacon.log:359	2026-09-05T01:29:53.221639055Z	/tmp/prysm-r2-extra-logs.Rd7MjT/round2-prysm-geth-118.tar.gz::beacon.log:359
118	5	beacon.log	INFO	slots	7s until chain genesis	1	2026-09-05T01:29:52.220909600Z	/tmp/prysm-r2-extra-logs.Rd7MjT/round2-prysm-geth-118.tar.gz::beacon.log:358	2026-09-05T01:29:52.220909600Z	/tmp/prysm-r2-extra-logs.Rd7MjT/round2-prysm-geth-118.tar.gz::beacon.log:358
118	5	beacon.log	INFO	slots	8s until chain genesis	1	2026-09-05T01:29:51.221010727Z	/tmp/prysm-r2-extra-logs.Rd7MjT/round2-prysm-geth-118.tar.gz::beacon.log:357	2026-09-05T01:29:51.221010727Z	/tmp/prysm-r2-extra-logs.Rd7MjT/round2-prysm-geth-118.tar.gz::beacon.log:357
118	5	beacon.log	INFO	slots	9s until chain genesis	1	2026-09-05T01:29:50.221004951Z	/tmp/prysm-r2-extra-logs.Rd7MjT/round2-prysm-geth-118.tar.gz::beacon.log:356	2026-09-05T01:29:50.221004951Z	/tmp/prysm-r2-extra-logs.Rd7MjT/round2-prysm-geth-118.tar.gz::beacon.log:356
118	5	beacon.log	INFO	rpc/validator	Building block	1	2026-09-05T01:31:10.119967431Z	/tmp/prysm-r2-extra-logs.Rd7MjT/round2-prysm-geth-118.tar.gz::beacon.log:524	2026-09-05T01:31:10.119967431Z	/tmp/prysm-r2-extra-logs.Rd7MjT/round2-prysm-geth-118.tar.gz::beacon.log:524
118	5	beacon.log	INFO	slots	Chain genesis time reached	1	2026-09-05T01:30:00.220592280Z	/tmp/prysm-r2-extra-logs.Rd7MjT/round2-prysm-geth-118.tar.gz::beacon.log:514	2026-09-05T01:30:00.220592280Z	/tmp/prysm-r2-extra-logs.Rd7MjT/round2-prysm-geth-118.tar.gz::beacon.log:514
118	5	beacon.log	INFO	blockchain	Chain reorg occurred	5	2026-09-05T01:30:12.001819436Z	/tmp/prysm-r2-extra-logs.Rd7MjT/round2-prysm-geth-118.tar.gz::beacon.log:516	2026-09-05T01:33:36.410479318Z	/tmp/prysm-r2-extra-logs.Rd7MjT/round2-prysm-geth-118.tar.gz::beacon.log:556
118	5	beacon.log	INFO	p2p	Connected peers	4	2026-09-05T01:30:40.259027347Z	/tmp/prysm-r2-extra-logs.Rd7MjT/round2-prysm-geth-118.tar.gz::beacon.log:520	2026-09-05T01:33:40.247659700Z	/tmp/prysm-r2-extra-logs.Rd7MjT/round2-prysm-geth-118.tar.gz::beacon.log:557
118	5	beacon.log	INFO	blockchain	Finished applying state transition	4	2026-09-05T01:33:02.777306678Z	/tmp/prysm-r2-extra-logs.Rd7MjT/round2-prysm-geth-118.tar.gz::beacon.log:544	2026-09-05T01:33:50.087146783Z	/tmp/prysm-r2-extra-logs.Rd7MjT/round2-prysm-geth-118.tar.gz::beacon.log:560
118	5	beacon.log	INFO	blockchain	Forkchoice updated with payload attributes for proposal	1	2026-09-05T01:30:58.010429458Z	/tmp/prysm-r2-extra-logs.Rd7MjT/round2-prysm-geth-118.tar.gz::beacon.log:522	2026-09-05T01:30:58.010429458Z	/tmp/prysm-r2-extra-logs.Rd7MjT/round2-prysm-geth-118.tar.gz::beacon.log:522
118	5	beacon.log	INFO	execution	Graffiti includes client version info appended after user graffiti	1	2026-09-05T01:31:10.137014162Z	/tmp/prysm-r2-extra-logs.Rd7MjT/round2-prysm-geth-118.tar.gz::beacon.log:525	2026-09-05T01:31:10.137014162Z	/tmp/prysm-r2-extra-logs.Rd7MjT/round2-prysm-geth-118.tar.gz::beacon.log:525
118	5	beacon.log	INFO	sync	Skipping pending block already being processed	2	2026-09-05T01:33:28.237470912Z	/tmp/prysm-r2-extra-logs.Rd7MjT/round2-prysm-geth-118.tar.gz::beacon.log:552	2026-09-05T01:33:48.238389970Z	/tmp/prysm-r2-extra-logs.Rd7MjT/round2-prysm-geth-118.tar.gz::beacon.log:558
118	5	beacon.log	INFO	sync	Subscribed to	148	2026-09-05T01:30:00.005627962Z	/tmp/prysm-r2-extra-logs.Rd7MjT/round2-prysm-geth-118.tar.gz::beacon.log:366	2026-09-05T01:30:00.121144067Z	/tmp/prysm-r2-extra-logs.Rd7MjT/round2-prysm-geth-118.tar.gz::beacon.log:513
118	5	beacon.log	INFO	blockchain	Synced execution payload envelope	5	2026-09-05T01:33:06.532045563Z	/tmp/prysm-r2-extra-logs.Rd7MjT/round2-prysm-geth-118.tar.gz::beacon.log:546	2026-09-05T01:33:51.819865463Z	/tmp/prysm-r2-extra-logs.Rd7MjT/round2-prysm-geth-118.tar.gz::beacon.log:562
118	5	beacon.log	INFO	blockchain	Synced new block	4	2026-09-05T01:33:02.773384723Z	/tmp/prysm-r2-extra-logs.Rd7MjT/round2-prysm-geth-118.tar.gz::beacon.log:543	2026-09-05T01:33:50.087062792Z	/tmp/prysm-r2-extra-logs.Rd7MjT/round2-prysm-geth-118.tar.gz::beacon.log:559
118	5	beacon.log	INFO	p2p	Updating ENR Fork ID	1	2026-09-05T01:30:00.001037420Z	/tmp/prysm-r2-extra-logs.Rd7MjT/round2-prysm-geth-118.tar.gz::beacon.log:365	2026-09-05T01:30:00.001037420Z	/tmp/prysm-r2-extra-logs.Rd7MjT/round2-prysm-geth-118.tar.gz::beacon.log:365
118	5	beacon.log	WARN	rpc/validator	Could not get local payload, falling back to P2P bid	1	2026-09-05T01:31:12.011576954Z	/tmp/prysm-r2-extra-logs.Rd7MjT/round2-prysm-geth-118.tar.gz::beacon.log:527	2026-09-05T01:31:12.011576954Z	/tmp/prysm-r2-extra-logs.Rd7MjT/round2-prysm-geth-118.tar.gz::beacon.log:527
118	5	beacon.log	WARN	p2p	Sync Committee Message is too old to broadcast, discarding it	3	2026-09-05T01:31:22.033886262Z	/tmp/prysm-r2-extra-logs.Rd7MjT/round2-prysm-geth-118.tar.gz::beacon.log:530	2026-09-05T01:32:27.021791742Z	/tmp/prysm-r2-extra-logs.Rd7MjT/round2-prysm-geth-118.tar.gz::beacon.log:539
118	5	beacon.log	WARN	rpc/validator	Voting period before genesis + follow distance, using eth1data from head	1	2026-09-05T01:31:12.007536199Z	/tmp/prysm-r2-extra-logs.Rd7MjT/round2-prysm-geth-118.tar.gz::beacon.log:526	2026-09-05T01:31:12.007536199Z	/tmp/prysm-r2-extra-logs.Rd7MjT/round2-prysm-geth-118.tar.gz::beacon.log:526
118	5	execution.log	INFO	geth	Chain head was updated	5	2026-09-05T01:33:05.433639596Z	/tmp/prysm-r2-extra-logs.Rd7MjT/round2-prysm-geth-118.tar.gz::execution.log:93	2026-09-05T01:33:36.593678582Z	/tmp/prysm-r2-extra-logs.Rd7MjT/round2-prysm-geth-118.tar.gz::execution.log:107
118	5	execution.log	INFO	geth	Chain reorg detected	2	2026-09-05T01:33:19.476108326Z	/tmp/prysm-r2-extra-logs.Rd7MjT/round2-prysm-geth-118.tar.gz::execution.log:97	2026-09-05T01:33:24.913537905Z	/tmp/prysm-r2-extra-logs.Rd7MjT/round2-prysm-geth-118.tar.gz::execution.log:100
118	5	execution.log	INFO	geth	Imported new potential chain segment	4	2026-09-05T01:33:04.630911158Z	/tmp/prysm-r2-extra-logs.Rd7MjT/round2-prysm-geth-118.tar.gz::execution.log:92	2026-09-05T01:33:50.583152655Z	/tmp/prysm-r2-extra-logs.Rd7MjT/round2-prysm-geth-118.tar.gz::execution.log:109
118	5	execution.log	INFO	geth	Indexed transactions	1	2026-09-05T01:33:05.437573374Z	/tmp/prysm-r2-extra-logs.Rd7MjT/round2-prysm-geth-118.tar.gz::execution.log:95	2026-09-05T01:33:05.437573374Z	/tmp/prysm-r2-extra-logs.Rd7MjT/round2-prysm-geth-118.tar.gz::execution.log:95
118	5	execution.log	INFO	geth	Shorten chain	1	2026-09-05T01:33:36.590198939Z	/tmp/prysm-r2-extra-logs.Rd7MjT/round2-prysm-geth-118.tar.gz::execution.log:106	2026-09-05T01:33:36.590198939Z	/tmp/prysm-r2-extra-logs.Rd7MjT/round2-prysm-geth-118.tar.gz::execution.log:106
118	5	execution.log	INFO	geth	Starting work on payload	1	2026-09-05T01:30:52.340504268Z	/tmp/prysm-r2-extra-logs.Rd7MjT/round2-prysm-geth-118.tar.gz::execution.log:88	2026-09-05T01:30:52.340504268Z	/tmp/prysm-r2-extra-logs.Rd7MjT/round2-prysm-geth-118.tar.gz::execution.log:88
118	5	execution.log	INFO	geth	Stopping work on payload	1	2026-09-05T01:31:04.341775835Z	/tmp/prysm-r2-extra-logs.Rd7MjT/round2-prysm-geth-118.tar.gz::execution.log:90	2026-09-05T01:31:04.341775835Z	/tmp/prysm-r2-extra-logs.Rd7MjT/round2-prysm-geth-118.tar.gz::execution.log:90
118	5	execution.log	INFO	geth	Updated payload	1	2026-09-05T01:30:52.341405824Z	/tmp/prysm-r2-extra-logs.Rd7MjT/round2-prysm-geth-118.tar.gz::execution.log:89	2026-09-05T01:30:52.341405824Z	/tmp/prysm-r2-extra-logs.Rd7MjT/round2-prysm-geth-118.tar.gz::execution.log:89
118	5	execution.log	WARN	geth	Beacon client online, but no consensus updates received in a while. Please fix your beacon client to follow the chain!	1	2026-09-05T01:32:56.895518084Z	/tmp/prysm-r2-extra-logs.Rd7MjT/round2-prysm-geth-118.tar.gz::execution.log:91	2026-09-05T01:32:56.895518084Z	/tmp/prysm-r2-extra-logs.Rd7MjT/round2-prysm-geth-118.tar.gz::execution.log:91
118	5	execution.log	WARN	geth	Ignoring already known beacon payload	1	2026-09-05T01:33:51.817719350Z	/tmp/prysm-r2-extra-logs.Rd7MjT/round2-prysm-geth-118.tar.gz::execution.log:110	2026-09-05T01:33:51.817719350Z	/tmp/prysm-r2-extra-logs.Rd7MjT/round2-prysm-geth-118.tar.gz::execution.log:110
118	5	execution.log	WARN	geth	Nil finalized block cannot evict old blobs	5	2026-09-05T01:33:05.433962841Z	/tmp/prysm-r2-extra-logs.Rd7MjT/round2-prysm-geth-118.tar.gz::execution.log:94	2026-09-05T01:33:36.593713826Z	/tmp/prysm-r2-extra-logs.Rd7MjT/round2-prysm-geth-118.tar.gz::execution.log:108
118	5	snooper-engine.log	INFO	proxy	REQUEST #702: POST /	1	2026-09-05T01:30:01.870460731Z	/tmp/prysm-r2-extra-logs.Rd7MjT/round2-prysm-geth-118.tar.gz::snooper-engine.log:31350	2026-09-05T01:30:01.870460731Z	/tmp/prysm-r2-extra-logs.Rd7MjT/round2-prysm-geth-118.tar.gz::snooper-engine.log:31350
118	5	snooper-engine.log	INFO	proxy	REQUEST #704: POST /	1	2026-09-05T01:30:15.872614037Z	/tmp/prysm-r2-extra-logs.Rd7MjT/round2-prysm-geth-118.tar.gz::snooper-engine.log:31426	2026-09-05T01:30:15.872614037Z	/tmp/prysm-r2-extra-logs.Rd7MjT/round2-prysm-geth-118.tar.gz::snooper-engine.log:31426
118	5	snooper-engine.log	INFO	proxy	REQUEST #706: POST /	1	2026-09-05T01:30:33.197929596Z	/tmp/prysm-r2-extra-logs.Rd7MjT/round2-prysm-geth-118.tar.gz::snooper-engine.log:31502	2026-09-05T01:30:33.197929596Z	/tmp/prysm-r2-extra-logs.Rd7MjT/round2-prysm-geth-118.tar.gz::snooper-engine.log:31502
118	5	snooper-engine.log	INFO	proxy	REQUEST #707: POST /	1	2026-09-05T01:30:46.007643072Z	/tmp/prysm-r2-extra-logs.Rd7MjT/round2-prysm-geth-118.tar.gz::snooper-engine.log:31549	2026-09-05T01:30:46.007643072Z	/tmp/prysm-r2-extra-logs.Rd7MjT/round2-prysm-geth-118.tar.gz::snooper-engine.log:31549
118	5	snooper-engine.log	INFO	proxy	REQUEST #710: POST /	1	2026-09-05T01:31:01.070301806Z	/tmp/prysm-r2-extra-logs.Rd7MjT/round2-prysm-geth-118.tar.gz::snooper-engine.log:31663	2026-09-05T01:31:01.070301806Z	/tmp/prysm-r2-extra-logs.Rd7MjT/round2-prysm-geth-118.tar.gz::snooper-engine.log:31663
118	5	snooper-engine.log	INFO	proxy	REQUEST #712: POST /	1	2026-09-05T01:31:12.011397135Z	/tmp/prysm-r2-extra-logs.Rd7MjT/round2-prysm-geth-118.tar.gz::snooper-engine.log:31757	2026-09-05T01:31:12.011397135Z	/tmp/prysm-r2-extra-logs.Rd7MjT/round2-prysm-geth-118.tar.gz::snooper-engine.log:31757
118	5	snooper-engine.log	INFO	proxy	REQUEST #713: POST /	1	2026-09-05T01:31:25.860660608Z	/tmp/prysm-r2-extra-logs.Rd7MjT/round2-prysm-geth-118.tar.gz::snooper-engine.log:31804	2026-09-05T01:31:25.860660608Z	/tmp/prysm-r2-extra-logs.Rd7MjT/round2-prysm-geth-118.tar.gz::snooper-engine.log:31804
118	5	snooper-engine.log	INFO	proxy	REQUEST #714: POST /	1	2026-09-05T01:31:39.862292111Z	/tmp/prysm-r2-extra-logs.Rd7MjT/round2-prysm-geth-118.tar.gz::snooper-engine.log:31851	2026-09-05T01:31:39.862292111Z	/tmp/prysm-r2-extra-logs.Rd7MjT/round2-prysm-geth-118.tar.gz::snooper-engine.log:31851
118	5	snooper-engine.log	INFO	proxy	REQUEST #715: POST /	1	2026-09-05T01:31:53.868224754Z	/tmp/prysm-r2-extra-logs.Rd7MjT/round2-prysm-geth-118.tar.gz::snooper-engine.log:31899	2026-09-05T01:31:53.868224754Z	/tmp/prysm-r2-extra-logs.Rd7MjT/round2-prysm-geth-118.tar.gz::snooper-engine.log:31899
118	5	snooper-engine.log	INFO	proxy	REQUEST #716: POST /	1	2026-09-05T01:32:08.023724449Z	/tmp/prysm-r2-extra-logs.Rd7MjT/round2-prysm-geth-118.tar.gz::snooper-engine.log:31946	2026-09-05T01:32:08.023724449Z	/tmp/prysm-r2-extra-logs.Rd7MjT/round2-prysm-geth-118.tar.gz::snooper-engine.log:31946
118	5	snooper-engine.log	INFO	proxy	REQUEST #717: POST /	1	2026-09-05T01:32:21.855035431Z	/tmp/prysm-r2-extra-logs.Rd7MjT/round2-prysm-geth-118.tar.gz::snooper-engine.log:31993	2026-09-05T01:32:21.855035431Z	/tmp/prysm-r2-extra-logs.Rd7MjT/round2-prysm-geth-118.tar.gz::snooper-engine.log:31993
118	5	snooper-engine.log	INFO	proxy	REQUEST #719: POST /	1	2026-09-05T01:32:39.020465421Z	/tmp/prysm-r2-extra-logs.Rd7MjT/round2-prysm-geth-118.tar.gz::snooper-engine.log:32069	2026-09-05T01:32:39.020465421Z	/tmp/prysm-r2-extra-logs.Rd7MjT/round2-prysm-geth-118.tar.gz::snooper-engine.log:32069
118	5	snooper-engine.log	INFO	proxy	REQUEST #720: POST /	1	2026-09-05T01:32:49.856270781Z	/tmp/prysm-r2-extra-logs.Rd7MjT/round2-prysm-geth-118.tar.gz::snooper-engine.log:32116	2026-09-05T01:32:49.856270781Z	/tmp/prysm-r2-extra-logs.Rd7MjT/round2-prysm-geth-118.tar.gz::snooper-engine.log:32116
118	5	snooper-engine.log	INFO	proxy	REQUEST #721: POST /	1	2026-09-05T01:33:03.865411329Z	/tmp/prysm-r2-extra-logs.Rd7MjT/round2-prysm-geth-118.tar.gz::snooper-engine.log:32164	2026-09-05T01:33:03.865411329Z	/tmp/prysm-r2-extra-logs.Rd7MjT/round2-prysm-geth-118.tar.gz::snooper-engine.log:32164
118	5	snooper-engine.log	INFO	proxy	REQUEST #725: POST /	1	2026-09-05T01:33:09.126337743Z	/tmp/prysm-r2-extra-logs.Rd7MjT/round2-prysm-geth-118.tar.gz::snooper-engine.log:32309	2026-09-05T01:33:09.126337743Z	/tmp/prysm-r2-extra-logs.Rd7MjT/round2-prysm-geth-118.tar.gz::snooper-engine.log:32309
118	5	snooper-engine.log	INFO	proxy	REQUEST #726: POST /	1	2026-09-05T01:33:17.974811189Z	/tmp/prysm-r2-extra-logs.Rd7MjT/round2-prysm-geth-118.tar.gz::snooper-engine.log:32360	2026-09-05T01:33:17.974811189Z	/tmp/prysm-r2-extra-logs.Rd7MjT/round2-prysm-geth-118.tar.gz::snooper-engine.log:32360
118	5	snooper-engine.log	INFO	proxy	REQUEST #727: POST /	1	2026-09-05T01:33:18.138429786Z	/tmp/prysm-r2-extra-logs.Rd7MjT/round2-prysm-geth-118.tar.gz::snooper-engine.log:32407	2026-09-05T01:33:18.138429786Z	/tmp/prysm-r2-extra-logs.Rd7MjT/round2-prysm-geth-118.tar.gz::snooper-engine.log:32407
118	5	snooper-engine.log	INFO	proxy	REQUEST #728: POST /	1	2026-09-05T01:33:18.254651254Z	/tmp/prysm-r2-extra-logs.Rd7MjT/round2-prysm-geth-118.tar.gz::snooper-engine.log:32454	2026-09-05T01:33:18.254651254Z	/tmp/prysm-r2-extra-logs.Rd7MjT/round2-prysm-geth-118.tar.gz::snooper-engine.log:32454
118	5	snooper-engine.log	INFO	proxy	REQUEST #735: POST /	1	2026-09-05T01:33:30.157796145Z	/tmp/prysm-r2-extra-logs.Rd7MjT/round2-prysm-geth-118.tar.gz::snooper-engine.log:32677	2026-09-05T01:33:30.157796145Z	/tmp/prysm-r2-extra-logs.Rd7MjT/round2-prysm-geth-118.tar.gz::snooper-engine.log:32677
118	5	snooper-engine.log	INFO	proxy	REQUEST #736: POST /	1	2026-09-05T01:33:31.885305804Z	/tmp/prysm-r2-extra-logs.Rd7MjT/round2-prysm-geth-118.tar.gz::snooper-engine.log:32728	2026-09-05T01:33:31.885305804Z	/tmp/prysm-r2-extra-logs.Rd7MjT/round2-prysm-geth-118.tar.gz::snooper-engine.log:32728
118	5	snooper-engine.log	INFO	proxy	REQUEST #737: POST /	1	2026-09-05T01:33:32.018230177Z	/tmp/prysm-r2-extra-logs.Rd7MjT/round2-prysm-geth-118.tar.gz::snooper-engine.log:32775	2026-09-05T01:33:32.018230177Z	/tmp/prysm-r2-extra-logs.Rd7MjT/round2-prysm-geth-118.tar.gz::snooper-engine.log:32775
118	5	snooper-engine.log	INFO	proxy	REQUEST #738: POST /	1	2026-09-05T01:33:32.206530318Z	/tmp/prysm-r2-extra-logs.Rd7MjT/round2-prysm-geth-118.tar.gz::snooper-engine.log:32822	2026-09-05T01:33:32.206530318Z	/tmp/prysm-r2-extra-logs.Rd7MjT/round2-prysm-geth-118.tar.gz::snooper-engine.log:32822
118	5	snooper-engine.log	INFO	proxy	REQUEST #740: POST /	1	2026-09-05T01:33:45.861804352Z	/tmp/prysm-r2-extra-logs.Rd7MjT/round2-prysm-geth-118.tar.gz::snooper-engine.log:32875	2026-09-05T01:33:45.861804352Z	/tmp/prysm-r2-extra-logs.Rd7MjT/round2-prysm-geth-118.tar.gz::snooper-engine.log:32875
118	5	snooper-engine.log	INFO	proxy	REQUEST #743: POST /	1	2026-09-05T01:33:59.861597510Z	/tmp/prysm-r2-extra-logs.Rd7MjT/round2-prysm-geth-118.tar.gz::snooper-engine.log:33012	2026-09-05T01:33:59.861597510Z	/tmp/prysm-r2-extra-logs.Rd7MjT/round2-prysm-geth-118.tar.gz::snooper-engine.log:33012
118	5	snooper-engine.log	INFO	proxy	REQUEST engine_forkchoiceUpdatedV4	8	2026-09-05T01:30:12.006634571Z	/tmp/prysm-r2-extra-logs.Rd7MjT/round2-prysm-geth-118.tar.gz::snooper-engine.log:31397	2026-09-05T01:33:36.593669274Z	/tmp/prysm-r2-extra-logs.Rd7MjT/round2-prysm-geth-118.tar.gz::snooper-engine.log:32845
118	5	snooper-engine.log	INFO	proxy	REQUEST engine_getClientVersionV1	2	2026-09-05T01:30:55.272276328Z	/tmp/prysm-r2-extra-logs.Rd7MjT/round2-prysm-geth-118.tar.gz::snooper-engine.log:31634	2026-09-05T01:32:31.257109961Z	/tmp/prysm-r2-extra-logs.Rd7MjT/round2-prysm-geth-118.tar.gz::snooper-engine.log:32040
118	5	snooper-engine.log	INFO	proxy	REQUEST engine_getPayloadBodiesByHashV2	2	2026-09-05T01:33:09.106662576Z	/tmp/prysm-r2-extra-logs.Rd7MjT/round2-prysm-geth-118.tar.gz::snooper-engine.log:32284	2026-09-05T01:33:30.154315550Z	/tmp/prysm-r2-extra-logs.Rd7MjT/round2-prysm-geth-118.tar.gz::snooper-engine.log:32652
118	5	snooper-engine.log	INFO	proxy	REQUEST engine_getPayloadV6	1	2026-09-05T01:31:10.137762191Z	/tmp/prysm-r2-extra-logs.Rd7MjT/round2-prysm-geth-118.tar.gz::snooper-engine.log:31710	2026-09-05T01:31:10.137762191Z	/tmp/prysm-r2-extra-logs.Rd7MjT/round2-prysm-geth-118.tar.gz::snooper-engine.log:31710
118	5	snooper-engine.log	INFO	proxy	REQUEST engine_newPayloadV5	5	2026-09-05T01:33:04.629671106Z	/tmp/prysm-r2-extra-logs.Rd7MjT/round2-prysm-geth-118.tar.gz::snooper-engine.log:32211	2026-09-05T01:33:51.817226064Z	/tmp/prysm-r2-extra-logs.Rd7MjT/round2-prysm-geth-118.tar.gz::snooper-engine.log:32966
118	5	snooper-engine.log	INFO	proxy	RESPONSE	42	2026-09-05T01:30:01.870987596Z	/tmp/prysm-r2-extra-logs.Rd7MjT/round2-prysm-geth-118.tar.gz::snooper-engine.log:31361	2026-09-05T01:33:59.861970983Z	/tmp/prysm-r2-extra-logs.Rd7MjT/round2-prysm-geth-118.tar.gz::snooper-engine.log:33023
118	5	snooper-engine.log	INFO	proxy	fetched execution metadata	5	2026-09-05T01:29:53.710148082Z	/tmp/prysm-r2-extra-logs.Rd7MjT/round2-prysm-geth-118.tar.gz::snooper-engine.log:31349	2026-09-05T01:33:53.709289978Z	/tmp/prysm-r2-extra-logs.Rd7MjT/round2-prysm-geth-118.tar.gz::snooper-engine.log:33011
118	5	validator.log	ERROR	client	Could not check if any validator is a sync committee aggregator	8	2026-09-05T01:30:36.000972307Z	/tmp/prysm-r2-extra-logs.Rd7MjT/round2-prysm-geth-118.tar.gz::validator.log:690	2026-09-05T01:32:48.000548295Z	/tmp/prysm-r2-extra-logs.Rd7MjT/round2-prysm-geth-118.tar.gz::validator.log:1865
118	5	validator.log	ERROR	client	Could not get PTC attester domain data	2	2026-09-05T01:33:24.000759605Z	/tmp/prysm-r2-extra-logs.Rd7MjT/round2-prysm-geth-118.tar.gz::validator.log:1953	2026-09-05T01:33:24.001729139Z	/tmp/prysm-r2-extra-logs.Rd7MjT/round2-prysm-geth-118.tar.gz::validator.log:1954
118	5	validator.log	ERROR	client	Could not get sync committee domain data	2	2026-09-05T01:32:00.002720269Z	/tmp/prysm-r2-extra-logs.Rd7MjT/round2-prysm-geth-118.tar.gz::validator.log:1258	2026-09-05T01:32:00.025801258Z	/tmp/prysm-r2-extra-logs.Rd7MjT/round2-prysm-geth-118.tar.gz::validator.log:1351
118	5	validator.log	ERROR	client	Could not get sync subcommittee index	2	2026-09-05T01:31:12.003930059Z	/tmp/prysm-r2-extra-logs.Rd7MjT/round2-prysm-geth-118.tar.gz::validator.log:995	2026-09-05T01:31:24.002559667Z	/tmp/prysm-r2-extra-logs.Rd7MjT/round2-prysm-geth-118.tar.gz::validator.log:1008
118	5	validator.log	ERROR	client	Could not request attestation to sign at slot	660	2026-09-05T01:30:36.001225855Z	/tmp/prysm-r2-extra-logs.Rd7MjT/round2-prysm-geth-118.tar.gz::validator.log:691	2026-09-05T01:32:48.007983213Z	/tmp/prysm-r2-extra-logs.Rd7MjT/round2-prysm-geth-118.tar.gz::validator.log:1937
118	5	validator.log	ERROR	client	Could not request payload attestation data	23	2026-09-05T01:30:24.001697393Z	/tmp/prysm-r2-extra-logs.Rd7MjT/round2-prysm-geth-118.tar.gz::validator.log:686	2026-09-05T01:32:48.001973875Z	/tmp/prysm-r2-extra-logs.Rd7MjT/round2-prysm-geth-118.tar.gz::validator.log:1876
118	5	validator.log	ERROR	client	Could not request sync message block root to sign	18	2026-09-05T01:30:36.006987588Z	/tmp/prysm-r2-extra-logs.Rd7MjT/round2-prysm-geth-118.tar.gz::validator.log:706	2026-09-05T01:32:48.003695923Z	/tmp/prysm-r2-extra-logs.Rd7MjT/round2-prysm-geth-118.tar.gz::validator.log:1881
118	5	validator.log	ERROR	client	Could not sign aggregate and proof	1	2026-09-05T01:33:12.000959792Z	/tmp/prysm-r2-extra-logs.Rd7MjT/round2-prysm-geth-118.tar.gz::validator.log:1947	2026-09-05T01:33:12.000959792Z	/tmp/prysm-r2-extra-logs.Rd7MjT/round2-prysm-geth-118.tar.gz::validator.log:1947
118	5	validator.log	ERROR	client	Could not submit aggregate selection proof to beacon node	18	2026-09-05T01:30:36.001824355Z	/tmp/prysm-r2-extra-logs.Rd7MjT/round2-prysm-geth-118.tar.gz::validator.log:694	2026-09-05T01:32:48.008160529Z	/tmp/prysm-r2-extra-logs.Rd7MjT/round2-prysm-geth-118.tar.gz::validator.log:1940
118	5	validator.log	ERROR	client	Could not submit attestation to beacon node	148	2026-09-05T01:31:12.000598616Z	/tmp/prysm-r2-extra-logs.Rd7MjT/round2-prysm-geth-118.tar.gz::validator.log:934	2026-09-05T01:32:00.045400654Z	/tmp/prysm-r2-extra-logs.Rd7MjT/round2-prysm-geth-118.tar.gz::validator.log:1694
118	5	validator.log	ERROR	client	Could not submit signed aggregate and proof to beacon node	1	2026-09-05T01:33:12.001170149Z	/tmp/prysm-r2-extra-logs.Rd7MjT/round2-prysm-geth-118.tar.gz::validator.log:1948	2026-09-05T01:33:12.001170149Z	/tmp/prysm-r2-extra-logs.Rd7MjT/round2-prysm-geth-118.tar.gz::validator.log:1948
118	5	validator.log	ERROR	client	Could not submit sync committee message	3	2026-09-05T01:31:12.002390459Z	/tmp/prysm-r2-extra-logs.Rd7MjT/round2-prysm-geth-118.tar.gz::validator.log:980	2026-09-05T01:32:24.001113831Z	/tmp/prysm-r2-extra-logs.Rd7MjT/round2-prysm-geth-118.tar.gz::validator.log:1772
118	5	validator.log	ERROR	client	Failed to request block from beacon node	1	2026-09-05T01:31:12.002351287Z	/tmp/prysm-r2-extra-logs.Rd7MjT/round2-prysm-geth-118.tar.gz::validator.log:971	2026-09-05T01:31:12.002351287Z	/tmp/prysm-r2-extra-logs.Rd7MjT/round2-prysm-geth-118.tar.gz::validator.log:971
118	5	validator.log	ERROR	client	failed to propose available attestation	352	2026-09-05T01:32:00.002670082Z	/tmp/prysm-r2-extra-logs.Rd7MjT/round2-prysm-geth-118.tar.gz::validator.log:1257	2026-09-05T01:32:00.045394110Z	/tmp/prysm-r2-extra-logs.Rd7MjT/round2-prysm-geth-118.tar.gz::validator.log:1692
118	5	validator.log	INFO	client	Duties schedule	32	2026-09-05T01:30:02.290503605Z	/tmp/prysm-r2-extra-logs.Rd7MjT/round2-prysm-geth-118.tar.gz::validator.log:650	2026-09-05T01:30:02.306103087Z	/tmp/prysm-r2-extra-logs.Rd7MjT/round2-prysm-geth-118.tar.gz::validator.log:681
118	5	validator.log	INFO	client	Schedule for epoch 0	1	2026-09-05T01:30:02.290435214Z	/tmp/prysm-r2-extra-logs.Rd7MjT/round2-prysm-geth-118.tar.gz::validator.log:649	2026-09-05T01:30:02.290435214Z	/tmp/prysm-r2-extra-logs.Rd7MjT/round2-prysm-geth-118.tar.gz::validator.log:649
118	5	validator.log	INFO	client	Skipping payload attestation: no block for slot	10	2026-09-05T01:31:10.094115071Z	/tmp/prysm-r2-extra-logs.Rd7MjT/round2-prysm-geth-118.tar.gz::validator.log:932	2026-09-05T01:33:57.005978497Z	/tmp/prysm-r2-extra-logs.Rd7MjT/round2-prysm-geth-118.tar.gz::validator.log:1971
118	5	validator.log	INFO	client	Submitted new aggregate attestations	5	2026-09-05T01:33:12.001923678Z	/tmp/prysm-r2-extra-logs.Rd7MjT/round2-prysm-geth-118.tar.gz::validator.log:1950	2026-09-05T01:33:57.005994814Z	/tmp/prysm-r2-extra-logs.Rd7MjT/round2-prysm-geth-118.tar.gz::validator.log:1973
118	5	validator.log	INFO	client	Submitted new attestations	9	2026-09-05T01:30:09.006695508Z	/tmp/prysm-r2-extra-logs.Rd7MjT/round2-prysm-geth-118.tar.gz::validator.log:682	2026-09-05T01:33:57.005983396Z	/tmp/prysm-r2-extra-logs.Rd7MjT/round2-prysm-geth-118.tar.gz::validator.log:1972
118	5	validator.log	INFO	client	Submitted payload attestations	3	2026-09-05T01:30:09.006767134Z	/tmp/prysm-r2-extra-logs.Rd7MjT/round2-prysm-geth-118.tar.gz::validator.log:683	2026-09-05T01:33:34.541307049Z	/tmp/prysm-r2-extra-logs.Rd7MjT/round2-prysm-geth-118.tar.gz::validator.log:1960
118	5	validator.log	INFO	client	Submitted sync committee contributions and proofs	4	2026-09-05T01:30:09.006969403Z	/tmp/prysm-r2-extra-logs.Rd7MjT/round2-prysm-geth-118.tar.gz::validator.log:685	2026-09-05T01:33:57.006004921Z	/tmp/prysm-r2-extra-logs.Rd7MjT/round2-prysm-geth-118.tar.gz::validator.log:1975
118	5	validator.log	INFO	client	Submitted sync committee messages	9	2026-09-05T01:30:09.006935507Z	/tmp/prysm-r2-extra-logs.Rd7MjT/round2-prysm-geth-118.tar.gz::validator.log:684	2026-09-05T01:33:57.006000576Z	/tmp/prysm-r2-extra-logs.Rd7MjT/round2-prysm-geth-118.tar.gz::validator.log:1974
118	5	validator.log	WARN	client	Could not get signed attestation data for aggregation	14	2026-09-05T01:30:36.001470834Z	/tmp/prysm-r2-extra-logs.Rd7MjT/round2-prysm-geth-118.tar.gz::validator.log:693	2026-09-05T01:32:48.008019055Z	/tmp/prysm-r2-extra-logs.Rd7MjT/round2-prysm-geth-118.tar.gz::validator.log:1938
118	5	validator.log	WARN	client	No attestations to aggregate	1	2026-09-05T01:32:56.212649218Z	/tmp/prysm-r2-extra-logs.Rd7MjT/round2-prysm-geth-118.tar.gz::validator.log:1941	2026-09-05T01:32:56.212649218Z	/tmp/prysm-r2-extra-logs.Rd7MjT/round2-prysm-geth-118.tar.gz::validator.log:1941
144	7	beacon.log	ERROR	execution	Beacon node is not respecting the follow distance. EL client is syncing.	15	2026-09-05T01:29:57.484814122Z	/tmp/prysm-r2-extra-logs.Rd7MjT/round2-prysm-geth-144.tar.gz::beacon.log:354	2026-09-05T01:33:27.500828090Z	/tmp/prysm-r2-extra-logs.Rd7MjT/round2-prysm-geth-144.tar.gz::beacon.log:592
144	7	beacon.log	INFO	slots	10s until chain genesis	1	2026-09-05T01:29:49.779651389Z	/tmp/prysm-r2-extra-logs.Rd7MjT/round2-prysm-geth-144.tar.gz::beacon.log:346	2026-09-05T01:29:49.779651389Z	/tmp/prysm-r2-extra-logs.Rd7MjT/round2-prysm-geth-144.tar.gz::beacon.log:346
144	7	beacon.log	INFO	slots	11s until chain genesis	1	2026-09-05T01:29:48.779029334Z	/tmp/prysm-r2-extra-logs.Rd7MjT/round2-prysm-geth-144.tar.gz::beacon.log:344	2026-09-05T01:29:48.779029334Z	/tmp/prysm-r2-extra-logs.Rd7MjT/round2-prysm-geth-144.tar.gz::beacon.log:344
144	7	beacon.log	INFO	slots	1s until chain genesis	1	2026-09-05T01:29:58.779509215Z	/tmp/prysm-r2-extra-logs.Rd7MjT/round2-prysm-geth-144.tar.gz::beacon.log:356	2026-09-05T01:29:58.779509215Z	/tmp/prysm-r2-extra-logs.Rd7MjT/round2-prysm-geth-144.tar.gz::beacon.log:356
144	7	beacon.log	INFO	slots	2s until chain genesis	1	2026-09-05T01:29:57.779819397Z	/tmp/prysm-r2-extra-logs.Rd7MjT/round2-prysm-geth-144.tar.gz::beacon.log:355	2026-09-05T01:29:57.779819397Z	/tmp/prysm-r2-extra-logs.Rd7MjT/round2-prysm-geth-144.tar.gz::beacon.log:355
144	7	beacon.log	INFO	slots	3s until chain genesis	1	2026-09-05T01:29:56.779016530Z	/tmp/prysm-r2-extra-logs.Rd7MjT/round2-prysm-geth-144.tar.gz::beacon.log:353	2026-09-05T01:29:56.779016530Z	/tmp/prysm-r2-extra-logs.Rd7MjT/round2-prysm-geth-144.tar.gz::beacon.log:353
144	7	beacon.log	INFO	slots	4s until chain genesis	1	2026-09-05T01:29:55.779885620Z	/tmp/prysm-r2-extra-logs.Rd7MjT/round2-prysm-geth-144.tar.gz::beacon.log:352	2026-09-05T01:29:55.779885620Z	/tmp/prysm-r2-extra-logs.Rd7MjT/round2-prysm-geth-144.tar.gz::beacon.log:352
144	7	beacon.log	INFO	slots	5s until chain genesis	1	2026-09-05T01:29:54.779851099Z	/tmp/prysm-r2-extra-logs.Rd7MjT/round2-prysm-geth-144.tar.gz::beacon.log:351	2026-09-05T01:29:54.779851099Z	/tmp/prysm-r2-extra-logs.Rd7MjT/round2-prysm-geth-144.tar.gz::beacon.log:351
144	7	beacon.log	INFO	slots	6s until chain genesis	1	2026-09-05T01:29:53.779885336Z	/tmp/prysm-r2-extra-logs.Rd7MjT/round2-prysm-geth-144.tar.gz::beacon.log:350	2026-09-05T01:29:53.779885336Z	/tmp/prysm-r2-extra-logs.Rd7MjT/round2-prysm-geth-144.tar.gz::beacon.log:350
144	7	beacon.log	INFO	slots	7s until chain genesis	1	2026-09-05T01:29:52.779511378Z	/tmp/prysm-r2-extra-logs.Rd7MjT/round2-prysm-geth-144.tar.gz::beacon.log:349	2026-09-05T01:29:52.779511378Z	/tmp/prysm-r2-extra-logs.Rd7MjT/round2-prysm-geth-144.tar.gz::beacon.log:349
144	7	beacon.log	INFO	slots	8s until chain genesis	1	2026-09-05T01:29:51.779802804Z	/tmp/prysm-r2-extra-logs.Rd7MjT/round2-prysm-geth-144.tar.gz::beacon.log:348	2026-09-05T01:29:51.779802804Z	/tmp/prysm-r2-extra-logs.Rd7MjT/round2-prysm-geth-144.tar.gz::beacon.log:348
144	7	beacon.log	INFO	slots	9s until chain genesis	1	2026-09-05T01:29:50.779445411Z	/tmp/prysm-r2-extra-logs.Rd7MjT/round2-prysm-geth-144.tar.gz::beacon.log:347	2026-09-05T01:29:50.779445411Z	/tmp/prysm-r2-extra-logs.Rd7MjT/round2-prysm-geth-144.tar.gz::beacon.log:347
144	7	beacon.log	INFO	slots	Chain genesis time reached	1	2026-09-05T01:30:00.782533976Z	/tmp/prysm-r2-extra-logs.Rd7MjT/round2-prysm-geth-144.tar.gz::beacon.log:506	2026-09-05T01:30:00.782533976Z	/tmp/prysm-r2-extra-logs.Rd7MjT/round2-prysm-geth-144.tar.gz::beacon.log:506
144	7	beacon.log	INFO	blockchain	Chain reorg occurred	5	2026-09-05T01:30:12.001746025Z	/tmp/prysm-r2-extra-logs.Rd7MjT/round2-prysm-geth-144.tar.gz::beacon.log:508	2026-09-05T01:33:46.058211853Z	/tmp/prysm-r2-extra-logs.Rd7MjT/round2-prysm-geth-144.tar.gz::beacon.log:598
144	7	beacon.log	INFO	p2p	Connected peers	5	2026-09-05T01:29:48.797158344Z	/tmp/prysm-r2-extra-logs.Rd7MjT/round2-prysm-geth-144.tar.gz::beacon.log:345	2026-09-05T01:33:48.805704924Z	/tmp/prysm-r2-extra-logs.Rd7MjT/round2-prysm-geth-144.tar.gz::beacon.log:599
144	7	beacon.log	INFO	blockchain	Finished applying state transition	4	2026-09-05T01:33:07.593026311Z	/tmp/prysm-r2-extra-logs.Rd7MjT/round2-prysm-geth-144.tar.gz::beacon.log:528	2026-09-05T01:33:57.943867509Z	/tmp/prysm-r2-extra-logs.Rd7MjT/round2-prysm-geth-144.tar.gz::beacon.log:601
144	7	beacon.log	INFO	blockchain	Forkchoice updated with payload attributes for proposal	1	2026-09-05T01:31:33.750881772Z	/tmp/prysm-r2-extra-logs.Rd7MjT/round2-prysm-geth-144.tar.gz::beacon.log:516	2026-09-05T01:31:33.750881772Z	/tmp/prysm-r2-extra-logs.Rd7MjT/round2-prysm-geth-144.tar.gz::beacon.log:516
144	7	beacon.log	INFO	sync	Skipping pending block already being processed	2	2026-09-05T01:33:04.787037421Z	/tmp/prysm-r2-extra-logs.Rd7MjT/round2-prysm-geth-144.tar.gz::beacon.log:526	2026-09-05T01:33:32.794936368Z	/tmp/prysm-r2-extra-logs.Rd7MjT/round2-prysm-geth-144.tar.gz::beacon.log:594
144	7	beacon.log	INFO	sync	Subscribed to	148	2026-09-05T01:30:00.002645197Z	/tmp/prysm-r2-extra-logs.Rd7MjT/round2-prysm-geth-144.tar.gz::beacon.log:358	2026-09-05T01:30:00.084657450Z	/tmp/prysm-r2-extra-logs.Rd7MjT/round2-prysm-geth-144.tar.gz::beacon.log:505
144	7	beacon.log	INFO	blockchain	Synced execution payload envelope	3	2026-09-05T01:33:13.329698704Z	/tmp/prysm-r2-extra-logs.Rd7MjT/round2-prysm-geth-144.tar.gz::beacon.log:587	2026-09-05T01:33:40.764674384Z	/tmp/prysm-r2-extra-logs.Rd7MjT/round2-prysm-geth-144.tar.gz::beacon.log:597
144	7	beacon.log	INFO	blockchain	Synced new block	4	2026-09-05T01:33:07.592876912Z	/tmp/prysm-r2-extra-logs.Rd7MjT/round2-prysm-geth-144.tar.gz::beacon.log:527	2026-09-05T01:33:57.943484066Z	/tmp/prysm-r2-extra-logs.Rd7MjT/round2-prysm-geth-144.tar.gz::beacon.log:600
144	7	beacon.log	INFO	p2p	Updating ENR Fork ID	1	2026-09-05T01:30:00.002605138Z	/tmp/prysm-r2-extra-logs.Rd7MjT/round2-prysm-geth-144.tar.gz::beacon.log:357	2026-09-05T01:30:00.002605138Z	/tmp/prysm-r2-extra-logs.Rd7MjT/round2-prysm-geth-144.tar.gz::beacon.log:357
144	7	beacon.log	WARN	blockchain	Could not process attestation for fork choice	58	2026-09-05T01:33:11.924141635Z	/tmp/prysm-r2-extra-logs.Rd7MjT/round2-prysm-geth-144.tar.gz::beacon.log:529	2026-09-05T01:33:11.932412488Z	/tmp/prysm-r2-extra-logs.Rd7MjT/round2-prysm-geth-144.tar.gz::beacon.log:586
144	7	execution.log	INFO	geth	Chain head was updated	3	2026-09-05T01:33:13.264519049Z	/tmp/prysm-r2-extra-logs.Rd7MjT/round2-prysm-geth-144.tar.gz::execution.log:91	2026-09-05T01:33:46.178854970Z	/tmp/prysm-r2-extra-logs.Rd7MjT/round2-prysm-geth-144.tar.gz::execution.log:99
144	7	execution.log	INFO	geth	Imported new potential chain segment	4	2026-09-05T01:33:12.606792413Z	/tmp/prysm-r2-extra-logs.Rd7MjT/round2-prysm-geth-144.tar.gz::execution.log:90	2026-09-05T01:33:58.007181635Z	/tmp/prysm-r2-extra-logs.Rd7MjT/round2-prysm-geth-144.tar.gz::execution.log:101
144	7	execution.log	INFO	geth	Indexed transactions	1	2026-09-05T01:33:13.264558793Z	/tmp/prysm-r2-extra-logs.Rd7MjT/round2-prysm-geth-144.tar.gz::execution.log:92	2026-09-05T01:33:13.264558793Z	/tmp/prysm-r2-extra-logs.Rd7MjT/round2-prysm-geth-144.tar.gz::execution.log:92
144	7	execution.log	INFO	geth	Shorten chain	1	2026-09-05T01:33:46.178839648Z	/tmp/prysm-r2-extra-logs.Rd7MjT/round2-prysm-geth-144.tar.gz::execution.log:98	2026-09-05T01:33:46.178839648Z	/tmp/prysm-r2-extra-logs.Rd7MjT/round2-prysm-geth-144.tar.gz::execution.log:98
144	7	execution.log	INFO	geth	Starting work on payload	1	2026-09-05T01:31:33.172539473Z	/tmp/prysm-r2-extra-logs.Rd7MjT/round2-prysm-geth-144.tar.gz::execution.log:87	2026-09-05T01:31:33.172539473Z	/tmp/prysm-r2-extra-logs.Rd7MjT/round2-prysm-geth-144.tar.gz::execution.log:87
144	7	execution.log	INFO	geth	Stopping work on payload	1	2026-09-05T01:31:45.173673352Z	/tmp/prysm-r2-extra-logs.Rd7MjT/round2-prysm-geth-144.tar.gz::execution.log:89	2026-09-05T01:31:45.173673352Z	/tmp/prysm-r2-extra-logs.Rd7MjT/round2-prysm-geth-144.tar.gz::execution.log:89
144	7	execution.log	INFO	geth	Updated payload	1	2026-09-05T01:31:33.174669213Z	/tmp/prysm-r2-extra-logs.Rd7MjT/round2-prysm-geth-144.tar.gz::execution.log:88	2026-09-05T01:31:33.174669213Z	/tmp/prysm-r2-extra-logs.Rd7MjT/round2-prysm-geth-144.tar.gz::execution.log:88
144	7	execution.log	WARN	geth	Nil finalized block cannot evict old blobs	3	2026-09-05T01:33:13.268317493Z	/tmp/prysm-r2-extra-logs.Rd7MjT/round2-prysm-geth-144.tar.gz::execution.log:93	2026-09-05T01:33:46.178858346Z	/tmp/prysm-r2-extra-logs.Rd7MjT/round2-prysm-geth-144.tar.gz::execution.log:100
144	7	snooper-engine.log	INFO	proxy	REQUEST #704: POST /	1	2026-09-05T01:29:57.483918386Z	/tmp/prysm-r2-extra-logs.Rd7MjT/round2-prysm-geth-144.tar.gz::snooper-engine.log:31402	2026-09-05T01:29:57.483918386Z	/tmp/prysm-r2-extra-logs.Rd7MjT/round2-prysm-geth-144.tar.gz::snooper-engine.log:31402
144	7	snooper-engine.log	INFO	proxy	REQUEST #705: POST /	1	2026-09-05T01:30:11.484767051Z	/tmp/prysm-r2-extra-logs.Rd7MjT/round2-prysm-geth-144.tar.gz::snooper-engine.log:31449	2026-09-05T01:30:11.484767051Z	/tmp/prysm-r2-extra-logs.Rd7MjT/round2-prysm-geth-144.tar.gz::snooper-engine.log:31449
144	7	snooper-engine.log	INFO	proxy	REQUEST #707: POST /	1	2026-09-05T01:30:27.023238795Z	/tmp/prysm-r2-extra-logs.Rd7MjT/round2-prysm-geth-144.tar.gz::snooper-engine.log:31525	2026-09-05T01:30:27.023238795Z	/tmp/prysm-r2-extra-logs.Rd7MjT/round2-prysm-geth-144.tar.gz::snooper-engine.log:31525
144	7	snooper-engine.log	INFO	proxy	REQUEST #709: POST /	1	2026-09-05T01:30:39.500536258Z	/tmp/prysm-r2-extra-logs.Rd7MjT/round2-prysm-geth-144.tar.gz::snooper-engine.log:31601	2026-09-05T01:30:39.500536258Z	/tmp/prysm-r2-extra-logs.Rd7MjT/round2-prysm-geth-144.tar.gz::snooper-engine.log:31601
144	7	snooper-engine.log	INFO	proxy	REQUEST #710: POST /	1	2026-09-05T01:30:53.493846288Z	/tmp/prysm-r2-extra-logs.Rd7MjT/round2-prysm-geth-144.tar.gz::snooper-engine.log:31648	2026-09-05T01:30:53.493846288Z	/tmp/prysm-r2-extra-logs.Rd7MjT/round2-prysm-geth-144.tar.gz::snooper-engine.log:31648
144	7	snooper-engine.log	INFO	proxy	REQUEST #712: POST /	1	2026-09-05T01:31:12.974455032Z	/tmp/prysm-r2-extra-logs.Rd7MjT/round2-prysm-geth-144.tar.gz::snooper-engine.log:31725	2026-09-05T01:31:12.974455032Z	/tmp/prysm-r2-extra-logs.Rd7MjT/round2-prysm-geth-144.tar.gz::snooper-engine.log:31725
144	7	snooper-engine.log	INFO	proxy	REQUEST #713: POST /	1	2026-09-05T01:31:21.496145797Z	/tmp/prysm-r2-extra-logs.Rd7MjT/round2-prysm-geth-144.tar.gz::snooper-engine.log:31772	2026-09-05T01:31:21.496145797Z	/tmp/prysm-r2-extra-logs.Rd7MjT/round2-prysm-geth-144.tar.gz::snooper-engine.log:31772
144	7	snooper-engine.log	INFO	proxy	REQUEST #715: POST /	1	2026-09-05T01:31:35.487175200Z	/tmp/prysm-r2-extra-logs.Rd7MjT/round2-prysm-geth-144.tar.gz::snooper-engine.log:31856	2026-09-05T01:31:35.487175200Z	/tmp/prysm-r2-extra-logs.Rd7MjT/round2-prysm-geth-144.tar.gz::snooper-engine.log:31856
144	7	snooper-engine.log	INFO	proxy	REQUEST #716: POST /	1	2026-09-05T01:31:49.485418890Z	/tmp/prysm-r2-extra-logs.Rd7MjT/round2-prysm-geth-144.tar.gz::snooper-engine.log:31903	2026-09-05T01:31:49.485418890Z	/tmp/prysm-r2-extra-logs.Rd7MjT/round2-prysm-geth-144.tar.gz::snooper-engine.log:31903
144	7	snooper-engine.log	INFO	proxy	REQUEST #717: POST /	1	2026-09-05T01:32:03.485816642Z	/tmp/prysm-r2-extra-logs.Rd7MjT/round2-prysm-geth-144.tar.gz::snooper-engine.log:31951	2026-09-05T01:32:03.485816642Z	/tmp/prysm-r2-extra-logs.Rd7MjT/round2-prysm-geth-144.tar.gz::snooper-engine.log:31951
144	7	snooper-engine.log	INFO	proxy	REQUEST #718: POST /	1	2026-09-05T01:32:17.505600670Z	/tmp/prysm-r2-extra-logs.Rd7MjT/round2-prysm-geth-144.tar.gz::snooper-engine.log:31998	2026-09-05T01:32:17.505600670Z	/tmp/prysm-r2-extra-logs.Rd7MjT/round2-prysm-geth-144.tar.gz::snooper-engine.log:31998
144	7	snooper-engine.log	INFO	proxy	REQUEST #719: POST /	1	2026-09-05T01:32:31.492064591Z	/tmp/prysm-r2-extra-logs.Rd7MjT/round2-prysm-geth-144.tar.gz::snooper-engine.log:32045	2026-09-05T01:32:31.492064591Z	/tmp/prysm-r2-extra-logs.Rd7MjT/round2-prysm-geth-144.tar.gz::snooper-engine.log:32045
144	7	snooper-engine.log	INFO	proxy	REQUEST #721: POST /	1	2026-09-05T01:32:46.021245498Z	/tmp/prysm-r2-extra-logs.Rd7MjT/round2-prysm-geth-144.tar.gz::snooper-engine.log:32121	2026-09-05T01:32:46.021245498Z	/tmp/prysm-r2-extra-logs.Rd7MjT/round2-prysm-geth-144.tar.gz::snooper-engine.log:32121
144	7	snooper-engine.log	INFO	proxy	REQUEST #722: POST /	1	2026-09-05T01:33:00.040340357Z	/tmp/prysm-r2-extra-logs.Rd7MjT/round2-prysm-geth-144.tar.gz::snooper-engine.log:32169	2026-09-05T01:33:00.040340357Z	/tmp/prysm-r2-extra-logs.Rd7MjT/round2-prysm-geth-144.tar.gz::snooper-engine.log:32169
144	7	snooper-engine.log	INFO	proxy	REQUEST #725: POST /	1	2026-09-05T01:33:13.495009116Z	/tmp/prysm-r2-extra-logs.Rd7MjT/round2-prysm-geth-144.tar.gz::snooper-engine.log:32289	2026-09-05T01:33:13.495009116Z	/tmp/prysm-r2-extra-logs.Rd7MjT/round2-prysm-geth-144.tar.gz::snooper-engine.log:32289
144	7	snooper-engine.log	INFO	proxy	REQUEST #726: POST /	1	2026-09-05T01:33:13.525621063Z	/tmp/prysm-r2-extra-logs.Rd7MjT/round2-prysm-geth-144.tar.gz::snooper-engine.log:32336	2026-09-05T01:33:13.525621063Z	/tmp/prysm-r2-extra-logs.Rd7MjT/round2-prysm-geth-144.tar.gz::snooper-engine.log:32336
144	7	snooper-engine.log	INFO	proxy	REQUEST #727: POST /	1	2026-09-05T01:33:13.557087203Z	/tmp/prysm-r2-extra-logs.Rd7MjT/round2-prysm-geth-144.tar.gz::snooper-engine.log:32383	2026-09-05T01:33:13.557087203Z	/tmp/prysm-r2-extra-logs.Rd7MjT/round2-prysm-geth-144.tar.gz::snooper-engine.log:32383
144	7	snooper-engine.log	INFO	proxy	REQUEST #728: POST /	1	2026-09-05T01:33:27.494462374Z	/tmp/prysm-r2-extra-logs.Rd7MjT/round2-prysm-geth-144.tar.gz::snooper-engine.log:32406	2026-09-05T01:33:27.494462374Z	/tmp/prysm-r2-extra-logs.Rd7MjT/round2-prysm-geth-144.tar.gz::snooper-engine.log:32406
144	7	snooper-engine.log	INFO	proxy	REQUEST #733: POST /	1	2026-09-05T01:33:41.503849530Z	/tmp/prysm-r2-extra-logs.Rd7MjT/round2-prysm-geth-144.tar.gz::snooper-engine.log:32599	2026-09-05T01:33:41.503849530Z	/tmp/prysm-r2-extra-logs.Rd7MjT/round2-prysm-geth-144.tar.gz::snooper-engine.log:32599
144	7	snooper-engine.log	INFO	proxy	REQUEST #734: POST /	1	2026-09-05T01:33:42.011148741Z	/tmp/prysm-r2-extra-logs.Rd7MjT/round2-prysm-geth-144.tar.gz::snooper-engine.log:32646	2026-09-05T01:33:42.011148741Z	/tmp/prysm-r2-extra-logs.Rd7MjT/round2-prysm-geth-144.tar.gz::snooper-engine.log:32646
144	7	snooper-engine.log	INFO	proxy	REQUEST #735: POST /	1	2026-09-05T01:33:42.490184290Z	/tmp/prysm-r2-extra-logs.Rd7MjT/round2-prysm-geth-144.tar.gz::snooper-engine.log:32693	2026-09-05T01:33:42.490184290Z	/tmp/prysm-r2-extra-logs.Rd7MjT/round2-prysm-geth-144.tar.gz::snooper-engine.log:32693
144	7	snooper-engine.log	INFO	proxy	REQUEST #737: POST /	1	2026-09-05T01:33:55.501320847Z	/tmp/prysm-r2-extra-logs.Rd7MjT/round2-prysm-geth-144.tar.gz::snooper-engine.log:32746	2026-09-05T01:33:55.501320847Z	/tmp/prysm-r2-extra-logs.Rd7MjT/round2-prysm-geth-144.tar.gz::snooper-engine.log:32746
144	7	snooper-engine.log	INFO	proxy	REQUEST engine_forkchoiceUpdatedV4	7	2026-09-05T01:30:12.003344799Z	/tmp/prysm-r2-extra-logs.Rd7MjT/round2-prysm-geth-144.tar.gz::snooper-engine.log:31496	2026-09-05T01:33:46.178649589Z	/tmp/prysm-r2-extra-logs.Rd7MjT/round2-prysm-geth-144.tar.gz::snooper-engine.log:32717
144	7	snooper-engine.log	INFO	proxy	REQUEST engine_getClientVersionV1	2	2026-09-05T01:31:03.819878614Z	/tmp/prysm-r2-extra-logs.Rd7MjT/round2-prysm-geth-144.tar.gz::snooper-engine.log:31696	2026-09-05T01:32:39.810267664Z	/tmp/prysm-r2-extra-logs.Rd7MjT/round2-prysm-geth-144.tar.gz::snooper-engine.log:32092
144	7	snooper-engine.log	INFO	proxy	REQUEST engine_newPayloadV5	4	2026-09-05T01:33:12.599857073Z	/tmp/prysm-r2-extra-logs.Rd7MjT/round2-prysm-geth-144.tar.gz::snooper-engine.log:32216	2026-09-05T01:33:58.004810988Z	/tmp/prysm-r2-extra-logs.Rd7MjT/round2-prysm-geth-144.tar.gz::snooper-engine.log:32794
144	7	snooper-engine.log	INFO	proxy	RESPONSE	35	2026-09-05T01:29:57.484505239Z	/tmp/prysm-r2-extra-logs.Rd7MjT/round2-prysm-geth-144.tar.gz::snooper-engine.log:31413	2026-09-05T01:33:58.008252073Z	/tmp/prysm-r2-extra-logs.Rd7MjT/round2-prysm-geth-144.tar.gz::snooper-engine.log:32827
144	7	snooper-engine.log	INFO	proxy	fetched execution metadata	5	2026-09-05T01:29:56.416798376Z	/tmp/prysm-r2-extra-logs.Rd7MjT/round2-prysm-geth-144.tar.gz::snooper-engine.log:31401	2026-09-05T01:33:56.416440457Z	/tmp/prysm-r2-extra-logs.Rd7MjT/round2-prysm-geth-144.tar.gz::snooper-engine.log:32793
144	7	validator.log	ERROR	client	Could not check if any validator is a sync committee aggregator	12	2026-09-05T01:30:36.001814526Z	/tmp/prysm-r2-extra-logs.Rd7MjT/round2-prysm-geth-144.tar.gz::validator.log:695	2026-09-05T01:33:00.000615745Z	/tmp/prysm-r2-extra-logs.Rd7MjT/round2-prysm-geth-144.tar.gz::validator.log:1687
144	7	validator.log	ERROR	client	Could not get sync committee domain data	1	2026-09-05T01:30:24.000929212Z	/tmp/prysm-r2-extra-logs.Rd7MjT/round2-prysm-geth-144.tar.gz::validator.log:692	2026-09-05T01:30:24.000929212Z	/tmp/prysm-r2-extra-logs.Rd7MjT/round2-prysm-geth-144.tar.gz::validator.log:692
144	7	validator.log	ERROR	client	Could not request attestation to sign at slot	1037	2026-09-05T01:30:36.002094540Z	/tmp/prysm-r2-extra-logs.Rd7MjT/round2-prysm-geth-144.tar.gz::validator.log:696	2026-09-05T01:33:36.014302580Z	/tmp/prysm-r2-extra-logs.Rd7MjT/round2-prysm-geth-144.tar.gz::validator.log:1872
144	7	validator.log	ERROR	client	Could not request payload attestation data	31	2026-09-05T01:30:36.002119355Z	/tmp/prysm-r2-extra-logs.Rd7MjT/round2-prysm-geth-144.tar.gz::validator.log:700	2026-09-05T01:33:00.008735497Z	/tmp/prysm-r2-extra-logs.Rd7MjT/round2-prysm-geth-144.tar.gz::validator.log:1721
144	7	validator.log	ERROR	client	Could not request sync message block root to sign	48	2026-09-05T01:30:36.002114480Z	/tmp/prysm-r2-extra-logs.Rd7MjT/round2-prysm-geth-144.tar.gz::validator.log:698	2026-09-05T01:33:00.009046834Z	/tmp/prysm-r2-extra-logs.Rd7MjT/round2-prysm-geth-144.tar.gz::validator.log:1723
144	7	validator.log	ERROR	client	Could not sign aggregate and proof	1	2026-09-05T01:30:24.000824577Z	/tmp/prysm-r2-extra-logs.Rd7MjT/round2-prysm-geth-144.tar.gz::validator.log:691	2026-09-05T01:30:24.000824577Z	/tmp/prysm-r2-extra-logs.Rd7MjT/round2-prysm-geth-144.tar.gz::validator.log:691
144	7	validator.log	ERROR	client	Could not submit aggregate selection proof to beacon node	16	2026-09-05T01:30:36.002139581Z	/tmp/prysm-r2-extra-logs.Rd7MjT/round2-prysm-geth-144.tar.gz::validator.log:704	2026-09-05T01:33:36.014473900Z	/tmp/prysm-r2-extra-logs.Rd7MjT/round2-prysm-geth-144.tar.gz::validator.log:1873
144	7	validator.log	ERROR	client	Could not submit signed aggregate and proof to beacon node	1	2026-09-05T01:30:24.000821437Z	/tmp/prysm-r2-extra-logs.Rd7MjT/round2-prysm-geth-144.tar.gz::validator.log:690	2026-09-05T01:30:24.000821437Z	/tmp/prysm-r2-extra-logs.Rd7MjT/round2-prysm-geth-144.tar.gz::validator.log:690
144	7	validator.log	ERROR	client	Could not submit sync committee message	1	2026-09-05T01:30:24.000792802Z	/tmp/prysm-r2-extra-logs.Rd7MjT/round2-prysm-geth-144.tar.gz::validator.log:689	2026-09-05T01:30:24.000792802Z	/tmp/prysm-r2-extra-logs.Rd7MjT/round2-prysm-geth-144.tar.gz::validator.log:689
144	7	validator.log	ERROR	client	Failed to sign randao reveal	1	2026-09-05T01:31:36.002488933Z	/tmp/prysm-r2-extra-logs.Rd7MjT/round2-prysm-geth-144.tar.gz::validator.log:1122	2026-09-05T01:31:36.002488933Z	/tmp/prysm-r2-extra-logs.Rd7MjT/round2-prysm-geth-144.tar.gz::validator.log:1122
144	7	validator.log	INFO	client	Duties schedule	32	2026-09-05T01:30:03.406451154Z	/tmp/prysm-r2-extra-logs.Rd7MjT/round2-prysm-geth-144.tar.gz::validator.log:650	2026-09-05T01:30:03.418566711Z	/tmp/prysm-r2-extra-logs.Rd7MjT/round2-prysm-geth-144.tar.gz::validator.log:681
144	7	validator.log	INFO	client	Schedule for epoch 0	1	2026-09-05T01:30:03.406079702Z	/tmp/prysm-r2-extra-logs.Rd7MjT/round2-prysm-geth-144.tar.gz::validator.log:649	2026-09-05T01:30:03.406079702Z	/tmp/prysm-r2-extra-logs.Rd7MjT/round2-prysm-geth-144.tar.gz::validator.log:649
144	7	validator.log	INFO	client	Skipping payload attestation: no block for slot	15	2026-09-05T01:30:22.021159822Z	/tmp/prysm-r2-extra-logs.Rd7MjT/round2-prysm-geth-144.tar.gz::validator.log:686	2026-09-05T01:33:57.998113611Z	/tmp/prysm-r2-extra-logs.Rd7MjT/round2-prysm-geth-144.tar.gz::validator.log:1881
144	7	validator.log	INFO	client	Submitted new aggregate attestations	4	2026-09-05T01:30:09.011595496Z	/tmp/prysm-r2-extra-logs.Rd7MjT/round2-prysm-geth-144.tar.gz::validator.log:683	2026-09-05T01:33:45.007659198Z	/tmp/prysm-r2-extra-logs.Rd7MjT/round2-prysm-geth-144.tar.gz::validator.log:1878
144	7	validator.log	INFO	client	Submitted new attestations	6	2026-09-05T01:30:09.011529961Z	/tmp/prysm-r2-extra-logs.Rd7MjT/round2-prysm-geth-144.tar.gz::validator.log:682	2026-09-05T01:33:58.924251662Z	/tmp/prysm-r2-extra-logs.Rd7MjT/round2-prysm-geth-144.tar.gz::validator.log:1886
144	7	validator.log	INFO	client	Submitted payload attestations	2	2026-09-05T01:30:09.011777934Z	/tmp/prysm-r2-extra-logs.Rd7MjT/round2-prysm-geth-144.tar.gz::validator.log:684	2026-09-05T01:33:10.911397909Z	/tmp/prysm-r2-extra-logs.Rd7MjT/round2-prysm-geth-144.tar.gz::validator.log:1784
144	7	validator.log	INFO	client	Submitted sync committee contributions and proofs	2	2026-09-05T01:33:10.911405469Z	/tmp/prysm-r2-extra-logs.Rd7MjT/round2-prysm-geth-144.tar.gz::validator.log:1786	2026-09-05T01:33:21.009507167Z	/tmp/prysm-r2-extra-logs.Rd7MjT/round2-prysm-geth-144.tar.gz::validator.log:1795
144	7	validator.log	INFO	client	Submitted sync committee messages	8	2026-09-05T01:30:09.011785658Z	/tmp/prysm-r2-extra-logs.Rd7MjT/round2-prysm-geth-144.tar.gz::validator.log:685	2026-09-05T01:33:58.924340370Z	/tmp/prysm-r2-extra-logs.Rd7MjT/round2-prysm-geth-144.tar.gz::validator.log:1887
144	7	validator.log	WARN	client	Could not get signed attestation data for aggregation	16	2026-09-05T01:30:36.002121738Z	/tmp/prysm-r2-extra-logs.Rd7MjT/round2-prysm-geth-144.tar.gz::validator.log:701	2026-09-05T01:33:36.013274042Z	/tmp/prysm-r2-extra-logs.Rd7MjT/round2-prysm-geth-144.tar.gz::validator.log:1868
144	7	validator.log	WARN	client	No attestations to aggregate	3	2026-09-05T01:33:58.526517645Z	/tmp/prysm-r2-extra-logs.Rd7MjT/round2-prysm-geth-144.tar.gz::validator.log:1883	2026-09-05T01:33:58.526597259Z	/tmp/prysm-r2-extra-logs.Rd7MjT/round2-prysm-geth-144.tar.gz::validator.log:1885
144	7	validator.log	WARN	client	Sync contribution for validator has no bits set.	1	2026-09-05T01:33:57.998729989Z	/tmp/prysm-r2-extra-logs.Rd7MjT/round2-prysm-geth-144.tar.gz::validator.log:1882	2026-09-05T01:33:57.998729989Z	/tmp/prysm-r2-extra-logs.Rd7MjT/round2-prysm-geth-144.tar.gz::validator.log:1882
169	1	beacon.log	ERROR	execution	Beacon node is not respecting the follow distance. EL client is syncing.	14	2026-09-05T01:30:00.755481539Z	/tmp/prysm-r2-extra-logs.Rd7MjT/round2-prysm-geth-169.tar.gz::beacon.log:515	2026-09-05T01:33:03.002830931Z	/tmp/prysm-r2-extra-logs.Rd7MjT/round2-prysm-geth-169.tar.gz::beacon.log:535
169	1	beacon.log	ERROR	rpc/core	Forkchoice head root does not match head root	2	2026-09-05T01:33:24.688315310Z	/tmp/prysm-r2-extra-logs.Rd7MjT/round2-prysm-geth-169.tar.gz::beacon.log:545	2026-09-05T01:33:48.028292362Z	/tmp/prysm-r2-extra-logs.Rd7MjT/round2-prysm-geth-169.tar.gz::beacon.log:557
169	1	beacon.log	INFO	slots	10s until chain genesis	1	2026-09-05T01:29:49.220814976Z	/tmp/prysm-r2-extra-logs.Rd7MjT/round2-prysm-geth-169.tar.gz::beacon.log:355	2026-09-05T01:29:49.220814976Z	/tmp/prysm-r2-extra-logs.Rd7MjT/round2-prysm-geth-169.tar.gz::beacon.log:355
169	1	beacon.log	INFO	slots	11s until chain genesis	1	2026-09-05T01:29:48.220865830Z	/tmp/prysm-r2-extra-logs.Rd7MjT/round2-prysm-geth-169.tar.gz::beacon.log:354	2026-09-05T01:29:48.220865830Z	/tmp/prysm-r2-extra-logs.Rd7MjT/round2-prysm-geth-169.tar.gz::beacon.log:354
169	1	beacon.log	INFO	slots	1s until chain genesis	1	2026-09-05T01:29:58.221717580Z	/tmp/prysm-r2-extra-logs.Rd7MjT/round2-prysm-geth-169.tar.gz::beacon.log:364	2026-09-05T01:29:58.221717580Z	/tmp/prysm-r2-extra-logs.Rd7MjT/round2-prysm-geth-169.tar.gz::beacon.log:364
169	1	beacon.log	INFO	slots	2s until chain genesis	1	2026-09-05T01:29:57.221692308Z	/tmp/prysm-r2-extra-logs.Rd7MjT/round2-prysm-geth-169.tar.gz::beacon.log:363	2026-09-05T01:29:57.221692308Z	/tmp/prysm-r2-extra-logs.Rd7MjT/round2-prysm-geth-169.tar.gz::beacon.log:363
169	1	beacon.log	INFO	slots	3s until chain genesis	1	2026-09-05T01:29:56.221421622Z	/tmp/prysm-r2-extra-logs.Rd7MjT/round2-prysm-geth-169.tar.gz::beacon.log:362	2026-09-05T01:29:56.221421622Z	/tmp/prysm-r2-extra-logs.Rd7MjT/round2-prysm-geth-169.tar.gz::beacon.log:362
169	1	beacon.log	INFO	slots	4s until chain genesis	1	2026-09-05T01:29:55.221760371Z	/tmp/prysm-r2-extra-logs.Rd7MjT/round2-prysm-geth-169.tar.gz::beacon.log:361	2026-09-05T01:29:55.221760371Z	/tmp/prysm-r2-extra-logs.Rd7MjT/round2-prysm-geth-169.tar.gz::beacon.log:361
169	1	beacon.log	INFO	slots	5s until chain genesis	1	2026-09-05T01:29:54.220728826Z	/tmp/prysm-r2-extra-logs.Rd7MjT/round2-prysm-geth-169.tar.gz::beacon.log:360	2026-09-05T01:29:54.220728826Z	/tmp/prysm-r2-extra-logs.Rd7MjT/round2-prysm-geth-169.tar.gz::beacon.log:360
169	1	beacon.log	INFO	slots	6s until chain genesis	1	2026-09-05T01:29:53.221595670Z	/tmp/prysm-r2-extra-logs.Rd7MjT/round2-prysm-geth-169.tar.gz::beacon.log:359	2026-09-05T01:29:53.221595670Z	/tmp/prysm-r2-extra-logs.Rd7MjT/round2-prysm-geth-169.tar.gz::beacon.log:359
169	1	beacon.log	INFO	slots	7s until chain genesis	1	2026-09-05T01:29:52.221182252Z	/tmp/prysm-r2-extra-logs.Rd7MjT/round2-prysm-geth-169.tar.gz::beacon.log:358	2026-09-05T01:29:52.221182252Z	/tmp/prysm-r2-extra-logs.Rd7MjT/round2-prysm-geth-169.tar.gz::beacon.log:358
169	1	beacon.log	INFO	slots	8s until chain genesis	1	2026-09-05T01:29:51.221497072Z	/tmp/prysm-r2-extra-logs.Rd7MjT/round2-prysm-geth-169.tar.gz::beacon.log:357	2026-09-05T01:29:51.221497072Z	/tmp/prysm-r2-extra-logs.Rd7MjT/round2-prysm-geth-169.tar.gz::beacon.log:357
169	1	beacon.log	INFO	slots	9s until chain genesis	1	2026-09-05T01:29:50.221500089Z	/tmp/prysm-r2-extra-logs.Rd7MjT/round2-prysm-geth-169.tar.gz::beacon.log:356	2026-09-05T01:29:50.221500089Z	/tmp/prysm-r2-extra-logs.Rd7MjT/round2-prysm-geth-169.tar.gz::beacon.log:356
169	1	beacon.log	INFO	blockchain	Attempted late block reorg aborted due to attestations after threshold	1	2026-09-05T01:33:46.460496951Z	/tmp/prysm-r2-extra-logs.Rd7MjT/round2-prysm-geth-169.tar.gz::beacon.log:552	2026-09-05T01:33:46.460496951Z	/tmp/prysm-r2-extra-logs.Rd7MjT/round2-prysm-geth-169.tar.gz::beacon.log:552
169	1	beacon.log	INFO	blockchain	Attempted late block reorg aborted due to attestations at 12 seconds	1	2026-09-05T01:30:12.117788313Z	/tmp/prysm-r2-extra-logs.Rd7MjT/round2-prysm-geth-169.tar.gz::beacon.log:516	2026-09-05T01:30:12.117788313Z	/tmp/prysm-r2-extra-logs.Rd7MjT/round2-prysm-geth-169.tar.gz::beacon.log:516
169	1	beacon.log	INFO	slots	Chain genesis time reached	1	2026-09-05T01:30:00.221081151Z	/tmp/prysm-r2-extra-logs.Rd7MjT/round2-prysm-geth-169.tar.gz::beacon.log:514	2026-09-05T01:30:00.221081151Z	/tmp/prysm-r2-extra-logs.Rd7MjT/round2-prysm-geth-169.tar.gz::beacon.log:514
169	1	beacon.log	INFO	blockchain	Chain reorg occurred	6	2026-09-05T01:30:12.117835422Z	/tmp/prysm-r2-extra-logs.Rd7MjT/round2-prysm-geth-169.tar.gz::beacon.log:517	2026-09-05T01:33:48.020825875Z	/tmp/prysm-r2-extra-logs.Rd7MjT/round2-prysm-geth-169.tar.gz::beacon.log:556
169	1	beacon.log	INFO	p2p	Connected peers	4	2026-09-05T01:30:40.301641891Z	/tmp/prysm-r2-extra-logs.Rd7MjT/round2-prysm-geth-169.tar.gz::beacon.log:521	2026-09-05T01:33:40.286024411Z	/tmp/prysm-r2-extra-logs.Rd7MjT/round2-prysm-geth-169.tar.gz::beacon.log:551
169	1	beacon.log	INFO	blockchain	Finished applying state transition	4	2026-09-05T01:33:09.111039953Z	/tmp/prysm-r2-extra-logs.Rd7MjT/round2-prysm-geth-169.tar.gz::beacon.log:538	2026-09-05T01:33:46.465187502Z	/tmp/prysm-r2-extra-logs.Rd7MjT/round2-prysm-geth-169.tar.gz::beacon.log:554
169	1	beacon.log	INFO	sync	Skipping pending block already being processed	2	2026-09-05T01:33:08.236641992Z	/tmp/prysm-r2-extra-logs.Rd7MjT/round2-prysm-geth-169.tar.gz::beacon.log:536	2026-09-05T01:33:28.353459147Z	/tmp/prysm-r2-extra-logs.Rd7MjT/round2-prysm-geth-169.tar.gz::beacon.log:546
169	1	beacon.log	INFO	sync	Subscribed to	148	2026-09-05T01:30:00.006878967Z	/tmp/prysm-r2-extra-logs.Rd7MjT/round2-prysm-geth-169.tar.gz::beacon.log:366	2026-09-05T01:30:00.134879909Z	/tmp/prysm-r2-extra-logs.Rd7MjT/round2-prysm-geth-169.tar.gz::beacon.log:513
169	1	beacon.log	INFO	blockchain	Synced execution payload envelope	4	2026-09-05T01:33:14.694537045Z	/tmp/prysm-r2-extra-logs.Rd7MjT/round2-prysm-geth-169.tar.gz::beacon.log:539	2026-09-05T01:33:46.953260523Z	/tmp/prysm-r2-extra-logs.Rd7MjT/round2-prysm-geth-169.tar.gz::beacon.log:555
169	1	beacon.log	INFO	blockchain	Synced new block	4	2026-09-05T01:33:09.110829737Z	/tmp/prysm-r2-extra-logs.Rd7MjT/round2-prysm-geth-169.tar.gz::beacon.log:537	2026-09-05T01:33:46.465080038Z	/tmp/prysm-r2-extra-logs.Rd7MjT/round2-prysm-geth-169.tar.gz::beacon.log:553
169	1	beacon.log	INFO	p2p	Updating ENR Fork ID	1	2026-09-05T01:30:00.000879273Z	/tmp/prysm-r2-extra-logs.Rd7MjT/round2-prysm-geth-169.tar.gz::beacon.log:365	2026-09-05T01:30:00.000879273Z	/tmp/prysm-r2-extra-logs.Rd7MjT/round2-prysm-geth-169.tar.gz::beacon.log:365
169	1	beacon.log	WARN	events	Client is unable to keep up with event stream, shutting down.	1	2026-09-05T01:32:36.233550546Z	/tmp/prysm-r2-extra-logs.Rd7MjT/round2-prysm-geth-169.tar.gz::beacon.log:532	2026-09-05T01:32:36.233550546Z	/tmp/prysm-r2-extra-logs.Rd7MjT/round2-prysm-geth-169.tar.gz::beacon.log:532
169	1	execution.log	INFO	geth	Chain head was updated	7	2026-09-05T01:33:14.651328554Z	/tmp/prysm-r2-extra-logs.Rd7MjT/round2-prysm-geth-169.tar.gz::execution.log:88	2026-09-05T01:33:48.029941040Z	/tmp/prysm-r2-extra-logs.Rd7MjT/round2-prysm-geth-169.tar.gz::execution.log:108
169	1	execution.log	INFO	geth	Chain reorg detected	2	2026-09-05T01:33:20.563541161Z	/tmp/prysm-r2-extra-logs.Rd7MjT/round2-prysm-geth-169.tar.gz::execution.log:92	2026-09-05T01:33:24.437512301Z	/tmp/prysm-r2-extra-logs.Rd7MjT/round2-prysm-geth-169.tar.gz::execution.log:95
169	1	execution.log	INFO	geth	Imported new potential chain segment	4	2026-09-05T01:33:12.301146766Z	/tmp/prysm-r2-extra-logs.Rd7MjT/round2-prysm-geth-169.tar.gz::execution.log:87	2026-09-05T01:33:46.948530125Z	/tmp/prysm-r2-extra-logs.Rd7MjT/round2-prysm-geth-169.tar.gz::execution.log:104
169	1	execution.log	INFO	geth	Indexed transactions	1	2026-09-05T01:33:14.651487950Z	/tmp/prysm-r2-extra-logs.Rd7MjT/round2-prysm-geth-169.tar.gz::execution.log:89	2026-09-05T01:33:14.651487950Z	/tmp/prysm-r2-extra-logs.Rd7MjT/round2-prysm-geth-169.tar.gz::execution.log:89
169	1	execution.log	INFO	geth	Shorten chain	2	2026-09-05T01:33:36.843606035Z	/tmp/prysm-r2-extra-logs.Rd7MjT/round2-prysm-geth-169.tar.gz::execution.log:101	2026-09-05T01:33:48.029852230Z	/tmp/prysm-r2-extra-logs.Rd7MjT/round2-prysm-geth-169.tar.gz::execution.log:107
169	1	execution.log	INFO	geth	Starting work on payload	1	2026-09-05T01:30:12.166756829Z	/tmp/prysm-r2-extra-logs.Rd7MjT/round2-prysm-geth-169.tar.gz::execution.log:83	2026-09-05T01:30:12.166756829Z	/tmp/prysm-r2-extra-logs.Rd7MjT/round2-prysm-geth-169.tar.gz::execution.log:83
169	1	execution.log	INFO	geth	Stopping work on payload	1	2026-09-05T01:30:24.166650255Z	/tmp/prysm-r2-extra-logs.Rd7MjT/round2-prysm-geth-169.tar.gz::execution.log:85	2026-09-05T01:30:24.166650255Z	/tmp/prysm-r2-extra-logs.Rd7MjT/round2-prysm-geth-169.tar.gz::execution.log:85
169	1	execution.log	INFO	geth	Updated payload	1	2026-09-05T01:30:12.166802745Z	/tmp/prysm-r2-extra-logs.Rd7MjT/round2-prysm-geth-169.tar.gz::execution.log:84	2026-09-05T01:30:12.166802745Z	/tmp/prysm-r2-extra-logs.Rd7MjT/round2-prysm-geth-169.tar.gz::execution.log:84
169	1	execution.log	WARN	geth	Beacon client online, but no consensus updates received in a while. Please fix your beacon client to follow the chain!	1	2026-09-05T01:32:34.919346800Z	/tmp/prysm-r2-extra-logs.Rd7MjT/round2-prysm-geth-169.tar.gz::execution.log:86	2026-09-05T01:32:34.919346800Z	/tmp/prysm-r2-extra-logs.Rd7MjT/round2-prysm-geth-169.tar.gz::execution.log:86
169	1	execution.log	WARN	geth	Nil finalized block cannot evict old blobs	7	2026-09-05T01:33:14.651589547Z	/tmp/prysm-r2-extra-logs.Rd7MjT/round2-prysm-geth-169.tar.gz::execution.log:90	2026-09-05T01:33:48.032889151Z	/tmp/prysm-r2-extra-logs.Rd7MjT/round2-prysm-geth-169.tar.gz::execution.log:109
169	1	snooper-engine.log	INFO	proxy	REQUEST #708: POST /	1	2026-09-05T01:30:00.754410026Z	/tmp/prysm-r2-extra-logs.Rd7MjT/round2-prysm-geth-169.tar.gz::snooper-engine.log:31593	2026-09-05T01:30:00.754410026Z	/tmp/prysm-r2-extra-logs.Rd7MjT/round2-prysm-geth-169.tar.gz::snooper-engine.log:31593
169	1	snooper-engine.log	INFO	proxy	REQUEST #710: POST /	1	2026-09-05T01:30:14.772567535Z	/tmp/prysm-r2-extra-logs.Rd7MjT/round2-prysm-geth-169.tar.gz::snooper-engine.log:31677	2026-09-05T01:30:14.772567535Z	/tmp/prysm-r2-extra-logs.Rd7MjT/round2-prysm-geth-169.tar.gz::snooper-engine.log:31677
169	1	snooper-engine.log	INFO	proxy	REQUEST #711: POST /	1	2026-09-05T01:30:28.754657082Z	/tmp/prysm-r2-extra-logs.Rd7MjT/round2-prysm-geth-169.tar.gz::snooper-engine.log:31724	2026-09-05T01:30:28.754657082Z	/tmp/prysm-r2-extra-logs.Rd7MjT/round2-prysm-geth-169.tar.gz::snooper-engine.log:31724
169	1	snooper-engine.log	INFO	proxy	REQUEST #713: POST /	1	2026-09-05T01:30:43.958128322Z	/tmp/prysm-r2-extra-logs.Rd7MjT/round2-prysm-geth-169.tar.gz::snooper-engine.log:31800	2026-09-05T01:30:43.958128322Z	/tmp/prysm-r2-extra-logs.Rd7MjT/round2-prysm-geth-169.tar.gz::snooper-engine.log:31800
169	1	snooper-engine.log	INFO	proxy	REQUEST #715: POST /	1	2026-09-05T01:30:57.849659080Z	/tmp/prysm-r2-extra-logs.Rd7MjT/round2-prysm-geth-169.tar.gz::snooper-engine.log:31877	2026-09-05T01:30:57.849659080Z	/tmp/prysm-r2-extra-logs.Rd7MjT/round2-prysm-geth-169.tar.gz::snooper-engine.log:31877
169	1	snooper-engine.log	INFO	proxy	REQUEST #716: POST /	1	2026-09-05T01:31:10.767362417Z	/tmp/prysm-r2-extra-logs.Rd7MjT/round2-prysm-geth-169.tar.gz::snooper-engine.log:31924	2026-09-05T01:31:10.767362417Z	/tmp/prysm-r2-extra-logs.Rd7MjT/round2-prysm-geth-169.tar.gz::snooper-engine.log:31924
169	1	snooper-engine.log	INFO	proxy	REQUEST #717: POST /	1	2026-09-05T01:31:24.758744619Z	/tmp/prysm-r2-extra-logs.Rd7MjT/round2-prysm-geth-169.tar.gz::snooper-engine.log:31971	2026-09-05T01:31:24.758744619Z	/tmp/prysm-r2-extra-logs.Rd7MjT/round2-prysm-geth-169.tar.gz::snooper-engine.log:31971
169	1	snooper-engine.log	INFO	proxy	REQUEST #718: POST /	1	2026-09-05T01:31:38.759416984Z	/tmp/prysm-r2-extra-logs.Rd7MjT/round2-prysm-geth-169.tar.gz::snooper-engine.log:32018	2026-09-05T01:31:38.759416984Z	/tmp/prysm-r2-extra-logs.Rd7MjT/round2-prysm-geth-169.tar.gz::snooper-engine.log:32018
169	1	snooper-engine.log	INFO	proxy	REQUEST #719: POST /	1	2026-09-05T01:31:52.771989576Z	/tmp/prysm-r2-extra-logs.Rd7MjT/round2-prysm-geth-169.tar.gz::snooper-engine.log:32066	2026-09-05T01:31:52.771989576Z	/tmp/prysm-r2-extra-logs.Rd7MjT/round2-prysm-geth-169.tar.gz::snooper-engine.log:32066
169	1	snooper-engine.log	INFO	proxy	REQUEST #720: POST /	1	2026-09-05T01:32:06.773263283Z	/tmp/prysm-r2-extra-logs.Rd7MjT/round2-prysm-geth-169.tar.gz::snooper-engine.log:32113	2026-09-05T01:32:06.773263283Z	/tmp/prysm-r2-extra-logs.Rd7MjT/round2-prysm-geth-169.tar.gz::snooper-engine.log:32113
169	1	snooper-engine.log	INFO	proxy	REQUEST #721: POST /	1	2026-09-05T01:32:20.760273081Z	/tmp/prysm-r2-extra-logs.Rd7MjT/round2-prysm-geth-169.tar.gz::snooper-engine.log:32160	2026-09-05T01:32:20.760273081Z	/tmp/prysm-r2-extra-logs.Rd7MjT/round2-prysm-geth-169.tar.gz::snooper-engine.log:32160
169	1	snooper-engine.log	INFO	proxy	REQUEST #723: POST /	1	2026-09-05T01:32:34.766390856Z	/tmp/prysm-r2-extra-logs.Rd7MjT/round2-prysm-geth-169.tar.gz::snooper-engine.log:32236	2026-09-05T01:32:34.766390856Z	/tmp/prysm-r2-extra-logs.Rd7MjT/round2-prysm-geth-169.tar.gz::snooper-engine.log:32236
169	1	snooper-engine.log	INFO	proxy	REQUEST #724: POST /	1	2026-09-05T01:32:48.765838297Z	/tmp/prysm-r2-extra-logs.Rd7MjT/round2-prysm-geth-169.tar.gz::snooper-engine.log:32283	2026-09-05T01:32:48.765838297Z	/tmp/prysm-r2-extra-logs.Rd7MjT/round2-prysm-geth-169.tar.gz::snooper-engine.log:32283
169	1	snooper-engine.log	INFO	proxy	REQUEST #725: POST /	1	2026-09-05T01:33:02.771852113Z	/tmp/prysm-r2-extra-logs.Rd7MjT/round2-prysm-geth-169.tar.gz::snooper-engine.log:32331	2026-09-05T01:33:02.771852113Z	/tmp/prysm-r2-extra-logs.Rd7MjT/round2-prysm-geth-169.tar.gz::snooper-engine.log:32331
169	1	snooper-engine.log	INFO	proxy	REQUEST #728: POST /	1	2026-09-05T01:33:16.755113146Z	/tmp/prysm-r2-extra-logs.Rd7MjT/round2-prysm-geth-169.tar.gz::snooper-engine.log:32451	2026-09-05T01:33:16.755113146Z	/tmp/prysm-r2-extra-logs.Rd7MjT/round2-prysm-geth-169.tar.gz::snooper-engine.log:32451
169	1	snooper-engine.log	INFO	proxy	REQUEST #729: POST /	1	2026-09-05T01:33:16.838915884Z	/tmp/prysm-r2-extra-logs.Rd7MjT/round2-prysm-geth-169.tar.gz::snooper-engine.log:32498	2026-09-05T01:33:16.838915884Z	/tmp/prysm-r2-extra-logs.Rd7MjT/round2-prysm-geth-169.tar.gz::snooper-engine.log:32498
169	1	snooper-engine.log	INFO	proxy	REQUEST #730: POST /	1	2026-09-05T01:33:16.927794010Z	/tmp/prysm-r2-extra-logs.Rd7MjT/round2-prysm-geth-169.tar.gz::snooper-engine.log:32545	2026-09-05T01:33:16.927794010Z	/tmp/prysm-r2-extra-logs.Rd7MjT/round2-prysm-geth-169.tar.gz::snooper-engine.log:32545
169	1	snooper-engine.log	INFO	proxy	REQUEST #737: POST /	1	2026-09-05T01:33:30.270149143Z	/tmp/prysm-r2-extra-logs.Rd7MjT/round2-prysm-geth-169.tar.gz::snooper-engine.log:32768	2026-09-05T01:33:30.270149143Z	/tmp/prysm-r2-extra-logs.Rd7MjT/round2-prysm-geth-169.tar.gz::snooper-engine.log:32768
169	1	snooper-engine.log	INFO	proxy	REQUEST #738: POST /	1	2026-09-05T01:33:30.764035271Z	/tmp/prysm-r2-extra-logs.Rd7MjT/round2-prysm-geth-169.tar.gz::snooper-engine.log:32819	2026-09-05T01:33:30.764035271Z	/tmp/prysm-r2-extra-logs.Rd7MjT/round2-prysm-geth-169.tar.gz::snooper-engine.log:32819
169	1	snooper-engine.log	INFO	proxy	REQUEST #739: POST /	1	2026-09-05T01:33:30.812452558Z	/tmp/prysm-r2-extra-logs.Rd7MjT/round2-prysm-geth-169.tar.gz::snooper-engine.log:32866	2026-09-05T01:33:30.812452558Z	/tmp/prysm-r2-extra-logs.Rd7MjT/round2-prysm-geth-169.tar.gz::snooper-engine.log:32866
169	1	snooper-engine.log	INFO	proxy	REQUEST #740: POST /	1	2026-09-05T01:33:30.869715928Z	/tmp/prysm-r2-extra-logs.Rd7MjT/round2-prysm-geth-169.tar.gz::snooper-engine.log:32913	2026-09-05T01:33:30.869715928Z	/tmp/prysm-r2-extra-logs.Rd7MjT/round2-prysm-geth-169.tar.gz::snooper-engine.log:32913
169	1	snooper-engine.log	INFO	proxy	REQUEST #742: POST /	1	2026-09-05T01:33:44.754339893Z	/tmp/prysm-r2-extra-logs.Rd7MjT/round2-prysm-geth-169.tar.gz::snooper-engine.log:32966	2026-09-05T01:33:44.754339893Z	/tmp/prysm-r2-extra-logs.Rd7MjT/round2-prysm-geth-169.tar.gz::snooper-engine.log:32966
169	1	snooper-engine.log	INFO	proxy	REQUEST #746: POST /	1	2026-09-05T01:33:58.755495939Z	/tmp/prysm-r2-extra-logs.Rd7MjT/round2-prysm-geth-169.tar.gz::snooper-engine.log:33117	2026-09-05T01:33:58.755495939Z	/tmp/prysm-r2-extra-logs.Rd7MjT/round2-prysm-geth-169.tar.gz::snooper-engine.log:33117
169	1	snooper-engine.log	INFO	proxy	REQUEST engine_forkchoiceUpdatedV4	9	2026-09-05T01:30:12.166999306Z	/tmp/prysm-r2-extra-logs.Rd7MjT/round2-prysm-geth-169.tar.gz::snooper-engine.log:31640	2026-09-05T01:33:48.029458890Z	/tmp/prysm-r2-extra-logs.Rd7MjT/round2-prysm-geth-169.tar.gz::snooper-engine.log:33086
169	1	snooper-engine.log	INFO	proxy	REQUEST engine_getClientVersionV1	2	2026-09-05T01:30:55.260758488Z	/tmp/prysm-r2-extra-logs.Rd7MjT/round2-prysm-geth-169.tar.gz::snooper-engine.log:31848	2026-09-05T01:32:31.269031132Z	/tmp/prysm-r2-extra-logs.Rd7MjT/round2-prysm-geth-169.tar.gz::snooper-engine.log:32207
169	1	snooper-engine.log	INFO	proxy	REQUEST engine_getPayloadBodiesByHashV2	1	2026-09-05T01:33:30.125168811Z	/tmp/prysm-r2-extra-logs.Rd7MjT/round2-prysm-geth-169.tar.gz::snooper-engine.log:32743	2026-09-05T01:33:30.125168811Z	/tmp/prysm-r2-extra-logs.Rd7MjT/round2-prysm-geth-169.tar.gz::snooper-engine.log:32743
169	1	snooper-engine.log	INFO	proxy	REQUEST engine_newPayloadV5	4	2026-09-05T01:33:12.300529358Z	/tmp/prysm-r2-extra-logs.Rd7MjT/round2-prysm-geth-169.tar.gz::snooper-engine.log:32378	2026-09-05T01:33:46.947212101Z	/tmp/prysm-r2-extra-logs.Rd7MjT/round2-prysm-geth-169.tar.gz::snooper-engine.log:33013
169	1	snooper-engine.log	INFO	proxy	RESPONSE	39	2026-09-05T01:30:00.755102456Z	/tmp/prysm-r2-extra-logs.Rd7MjT/round2-prysm-geth-169.tar.gz::snooper-engine.log:31604	2026-09-05T01:33:58.755703783Z	/tmp/prysm-r2-extra-logs.Rd7MjT/round2-prysm-geth-169.tar.gz::snooper-engine.log:33128
169	1	snooper-engine.log	INFO	proxy	fetched execution metadata	5	2026-09-05T01:29:49.613634258Z	/tmp/prysm-r2-extra-logs.Rd7MjT/round2-prysm-geth-169.tar.gz::snooper-engine.log:31592	2026-09-05T01:33:49.614103599Z	/tmp/prysm-r2-extra-logs.Rd7MjT/round2-prysm-geth-169.tar.gz::snooper-engine.log:33115
169	1	validator.log	ERROR	client	Could not check if any validator is a sync committee aggregator	7	2026-09-05T01:30:48.001267942Z	/tmp/prysm-r2-extra-logs.Rd7MjT/round2-prysm-geth-169.tar.gz::validator.log:865	2026-09-05T01:32:24.001288686Z	/tmp/prysm-r2-extra-logs.Rd7MjT/round2-prysm-geth-169.tar.gz::validator.log:1457
169	1	validator.log	ERROR	client	Could not get sync committee domain data	2	2026-09-05T01:30:36.002946699Z	/tmp/prysm-r2-extra-logs.Rd7MjT/round2-prysm-geth-169.tar.gz::validator.log:777	2026-09-05T01:30:36.006847733Z	/tmp/prysm-r2-extra-logs.Rd7MjT/round2-prysm-geth-169.tar.gz::validator.log:778
169	1	validator.log	ERROR	client	Could not get sync subcommittee index	1	2026-09-05T01:30:24.006131913Z	/tmp/prysm-r2-extra-logs.Rd7MjT/round2-prysm-geth-169.tar.gz::validator.log:708	2026-09-05T01:30:24.006131913Z	/tmp/prysm-r2-extra-logs.Rd7MjT/round2-prysm-geth-169.tar.gz::validator.log:708
169	1	validator.log	ERROR	client	Could not request attestation to sign at slot	754	2026-09-05T01:30:24.002384599Z	/tmp/prysm-r2-extra-logs.Rd7MjT/round2-prysm-geth-169.tar.gz::validator.log:688	2026-09-05T01:32:24.016142101Z	/tmp/prysm-r2-extra-logs.Rd7MjT/round2-prysm-geth-169.tar.gz::validator.log:1533
169	1	validator.log	ERROR	client	Could not request payload attestation data	26	2026-09-05T01:30:24.001278587Z	/tmp/prysm-r2-extra-logs.Rd7MjT/round2-prysm-geth-169.tar.gz::validator.log:687	2026-09-05T01:32:24.005898773Z	/tmp/prysm-r2-extra-logs.Rd7MjT/round2-prysm-geth-169.tar.gz::validator.log:1484
169	1	validator.log	ERROR	client	Could not request sync message block root to sign	18	2026-09-05T01:30:24.002431891Z	/tmp/prysm-r2-extra-logs.Rd7MjT/round2-prysm-geth-169.tar.gz::validator.log:689	2026-09-05T01:32:24.005880984Z	/tmp/prysm-r2-extra-logs.Rd7MjT/round2-prysm-geth-169.tar.gz::validator.log:1483
169	1	validator.log	ERROR	client	Could not submit aggregate selection proof to beacon node	19	2026-09-05T01:30:24.015622683Z	/tmp/prysm-r2-extra-logs.Rd7MjT/round2-prysm-geth-169.tar.gz::validator.log:719	2026-09-05T01:32:12.005207788Z	/tmp/prysm-r2-extra-logs.Rd7MjT/round2-prysm-geth-169.tar.gz::validator.log:1373
169	1	validator.log	ERROR	client	Failed to sign randao reveal	1	2026-09-05T01:30:24.002452348Z	/tmp/prysm-r2-extra-logs.Rd7MjT/round2-prysm-geth-169.tar.gz::validator.log:694	2026-09-05T01:30:24.002452348Z	/tmp/prysm-r2-extra-logs.Rd7MjT/round2-prysm-geth-169.tar.gz::validator.log:694
169	1	validator.log	INFO	client	Duties schedule	32	2026-09-05T01:30:02.886806852Z	/tmp/prysm-r2-extra-logs.Rd7MjT/round2-prysm-geth-169.tar.gz::validator.log:649	2026-09-05T01:30:02.906853116Z	/tmp/prysm-r2-extra-logs.Rd7MjT/round2-prysm-geth-169.tar.gz::validator.log:680
169	1	validator.log	INFO	client	Schedule for epoch 0	1	2026-09-05T01:30:02.886759811Z	/tmp/prysm-r2-extra-logs.Rd7MjT/round2-prysm-geth-169.tar.gz::validator.log:648	2026-09-05T01:30:02.886759811Z	/tmp/prysm-r2-extra-logs.Rd7MjT/round2-prysm-geth-169.tar.gz::validator.log:648
169	1	validator.log	INFO	client	Skipping payload attestation: no block for slot	12	2026-09-05T01:30:21.915067414Z	/tmp/prysm-r2-extra-logs.Rd7MjT/round2-prysm-geth-169.tar.gz::validator.log:686	2026-09-05T01:33:57.002247258Z	/tmp/prysm-r2-extra-logs.Rd7MjT/round2-prysm-geth-169.tar.gz::validator.log:1568
169	1	validator.log	INFO	client	Submitted new aggregate attestations	7	2026-09-05T01:30:09.018219025Z	/tmp/prysm-r2-extra-logs.Rd7MjT/round2-prysm-geth-169.tar.gz::validator.log:682	2026-09-05T01:33:45.222720474Z	/tmp/prysm-r2-extra-logs.Rd7MjT/round2-prysm-geth-169.tar.gz::validator.log:1566
169	1	validator.log	INFO	client	Submitted new attestations	10	2026-09-05T01:30:09.017946986Z	/tmp/prysm-r2-extra-logs.Rd7MjT/round2-prysm-geth-169.tar.gz::validator.log:681	2026-09-05T01:33:57.002385792Z	/tmp/prysm-r2-extra-logs.Rd7MjT/round2-prysm-geth-169.tar.gz::validator.log:1569
169	1	validator.log	INFO	client	Submitted payload attestations	4	2026-09-05T01:30:09.018274314Z	/tmp/prysm-r2-extra-logs.Rd7MjT/round2-prysm-geth-169.tar.gz::validator.log:683	2026-09-05T01:33:35.002843816Z	/tmp/prysm-r2-extra-logs.Rd7MjT/round2-prysm-geth-169.tar.gz::validator.log:1560
169	1	validator.log	INFO	client	Submitted sync committee contributions and proofs	3	2026-09-05T01:30:09.019213469Z	/tmp/prysm-r2-extra-logs.Rd7MjT/round2-prysm-geth-169.tar.gz::validator.log:685	2026-09-05T01:33:57.002572076Z	/tmp/prysm-r2-extra-logs.Rd7MjT/round2-prysm-geth-169.tar.gz::validator.log:1571
169	1	validator.log	INFO	client	Submitted sync committee messages	10	2026-09-05T01:30:09.019181709Z	/tmp/prysm-r2-extra-logs.Rd7MjT/round2-prysm-geth-169.tar.gz::validator.log:684	2026-09-05T01:33:57.002422301Z	/tmp/prysm-r2-extra-logs.Rd7MjT/round2-prysm-geth-169.tar.gz::validator.log:1570
169	1	validator.log	WARN	client	Could not get signed attestation data for aggregation	16	2026-09-05T01:30:24.015306246Z	/tmp/prysm-r2-extra-logs.Rd7MjT/round2-prysm-geth-169.tar.gz::validator.log:718	2026-09-05T01:32:12.005060271Z	/tmp/prysm-r2-extra-logs.Rd7MjT/round2-prysm-geth-169.tar.gz::validator.log:1372
169	1	validator.log	WARN	client	No attestations to aggregate	1	2026-09-05T01:32:34.281288499Z	/tmp/prysm-r2-extra-logs.Rd7MjT/round2-prysm-geth-169.tar.gz::validator.log:1535	2026-09-05T01:32:34.281288499Z	/tmp/prysm-r2-extra-logs.Rd7MjT/round2-prysm-geth-169.tar.gz::validator.log:1535
191	2	beacon.log	ERROR	execution	Beacon node is not respecting the follow distance. EL client is syncing.	17	2026-09-05T01:29:56.153821928Z	/tmp/prysm-r2-extra-logs.Rd7MjT/round2-prysm-geth-191.tar.gz::beacon.log:354	2026-09-05T01:33:54.158808827Z	/tmp/prysm-r2-extra-logs.Rd7MjT/round2-prysm-geth-191.tar.gz::beacon.log:548
191	2	beacon.log	ERROR	sync	Could not handle p2p pubsub	1	2026-09-05T01:33:31.901243676Z	/tmp/prysm-r2-extra-logs.Rd7MjT/round2-prysm-geth-191.tar.gz::beacon.log:538	2026-09-05T01:33:31.901243676Z	/tmp/prysm-r2-extra-logs.Rd7MjT/round2-prysm-geth-191.tar.gz::beacon.log:538
191	2	beacon.log	INFO	slots	10s until chain genesis	1	2026-09-05T01:29:49.345224104Z	/tmp/prysm-r2-extra-logs.Rd7MjT/round2-prysm-geth-191.tar.gz::beacon.log:347	2026-09-05T01:29:49.345224104Z	/tmp/prysm-r2-extra-logs.Rd7MjT/round2-prysm-geth-191.tar.gz::beacon.log:347
191	2	beacon.log	INFO	slots	11s until chain genesis	1	2026-09-05T01:29:48.345685602Z	/tmp/prysm-r2-extra-logs.Rd7MjT/round2-prysm-geth-191.tar.gz::beacon.log:346	2026-09-05T01:29:48.345685602Z	/tmp/prysm-r2-extra-logs.Rd7MjT/round2-prysm-geth-191.tar.gz::beacon.log:346
191	2	beacon.log	INFO	slots	1s until chain genesis	1	2026-09-05T01:29:58.345608255Z	/tmp/prysm-r2-extra-logs.Rd7MjT/round2-prysm-geth-191.tar.gz::beacon.log:357	2026-09-05T01:29:58.345608255Z	/tmp/prysm-r2-extra-logs.Rd7MjT/round2-prysm-geth-191.tar.gz::beacon.log:357
191	2	beacon.log	INFO	slots	2s until chain genesis	1	2026-09-05T01:29:57.345398508Z	/tmp/prysm-r2-extra-logs.Rd7MjT/round2-prysm-geth-191.tar.gz::beacon.log:356	2026-09-05T01:29:57.345398508Z	/tmp/prysm-r2-extra-logs.Rd7MjT/round2-prysm-geth-191.tar.gz::beacon.log:356
191	2	beacon.log	INFO	slots	3s until chain genesis	1	2026-09-05T01:29:56.345754877Z	/tmp/prysm-r2-extra-logs.Rd7MjT/round2-prysm-geth-191.tar.gz::beacon.log:355	2026-09-05T01:29:56.345754877Z	/tmp/prysm-r2-extra-logs.Rd7MjT/round2-prysm-geth-191.tar.gz::beacon.log:355
191	2	beacon.log	INFO	slots	4s until chain genesis	1	2026-09-05T01:29:55.346019584Z	/tmp/prysm-r2-extra-logs.Rd7MjT/round2-prysm-geth-191.tar.gz::beacon.log:353	2026-09-05T01:29:55.346019584Z	/tmp/prysm-r2-extra-logs.Rd7MjT/round2-prysm-geth-191.tar.gz::beacon.log:353
191	2	beacon.log	INFO	slots	5s until chain genesis	1	2026-09-05T01:29:54.345916129Z	/tmp/prysm-r2-extra-logs.Rd7MjT/round2-prysm-geth-191.tar.gz::beacon.log:352	2026-09-05T01:29:54.345916129Z	/tmp/prysm-r2-extra-logs.Rd7MjT/round2-prysm-geth-191.tar.gz::beacon.log:352
191	2	beacon.log	INFO	slots	6s until chain genesis	1	2026-09-05T01:29:53.345635166Z	/tmp/prysm-r2-extra-logs.Rd7MjT/round2-prysm-geth-191.tar.gz::beacon.log:351	2026-09-05T01:29:53.345635166Z	/tmp/prysm-r2-extra-logs.Rd7MjT/round2-prysm-geth-191.tar.gz::beacon.log:351
191	2	beacon.log	INFO	slots	7s until chain genesis	1	2026-09-05T01:29:52.345357240Z	/tmp/prysm-r2-extra-logs.Rd7MjT/round2-prysm-geth-191.tar.gz::beacon.log:350	2026-09-05T01:29:52.345357240Z	/tmp/prysm-r2-extra-logs.Rd7MjT/round2-prysm-geth-191.tar.gz::beacon.log:350
191	2	beacon.log	INFO	slots	8s until chain genesis	1	2026-09-05T01:29:51.346083623Z	/tmp/prysm-r2-extra-logs.Rd7MjT/round2-prysm-geth-191.tar.gz::beacon.log:349	2026-09-05T01:29:51.346083623Z	/tmp/prysm-r2-extra-logs.Rd7MjT/round2-prysm-geth-191.tar.gz::beacon.log:349
191	2	beacon.log	INFO	slots	9s until chain genesis	1	2026-09-05T01:29:50.345880734Z	/tmp/prysm-r2-extra-logs.Rd7MjT/round2-prysm-geth-191.tar.gz::beacon.log:348	2026-09-05T01:29:50.345880734Z	/tmp/prysm-r2-extra-logs.Rd7MjT/round2-prysm-geth-191.tar.gz::beacon.log:348
191	2	beacon.log	INFO	blockchain	Attempted late block reorg aborted due to attestations at 12 seconds	1	2026-09-05T01:30:29.521597194Z	/tmp/prysm-r2-extra-logs.Rd7MjT/round2-prysm-geth-191.tar.gz::beacon.log:514	2026-09-05T01:30:29.521597194Z	/tmp/prysm-r2-extra-logs.Rd7MjT/round2-prysm-geth-191.tar.gz::beacon.log:514
191	2	beacon.log	INFO	slots	Chain genesis time reached	1	2026-09-05T01:30:00.345220752Z	/tmp/prysm-r2-extra-logs.Rd7MjT/round2-prysm-geth-191.tar.gz::beacon.log:507	2026-09-05T01:30:00.345220752Z	/tmp/prysm-r2-extra-logs.Rd7MjT/round2-prysm-geth-191.tar.gz::beacon.log:507
191	2	beacon.log	INFO	blockchain	Chain reorg occurred	4	2026-09-05T01:30:12.002387357Z	/tmp/prysm-r2-extra-logs.Rd7MjT/round2-prysm-geth-191.tar.gz::beacon.log:509	2026-09-05T01:33:58.132026054Z	/tmp/prysm-r2-extra-logs.Rd7MjT/round2-prysm-geth-191.tar.gz::beacon.log:552
191	2	beacon.log	INFO	p2p	Connected peers	4	2026-09-05T01:30:47.362255270Z	/tmp/prysm-r2-extra-logs.Rd7MjT/round2-prysm-geth-191.tar.gz::beacon.log:517	2026-09-05T01:33:47.378476386Z	/tmp/prysm-r2-extra-logs.Rd7MjT/round2-prysm-geth-191.tar.gz::beacon.log:547
191	2	beacon.log	INFO	blockchain	Finished applying state transition	4	2026-09-05T01:33:12.664747224Z	/tmp/prysm-r2-extra-logs.Rd7MjT/round2-prysm-geth-191.tar.gz::beacon.log:532	2026-09-05T01:33:54.159887338Z	/tmp/prysm-r2-extra-logs.Rd7MjT/round2-prysm-geth-191.tar.gz::beacon.log:550
191	2	beacon.log	INFO	blockchain	Forkchoice updated with payload attributes for proposal	1	2026-09-05T01:30:16.298566991Z	/tmp/prysm-r2-extra-logs.Rd7MjT/round2-prysm-geth-191.tar.gz::beacon.log:510	2026-09-05T01:30:16.298566991Z	/tmp/prysm-r2-extra-logs.Rd7MjT/round2-prysm-geth-191.tar.gz::beacon.log:510
191	2	beacon.log	INFO	sync	Skipping pending block already being processed	3	2026-09-05T01:33:27.780017528Z	/tmp/prysm-r2-extra-logs.Rd7MjT/round2-prysm-geth-191.tar.gz::beacon.log:535	2026-09-05T01:33:31.523668412Z	/tmp/prysm-r2-extra-logs.Rd7MjT/round2-prysm-geth-191.tar.gz::beacon.log:537
191	2	beacon.log	INFO	sync	Subscribed to	148	2026-09-05T01:30:00.004920107Z	/tmp/prysm-r2-extra-logs.Rd7MjT/round2-prysm-geth-191.tar.gz::beacon.log:359	2026-09-05T01:30:00.132333577Z	/tmp/prysm-r2-extra-logs.Rd7MjT/round2-prysm-geth-191.tar.gz::beacon.log:506
191	2	beacon.log	INFO	blockchain	Synced execution payload envelope	5	2026-09-05T01:33:20.840930460Z	/tmp/prysm-r2-extra-logs.Rd7MjT/round2-prysm-geth-191.tar.gz::beacon.log:533	2026-09-05T01:33:54.985341543Z	/tmp/prysm-r2-extra-logs.Rd7MjT/round2-prysm-geth-191.tar.gz::beacon.log:551
191	2	beacon.log	INFO	blockchain	Synced new block	4	2026-09-05T01:33:12.664622156Z	/tmp/prysm-r2-extra-logs.Rd7MjT/round2-prysm-geth-191.tar.gz::beacon.log:531	2026-09-05T01:33:54.159744813Z	/tmp/prysm-r2-extra-logs.Rd7MjT/round2-prysm-geth-191.tar.gz::beacon.log:549
191	2	beacon.log	INFO	p2p	Updating ENR Fork ID	1	2026-09-05T01:30:00.003319970Z	/tmp/prysm-r2-extra-logs.Rd7MjT/round2-prysm-geth-191.tar.gz::beacon.log:358	2026-09-05T01:30:00.003319970Z	/tmp/prysm-r2-extra-logs.Rd7MjT/round2-prysm-geth-191.tar.gz::beacon.log:358
191	2	beacon.log	WARN	p2p	Sync Committee Message is too old to broadcast, discarding it	2	2026-09-05T01:30:25.898803025Z	/tmp/prysm-r2-extra-logs.Rd7MjT/round2-prysm-geth-191.tar.gz::beacon.log:512	2026-09-05T01:30:25.899031753Z	/tmp/prysm-r2-extra-logs.Rd7MjT/round2-prysm-geth-191.tar.gz::beacon.log:513
191	2	execution.log	INFO	geth	Chain head was updated	3	2026-09-05T01:33:20.208353554Z	/tmp/prysm-r2-extra-logs.Rd7MjT/round2-prysm-geth-191.tar.gz::execution.log:92	2026-09-05T01:33:48.864111614Z	/tmp/prysm-r2-extra-logs.Rd7MjT/round2-prysm-geth-191.tar.gz::execution.log:101
191	2	execution.log	INFO	geth	Imported new potential chain segment	4	2026-09-05T01:33:19.013579271Z	/tmp/prysm-r2-extra-logs.Rd7MjT/round2-prysm-geth-191.tar.gz::execution.log:91	2026-09-05T01:33:54.934546218Z	/tmp/prysm-r2-extra-logs.Rd7MjT/round2-prysm-geth-191.tar.gz::execution.log:103
191	2	execution.log	INFO	geth	Indexed transactions	1	2026-09-05T01:33:20.216444428Z	/tmp/prysm-r2-extra-logs.Rd7MjT/round2-prysm-geth-191.tar.gz::execution.log:93	2026-09-05T01:33:20.216444428Z	/tmp/prysm-r2-extra-logs.Rd7MjT/round2-prysm-geth-191.tar.gz::execution.log:93
191	2	execution.log	INFO	geth	Shorten chain	1	2026-09-05T01:33:48.864023808Z	/tmp/prysm-r2-extra-logs.Rd7MjT/round2-prysm-geth-191.tar.gz::execution.log:100	2026-09-05T01:33:48.864023808Z	/tmp/prysm-r2-extra-logs.Rd7MjT/round2-prysm-geth-191.tar.gz::execution.log:100
191	2	execution.log	INFO	geth	Starting work on payload	1	2026-09-05T01:30:15.022914995Z	/tmp/prysm-r2-extra-logs.Rd7MjT/round2-prysm-geth-191.tar.gz::execution.log:87	2026-09-05T01:30:15.022914995Z	/tmp/prysm-r2-extra-logs.Rd7MjT/round2-prysm-geth-191.tar.gz::execution.log:87
191	2	execution.log	INFO	geth	Stopping work on payload	1	2026-09-05T01:30:27.023196984Z	/tmp/prysm-r2-extra-logs.Rd7MjT/round2-prysm-geth-191.tar.gz::execution.log:89	2026-09-05T01:30:27.023196984Z	/tmp/prysm-r2-extra-logs.Rd7MjT/round2-prysm-geth-191.tar.gz::execution.log:89
191	2	execution.log	INFO	geth	Updated payload	1	2026-09-05T01:30:15.023500446Z	/tmp/prysm-r2-extra-logs.Rd7MjT/round2-prysm-geth-191.tar.gz::execution.log:88	2026-09-05T01:30:15.023500446Z	/tmp/prysm-r2-extra-logs.Rd7MjT/round2-prysm-geth-191.tar.gz::execution.log:88
191	2	execution.log	WARN	geth	Beacon client online, but no consensus updates received in a while. Please fix your beacon client to follow the chain!	1	2026-09-05T01:32:36.448173934Z	/tmp/prysm-r2-extra-logs.Rd7MjT/round2-prysm-geth-191.tar.gz::execution.log:90	2026-09-05T01:32:36.448173934Z	/tmp/prysm-r2-extra-logs.Rd7MjT/round2-prysm-geth-191.tar.gz::execution.log:90
191	2	execution.log	WARN	geth	Ignoring already known beacon payload	1	2026-09-05T01:33:22.514275193Z	/tmp/prysm-r2-extra-logs.Rd7MjT/round2-prysm-geth-191.tar.gz::execution.log:95	2026-09-05T01:33:22.514275193Z	/tmp/prysm-r2-extra-logs.Rd7MjT/round2-prysm-geth-191.tar.gz::execution.log:95
191	2	execution.log	WARN	geth	Nil finalized block cannot evict old blobs	3	2026-09-05T01:33:20.224007227Z	/tmp/prysm-r2-extra-logs.Rd7MjT/round2-prysm-geth-191.tar.gz::execution.log:94	2026-09-05T01:33:48.865069923Z	/tmp/prysm-r2-extra-logs.Rd7MjT/round2-prysm-geth-191.tar.gz::execution.log:102
191	2	snooper-engine.log	INFO	proxy	REQUEST #712: POST /	1	2026-09-05T01:29:56.152788617Z	/tmp/prysm-r2-extra-logs.Rd7MjT/round2-prysm-geth-191.tar.gz::snooper-engine.log:31633	2026-09-05T01:29:56.152788617Z	/tmp/prysm-r2-extra-logs.Rd7MjT/round2-prysm-geth-191.tar.gz::snooper-engine.log:31633
191	2	snooper-engine.log	INFO	proxy	REQUEST #713: POST /	1	2026-09-05T01:30:10.153475653Z	/tmp/prysm-r2-extra-logs.Rd7MjT/round2-prysm-geth-191.tar.gz::snooper-engine.log:31681	2026-09-05T01:30:10.153475653Z	/tmp/prysm-r2-extra-logs.Rd7MjT/round2-prysm-geth-191.tar.gz::snooper-engine.log:31681
191	2	snooper-engine.log	INFO	proxy	REQUEST #716: POST /	1	2026-09-05T01:30:24.172988378Z	/tmp/prysm-r2-extra-logs.Rd7MjT/round2-prysm-geth-191.tar.gz::snooper-engine.log:31794	2026-09-05T01:30:24.172988378Z	/tmp/prysm-r2-extra-logs.Rd7MjT/round2-prysm-geth-191.tar.gz::snooper-engine.log:31794
191	2	snooper-engine.log	INFO	proxy	REQUEST #718: POST /	1	2026-09-05T01:30:39.011818071Z	/tmp/prysm-r2-extra-logs.Rd7MjT/round2-prysm-geth-191.tar.gz::snooper-engine.log:31878	2026-09-05T01:30:39.011818071Z	/tmp/prysm-r2-extra-logs.Rd7MjT/round2-prysm-geth-191.tar.gz::snooper-engine.log:31878
191	2	snooper-engine.log	INFO	proxy	REQUEST #719: POST /	1	2026-09-05T01:30:52.157126066Z	/tmp/prysm-r2-extra-logs.Rd7MjT/round2-prysm-geth-191.tar.gz::snooper-engine.log:31925	2026-09-05T01:30:52.157126066Z	/tmp/prysm-r2-extra-logs.Rd7MjT/round2-prysm-geth-191.tar.gz::snooper-engine.log:31925
191	2	snooper-engine.log	INFO	proxy	REQUEST #721: POST /	1	2026-09-05T01:31:08.528090978Z	/tmp/prysm-r2-extra-logs.Rd7MjT/round2-prysm-geth-191.tar.gz::snooper-engine.log:32002	2026-09-05T01:31:08.528090978Z	/tmp/prysm-r2-extra-logs.Rd7MjT/round2-prysm-geth-191.tar.gz::snooper-engine.log:32002
191	2	snooper-engine.log	INFO	proxy	REQUEST #722: POST /	1	2026-09-05T01:31:20.154054277Z	/tmp/prysm-r2-extra-logs.Rd7MjT/round2-prysm-geth-191.tar.gz::snooper-engine.log:32049	2026-09-05T01:31:20.154054277Z	/tmp/prysm-r2-extra-logs.Rd7MjT/round2-prysm-geth-191.tar.gz::snooper-engine.log:32049
191	2	snooper-engine.log	INFO	proxy	REQUEST #723: POST /	1	2026-09-05T01:31:34.159109562Z	/tmp/prysm-r2-extra-logs.Rd7MjT/round2-prysm-geth-191.tar.gz::snooper-engine.log:32096	2026-09-05T01:31:34.159109562Z	/tmp/prysm-r2-extra-logs.Rd7MjT/round2-prysm-geth-191.tar.gz::snooper-engine.log:32096
191	2	snooper-engine.log	INFO	proxy	REQUEST #724: POST /	1	2026-09-05T01:31:48.157077587Z	/tmp/prysm-r2-extra-logs.Rd7MjT/round2-prysm-geth-191.tar.gz::snooper-engine.log:32143	2026-09-05T01:31:48.157077587Z	/tmp/prysm-r2-extra-logs.Rd7MjT/round2-prysm-geth-191.tar.gz::snooper-engine.log:32143
191	2	snooper-engine.log	INFO	proxy	REQUEST #725: POST /	1	2026-09-05T01:32:02.158794783Z	/tmp/prysm-r2-extra-logs.Rd7MjT/round2-prysm-geth-191.tar.gz::snooper-engine.log:32191	2026-09-05T01:32:02.158794783Z	/tmp/prysm-r2-extra-logs.Rd7MjT/round2-prysm-geth-191.tar.gz::snooper-engine.log:32191
191	2	snooper-engine.log	INFO	proxy	REQUEST #726: POST /	1	2026-09-05T01:32:17.739473698Z	/tmp/prysm-r2-extra-logs.Rd7MjT/round2-prysm-geth-191.tar.gz::snooper-engine.log:32238	2026-09-05T01:32:17.739473698Z	/tmp/prysm-r2-extra-logs.Rd7MjT/round2-prysm-geth-191.tar.gz::snooper-engine.log:32238
191	2	snooper-engine.log	INFO	proxy	REQUEST #727: POST /	1	2026-09-05T01:32:30.153215246Z	/tmp/prysm-r2-extra-logs.Rd7MjT/round2-prysm-geth-191.tar.gz::snooper-engine.log:32285	2026-09-05T01:32:30.153215246Z	/tmp/prysm-r2-extra-logs.Rd7MjT/round2-prysm-geth-191.tar.gz::snooper-engine.log:32285
191	2	snooper-engine.log	INFO	proxy	REQUEST #729: POST /	1	2026-09-05T01:32:44.173000048Z	/tmp/prysm-r2-extra-logs.Rd7MjT/round2-prysm-geth-191.tar.gz::snooper-engine.log:32361	2026-09-05T01:32:44.173000048Z	/tmp/prysm-r2-extra-logs.Rd7MjT/round2-prysm-geth-191.tar.gz::snooper-engine.log:32361
191	2	snooper-engine.log	INFO	proxy	REQUEST #730: POST /	1	2026-09-05T01:32:58.160144942Z	/tmp/prysm-r2-extra-logs.Rd7MjT/round2-prysm-geth-191.tar.gz::snooper-engine.log:32409	2026-09-05T01:32:58.160144942Z	/tmp/prysm-r2-extra-logs.Rd7MjT/round2-prysm-geth-191.tar.gz::snooper-engine.log:32409
191	2	snooper-engine.log	INFO	proxy	REQUEST #731: POST /	1	2026-09-05T01:33:12.171258716Z	/tmp/prysm-r2-extra-logs.Rd7MjT/round2-prysm-geth-191.tar.gz::snooper-engine.log:32456	2026-09-05T01:33:12.171258716Z	/tmp/prysm-r2-extra-logs.Rd7MjT/round2-prysm-geth-191.tar.gz::snooper-engine.log:32456
191	2	snooper-engine.log	INFO	proxy	REQUEST #736: POST /	1	2026-09-05T01:33:26.159360795Z	/tmp/prysm-r2-extra-logs.Rd7MjT/round2-prysm-geth-191.tar.gz::snooper-engine.log:32649	2026-09-05T01:33:26.159360795Z	/tmp/prysm-r2-extra-logs.Rd7MjT/round2-prysm-geth-191.tar.gz::snooper-engine.log:32649
191	2	snooper-engine.log	INFO	proxy	REQUEST #737: POST /	1	2026-09-05T01:33:26.317981110Z	/tmp/prysm-r2-extra-logs.Rd7MjT/round2-prysm-geth-191.tar.gz::snooper-engine.log:32696	2026-09-05T01:33:26.317981110Z	/tmp/prysm-r2-extra-logs.Rd7MjT/round2-prysm-geth-191.tar.gz::snooper-engine.log:32696
191	2	snooper-engine.log	INFO	proxy	REQUEST #738: POST /	1	2026-09-05T01:33:26.327097497Z	/tmp/prysm-r2-extra-logs.Rd7MjT/round2-prysm-geth-191.tar.gz::snooper-engine.log:32743	2026-09-05T01:33:26.327097497Z	/tmp/prysm-r2-extra-logs.Rd7MjT/round2-prysm-geth-191.tar.gz::snooper-engine.log:32743
191	2	snooper-engine.log	INFO	proxy	REQUEST #741: POST /	1	2026-09-05T01:33:40.154673174Z	/tmp/prysm-r2-extra-logs.Rd7MjT/round2-prysm-geth-191.tar.gz::snooper-engine.log:32854	2026-09-05T01:33:40.154673174Z	/tmp/prysm-r2-extra-logs.Rd7MjT/round2-prysm-geth-191.tar.gz::snooper-engine.log:32854
191	2	snooper-engine.log	INFO	proxy	REQUEST #745: POST /	1	2026-09-05T01:33:54.154018633Z	/tmp/prysm-r2-extra-logs.Rd7MjT/round2-prysm-geth-191.tar.gz::snooper-engine.log:32989	2026-09-05T01:33:54.154018633Z	/tmp/prysm-r2-extra-logs.Rd7MjT/round2-prysm-geth-191.tar.gz::snooper-engine.log:32989
191	2	snooper-engine.log	INFO	proxy	REQUEST engine_forkchoiceUpdatedV4	9	2026-09-05T01:30:12.008324748Z	/tmp/prysm-r2-extra-logs.Rd7MjT/round2-prysm-geth-191.tar.gz::snooper-engine.log:31728	2026-09-05T01:33:58.339986484Z	/tmp/prysm-r2-extra-logs.Rd7MjT/round2-prysm-geth-191.tar.gz::snooper-engine.log:33082
191	2	snooper-engine.log	INFO	proxy	REQUEST engine_getClientVersionV1	2	2026-09-05T01:31:02.395315552Z	/tmp/prysm-r2-extra-logs.Rd7MjT/round2-prysm-geth-191.tar.gz::snooper-engine.log:31973	2026-09-05T01:32:38.376946478Z	/tmp/prysm-r2-extra-logs.Rd7MjT/round2-prysm-geth-191.tar.gz::snooper-engine.log:32332
191	2	snooper-engine.log	INFO	proxy	REQUEST engine_newPayloadV5	5	2026-09-05T01:33:19.012218334Z	/tmp/prysm-r2-extra-logs.Rd7MjT/round2-prysm-geth-191.tar.gz::snooper-engine.log:32503	2026-09-05T01:33:54.932812300Z	/tmp/prysm-r2-extra-logs.Rd7MjT/round2-prysm-geth-191.tar.gz::snooper-engine.log:33036
191	2	snooper-engine.log	INFO	proxy	RESPONSE	36	2026-09-05T01:29:56.153566564Z	/tmp/prysm-r2-extra-logs.Rd7MjT/round2-prysm-geth-191.tar.gz::snooper-engine.log:31644	2026-09-05T01:33:58.340092476Z	/tmp/prysm-r2-extra-logs.Rd7MjT/round2-prysm-geth-191.tar.gz::snooper-engine.log:33097
191	2	snooper-engine.log	INFO	proxy	fetched execution metadata	5	2026-09-05T01:29:56.689869754Z	/tmp/prysm-r2-extra-logs.Rd7MjT/round2-prysm-geth-191.tar.gz::snooper-engine.log:31680	2026-09-05T01:33:56.692009942Z	/tmp/prysm-r2-extra-logs.Rd7MjT/round2-prysm-geth-191.tar.gz::snooper-engine.log:33081
191	2	validator.log	ERROR	client	Could not check if any validator is a sync committee aggregator	13	2026-09-05T01:30:36.001289585Z	/tmp/prysm-r2-extra-logs.Rd7MjT/round2-prysm-geth-191.tar.gz::validator.log:770	2026-09-05T01:33:00.001049865Z	/tmp/prysm-r2-extra-logs.Rd7MjT/round2-prysm-geth-191.tar.gz::validator.log:1760
191	2	validator.log	ERROR	client	Could not request attestation to sign at slot	1041	2026-09-05T01:30:24.001054024Z	/tmp/prysm-r2-extra-logs.Rd7MjT/round2-prysm-geth-191.tar.gz::validator.log:690	2026-09-05T01:33:00.009022723Z	/tmp/prysm-r2-extra-logs.Rd7MjT/round2-prysm-geth-191.tar.gz::validator.log:1862
191	2	validator.log	ERROR	client	Could not request payload attestation data	32	2026-09-05T01:30:24.000948109Z	/tmp/prysm-r2-extra-logs.Rd7MjT/round2-prysm-geth-191.tar.gz::validator.log:689	2026-09-05T01:33:00.004458134Z	/tmp/prysm-r2-extra-logs.Rd7MjT/round2-prysm-geth-191.tar.gz::validator.log:1779
191	2	validator.log	ERROR	client	Could not request sync message block root to sign	39	2026-09-05T01:30:36.004478155Z	/tmp/prysm-r2-extra-logs.Rd7MjT/round2-prysm-geth-191.tar.gz::validator.log:779	2026-09-05T01:33:00.004460176Z	/tmp/prysm-r2-extra-logs.Rd7MjT/round2-prysm-geth-191.tar.gz::validator.log:1780
191	2	validator.log	ERROR	client	Could not submit aggregate selection proof to beacon node	24	2026-09-05T01:30:24.001686917Z	/tmp/prysm-r2-extra-logs.Rd7MjT/round2-prysm-geth-191.tar.gz::validator.log:692	2026-09-05T01:33:00.008024784Z	/tmp/prysm-r2-extra-logs.Rd7MjT/round2-prysm-geth-191.tar.gz::validator.log:1850
191	2	validator.log	ERROR	client	Could not submit signed aggregate and proof to beacon node	3	2026-09-05T01:33:24.001511346Z	/tmp/prysm-r2-extra-logs.Rd7MjT/round2-prysm-geth-191.tar.gz::validator.log:1872	2026-09-05T01:33:48.001118966Z	/tmp/prysm-r2-extra-logs.Rd7MjT/round2-prysm-geth-191.tar.gz::validator.log:1884
191	2	validator.log	ERROR	client	Could not submit signed contribution and proof	1	2026-09-05T01:33:48.001125788Z	/tmp/prysm-r2-extra-logs.Rd7MjT/round2-prysm-geth-191.tar.gz::validator.log:1885	2026-09-05T01:33:48.001125788Z	/tmp/prysm-r2-extra-logs.Rd7MjT/round2-prysm-geth-191.tar.gz::validator.log:1885
191	2	validator.log	ERROR	client	Could not submit sync committee message	3	2026-09-05T01:30:24.000860468Z	/tmp/prysm-r2-extra-logs.Rd7MjT/round2-prysm-geth-191.tar.gz::validator.log:686	2026-09-05T01:30:24.000916894Z	/tmp/prysm-r2-extra-logs.Rd7MjT/round2-prysm-geth-191.tar.gz::validator.log:688
191	2	validator.log	ERROR	client	Failed to sign randao reveal	1	2026-09-05T01:30:36.004480876Z	/tmp/prysm-r2-extra-logs.Rd7MjT/round2-prysm-geth-191.tar.gz::validator.log:780	2026-09-05T01:30:36.004480876Z	/tmp/prysm-r2-extra-logs.Rd7MjT/round2-prysm-geth-191.tar.gz::validator.log:780
191	2	validator.log	INFO	client	Duties schedule	32	2026-09-05T01:30:02.615046896Z	/tmp/prysm-r2-extra-logs.Rd7MjT/round2-prysm-geth-191.tar.gz::validator.log:650	2026-09-05T01:30:02.619579173Z	/tmp/prysm-r2-extra-logs.Rd7MjT/round2-prysm-geth-191.tar.gz::validator.log:681
191	2	validator.log	INFO	client	Schedule for epoch 0	1	2026-09-05T01:30:02.614965081Z	/tmp/prysm-r2-extra-logs.Rd7MjT/round2-prysm-geth-191.tar.gz::validator.log:649	2026-09-05T01:30:02.614965081Z	/tmp/prysm-r2-extra-logs.Rd7MjT/round2-prysm-geth-191.tar.gz::validator.log:649
191	2	validator.log	INFO	client	Skipping payload attestation: no block for slot	12	2026-09-05T01:33:10.267032780Z	/tmp/prysm-r2-extra-logs.Rd7MjT/round2-prysm-geth-191.tar.gz::validator.log:1863	2026-09-05T01:33:57.080817588Z	/tmp/prysm-r2-extra-logs.Rd7MjT/round2-prysm-geth-191.tar.gz::validator.log:1889
191	2	validator.log	INFO	client	Submitted new aggregate attestations	3	2026-09-05T01:30:09.005723090Z	/tmp/prysm-r2-extra-logs.Rd7MjT/round2-prysm-geth-191.tar.gz::validator.log:683	2026-09-05T01:33:34.590638443Z	/tmp/prysm-r2-extra-logs.Rd7MjT/round2-prysm-geth-191.tar.gz::validator.log:1878
191	2	validator.log	INFO	client	Submitted new attestations	5	2026-09-05T01:30:09.005672558Z	/tmp/prysm-r2-extra-logs.Rd7MjT/round2-prysm-geth-191.tar.gz::validator.log:682	2026-09-05T01:33:48.001211093Z	/tmp/prysm-r2-extra-logs.Rd7MjT/round2-prysm-geth-191.tar.gz::validator.log:1886
191	2	validator.log	INFO	client	Submitted payload attestations	1	2026-09-05T01:30:09.006322744Z	/tmp/prysm-r2-extra-logs.Rd7MjT/round2-prysm-geth-191.tar.gz::validator.log:684	2026-09-05T01:30:09.006322744Z	/tmp/prysm-r2-extra-logs.Rd7MjT/round2-prysm-geth-191.tar.gz::validator.log:684
191	2	validator.log	INFO	client	Submitted sync committee contributions and proofs	1	2026-09-05T01:33:34.591048766Z	/tmp/prysm-r2-extra-logs.Rd7MjT/round2-prysm-geth-191.tar.gz::validator.log:1880	2026-09-05T01:33:34.591048766Z	/tmp/prysm-r2-extra-logs.Rd7MjT/round2-prysm-geth-191.tar.gz::validator.log:1880
191	2	validator.log	INFO	client	Submitted sync committee messages	5	2026-09-05T01:30:09.006352112Z	/tmp/prysm-r2-extra-logs.Rd7MjT/round2-prysm-geth-191.tar.gz::validator.log:685	2026-09-05T01:33:48.001308783Z	/tmp/prysm-r2-extra-logs.Rd7MjT/round2-prysm-geth-191.tar.gz::validator.log:1887
191	2	validator.log	WARN	client	Could not get signed attestation data for aggregation	24	2026-09-05T01:30:24.001671583Z	/tmp/prysm-r2-extra-logs.Rd7MjT/round2-prysm-geth-191.tar.gz::validator.log:691	2026-09-05T01:33:00.008022724Z	/tmp/prysm-r2-extra-logs.Rd7MjT/round2-prysm-geth-191.tar.gz::validator.log:1849
