node	owned_slot	slot	event_count	first_timestamp	first_anchor	last_timestamp	last_anchor	validator_info_counts	validator_nonroutine_counts	beacon_info_counts	beacon_nonroutine_counts	execution_counts	engine_fcu_count	engine_getpayload_count	peer_min	peer_max
169	1	-1	0					{}	{}	{}	{}	{}	0	0		
169	1	0	7	2026-09-05T01:30:00.755481539Z	/tmp/prysm-r2-extra-logs.Rd7MjT/round2-prysm-geth-169.tar.gz::beacon.log:515	2026-09-05T01:30:09.019213469Z	/tmp/prysm-r2-extra-logs.Rd7MjT/round2-prysm-geth-169.tar.gz::validator.log:685	"{""Schedule for epoch 0"":1,""Submitted new aggregate attestations"":1,""Submitted new attestations"":1,""Submitted payload attestations"":1,""Submitted sync committee contributions and proofs"":1,""Submitted sync committee messages"":1}"	{}	{}	"{""Beacon node is not respecting the follow distance. EL client is syncing."":1}"	{}	0	0		
169	1	1	93	2026-09-05T01:30:15.022065344Z	/tmp/prysm-r2-extra-logs.Rd7MjT/round2-prysm-geth-169.tar.gz::beacon.log:518	2026-09-05T01:30:24.166650255Z	/tmp/prysm-r2-extra-logs.Rd7MjT/round2-prysm-geth-169.tar.gz::execution.log:85	"{""Skipping payload attestation: no block for slot"":1}"	"{""Could not get signed attestation data for aggregation"":3,""Could not get sync subcommittee index"":1,""Could not request attestation to sign at slot"":75,""Could not request payload attestation data"":3,""Could not request sync message block root to sign"":2,""Could not submit aggregate selection proof to beacon node"":3,""Failed to sign randao reveal"":1}"	{}	"{""Beacon node is not respecting the follow distance. EL client is syncing."":1}"	"{""Starting work on payload"":1,""Stopping work on payload"":1,""Updated payload"":1}"	1	0		
169	1	2	87	2026-09-05T01:30:32.027596450Z	/tmp/prysm-r2-extra-logs.Rd7MjT/round2-prysm-geth-169.tar.gz::beacon.log:520	2026-09-05T01:30:36.024254357Z	/tmp/prysm-r2-extra-logs.Rd7MjT/round2-prysm-geth-169.tar.gz::validator.log:864	{}	"{""Could not get signed attestation data for aggregation"":2,""Could not request attestation to sign at slot"":82,""Could not submit aggregate selection proof to beacon node"":2}"	{}	"{""Beacon node is not respecting the follow distance. EL client is syncing."":1}"	{}	1	0		
169	1	3	80	2026-09-05T01:30:36.001470085Z	/tmp/prysm-r2-extra-logs.Rd7MjT/round2-prysm-geth-169.tar.gz::validator.log:775	2026-09-05T01:30:40.301641891Z	/tmp/prysm-r2-extra-logs.Rd7MjT/round2-prysm-geth-169.tar.gz::beacon.log:521	{}	"{""Could not get signed attestation data for aggregation"":1,""Could not get sync committee domain data"":2,""Could not request attestation to sign at slot"":72,""Could not request payload attestation data"":2,""Could not submit aggregate selection proof to beacon node"":1}"	"{""Connected peers"":1}"	"{""Beacon node is not respecting the follow distance. EL client is syncing."":1}"	{}	0	0	92	92
169	1	4	81	2026-09-05T01:30:48.001267942Z	/tmp/prysm-r2-extra-logs.Rd7MjT/round2-prysm-geth-169.tar.gz::validator.log:865	2026-09-05T01:31:00.018764279Z	/tmp/prysm-r2-extra-logs.Rd7MjT/round2-prysm-geth-169.tar.gz::validator.log:1024	{}	"{""Could not check if any validator is a sync committee aggregator"":1,""Could not get signed attestation data for aggregation"":1,""Could not request attestation to sign at slot"":72,""Could not request payload attestation data"":3,""Could not request sync message block root to sign"":2,""Could not submit aggregate selection proof to beacon node"":1}"	{}	"{""Beacon node is not respecting the follow distance. EL client is syncing."":1}"	{}	0	0		
169	1	5	81	2026-09-05T01:31:00.001117633Z	/tmp/prysm-r2-extra-logs.Rd7MjT/round2-prysm-geth-169.tar.gz::validator.log:945	2026-09-05T01:31:12.019710133Z	/tmp/prysm-r2-extra-logs.Rd7MjT/round2-prysm-geth-169.tar.gz::validator.log:1103	{}	"{""Could not check if any validator is a sync committee aggregator"":1,""Could not get signed attestation data for aggregation"":2,""Could not request attestation to sign at slot"":71,""Could not request payload attestation data"":3,""Could not request sync message block root to sign"":2,""Could not submit aggregate selection proof to beacon node"":2}"	{}	{}	{}	0	0		
169	1	6	97	2026-09-05T01:31:12.000934112Z	/tmp/prysm-r2-extra-logs.Rd7MjT/round2-prysm-geth-169.tar.gz::validator.log:1025	2026-09-05T01:31:24.014660964Z	/tmp/prysm-r2-extra-logs.Rd7MjT/round2-prysm-geth-169.tar.gz::validator.log:1201	{}	"{""Could not check if any validator is a sync committee aggregator"":1,""Could not get signed attestation data for aggregation"":2,""Could not request attestation to sign at slot"":88,""Could not request payload attestation data"":1,""Could not request sync message block root to sign"":2,""Could not submit aggregate selection proof to beacon node"":2}"	{}	"{""Beacon node is not respecting the follow distance. EL client is syncing."":1}"	{}	0	0		
169	1	7	12	2026-09-05T01:31:24.001484826Z	/tmp/prysm-r2-extra-logs.Rd7MjT/round2-prysm-geth-169.tar.gz::validator.log:1104	2026-09-05T01:31:36.002691356Z	/tmp/prysm-r2-extra-logs.Rd7MjT/round2-prysm-geth-169.tar.gz::validator.log:1207	"{""Submitted new attestations"":1,""Submitted sync committee messages"":1}"	"{""Could not check if any validator is a sync committee aggregator"":1,""Could not request payload attestation data"":3,""Could not request sync message block root to sign"":2,""Could not submit aggregate selection proof to beacon node"":3}"	{}	"{""Beacon node is not respecting the follow distance. EL client is syncing."":1}"	{}	0	0		
169	1	8	72	2026-09-05T01:31:36.001270350Z	/tmp/prysm-r2-extra-logs.Rd7MjT/round2-prysm-geth-169.tar.gz::validator.log:1205	2026-09-05T01:31:40.289828988Z	/tmp/prysm-r2-extra-logs.Rd7MjT/round2-prysm-geth-169.tar.gz::beacon.log:527	{}	"{""Could not get signed attestation data for aggregation"":2,""Could not request attestation to sign at slot"":65,""Could not request payload attestation data"":1,""Could not submit aggregate selection proof to beacon node"":2}"	"{""Connected peers"":1}"	"{""Beacon node is not respecting the follow distance. EL client is syncing."":1}"	{}	0	0	92	92
169	1	9	87	2026-09-05T01:31:48.001010665Z	/tmp/prysm-r2-extra-logs.Rd7MjT/round2-prysm-geth-169.tar.gz::validator.log:1208	2026-09-05T01:32:00.022585311Z	/tmp/prysm-r2-extra-logs.Rd7MjT/round2-prysm-geth-169.tar.gz::validator.log:1366	{}	"{""Could not check if any validator is a sync committee aggregator"":1,""Could not get signed attestation data for aggregation"":2,""Could not request attestation to sign at slot"":75,""Could not request payload attestation data"":4,""Could not request sync message block root to sign"":2,""Could not submit aggregate selection proof to beacon node"":2}"	{}	"{""Beacon node is not respecting the follow distance. EL client is syncing."":1}"	{}	0	0		
169	1	10	90	2026-09-05T01:32:00.001548699Z	/tmp/prysm-r2-extra-logs.Rd7MjT/round2-prysm-geth-169.tar.gz::validator.log:1284	2026-09-05T01:32:10.016745611Z	/tmp/prysm-r2-extra-logs.Rd7MjT/round2-prysm-geth-169.tar.gz::validator.log:1367	"{""Skipping payload attestation: no block for slot"":1}"	"{""Could not check if any validator is a sync committee aggregator"":1,""Could not get signed attestation data for aggregation"":1,""Could not request attestation to sign at slot"":82,""Could not request payload attestation data"":1,""Could not request sync message block root to sign"":2,""Could not submit aggregate selection proof to beacon node"":1}"	{}	"{""Beacon node is not respecting the follow distance. EL client is syncing."":1}"	{}	0	0		
169	1	11	78	2026-09-05T01:32:12.001450273Z	/tmp/prysm-r2-extra-logs.Rd7MjT/round2-prysm-geth-169.tar.gz::validator.log:1368	2026-09-05T01:32:24.016142101Z	/tmp/prysm-r2-extra-logs.Rd7MjT/round2-prysm-geth-169.tar.gz::validator.log:1533	{}	"{""Could not request attestation to sign at slot"":72,""Could not request payload attestation data"":3,""Could not request sync message block root to sign"":2}"	{}	"{""Beacon node is not respecting the follow distance. EL client is syncing."":1}"	{}	0	0		
169	1	12	11	2026-09-05T01:32:24.001288686Z	/tmp/prysm-r2-extra-logs.Rd7MjT/round2-prysm-geth-169.tar.gz::validator.log:1457	2026-09-05T01:32:34.281370604Z	/tmp/prysm-r2-extra-logs.Rd7MjT/round2-prysm-geth-169.tar.gz::validator.log:1537	"{""Skipping payload attestation: no block for slot"":1,""Submitted new attestations"":1,""Submitted sync committee messages"":1}"	"{""Could not check if any validator is a sync committee aggregator"":1,""Could not request payload attestation data"":2,""Could not request sync message block root to sign"":2,""No attestations to aggregate"":1}"	{}	"{""Beacon node is not respecting the follow distance. EL client is syncing."":1}"	"{""Beacon client online, but no consensus updates received in a while. Please fix your beacon client to follow the chain!"":1}"	0	0		
169	1	13	7	2026-09-05T01:32:36.233550546Z	/tmp/prysm-r2-extra-logs.Rd7MjT/round2-prysm-geth-169.tar.gz::beacon.log:532	2026-09-05T01:32:40.293507292Z	/tmp/prysm-r2-extra-logs.Rd7MjT/round2-prysm-geth-169.tar.gz::beacon.log:533	"{""Skipping payload attestation: no block for slot"":2,""Submitted new aggregate attestations"":1,""Submitted new attestations"":1,""Submitted sync committee messages"":1}"	{}	"{""Connected peers"":1}"	"{""Client is unable to keep up with event stream, shutting down."":1}"	{}	0	0	56	56
169	1	14	7	2026-09-05T01:32:48.811316387Z	/tmp/prysm-r2-extra-logs.Rd7MjT/round2-prysm-geth-169.tar.gz::beacon.log:534	2026-09-05T01:32:57.119029807Z	/tmp/prysm-r2-extra-logs.Rd7MjT/round2-prysm-geth-169.tar.gz::validator.log:1548	"{""Skipping payload attestation: no block for slot"":3,""Submitted new aggregate attestations"":1,""Submitted new attestations"":1,""Submitted sync committee messages"":1}"	{}	{}	"{""Beacon node is not respecting the follow distance. EL client is syncing."":1}"	{}	0	0		
169	1	15	7	2026-09-05T01:33:03.002830931Z	/tmp/prysm-r2-extra-logs.Rd7MjT/round2-prysm-geth-169.tar.gz::beacon.log:535	2026-09-05T01:33:14.694537045Z	/tmp/prysm-r2-extra-logs.Rd7MjT/round2-prysm-geth-169.tar.gz::beacon.log:539	"{""Submitted new aggregate attestations"":1,""Submitted new attestations"":1,""Submitted payload attestations"":1,""Submitted sync committee messages"":1}"	{}	"{""Synced execution payload envelope"":1,""Synced new block"":1}"	"{""Beacon node is not respecting the follow distance. EL client is syncing."":1}"	{}	0	0		
169	1	16	14	2026-09-05T01:33:14.651589547Z	/tmp/prysm-r2-extra-logs.Rd7MjT/round2-prysm-geth-169.tar.gz::execution.log:90	2026-09-05T01:33:20.563638201Z	/tmp/prysm-r2-extra-logs.Rd7MjT/round2-prysm-geth-169.tar.gz::execution.log:93	"{""Submitted new aggregate attestations"":1,""Submitted new attestations"":1,""Submitted payload attestations"":1,""Submitted sync committee contributions and proofs"":1,""Submitted sync committee messages"":1}"	{}	"{""Synced execution payload envelope"":1,""Synced new block"":1}"	{}	"{""Chain head was updated"":2,""Chain reorg detected"":1,""Imported new potential chain segment"":2,""Nil finalized block cannot evict old blobs"":2}"	2	0		
169	1	17	13	2026-09-05T01:33:24.437759400Z	/tmp/prysm-r2-extra-logs.Rd7MjT/round2-prysm-geth-169.tar.gz::execution.log:97	2026-09-05T01:33:29.337456657Z	/tmp/prysm-r2-extra-logs.Rd7MjT/round2-prysm-geth-169.tar.gz::execution.log:99	"{""Submitted new aggregate attestations"":1,""Submitted new attestations"":1,""Submitted payload attestations"":1,""Submitted sync committee messages"":1}"	{}	"{""Synced execution payload envelope"":1,""Synced new block"":1}"	"{""Forkchoice head root does not match head root"":1}"	"{""Chain head was updated"":2,""Chain reorg detected"":1,""Imported new potential chain segment"":1,""Nil finalized block cannot evict old blobs"":2}"	2	0		
169	1	18	14	2026-09-05T01:33:36.843963024Z	/tmp/prysm-r2-extra-logs.Rd7MjT/round2-prysm-geth-169.tar.gz::execution.log:103	2026-09-05T01:33:46.954643406Z	/tmp/prysm-r2-extra-logs.Rd7MjT/round2-prysm-geth-169.tar.gz::execution.log:105	"{""Skipping payload attestation: no block for slot"":3,""Submitted new aggregate attestations"":1,""Submitted new attestations"":1,""Submitted sync committee messages"":1}"	{}	"{""Connected peers"":1,""Synced execution payload envelope"":1,""Synced new block"":1}"	{}	"{""Chain head was updated"":2,""Imported new potential chain segment"":1,""Nil finalized block cannot evict old blobs"":2}"	2	0	90	90
169	1	19	7	2026-09-05T01:33:48.028292362Z	/tmp/prysm-r2-extra-logs.Rd7MjT/round2-prysm-geth-169.tar.gz::beacon.log:557	2026-09-05T01:33:48.029941040Z	/tmp/prysm-r2-extra-logs.Rd7MjT/round2-prysm-geth-169.tar.gz::execution.log:108	"{""Skipping payload attestation: no block for slot"":1,""Submitted new attestations"":1,""Submitted sync committee contributions and proofs"":1,""Submitted sync committee messages"":1}"	{}	{}	"{""Forkchoice head root does not match head root"":1}"	"{""Chain head was updated"":1,""Nil finalized block cannot evict old blobs"":1}"	1	0		
169	1	20	0					{}	{}	{}	{}	{}	0	0		
191	2	-1	1	2026-09-05T01:29:56.153821928Z	/tmp/prysm-r2-extra-logs.Rd7MjT/round2-prysm-geth-191.tar.gz::beacon.log:354	2026-09-05T01:29:56.153821928Z	/tmp/prysm-r2-extra-logs.Rd7MjT/round2-prysm-geth-191.tar.gz::beacon.log:354	{}	{}	{}	"{""Beacon node is not respecting the follow distance. EL client is syncing."":1}"	{}	0	0		
191	2	0	6	2026-09-05T01:30:10.154486930Z	/tmp/prysm-r2-extra-logs.Rd7MjT/round2-prysm-geth-191.tar.gz::beacon.log:508	2026-09-05T01:30:09.006352112Z	/tmp/prysm-r2-extra-logs.Rd7MjT/round2-prysm-geth-191.tar.gz::validator.log:685	"{""Schedule for epoch 0"":1,""Submitted new aggregate attestations"":1,""Submitted new attestations"":1,""Submitted payload attestations"":1,""Submitted sync committee messages"":1}"	{}	{}	"{""Beacon node is not respecting the follow distance. EL client is syncing."":1}"	{}	0	0		
191	2	1	82	2026-09-05T01:30:24.001054024Z	/tmp/prysm-r2-extra-logs.Rd7MjT/round2-prysm-geth-191.tar.gz::validator.log:690	2026-09-05T01:30:15.023500446Z	/tmp/prysm-r2-extra-logs.Rd7MjT/round2-prysm-geth-191.tar.gz::execution.log:88	{}	"{""Could not get signed attestation data for aggregation"":2,""Could not request attestation to sign at slot"":76,""Could not submit aggregate selection proof to beacon node"":2}"	{}	{}	"{""Starting work on payload"":1,""Updated payload"":1}"	2	0		
191	2	2	75	2026-09-05T01:30:24.000860468Z	/tmp/prysm-r2-extra-logs.Rd7MjT/round2-prysm-geth-191.tar.gz::validator.log:686	2026-09-05T01:30:27.023196984Z	/tmp/prysm-r2-extra-logs.Rd7MjT/round2-prysm-geth-191.tar.gz::execution.log:89	{}	"{""Could not check if any validator is a sync committee aggregator"":1,""Could not get signed attestation data for aggregation"":1,""Could not request attestation to sign at slot"":58,""Could not request payload attestation data"":2,""Could not request sync message block root to sign"":3,""Could not submit aggregate selection proof to beacon node"":1,""Could not submit sync committee message"":3,""Failed to sign randao reveal"":1}"	"{""Forkchoice updated with payload attributes for proposal"":1}"	"{""Beacon node is not respecting the follow distance. EL client is syncing."":1,""Sync Committee Message is too old to broadcast, discarding it"":2}"	"{""Stopping work on payload"":1}"	1	0		
191	2	3	78	2026-09-05T01:30:39.268357589Z	/tmp/prysm-r2-extra-logs.Rd7MjT/round2-prysm-geth-191.tar.gz::beacon.log:516	2026-09-05T01:30:47.362255270Z	/tmp/prysm-r2-extra-logs.Rd7MjT/round2-prysm-geth-191.tar.gz::beacon.log:517	{}	"{""Could not get signed attestation data for aggregation"":3,""Could not request attestation to sign at slot"":70,""Could not submit aggregate selection proof to beacon node"":3}"	"{""Connected peers"":1}"	"{""Beacon node is not respecting the follow distance. EL client is syncing."":1}"	{}	0	0	115	115
191	2	4	76	2026-09-05T01:30:48.003980784Z	/tmp/prysm-r2-extra-logs.Rd7MjT/round2-prysm-geth-191.tar.gz::validator.log:836	2026-09-05T01:31:00.008521279Z	/tmp/prysm-r2-extra-logs.Rd7MjT/round2-prysm-geth-191.tar.gz::validator.log:994	{}	"{""Could not check if any validator is a sync committee aggregator"":1,""Could not get signed attestation data for aggregation"":1,""Could not request attestation to sign at slot"":69,""Could not request sync message block root to sign"":3,""Could not submit aggregate selection proof to beacon node"":1}"	{}	"{""Beacon node is not respecting the follow distance. EL client is syncing."":1}"	{}	0	0		
191	2	5	97	2026-09-05T01:31:00.001433228Z	/tmp/prysm-r2-extra-logs.Rd7MjT/round2-prysm-geth-191.tar.gz::validator.log:916	2026-09-05T01:31:12.016284243Z	/tmp/prysm-r2-extra-logs.Rd7MjT/round2-prysm-geth-191.tar.gz::validator.log:1091	{}	"{""Could not check if any validator is a sync committee aggregator"":1,""Could not get signed attestation data for aggregation"":1,""Could not request attestation to sign at slot"":86,""Could not request payload attestation data"":4,""Could not request sync message block root to sign"":3,""Could not submit aggregate selection proof to beacon node"":1}"	{}	"{""Beacon node is not respecting the follow distance. EL client is syncing."":1}"	{}	0	0		
191	2	6	104	2026-09-05T01:31:12.001520515Z	/tmp/prysm-r2-extra-logs.Rd7MjT/round2-prysm-geth-191.tar.gz::validator.log:995	2026-09-05T01:31:24.013089312Z	/tmp/prysm-r2-extra-logs.Rd7MjT/round2-prysm-geth-191.tar.gz::validator.log:1193	{}	"{""Could not check if any validator is a sync committee aggregator"":1,""Could not get signed attestation data for aggregation"":4,""Could not request attestation to sign at slot"":86,""Could not request payload attestation data"":5,""Could not request sync message block root to sign"":3,""Could not submit aggregate selection proof to beacon node"":4}"	{}	"{""Beacon node is not respecting the follow distance. EL client is syncing."":1}"	{}	0	0		
191	2	7	76	2026-09-05T01:31:24.002914550Z	/tmp/prysm-r2-extra-logs.Rd7MjT/round2-prysm-geth-191.tar.gz::validator.log:1092	2026-09-05T01:31:36.014231882Z	/tmp/prysm-r2-extra-logs.Rd7MjT/round2-prysm-geth-191.tar.gz::validator.log:1265	{}	"{""Could not check if any validator is a sync committee aggregator"":1,""Could not get signed attestation data for aggregation"":1,""Could not request attestation to sign at slot"":66,""Could not request payload attestation data"":4,""Could not request sync message block root to sign"":3,""Could not submit aggregate selection proof to beacon node"":1}"	{}	{}	{}	0	0		
191	2	8	93	2026-09-05T01:31:36.000716626Z	/tmp/prysm-r2-extra-logs.Rd7MjT/round2-prysm-geth-191.tar.gz::validator.log:1194	2026-09-05T01:31:47.369778806Z	/tmp/prysm-r2-extra-logs.Rd7MjT/round2-prysm-geth-191.tar.gz::beacon.log:522	{}	"{""Could not check if any validator is a sync committee aggregator"":1,""Could not get signed attestation data for aggregation"":1,""Could not request attestation to sign at slot"":85,""Could not request sync message block root to sign"":3,""Could not submit aggregate selection proof to beacon node"":1}"	"{""Connected peers"":1}"	"{""Beacon node is not respecting the follow distance. EL client is syncing."":1}"	{}	0	0	115	115
191	2	9	85	2026-09-05T01:31:48.001363850Z	/tmp/prysm-r2-extra-logs.Rd7MjT/round2-prysm-geth-191.tar.gz::validator.log:1266	2026-09-05T01:32:00.009291312Z	/tmp/prysm-r2-extra-logs.Rd7MjT/round2-prysm-geth-191.tar.gz::validator.log:1440	{}	"{""Could not check if any validator is a sync committee aggregator"":1,""Could not get signed attestation data for aggregation"":1,""Could not request attestation to sign at slot"":76,""Could not request payload attestation data"":2,""Could not request sync message block root to sign"":3,""Could not submit aggregate selection proof to beacon node"":1}"	{}	"{""Beacon node is not respecting the follow distance. EL client is syncing."":1}"	{}	0	0		
191	2	10	65	2026-09-05T01:32:00.000657664Z	/tmp/prysm-r2-extra-logs.Rd7MjT/round2-prysm-geth-191.tar.gz::validator.log:1359	2026-09-05T01:32:12.012302434Z	/tmp/prysm-r2-extra-logs.Rd7MjT/round2-prysm-geth-191.tar.gz::validator.log:1505	{}	"{""Could not check if any validator is a sync committee aggregator"":1,""Could not get signed attestation data for aggregation"":1,""Could not request attestation to sign at slot"":58,""Could not request sync message block root to sign"":3,""Could not submit aggregate selection proof to beacon node"":1}"	{}	"{""Beacon node is not respecting the follow distance. EL client is syncing."":1}"	{}	0	0		
191	2	11	80	2026-09-05T01:32:12.001263241Z	/tmp/prysm-r2-extra-logs.Rd7MjT/round2-prysm-geth-191.tar.gz::validator.log:1441	2026-09-05T01:32:24.007012493Z	/tmp/prysm-r2-extra-logs.Rd7MjT/round2-prysm-geth-191.tar.gz::validator.log:1585	{}	"{""Could not check if any validator is a sync committee aggregator"":1,""Could not get signed attestation data for aggregation"":2,""Could not request attestation to sign at slot"":70,""Could not request payload attestation data"":1,""Could not request sync message block root to sign"":3,""Could not submit aggregate selection proof to beacon node"":2}"	{}	"{""Beacon node is not respecting the follow distance. EL client is syncing."":1}"	{}	0	0		
191	2	12	78	2026-09-05T01:32:24.000593220Z	/tmp/prysm-r2-extra-logs.Rd7MjT/round2-prysm-geth-191.tar.gz::validator.log:1506	2026-09-05T01:32:36.012278656Z	/tmp/prysm-r2-extra-logs.Rd7MjT/round2-prysm-geth-191.tar.gz::validator.log:1661	{}	"{""Could not check if any validator is a sync committee aggregator"":1,""Could not get signed attestation data for aggregation"":1,""Could not request attestation to sign at slot"":69,""Could not request payload attestation data"":2,""Could not request sync message block root to sign"":3,""Could not submit aggregate selection proof to beacon node"":1}"	{}	"{""Beacon node is not respecting the follow distance. EL client is syncing."":1}"	{}	0	0		
191	2	13	96	2026-09-05T01:32:36.000439512Z	/tmp/prysm-r2-extra-logs.Rd7MjT/round2-prysm-geth-191.tar.gz::validator.log:1586	2026-09-05T01:32:47.365104990Z	/tmp/prysm-r2-extra-logs.Rd7MjT/round2-prysm-geth-191.tar.gz::beacon.log:528	{}	"{""Could not check if any validator is a sync committee aggregator"":1,""Could not get signed attestation data for aggregation"":1,""Could not request attestation to sign at slot"":86,""Could not request payload attestation data"":1,""Could not request sync message block root to sign"":3,""Could not submit aggregate selection proof to beacon node"":1}"	"{""Connected peers"":1}"	"{""Beacon node is not respecting the follow distance. EL client is syncing."":1}"	"{""Beacon client online, but no consensus updates received in a while. Please fix your beacon client to follow the chain!"":1}"	0	0	28	28
191	2	14	104	2026-09-05T01:32:48.000470579Z	/tmp/prysm-r2-extra-logs.Rd7MjT/round2-prysm-geth-191.tar.gz::validator.log:1662	2026-09-05T01:33:00.009022723Z	/tmp/prysm-r2-extra-logs.Rd7MjT/round2-prysm-geth-191.tar.gz::validator.log:1862	{}	"{""Could not check if any validator is a sync committee aggregator"":1,""Could not get signed attestation data for aggregation"":4,""Could not request attestation to sign at slot"":86,""Could not request payload attestation data"":6,""Could not request sync message block root to sign"":3,""Could not submit aggregate selection proof to beacon node"":4}"	{}	{}	{}	0	0		
191	2	15	19	2026-09-05T01:33:00.001049865Z	/tmp/prysm-r2-extra-logs.Rd7MjT/round2-prysm-geth-191.tar.gz::validator.log:1760	2026-09-05T01:33:23.672687104Z	/tmp/prysm-r2-extra-logs.Rd7MjT/round2-prysm-geth-191.tar.gz::beacon.log:534	"{""Skipping payload attestation: no block for slot"":3,""Submitted new aggregate attestations"":1,""Submitted new attestations"":1,""Submitted sync committee messages"":1}"	"{""Could not check if any validator is a sync committee aggregator"":1,""Could not request payload attestation data"":5,""Could not request sync message block root to sign"":3}"	"{""Synced execution payload envelope"":2,""Synced new block"":1}"	"{""Beacon node is not respecting the follow distance. EL client is syncing."":1}"	{}	0	0		
191	2	16	12	2026-09-05T01:33:12.225470226Z	/tmp/prysm-r2-extra-logs.Rd7MjT/round2-prysm-geth-191.tar.gz::beacon.log:530	2026-09-05T01:33:20.208353554Z	/tmp/prysm-r2-extra-logs.Rd7MjT/round2-prysm-geth-191.tar.gz::execution.log:92	"{""Skipping payload attestation: no block for slot"":3,""Submitted new attestations"":1,""Submitted sync committee messages"":1}"	{}	"{""Synced execution payload envelope"":1,""Synced new block"":1}"	"{""Beacon node is not respecting the follow distance. EL client is syncing."":1}"	"{""Chain head was updated"":1,""Ignoring already known beacon payload"":1,""Imported new potential chain segment"":1,""Nil finalized block cannot evict old blobs"":1}"	2	0		
191	2	17	11	2026-09-05T01:33:24.001511346Z	/tmp/prysm-r2-extra-logs.Rd7MjT/round2-prysm-geth-191.tar.gz::validator.log:1872	2026-09-05T01:33:35.314209644Z	/tmp/prysm-r2-extra-logs.Rd7MjT/round2-prysm-geth-191.tar.gz::execution.log:96	"{""Skipping payload attestation: no block for slot"":2,""Submitted new aggregate attestations"":1,""Submitted new attestations"":1,""Submitted sync committee contributions and proofs"":1,""Submitted sync committee messages"":1}"	"{""Could not submit signed aggregate and proof to beacon node"":1}"	"{""Synced execution payload envelope"":1,""Synced new block"":1}"	"{""Could not handle p2p pubsub"":1}"	"{""Imported new potential chain segment"":1}"	0	0		
191	2	18	11	2026-09-05T01:33:40.884569404Z	/tmp/prysm-r2-extra-logs.Rd7MjT/round2-prysm-geth-191.tar.gz::beacon.log:544	2026-09-05T01:33:40.987595049Z	/tmp/prysm-r2-extra-logs.Rd7MjT/round2-prysm-geth-191.tar.gz::execution.log:98	"{""Skipping payload attestation: no block for slot"":2,""Submitted new attestations"":1,""Submitted sync committee messages"":1}"	{}	"{""Connected peers"":1,""Synced execution payload envelope"":1,""Synced new block"":1}"	"{""Beacon node is not respecting the follow distance. EL client is syncing."":1}"	"{""Chain head was updated"":1,""Imported new potential chain segment"":1,""Nil finalized block cannot evict old blobs"":1}"	1	0	81	81
191	2	19	9	2026-09-05T01:33:48.000947961Z	/tmp/prysm-r2-extra-logs.Rd7MjT/round2-prysm-geth-191.tar.gz::validator.log:1883	2026-09-05T01:33:54.934546218Z	/tmp/prysm-r2-extra-logs.Rd7MjT/round2-prysm-geth-191.tar.gz::execution.log:103	"{""Skipping payload attestation: no block for slot"":2}"	"{""Could not submit signed aggregate and proof to beacon node"":2,""Could not submit signed contribution and proof"":1}"	{}	"{""Beacon node is not respecting the follow distance. EL client is syncing."":1}"	"{""Chain head was updated"":1,""Imported new potential chain segment"":1,""Nil finalized block cannot evict old blobs"":1}"	3	0		
191	2	20	0					{}	{}	{}	{}	{}	0	0		
22	3	-1	2	2026-09-05T01:29:58.946548968Z	/tmp/prysm-r2-extra-logs.Rd7MjT/round2-prysm-geth-22.tar.gz::beacon.log:354	2026-09-05T01:29:50.456807183Z	/tmp/prysm-r2-extra-logs.Rd7MjT/round2-prysm-geth-22.tar.gz::beacon.log:345	{}	{}	"{""Connected peers"":1}"	"{""Beacon node is not respecting the follow distance. EL client is syncing."":1}"	{}	0	0	70	70
22	3	0	6	2026-09-05T01:30:02.745274765Z	/tmp/prysm-r2-extra-logs.Rd7MjT/round2-prysm-geth-22.tar.gz::validator.log:649	2026-09-05T01:30:09.007638255Z	/tmp/prysm-r2-extra-logs.Rd7MjT/round2-prysm-geth-22.tar.gz::validator.log:686	"{""Schedule for epoch 0"":1,""Submitted new aggregate attestations"":1,""Submitted new attestations"":1,""Submitted payload attestations"":1,""Submitted sync committee contributions and proofs"":1,""Submitted sync committee messages"":1}"	{}	{}	{}	{}	0	0		
22	3	1	22	2026-09-05T01:30:13.105526304Z	/tmp/prysm-r2-extra-logs.Rd7MjT/round2-prysm-geth-22.tar.gz::beacon.log:505	2026-09-05T01:30:24.003026694Z	/tmp/prysm-r2-extra-logs.Rd7MjT/round2-prysm-geth-22.tar.gz::validator.log:695	"{""Submitted new attestations"":1,""Submitted sync committee messages"":1}"	"{""Could not submit aggregate selection proof to beacon node"":2}"	{}	"{""Beacon node is not respecting the follow distance. EL client is syncing."":1,""Could not process attestation for fork choice"":17}"	{}	2	0		
22	3	2	90	2026-09-05T01:30:24.001814065Z	/tmp/prysm-r2-extra-logs.Rd7MjT/round2-prysm-geth-22.tar.gz::validator.log:688	2026-09-05T01:30:34.558450418Z	/tmp/prysm-r2-extra-logs.Rd7MjT/round2-prysm-geth-22.tar.gz::execution.log:87	{}	"{""Could not get signed attestation data for aggregation"":2,""Could not request attestation to sign at slot"":70,""Could not request payload attestation data"":4,""Could not submit aggregate selection proof to beacon node"":2,""Could not submit sync committee message"":1}"	{}	"{""Beacon node is not respecting the follow distance. EL client is syncing."":1,""Could not process attestation for fork choice"":7,""Sync Committee Message is too old to broadcast, discarding it"":1}"	"{""Starting work on payload"":1,""Updated payload"":1}"	1	0		
22	3	3	133	2026-09-05T01:30:36.000484851Z	/tmp/prysm-r2-extra-logs.Rd7MjT/round2-prysm-geth-22.tar.gz::validator.log:696	2026-09-05T01:30:46.558112399Z	/tmp/prysm-r2-extra-logs.Rd7MjT/round2-prysm-geth-22.tar.gz::execution.log:88	{}	"{""Could not check if any validator is a sync committee aggregator"":2,""Could not get signed attestation data for aggregation"":3,""Could not request attestation to sign at slot"":96,""Could not request payload attestation data"":7,""Could not request sync message block root to sign"":6,""Could not submit aggregate selection proof to beacon node"":3,""Failed to sign randao reveal"":1}"	"{""Connected peers"":1,""Forkchoice updated with payload attributes for proposal"":1}"	"{""Beacon node is not respecting the follow distance. EL client is syncing."":1,""Could not process attestation for fork choice"":11}"	"{""Stopping work on payload"":1}"	0	0	98	98
22	3	4	80	2026-09-05T01:30:58.020166802Z	/tmp/prysm-r2-extra-logs.Rd7MjT/round2-prysm-geth-22.tar.gz::beacon.log:512	2026-09-05T01:33:10.014867278Z	/tmp/prysm-r2-extra-logs.Rd7MjT/round2-prysm-geth-22.tar.gz::beacon.log:583	{}	"{""Could not get signed attestation data for aggregation"":1,""Could not request attestation to sign at slot"":67,""Could not submit aggregate selection proof to beacon node"":1}"	{}	"{""Beacon node is not respecting the follow distance. EL client is syncing."":1,""Could not process attestation for fork choice"":10}"	{}	0	0		
22	3	5	89	2026-09-05T01:31:00.001243791Z	/tmp/prysm-r2-extra-logs.Rd7MjT/round2-prysm-geth-22.tar.gz::validator.log:888	2026-09-05T01:33:10.014720306Z	/tmp/prysm-r2-extra-logs.Rd7MjT/round2-prysm-geth-22.tar.gz::beacon.log:581	{}	"{""Could not check if any validator is a sync committee aggregator"":1,""Could not get signed attestation data for aggregation"":2,""Could not request attestation to sign at slot"":70,""Could not request payload attestation data"":4,""Could not request sync message block root to sign"":3,""Could not submit aggregate selection proof to beacon node"":2}"	{}	"{""Beacon node is not respecting the follow distance. EL client is syncing."":1,""Could not process attestation for fork choice"":6}"	{}	0	0		
22	3	6	82	2026-09-05T01:31:12.000446836Z	/tmp/prysm-r2-extra-logs.Rd7MjT/round2-prysm-geth-22.tar.gz::validator.log:965	2026-09-05T01:33:10.013867109Z	/tmp/prysm-r2-extra-logs.Rd7MjT/round2-prysm-geth-22.tar.gz::beacon.log:573	{}	"{""Could not check if any validator is a sync committee aggregator"":1,""Could not request attestation to sign at slot"":71,""Could not request payload attestation data"":1,""Could not request sync message block root to sign"":3}"	{}	"{""Beacon node is not respecting the follow distance. EL client is syncing."":1,""Could not process attestation for fork choice"":5}"	{}	0	0		
22	3	7	85	2026-09-05T01:31:24.000572968Z	/tmp/prysm-r2-extra-logs.Rd7MjT/round2-prysm-geth-22.tar.gz::validator.log:1044	2026-09-05T01:33:10.014624813Z	/tmp/prysm-r2-extra-logs.Rd7MjT/round2-prysm-geth-22.tar.gz::beacon.log:580	{}	"{""Could not check if any validator is a sync committee aggregator"":1,""Could not get signed attestation data for aggregation"":1,""Could not request attestation to sign at slot"":74,""Could not request payload attestation data"":1,""Could not request sync message block root to sign"":3,""Could not submit aggregate selection proof to beacon node"":1}"	{}	"{""Could not process attestation for fork choice"":4}"	{}	0	0		
22	3	8	90	2026-09-05T01:31:36.000581609Z	/tmp/prysm-r2-extra-logs.Rd7MjT/round2-prysm-geth-22.tar.gz::validator.log:1120	2026-09-05T01:31:48.009623332Z	/tmp/prysm-r2-extra-logs.Rd7MjT/round2-prysm-geth-22.tar.gz::validator.log:1289	{}	"{""Could not check if any validator is a sync committee aggregator"":1,""Could not get signed attestation data for aggregation"":3,""Could not request attestation to sign at slot"":77,""Could not request payload attestation data"":2,""Could not request sync message block root to sign"":3,""Could not submit aggregate selection proof to beacon node"":3}"	{}	"{""Beacon node is not respecting the follow distance. EL client is syncing."":1}"	{}	0	0		
22	3	9	80	2026-09-05T01:31:48.000666681Z	/tmp/prysm-r2-extra-logs.Rd7MjT/round2-prysm-geth-22.tar.gz::validator.log:1202	2026-09-05T01:31:50.461141752Z	/tmp/prysm-r2-extra-logs.Rd7MjT/round2-prysm-geth-22.tar.gz::beacon.log:516	{}	"{""Could not check if any validator is a sync committee aggregator"":1,""Could not get signed attestation data for aggregation"":1,""Could not request attestation to sign at slot"":71,""Could not request payload attestation data"":1,""Could not request sync message block root to sign"":3,""Could not submit aggregate selection proof to beacon node"":1}"	"{""Connected peers"":1}"	"{""Beacon node is not respecting the follow distance. EL client is syncing."":1}"	{}	0	0	98	98
22	3	10	78	2026-09-05T01:32:00.001553448Z	/tmp/prysm-r2-extra-logs.Rd7MjT/round2-prysm-geth-22.tar.gz::validator.log:1290	2026-09-05T01:32:12.007676821Z	/tmp/prysm-r2-extra-logs.Rd7MjT/round2-prysm-geth-22.tar.gz::validator.log:1446	{}	"{""Could not check if any validator is a sync committee aggregator"":1,""Could not get signed attestation data for aggregation"":1,""Could not request attestation to sign at slot"":70,""Could not request payload attestation data"":1,""Could not request sync message block root to sign"":3,""Could not submit aggregate selection proof to beacon node"":1}"	{}	"{""Beacon node is not respecting the follow distance. EL client is syncing."":1}"	{}	0	0		
22	3	11	108	2026-09-05T01:32:12.001234085Z	/tmp/prysm-r2-extra-logs.Rd7MjT/round2-prysm-geth-22.tar.gz::validator.log:1368	2026-09-05T01:32:24.012022764Z	/tmp/prysm-r2-extra-logs.Rd7MjT/round2-prysm-geth-22.tar.gz::validator.log:1552	{}	"{""Could not check if any validator is a sync committee aggregator"":1,""Could not get signed attestation data for aggregation"":2,""Could not request attestation to sign at slot"":96,""Could not request payload attestation data"":3,""Could not request sync message block root to sign"":3,""Could not submit aggregate selection proof to beacon node"":2}"	{}	"{""Beacon node is not respecting the follow distance. EL client is syncing."":1}"	{}	0	0		
22	3	12	79	2026-09-05T01:32:24.000953222Z	/tmp/prysm-r2-extra-logs.Rd7MjT/round2-prysm-geth-22.tar.gz::validator.log:1447	2026-09-05T01:32:36.014318132Z	/tmp/prysm-r2-extra-logs.Rd7MjT/round2-prysm-geth-22.tar.gz::validator.log:1628	{}	"{""Could not check if any validator is a sync committee aggregator"":1,""Could not get signed attestation data for aggregation"":2,""Could not request attestation to sign at slot"":67,""Could not request payload attestation data"":2,""Could not request sync message block root to sign"":3,""Could not submit aggregate selection proof to beacon node"":2}"	{}	"{""Beacon node is not respecting the follow distance. EL client is syncing."":1}"	"{""Beacon client online, but no consensus updates received in a while. Please fix your beacon client to follow the chain!"":1}"	0	0		
22	3	13	12	2026-09-05T01:32:36.002294583Z	/tmp/prysm-r2-extra-logs.Rd7MjT/round2-prysm-geth-22.tar.gz::validator.log:1553	2026-09-05T01:32:46.084401028Z	/tmp/prysm-r2-extra-logs.Rd7MjT/round2-prysm-geth-22.tar.gz::validator.log:1634	"{""Skipping payload attestation: no block for slot"":3,""Submitted new attestations"":1,""Submitted sync committee messages"":1}"	"{""Could not get selection proofs"":1,""Could not request payload attestation data"":1,""Could not request sync message block root to sign"":3,""No attestations to aggregate"":1}"	{}	"{""Beacon node is not respecting the follow distance. EL client is syncing."":1}"	{}	0	0		
22	3	14	7	2026-09-05T01:32:57.806025647Z	/tmp/prysm-r2-extra-logs.Rd7MjT/round2-prysm-geth-22.tar.gz::validator.log:1637	2026-09-05T01:32:50.469859964Z	/tmp/prysm-r2-extra-logs.Rd7MjT/round2-prysm-geth-22.tar.gz::beacon.log:522	"{""Skipping payload attestation: no block for slot"":2,""Submitted new attestations"":1,""Submitted sync committee messages"":1}"	"{""No attestations to aggregate"":2}"	"{""Connected peers"":1}"	{}	{}	0	0	52	52
22	3	15	11	2026-09-05T01:33:01.235060996Z	/tmp/prysm-r2-extra-logs.Rd7MjT/round2-prysm-geth-22.tar.gz::beacon.log:523	2026-09-05T01:33:31.790963230Z	/tmp/prysm-r2-extra-logs.Rd7MjT/round2-prysm-geth-22.tar.gz::beacon.log:594	"{""Skipping payload attestation: no block for slot"":4,""Submitted new aggregate attestations"":1,""Submitted new attestations"":1,""Submitted sync committee messages"":1}"	{}	"{""Synced execution payload envelope"":2,""Synced new block"":1}"	"{""Beacon node is not respecting the follow distance. EL client is syncing."":1}"	{}	0	0		
22	3	16	8	2026-09-05T01:33:15.012505489Z	/tmp/prysm-r2-extra-logs.Rd7MjT/round2-prysm-geth-22.tar.gz::beacon.log:584	2026-09-05T01:33:19.357496193Z	/tmp/prysm-r2-extra-logs.Rd7MjT/round2-prysm-geth-22.tar.gz::execution.log:90	"{""Submitted new attestations"":1,""Submitted sync committee messages"":1}"	"{""Could not submit aggregate selection proof to beacon node"":1}"	"{""Synced execution payload envelope"":1,""Synced new block"":1}"	"{""Beacon node is not respecting the follow distance. EL client is syncing."":1,""Forkchoice head root does not match head root"":1}"	"{""Imported new potential chain segment"":1}"	0	0		
22	3	17	15	2026-09-05T01:33:24.001106936Z	/tmp/prysm-r2-extra-logs.Rd7MjT/round2-prysm-geth-22.tar.gz::validator.log:1648	2026-09-05T01:33:29.964432618Z	/tmp/prysm-r2-extra-logs.Rd7MjT/round2-prysm-geth-22.tar.gz::execution.log:92	"{""Skipping payload attestation: no block for slot"":3,""Submitted new aggregate attestations"":1,""Submitted new attestations"":1,""Submitted sync committee messages"":1}"	"{""Could not request payload attestation data"":1}"	"{""Synced execution payload envelope"":2,""Synced new block"":1}"	"{""Beacon node is not respecting the follow distance. EL client is syncing."":1}"	"{""Chain head was updated"":1,""Ignoring already known beacon payload"":1,""Imported new potential chain segment"":1,""Nil finalized block cannot evict old blobs"":1}"	3	0		
22	3	18	15	2026-09-05T01:33:38.489795381Z	/tmp/prysm-r2-extra-logs.Rd7MjT/round2-prysm-geth-22.tar.gz::execution.log:98	2026-09-05T01:33:46.148016591Z	/tmp/prysm-r2-extra-logs.Rd7MjT/round2-prysm-geth-22.tar.gz::execution.log:101	"{""Skipping payload attestation: no block for slot"":4,""Submitted new aggregate attestations"":1,""Submitted new attestations"":1,""Submitted sync committee messages"":1}"	{}	"{""Synced execution payload envelope"":1,""Synced new block"":1}"	{}	"{""Chain head was updated"":2,""Ignoring already known beacon payload"":1,""Imported new potential chain segment"":1,""Nil finalized block cannot evict old blobs"":2}"	3	0		
22	3	19	16	2026-09-05T01:33:48.634755389Z	/tmp/prysm-r2-extra-logs.Rd7MjT/round2-prysm-geth-22.tar.gz::execution.log:104	2026-09-05T01:33:58.314313115Z	/tmp/prysm-r2-extra-logs.Rd7MjT/round2-prysm-geth-22.tar.gz::execution.log:110	"{""Skipping payload attestation: no block for slot"":3,""Submitted new aggregate attestations"":1,""Submitted new attestations"":1,""Submitted sync committee messages"":1}"	{}	"{""Connected peers"":1}"	"{""Beacon node is not respecting the follow distance. EL client is syncing."":1}"	"{""Chain head was updated"":3,""Chain reorg detected"":1,""Imported new potential chain segment"":1,""Nil finalized block cannot evict old blobs"":3}"	3	0	86	86
22	3	20	0					{}	{}	{}	{}	{}	0	0		
91	4	-1	1	2026-09-05T01:29:59.729043028Z	/tmp/prysm-r2-extra-logs.Rd7MjT/round2-prysm-geth-91.tar.gz::beacon.log:380	2026-09-05T01:29:59.729043028Z	/tmp/prysm-r2-extra-logs.Rd7MjT/round2-prysm-geth-91.tar.gz::beacon.log:380	{}	{}	{}	"{""Beacon node is not respecting the follow distance. EL client is syncing."":1}"	{}	0	0		
91	4	0	6	2026-09-05T01:30:03.574739552Z	/tmp/prysm-r2-extra-logs.Rd7MjT/round2-prysm-geth-91.tar.gz::validator.log:649	2026-09-05T01:30:09.014333719Z	/tmp/prysm-r2-extra-logs.Rd7MjT/round2-prysm-geth-91.tar.gz::validator.log:686	"{""Schedule for epoch 0"":1,""Submitted new aggregate attestations"":1,""Submitted new attestations"":1,""Submitted payload attestations"":1,""Submitted sync committee contributions and proofs"":1,""Submitted sync committee messages"":1}"	{}	{}	{}	{}	0	0		
91	4	1	7	2026-09-05T01:30:14.336652384Z	/tmp/prysm-r2-extra-logs.Rd7MjT/round2-prysm-geth-91.tar.gz::beacon.log:533	2026-09-05T01:30:20.157417262Z	/tmp/prysm-r2-extra-logs.Rd7MjT/round2-prysm-geth-91.tar.gz::beacon.log:534	"{""Submitted new attestations"":1,""Submitted sync committee messages"":1}"	"{""Could not submit aggregate selection proof to beacon node"":2,""Could not submit attestation to beacon node"":1}"	"{""Connected peers"":1}"	"{""Beacon node is not respecting the follow distance. EL client is syncing."":1}"	{}	1	0	82	82
91	4	2	66	2026-09-05T01:30:24.003193935Z	/tmp/prysm-r2-extra-logs.Rd7MjT/round2-prysm-geth-91.tar.gz::validator.log:687	2026-09-05T01:30:36.013075988Z	/tmp/prysm-r2-extra-logs.Rd7MjT/round2-prysm-geth-91.tar.gz::validator.log:763	{}	"{""Could not get signed attestation data for aggregation"":1,""Could not request attestation to sign at slot"":61,""Could not request payload attestation data"":2,""Could not submit aggregate selection proof to beacon node"":1}"	{}	"{""Beacon node is not respecting the follow distance. EL client is syncing."":1}"	{}	0	0		
91	4	3	72	2026-09-05T01:30:36.001453531Z	/tmp/prysm-r2-extra-logs.Rd7MjT/round2-prysm-geth-91.tar.gz::validator.log:694	2026-09-05T01:30:44.780864079Z	/tmp/prysm-r2-extra-logs.Rd7MjT/round2-prysm-geth-91.tar.gz::execution.log:85	{}	"{""Could not check if any validator is a sync committee aggregator"":1,""Could not get signed attestation data for aggregation"":2,""Could not request attestation to sign at slot"":58,""Could not request payload attestation data"":2,""Could not request sync message block root to sign"":4,""Could not submit aggregate selection proof to beacon node"":2}"	{}	"{""Beacon node is not respecting the follow distance. EL client is syncing."":1}"	"{""Starting work on payload"":1,""Updated payload"":1}"	2	0		
91	4	4	96	2026-09-05T01:30:48.000722821Z	/tmp/prysm-r2-extra-logs.Rd7MjT/round2-prysm-geth-91.tar.gz::validator.log:764	2026-09-05T01:30:56.782022652Z	/tmp/prysm-r2-extra-logs.Rd7MjT/round2-prysm-geth-91.tar.gz::execution.log:86	{}	"{""Could not check if any validator is a sync committee aggregator"":2,""Could not get signed attestation data for aggregation"":2,""Could not request attestation to sign at slot"":75,""Could not request payload attestation data"":3,""Could not request sync message block root to sign"":8,""Could not submit aggregate selection proof to beacon node"":2,""Failed to sign randao reveal"":1}"	"{""Forkchoice updated with payload attributes for proposal"":1}"	"{""Beacon node is not respecting the follow distance. EL client is syncing."":1}"	"{""Stopping work on payload"":1}"	0	0		
91	4	5	89	2026-09-05T01:31:10.015165555Z	/tmp/prysm-r2-extra-logs.Rd7MjT/round2-prysm-geth-91.tar.gz::beacon.log:540	2026-09-05T01:31:12.025392072Z	/tmp/prysm-r2-extra-logs.Rd7MjT/round2-prysm-geth-91.tar.gz::validator.log:1016	{}	"{""Could not get signed attestation data for aggregation"":1,""Could not request attestation to sign at slot"":86,""Could not submit aggregate selection proof to beacon node"":1}"	{}	"{""Beacon node is not respecting the follow distance. EL client is syncing."":1}"	{}	0	0		
91	4	6	80	2026-09-05T01:31:12.001541717Z	/tmp/prysm-r2-extra-logs.Rd7MjT/round2-prysm-geth-91.tar.gz::validator.log:919	2026-09-05T01:31:20.155534133Z	/tmp/prysm-r2-extra-logs.Rd7MjT/round2-prysm-geth-91.tar.gz::beacon.log:541	{}	"{""Could not check if any validator is a sync committee aggregator"":1,""Could not get signed attestation data for aggregation"":1,""Could not request attestation to sign at slot"":66,""Could not request payload attestation data"":5,""Could not request sync message block root to sign"":4,""Could not submit aggregate selection proof to beacon node"":1}"	"{""Connected peers"":1}"	"{""Beacon node is not respecting the follow distance. EL client is syncing."":1}"	{}	0	0	82	82
91	4	7	95	2026-09-05T01:31:24.001132652Z	/tmp/prysm-r2-extra-logs.Rd7MjT/round2-prysm-geth-91.tar.gz::validator.log:1017	2026-09-05T01:31:36.017376858Z	/tmp/prysm-r2-extra-logs.Rd7MjT/round2-prysm-geth-91.tar.gz::validator.log:1185	{}	"{""Could not check if any validator is a sync committee aggregator"":1,""Could not get signed attestation data for aggregation"":3,""Could not request attestation to sign at slot"":79,""Could not request payload attestation data"":5,""Could not request sync message block root to sign"":4,""Could not submit aggregate selection proof to beacon node"":3}"	{}	{}	{}	0	0		
91	4	8	92	2026-09-05T01:31:36.001077942Z	/tmp/prysm-r2-extra-logs.Rd7MjT/round2-prysm-geth-91.tar.gz::validator.log:1095	2026-09-05T01:31:48.015187596Z	/tmp/prysm-r2-extra-logs.Rd7MjT/round2-prysm-geth-91.tar.gz::validator.log:1272	"{""Submitted sync committee messages"":1}"	"{""Could not check if any validator is a sync committee aggregator"":1,""Could not get signed attestation data for aggregation"":4,""Could not request attestation to sign at slot"":76,""Could not request payload attestation data"":1,""Could not request sync message block root to sign"":4,""Could not submit aggregate selection proof to beacon node"":4}"	{}	"{""Beacon node is not respecting the follow distance. EL client is syncing."":1}"	{}	0	0		
91	4	9	104	2026-09-05T01:31:48.001428039Z	/tmp/prysm-r2-extra-logs.Rd7MjT/round2-prysm-geth-91.tar.gz::validator.log:1186	2026-09-05T01:32:00.025573055Z	/tmp/prysm-r2-extra-logs.Rd7MjT/round2-prysm-geth-91.tar.gz::validator.log:1379	{}	"{""Could not get signed attestation data for aggregation"":3,""Could not request attestation to sign at slot"":95,""Could not request payload attestation data"":1,""Could not sign contribution and proof"":1,""Could not submit aggregate selection proof to beacon node"":3}"	{}	"{""Beacon node is not respecting the follow distance. EL client is syncing."":1}"	{}	0	0		
91	4	10	72	2026-09-05T01:32:00.001203084Z	/tmp/prysm-r2-extra-logs.Rd7MjT/round2-prysm-geth-91.tar.gz::validator.log:1273	2026-09-05T01:32:12.011442327Z	/tmp/prysm-r2-extra-logs.Rd7MjT/round2-prysm-geth-91.tar.gz::validator.log:1449	{}	"{""Could not check if any validator is a sync committee aggregator"":1,""Could not get signed attestation data for aggregation"":2,""Could not request attestation to sign at slot"":61,""Could not request payload attestation data"":1,""Could not request sync message block root to sign"":4,""Could not submit aggregate selection proof to beacon node"":2}"	{}	"{""Beacon node is not respecting the follow distance. EL client is syncing."":1}"	{}	0	0		
91	4	11	67	2026-09-05T01:32:12.001110177Z	/tmp/prysm-r2-extra-logs.Rd7MjT/round2-prysm-geth-91.tar.gz::validator.log:1380	2026-09-05T01:32:20.152665401Z	/tmp/prysm-r2-extra-logs.Rd7MjT/round2-prysm-geth-91.tar.gz::beacon.log:546	{}	"{""Could not check if any validator is a sync committee aggregator"":1,""Could not get signed attestation data for aggregation"":1,""Could not request attestation to sign at slot"":58,""Could not request sync message block root to sign"":4,""Could not submit aggregate selection proof to beacon node"":1}"	"{""Connected peers"":1}"	"{""Beacon node is not respecting the follow distance. EL client is syncing."":1}"	{}	0	0	81	81
91	4	12	87	2026-09-05T01:32:24.005132614Z	/tmp/prysm-r2-extra-logs.Rd7MjT/round2-prysm-geth-91.tar.gz::validator.log:1450	2026-09-05T01:32:36.014611259Z	/tmp/prysm-r2-extra-logs.Rd7MjT/round2-prysm-geth-91.tar.gz::validator.log:1607	{}	"{""Could not check if any validator is a sync committee aggregator"":1,""Could not get signed attestation data for aggregation"":2,""Could not request attestation to sign at slot"":75,""Could not request payload attestation data"":2,""Could not request sync message block root to sign"":4,""Could not submit aggregate selection proof to beacon node"":2}"	{}	"{""Beacon node is not respecting the follow distance. EL client is syncing."":1}"	{}	0	0		
91	4	13	19	2026-09-05T01:32:36.000530172Z	/tmp/prysm-r2-extra-logs.Rd7MjT/round2-prysm-geth-91.tar.gz::validator.log:1517	2026-09-05T01:32:45.219056855Z	/tmp/prysm-r2-extra-logs.Rd7MjT/round2-prysm-geth-91.tar.gz::validator.log:1613	"{""Skipping payload attestation: no block for slot"":2,""Submitted new attestations"":1,""Submitted sync committee messages"":1}"	"{""Could not check if any validator is a sync committee aggregator"":1,""Could not request payload attestation data"":7,""Could not request sync message block root to sign"":4,""No attestations to aggregate"":2}"	{}	{}	"{""Beacon client online, but no consensus updates received in a while. Please fix your beacon client to follow the chain!"":1}"	0	0		
91	4	14	9	2026-09-05T01:32:48.470264515Z	/tmp/prysm-r2-extra-logs.Rd7MjT/round2-prysm-geth-91.tar.gz::beacon.log:549	2026-09-05T01:32:58.575167131Z	/tmp/prysm-r2-extra-logs.Rd7MjT/round2-prysm-geth-91.tar.gz::validator.log:1621	"{""Skipping payload attestation: no block for slot"":4,""Submitted new attestations"":1,""Submitted sync committee messages"":1}"	"{""No attestations to aggregate"":2}"	{}	"{""Beacon node is not respecting the follow distance. EL client is syncing."":1}"	{}	0	0		
91	4	15	11	2026-09-05T01:33:01.803561190Z	/tmp/prysm-r2-extra-logs.Rd7MjT/round2-prysm-geth-91.tar.gz::beacon.log:550	2026-09-05T01:33:08.161545552Z	/tmp/prysm-r2-extra-logs.Rd7MjT/round2-prysm-geth-91.tar.gz::execution.log:89	"{""Submitted new aggregate attestations"":1,""Submitted new attestations"":1,""Submitted payload attestations"":1,""Submitted sync committee contributions and proofs"":1,""Submitted sync committee messages"":1}"	{}	"{""Synced execution payload envelope"":1,""Synced new block"":1}"	"{""Beacon node is not respecting the follow distance. EL client is syncing."":1}"	"{""Chain head was updated"":1,""Imported new potential chain segment"":1,""Nil finalized block cannot evict old blobs"":1}"	1	0		
91	4	16	11	2026-09-05T01:33:21.025234142Z	/tmp/prysm-r2-extra-logs.Rd7MjT/round2-prysm-geth-91.tar.gz::validator.log:1627	2026-09-05T01:33:31.176459722Z	/tmp/prysm-r2-extra-logs.Rd7MjT/round2-prysm-geth-91.tar.gz::beacon.log:562	"{""Skipping payload attestation: no block for slot"":4,""Submitted new aggregate attestations"":1,""Submitted new attestations"":1,""Submitted sync committee messages"":1}"	{}	"{""Connected peers"":1,""Synced execution payload envelope"":2,""Synced new block"":1}"	{}	{}	0	0	72	72
91	4	17	13	2026-09-05T01:33:29.741584956Z	/tmp/prysm-r2-extra-logs.Rd7MjT/round2-prysm-geth-91.tar.gz::beacon.log:558	2026-09-05T01:33:31.185381145Z	/tmp/prysm-r2-extra-logs.Rd7MjT/round2-prysm-geth-91.tar.gz::execution.log:95	"{""Submitted new attestations"":1,""Submitted payload attestations"":1,""Submitted sync committee messages"":1}"	{}	"{""Synced execution payload envelope"":2,""Synced new block"":1}"	"{""Beacon node is not respecting the follow distance. EL client is syncing."":1}"	"{""Chain head was updated"":1,""Ignoring already known beacon payload"":2,""Imported new potential chain segment"":2,""Nil finalized block cannot evict old blobs"":1}"	2	0		
91	4	18	9	2026-09-05T01:33:46.253031153Z	/tmp/prysm-r2-extra-logs.Rd7MjT/round2-prysm-geth-91.tar.gz::execution.log:100	2026-09-05T01:33:46.252436041Z	/tmp/prysm-r2-extra-logs.Rd7MjT/round2-prysm-geth-91.tar.gz::execution.log:99	"{""Skipping payload attestation: no block for slot"":1,""Submitted new aggregate attestations"":1,""Submitted new attestations"":1,""Submitted sync committee contributions and proofs"":1,""Submitted sync committee messages"":1}"	{}	"{""Synced execution payload envelope"":1,""Synced new block"":1}"	{}	"{""Chain head was updated"":1,""Nil finalized block cannot evict old blobs"":1}"	1	0		
91	4	19	6	2026-09-05T01:33:57.011898337Z	/tmp/prysm-r2-extra-logs.Rd7MjT/round2-prysm-geth-91.tar.gz::validator.log:1642	2026-09-05T01:33:56.908226578Z	/tmp/prysm-r2-extra-logs.Rd7MjT/round2-prysm-geth-91.tar.gz::execution.log:101	"{""Skipping payload attestation: no block for slot"":3,""Submitted new attestations"":1,""Submitted sync committee messages"":1}"	{}	{}	{}	"{""Imported new potential chain segment"":1}"	0	0		
91	4	20	0					{}	{}	{}	{}	{}	0	0		
118	5	-1	0					{}	{}	{}	{}	{}	0	0		
118	5	0	6	2026-09-05T01:30:01.871907121Z	/tmp/prysm-r2-extra-logs.Rd7MjT/round2-prysm-geth-118.tar.gz::beacon.log:515	2026-09-05T01:30:09.006969403Z	/tmp/prysm-r2-extra-logs.Rd7MjT/round2-prysm-geth-118.tar.gz::validator.log:685	"{""Schedule for epoch 0"":1,""Submitted new attestations"":1,""Submitted payload attestations"":1,""Submitted sync committee contributions and proofs"":1,""Submitted sync committee messages"":1}"	{}	{}	"{""Beacon node is not respecting the follow distance. EL client is syncing."":1}"	{}	0	0		
118	5	1	3	2026-09-05T01:30:16.926622813Z	/tmp/prysm-r2-extra-logs.Rd7MjT/round2-prysm-geth-118.tar.gz::beacon.log:517	2026-09-05T01:30:24.001914893Z	/tmp/prysm-r2-extra-logs.Rd7MjT/round2-prysm-geth-118.tar.gz::validator.log:689	"{""Submitted new attestations"":1,""Submitted sync committee messages"":1}"	{}	{}	"{""Beacon node is not respecting the follow distance. EL client is syncing."":1}"	{}	1	0		
118	5	2	74	2026-09-05T01:30:24.001697393Z	/tmp/prysm-r2-extra-logs.Rd7MjT/round2-prysm-geth-118.tar.gz::validator.log:686	2026-09-05T01:30:36.013688212Z	/tmp/prysm-r2-extra-logs.Rd7MjT/round2-prysm-geth-118.tar.gz::validator.log:765	{}	"{""Could not get signed attestation data for aggregation"":1,""Could not request attestation to sign at slot"":69,""Could not request payload attestation data"":2,""Could not submit aggregate selection proof to beacon node"":1}"	{}	"{""Beacon node is not respecting the follow distance. EL client is syncing."":1}"	{}	1	0		
118	5	3	82	2026-09-05T01:30:36.000972307Z	/tmp/prysm-r2-extra-logs.Rd7MjT/round2-prysm-geth-118.tar.gz::validator.log:690	2026-09-05T01:30:40.259027347Z	/tmp/prysm-r2-extra-logs.Rd7MjT/round2-prysm-geth-118.tar.gz::beacon.log:520	{}	"{""Could not check if any validator is a sync committee aggregator"":1,""Could not request attestation to sign at slot"":75,""Could not request payload attestation data"":2,""Could not request sync message block root to sign"":2}"	"{""Connected peers"":1}"	"{""Beacon node is not respecting the follow distance. EL client is syncing."":1}"	{}	0	0	120	120
118	5	4	90	2026-09-05T01:30:48.000514911Z	/tmp/prysm-r2-extra-logs.Rd7MjT/round2-prysm-geth-118.tar.gz::validator.log:766	2026-09-05T01:30:52.341405824Z	/tmp/prysm-r2-extra-logs.Rd7MjT/round2-prysm-geth-118.tar.gz::execution.log:89	{}	"{""Could not check if any validator is a sync committee aggregator"":1,""Could not get signed attestation data for aggregation"":2,""Could not request attestation to sign at slot"":76,""Could not request payload attestation data"":5,""Could not request sync message block root to sign"":2,""Could not submit aggregate selection proof to beacon node"":2}"	{}	{}	"{""Starting work on payload"":1,""Updated payload"":1}"	1	0		
118	5	5	84	2026-09-05T01:31:00.000993629Z	/tmp/prysm-r2-extra-logs.Rd7MjT/round2-prysm-geth-118.tar.gz::validator.log:849	2026-09-05T01:31:04.341775835Z	/tmp/prysm-r2-extra-logs.Rd7MjT/round2-prysm-geth-118.tar.gz::execution.log:90	"{""Skipping payload attestation: no block for slot"":2,""Submitted sync committee messages"":1}"	"{""Could not check if any validator is a sync committee aggregator"":1,""Could not get sync subcommittee index"":1,""Could not request sync message block root to sign"":2,""Could not submit aggregate selection proof to beacon node"":1,""Could not submit attestation to beacon node"":67,""Could not submit sync committee message"":1,""Failed to request block from beacon node"":1}"	"{""Building block"":1,""Forkchoice updated with payload attributes for proposal"":1}"	"{""Beacon node is not respecting the follow distance. EL client is syncing."":1,""Could not build block"":1,""Could not get local payload, falling back to P2P bid"":1,""Voting period before genesis + follow distance, using eth1data from head"":1}"	"{""Stopping work on payload"":1}"	0	1		
118	5	6	78	2026-09-05T01:31:15.032246993Z	/tmp/prysm-r2-extra-logs.Rd7MjT/round2-prysm-geth-118.tar.gz::beacon.log:529	2026-09-05T01:31:24.008850722Z	/tmp/prysm-r2-extra-logs.Rd7MjT/round2-prysm-geth-118.tar.gz::validator.log:1086	{}	"{""Could not get signed attestation data for aggregation"":1,""Could not request attestation to sign at slot"":74,""Could not submit aggregate selection proof to beacon node"":1}"	{}	"{""Beacon node is not respecting the follow distance. EL client is syncing."":1,""Sync Committee Message is too old to broadcast, discarding it"":1}"	{}	0	0		
118	5	7	90	2026-09-05T01:31:24.001548472Z	/tmp/prysm-r2-extra-logs.Rd7MjT/round2-prysm-geth-118.tar.gz::validator.log:1006	2026-09-05T01:31:36.010121648Z	/tmp/prysm-r2-extra-logs.Rd7MjT/round2-prysm-geth-118.tar.gz::validator.log:1173	{}	"{""Could not get signed attestation data for aggregation"":1,""Could not get sync subcommittee index"":1,""Could not request attestation to sign at slot"":81,""Could not request payload attestation data"":2,""Could not request sync message block root to sign"":2,""Could not submit aggregate selection proof to beacon node"":1}"	{}	"{""Beacon node is not respecting the follow distance. EL client is syncing."":1,""Could not pack deposits and attestations"":1}"	{}	0	0		
118	5	8	83	2026-09-05T01:31:36.001441899Z	/tmp/prysm-r2-extra-logs.Rd7MjT/round2-prysm-geth-118.tar.gz::validator.log:1087	2026-09-05T01:31:40.240583431Z	/tmp/prysm-r2-extra-logs.Rd7MjT/round2-prysm-geth-118.tar.gz::beacon.log:534	{}	"{""Could not check if any validator is a sync committee aggregator"":1,""Could not get signed attestation data for aggregation"":2,""Could not request attestation to sign at slot"":73,""Could not request payload attestation data"":1,""Could not request sync message block root to sign"":2,""Could not submit aggregate selection proof to beacon node"":2}"	"{""Connected peers"":1}"	"{""Beacon node is not respecting the follow distance. EL client is syncing."":1}"	{}	0	0	120	120
118	5	9	91	2026-09-05T01:31:48.001035848Z	/tmp/prysm-r2-extra-logs.Rd7MjT/round2-prysm-geth-118.tar.gz::validator.log:1174	2026-09-05T01:32:00.045400654Z	/tmp/prysm-r2-extra-logs.Rd7MjT/round2-prysm-geth-118.tar.gz::validator.log:1694	{}	"{""Could not check if any validator is a sync committee aggregator"":1,""Could not request payload attestation data"":3,""Could not request sync message block root to sign"":2,""Could not submit aggregate selection proof to beacon node"":3,""Could not submit attestation to beacon node"":81}"	{}	"{""Beacon node is not respecting the follow distance. EL client is syncing."":1}"	{}	0	0		
118	5	10	428	2026-09-05T01:32:00.002670082Z	/tmp/prysm-r2-extra-logs.Rd7MjT/round2-prysm-geth-118.tar.gz::validator.log:1257	2026-09-05T01:32:12.014610452Z	/tmp/prysm-r2-extra-logs.Rd7MjT/round2-prysm-geth-118.tar.gz::validator.log:1770	{}	"{""Could not get signed attestation data for aggregation"":2,""Could not get sync committee domain data"":2,""Could not request attestation to sign at slot"":69,""Could not submit aggregate selection proof to beacon node"":2,""failed to propose available attestation"":352}"	{}	"{""Beacon node is not respecting the follow distance. EL client is syncing."":1}"	{}	0	0		
118	5	11	5	2026-09-05T01:32:12.001463070Z	/tmp/prysm-r2-extra-logs.Rd7MjT/round2-prysm-geth-118.tar.gz::validator.log:1695	2026-09-05T01:32:24.002587286Z	/tmp/prysm-r2-extra-logs.Rd7MjT/round2-prysm-geth-118.tar.gz::validator.log:1776	"{""Submitted new attestations"":1}"	"{""Could not check if any validator is a sync committee aggregator"":1,""Could not request sync message block root to sign"":2}"	{}	"{""Beacon node is not respecting the follow distance. EL client is syncing."":1}"	{}	0	0		
118	5	12	89	2026-09-05T01:32:24.001074423Z	/tmp/prysm-r2-extra-logs.Rd7MjT/round2-prysm-geth-118.tar.gz::validator.log:1771	2026-09-05T01:32:36.013974073Z	/tmp/prysm-r2-extra-logs.Rd7MjT/round2-prysm-geth-118.tar.gz::validator.log:1864	{}	"{""Could not get signed attestation data for aggregation"":3,""Could not request attestation to sign at slot"":76,""Could not request payload attestation data"":3,""Could not submit aggregate selection proof to beacon node"":3,""Could not submit sync committee message"":2}"	{}	"{""Sync Committee Message is too old to broadcast, discarding it"":2}"	{}	0	0		
118	5	13	79	2026-09-05T01:32:36.001435911Z	/tmp/prysm-r2-extra-logs.Rd7MjT/round2-prysm-geth-118.tar.gz::validator.log:1777	2026-09-05T01:32:40.246106725Z	/tmp/prysm-r2-extra-logs.Rd7MjT/round2-prysm-geth-118.tar.gz::beacon.log:540	{}	"{""Could not check if any validator is a sync committee aggregator"":1,""Could not get signed attestation data for aggregation"":2,""Could not request attestation to sign at slot"":67,""Could not request payload attestation data"":3,""Could not request sync message block root to sign"":2,""Could not submit aggregate selection proof to beacon node"":2}"	"{""Connected peers"":1}"	"{""Beacon node is not respecting the follow distance. EL client is syncing."":1}"	{}	0	0	41	41
118	5	14	13	2026-09-05T01:32:48.000548295Z	/tmp/prysm-r2-extra-logs.Rd7MjT/round2-prysm-geth-118.tar.gz::validator.log:1865	2026-09-05T01:32:57.271497183Z	/tmp/prysm-r2-extra-logs.Rd7MjT/round2-prysm-geth-118.tar.gz::validator.log:1946	"{""Skipping payload attestation: no block for slot"":2,""Submitted new attestations"":1,""Submitted sync committee contributions and proofs"":1,""Submitted sync committee messages"":1}"	"{""Could not check if any validator is a sync committee aggregator"":1,""Could not request payload attestation data"":2,""Could not request sync message block root to sign"":2,""No attestations to aggregate"":1}"	{}	"{""Beacon node is not respecting the follow distance. EL client is syncing."":1}"	"{""Beacon client online, but no consensus updates received in a while. Please fix your beacon client to follow the chain!"":1}"	0	0		
118	5	15	10	2026-09-05T01:33:04.193725495Z	/tmp/prysm-r2-extra-logs.Rd7MjT/round2-prysm-geth-118.tar.gz::beacon.log:545	2026-09-05T01:33:05.433639596Z	/tmp/prysm-r2-extra-logs.Rd7MjT/round2-prysm-geth-118.tar.gz::execution.log:93	"{""Submitted new aggregate attestations"":1,""Submitted new attestations"":1,""Submitted payload attestations"":1,""Submitted sync committee messages"":1}"	{}	"{""Synced execution payload envelope"":1,""Synced new block"":1}"	"{""Beacon node is not respecting the follow distance. EL client is syncing."":1}"	"{""Chain head was updated"":1,""Imported new potential chain segment"":1,""Nil finalized block cannot evict old blobs"":1}"	1	0		
118	5	16	11	2026-09-05T01:33:12.000959792Z	/tmp/prysm-r2-extra-logs.Rd7MjT/round2-prysm-geth-118.tar.gz::validator.log:1947	2026-09-05T01:33:19.476248915Z	/tmp/prysm-r2-extra-logs.Rd7MjT/round2-prysm-geth-118.tar.gz::execution.log:98	"{""Submitted new aggregate attestations"":1,""Submitted new attestations"":1,""Submitted sync committee messages"":1}"	"{""Could not sign aggregate and proof"":1,""Could not submit signed aggregate and proof to beacon node"":1}"	"{""Synced execution payload envelope"":1,""Synced new block"":1}"	{}	"{""Chain head was updated"":1,""Chain reorg detected"":1,""Imported new potential chain segment"":1,""Nil finalized block cannot evict old blobs"":1}"	1	0		
118	5	17	15	2026-09-05T01:33:24.000759605Z	/tmp/prysm-r2-extra-logs.Rd7MjT/round2-prysm-geth-118.tar.gz::validator.log:1953	2026-09-05T01:33:28.931081361Z	/tmp/prysm-r2-extra-logs.Rd7MjT/round2-prysm-geth-118.tar.gz::execution.log:104	"{""Submitted new aggregate attestations"":1,""Submitted new attestations"":1,""Submitted payload attestations"":1,""Submitted sync committee contributions and proofs"":1,""Submitted sync committee messages"":1}"	"{""Could not get PTC attester domain data"":2}"	"{""Synced execution payload envelope"":1,""Synced new block"":1}"	{}	"{""Chain head was updated"":2,""Chain reorg detected"":1,""Imported new potential chain segment"":1,""Nil finalized block cannot evict old blobs"":2}"	2	0		
118	5	18	11	2026-09-05T01:33:36.593713826Z	/tmp/prysm-r2-extra-logs.Rd7MjT/round2-prysm-geth-118.tar.gz::execution.log:108	2026-09-05T01:33:36.593678582Z	/tmp/prysm-r2-extra-logs.Rd7MjT/round2-prysm-geth-118.tar.gz::execution.log:107	"{""Skipping payload attestation: no block for slot"":2,""Submitted new aggregate attestations"":1,""Submitted new attestations"":1,""Submitted sync committee messages"":1}"	{}	"{""Connected peers"":1,""Synced execution payload envelope"":2,""Synced new block"":1}"	{}	"{""Chain head was updated"":1,""Nil finalized block cannot evict old blobs"":1}"	1	0	96	96
118	5	19	10	2026-09-05T01:33:51.817719350Z	/tmp/prysm-r2-extra-logs.Rd7MjT/round2-prysm-geth-118.tar.gz::execution.log:110	2026-09-05T01:33:50.583152655Z	/tmp/prysm-r2-extra-logs.Rd7MjT/round2-prysm-geth-118.tar.gz::execution.log:109	"{""Skipping payload attestation: no block for slot"":4,""Submitted new aggregate attestations"":1,""Submitted new attestations"":1,""Submitted sync committee contributions and proofs"":1,""Submitted sync committee messages"":1}"	{}	{}	{}	"{""Ignoring already known beacon payload"":1,""Imported new potential chain segment"":1}"	0	0		
118	5	20	0					{}	{}	{}	{}	{}	0	0		
83	6	-1	1	2026-09-05T01:29:56.835707653Z	/tmp/prysm-r2-extra-logs.Rd7MjT/round2-prysm-geth-83.tar.gz::beacon.log:381	2026-09-05T01:29:56.835707653Z	/tmp/prysm-r2-extra-logs.Rd7MjT/round2-prysm-geth-83.tar.gz::beacon.log:381	{}	{}	{}	"{""Beacon node is not respecting the follow distance. EL client is syncing."":1}"	{}	0	0		
83	6	0	6	2026-09-05T01:30:10.841729997Z	/tmp/prysm-r2-extra-logs.Rd7MjT/round2-prysm-geth-83.tar.gz::beacon.log:533	2026-09-05T01:30:09.046427662Z	/tmp/prysm-r2-extra-logs.Rd7MjT/round2-prysm-geth-83.tar.gz::validator.log:685	"{""Schedule for epoch 0"":1,""Submitted new aggregate attestations"":1,""Submitted new attestations"":1,""Submitted payload attestations"":1,""Submitted sync committee messages"":1}"	{}	{}	"{""Beacon node is not respecting the follow distance. EL client is syncing."":1}"	{}	0	0		
83	6	1	120	2026-09-05T01:30:24.032210613Z	/tmp/prysm-r2-extra-logs.Rd7MjT/round2-prysm-geth-83.tar.gz::validator.log:686	2026-09-05T01:30:17.554816969Z	/tmp/prysm-r2-extra-logs.Rd7MjT/round2-prysm-geth-83.tar.gz::beacon.log:535	"{""Submitted new attestations"":1,""Submitted sync committee messages"":1}"	"{""Could not submit aggregate selection proof to beacon node"":1,""Could not submit attestation to beacon node"":62}"	"{""Connected peers"":1}"	"{""Could not process attestation for fork choice"":54}"	{}	1	0	93	93
83	6	2	86	2026-09-05T01:30:24.032488455Z	/tmp/prysm-r2-extra-logs.Rd7MjT/round2-prysm-geth-83.tar.gz::validator.log:729	2026-09-05T01:33:10.035224363Z	/tmp/prysm-r2-extra-logs.Rd7MjT/round2-prysm-geth-83.tar.gz::beacon.log:651	{}	"{""Could not get signed attestation data for aggregation"":1,""Could not request attestation to sign at slot"":78,""Could not request payload attestation data"":1,""Could not submit aggregate selection proof to beacon node"":1}"	{}	"{""Beacon node is not respecting the follow distance. EL client is syncing."":1,""Could not process attestation for fork choice"":4}"	{}	1	0		
83	6	3	83	2026-09-05T01:30:36.001596928Z	/tmp/prysm-r2-extra-logs.Rd7MjT/round2-prysm-geth-83.tar.gz::validator.log:752	2026-09-05T01:33:10.034357823Z	/tmp/prysm-r2-extra-logs.Rd7MjT/round2-prysm-geth-83.tar.gz::beacon.log:646	{}	"{""Could not check if any validator is a sync committee aggregator"":1,""Could not request attestation to sign at slot"":69,""Could not request payload attestation data"":4,""Could not request sync message block root to sign"":2}"	{}	"{""Beacon node is not respecting the follow distance. EL client is syncing."":1,""Could not process attestation for fork choice"":6}"	{}	0	0		
83	6	4	105	2026-09-05T01:30:48.001180935Z	/tmp/prysm-r2-extra-logs.Rd7MjT/round2-prysm-geth-83.tar.gz::validator.log:839	2026-09-05T01:33:10.028381215Z	/tmp/prysm-r2-extra-logs.Rd7MjT/round2-prysm-geth-83.tar.gz::beacon.log:609	{}	"{""Could not check if any validator is a sync committee aggregator"":1,""Could not get signed attestation data for aggregation"":3,""Could not request attestation to sign at slot"":85,""Could not request payload attestation data"":4,""Could not request sync message block root to sign"":2,""Could not submit aggregate selection proof to beacon node"":3}"	{}	"{""Beacon node is not respecting the follow distance. EL client is syncing."":1,""Could not process attestation for fork choice"":6}"	{}	0	0		
83	6	5	93	2026-09-05T01:31:00.004231906Z	/tmp/prysm-r2-extra-logs.Rd7MjT/round2-prysm-geth-83.tar.gz::validator.log:915	2026-09-05T01:31:06.489966600Z	/tmp/prysm-r2-extra-logs.Rd7MjT/round2-prysm-geth-83.tar.gz::execution.log:87	{}	"{""Could not check if any validator is a sync committee aggregator"":1,""Could not get signed attestation data for aggregation"":1,""Could not request attestation to sign at slot"":77,""Could not request payload attestation data"":3,""Could not request sync message block root to sign"":2,""Could not submit aggregate selection proof to beacon node"":1}"	{}	"{""Beacon node is not respecting the follow distance. EL client is syncing."":1,""Could not process attestation for fork choice"":5}"	"{""Starting work on payload"":1,""Updated payload"":1}"	1	0		
83	6	6	32	2026-09-05T01:31:12.001745184Z	/tmp/prysm-r2-extra-logs.Rd7MjT/round2-prysm-geth-83.tar.gz::validator.log:1012	2026-09-05T01:31:16.148050707Z	/tmp/prysm-r2-extra-logs.Rd7MjT/round2-prysm-geth-83.tar.gz::execution.log:88	"{""Submitted new attestations"":1,""Submitted sync committee messages"":1}"	"{""Could not check if any validator is a sync committee aggregator"":1,""Could not request payload attestation data"":3,""Could not request sync message block root to sign"":2,""Could not submit aggregate selection proof to beacon node"":2,""Failed to request block from beacon node"":1}"	"{""Building block"":1,""Connected peers"":1,""Forkchoice updated with payload attributes for proposal"":1}"	"{""Beacon node is not respecting the follow distance. EL client is syncing."":1,""Could not build block"":1,""Could not delete invalid attestations"":1,""Could not get local payload, falling back to P2P bid"":1,""Could not process attestation for fork choice"":12,""Voting period before genesis + follow distance, using eth1data from head"":1}"	"{""Stopping work on payload"":1}"	0	1	93	93
83	6	7	11	2026-09-05T01:31:27.292456420Z	/tmp/prysm-r2-extra-logs.Rd7MjT/round2-prysm-geth-83.tar.gz::beacon.log:550	2026-09-05T01:31:35.515628047Z	/tmp/prysm-r2-extra-logs.Rd7MjT/round2-prysm-geth-83.tar.gz::validator.log:1105	"{""Skipping payload attestation: no block for slot"":2,""Submitted new attestations"":1,""Submitted sync committee messages"":1}"	{}	{}	"{""Beacon node is not respecting the follow distance. EL client is syncing."":1,""Could not pack deposits and attestations"":1,""Could not process attestation for fork choice"":5}"	{}	0	0		
83	6	8	77	2026-09-05T01:31:48.002626936Z	/tmp/prysm-r2-extra-logs.Rd7MjT/round2-prysm-geth-83.tar.gz::validator.log:1107	2026-09-05T01:31:48.020327791Z	/tmp/prysm-r2-extra-logs.Rd7MjT/round2-prysm-geth-83.tar.gz::validator.log:1189	{}	"{""Could not get signed attestation data for aggregation"":1,""Could not request attestation to sign at slot"":75,""Could not submit aggregate selection proof to beacon node"":1}"	{}	{}	{}	0	0		
83	6	9	81	2026-09-05T01:31:48.001007090Z	/tmp/prysm-r2-extra-logs.Rd7MjT/round2-prysm-geth-83.tar.gz::validator.log:1106	2026-09-05T01:31:58.903883457Z	/tmp/prysm-r2-extra-logs.Rd7MjT/round2-prysm-geth-83.tar.gz::validator.log:1192	"{""Skipping payload attestation: no block for slot"":3}"	"{""Could not check if any validator is a sync committee aggregator"":1,""Could not get signed attestation data for aggregation"":1,""Could not request attestation to sign at slot"":68,""Could not request payload attestation data"":4,""Could not request sync message block root to sign"":2,""Could not submit aggregate selection proof to beacon node"":1}"	{}	"{""Beacon node is not respecting the follow distance. EL client is syncing."":1}"	{}	0	0		
83	6	10	87	2026-09-05T01:32:00.001037361Z	/tmp/prysm-r2-extra-logs.Rd7MjT/round2-prysm-geth-83.tar.gz::validator.log:1193	2026-09-05T01:32:12.022525532Z	/tmp/prysm-r2-extra-logs.Rd7MjT/round2-prysm-geth-83.tar.gz::validator.log:1357	{}	"{""Could not get signed attestation data for aggregation"":3,""Could not get sync committee domain data"":2,""Could not request attestation to sign at slot"":78,""Could not submit aggregate selection proof to beacon node"":3}"	{}	"{""Beacon node is not respecting the follow distance. EL client is syncing."":1}"	{}	0	0		
83	6	11	84	2026-09-05T01:32:12.001281379Z	/tmp/prysm-r2-extra-logs.Rd7MjT/round2-prysm-geth-83.tar.gz::validator.log:1265	2026-09-05T01:32:17.565568911Z	/tmp/prysm-r2-extra-logs.Rd7MjT/round2-prysm-geth-83.tar.gz::beacon.log:554	{}	"{""Could not check if any validator is a sync committee aggregator"":1,""Could not get signed attestation data for aggregation"":2,""Could not request attestation to sign at slot"":69,""Could not request payload attestation data"":6,""Could not request sync message block root to sign"":2,""Could not submit aggregate selection proof to beacon node"":2}"	"{""Connected peers"":1}"	"{""Beacon node is not respecting the follow distance. EL client is syncing."":1}"	{}	0	0	92	92
83	6	12	95	2026-09-05T01:32:24.001220353Z	/tmp/prysm-r2-extra-logs.Rd7MjT/round2-prysm-geth-83.tar.gz::validator.log:1358	2026-09-05T01:32:36.015238076Z	/tmp/prysm-r2-extra-logs.Rd7MjT/round2-prysm-geth-83.tar.gz::validator.log:1531	{}	"{""Could not check if any validator is a sync committee aggregator"":1,""Could not get signed attestation data for aggregation"":1,""Could not request attestation to sign at slot"":85,""Could not request payload attestation data"":4,""Could not request sync message block root to sign"":2,""Could not submit aggregate selection proof to beacon node"":1}"	{}	"{""Beacon node is not respecting the follow distance. EL client is syncing."":1}"	{}	0	0		
83	6	13	85	2026-09-05T01:32:36.000694482Z	/tmp/prysm-r2-extra-logs.Rd7MjT/round2-prysm-geth-83.tar.gz::validator.log:1438	2026-09-05T01:32:48.018840102Z	/tmp/prysm-r2-extra-logs.Rd7MjT/round2-prysm-geth-83.tar.gz::validator.log:1613	{}	"{""Could not check if any validator is a sync committee aggregator"":1,""Could not request attestation to sign at slot"":77,""Could not request payload attestation data"":4,""Could not request sync message block root to sign"":2}"	{}	"{""Beacon node is not respecting the follow distance. EL client is syncing."":1}"	{}	0	0		
83	6	14	10	2026-09-05T01:32:48.001300036Z	/tmp/prysm-r2-extra-logs.Rd7MjT/round2-prysm-geth-83.tar.gz::validator.log:1532	2026-09-05T01:32:57.012820156Z	/tmp/prysm-r2-extra-logs.Rd7MjT/round2-prysm-geth-83.tar.gz::validator.log:1617	"{""Skipping payload attestation: no block for slot"":2,""Submitted new attestations"":1,""Submitted sync committee messages"":1}"	"{""Could not check if any validator is a sync committee aggregator"":1,""Could not request payload attestation data"":2,""Could not request sync message block root to sign"":2}"	{}	"{""Beacon node is not respecting the follow distance. EL client is syncing."":1}"	{}	0	0		
83	6	15	7	2026-09-05T01:33:06.445439546Z	/tmp/prysm-r2-extra-logs.Rd7MjT/round2-prysm-geth-83.tar.gz::execution.log:91	2026-09-05T01:33:06.445373193Z	/tmp/prysm-r2-extra-logs.Rd7MjT/round2-prysm-geth-83.tar.gz::execution.log:90	"{""Submitted new attestations"":1,""Submitted sync committee messages"":1}"	{}	"{""Synced execution payload envelope"":1,""Synced new block"":1}"	{}	"{""Chain head was updated"":1,""Imported new potential chain segment"":1,""Nil finalized block cannot evict old blobs"":1}"	1	0		
83	6	16	15	2026-09-05T01:33:12.001764217Z	/tmp/prysm-r2-extra-logs.Rd7MjT/round2-prysm-geth-83.tar.gz::validator.log:1618	2026-09-05T01:33:19.038477464Z	/tmp/prysm-r2-extra-logs.Rd7MjT/round2-prysm-geth-83.tar.gz::execution.log:95	"{""Submitted new aggregate attestations"":1,""Submitted new attestations"":1,""Submitted payload attestations"":1,""Submitted sync committee messages"":1}"	"{""Could not get PTC attester domain data"":2,""Could not submit payload attestation"":2}"	"{""Connected peers"":1,""Synced execution payload envelope"":1,""Synced new block"":1}"	{}	"{""Chain head was updated"":1,""Chain reorg detected"":1,""Imported new potential chain segment"":1,""Nil finalized block cannot evict old blobs"":1}"	1	0	73	73
83	6	17	15	2026-09-05T01:33:24.938795422Z	/tmp/prysm-r2-extra-logs.Rd7MjT/round2-prysm-geth-83.tar.gz::execution.log:99	2026-09-05T01:33:32.330774264Z	/tmp/prysm-r2-extra-logs.Rd7MjT/round2-prysm-geth-83.tar.gz::execution.log:101	"{""Submitted new aggregate attestations"":1,""Submitted new attestations"":1,""Submitted payload attestations"":1,""Submitted sync committee messages"":1}"	{}	"{""Synced execution payload envelope"":2,""Synced new block"":1}"	"{""Beacon node is not respecting the follow distance. EL client is syncing."":1}"	"{""Chain head was updated"":2,""Chain reorg detected"":1,""Ignoring already known beacon payload"":1,""Imported new potential chain segment"":1,""Nil finalized block cannot evict old blobs"":2}"	3	0		
83	6	18	13	2026-09-05T01:33:36.028971672Z	/tmp/prysm-r2-extra-logs.Rd7MjT/round2-prysm-geth-83.tar.gz::execution.log:106	2026-09-05T01:33:36.028674182Z	/tmp/prysm-r2-extra-logs.Rd7MjT/round2-prysm-geth-83.tar.gz::execution.log:105	"{""Skipping payload attestation: no block for slot"":3,""Submitted new aggregate attestations"":1,""Submitted new attestations"":1,""Submitted sync committee messages"":1}"	{}	"{""Synced execution payload envelope"":2,""Synced new block"":1}"	"{""Beacon node is not respecting the follow distance. EL client is syncing."":1,""Forkchoice head root does not match head root"":1}"	"{""Chain head was updated"":1,""Nil finalized block cannot evict old blobs"":1}"	1	0		
83	6	19	7	2026-09-05T01:33:53.786710352Z	/tmp/prysm-r2-extra-logs.Rd7MjT/round2-prysm-geth-83.tar.gz::execution.log:108	2026-09-05T01:33:49.414836768Z	/tmp/prysm-r2-extra-logs.Rd7MjT/round2-prysm-geth-83.tar.gz::execution.log:107	"{""Skipping payload attestation: no block for slot"":1,""Submitted new aggregate attestations"":1,""Submitted new attestations"":1,""Submitted sync committee messages"":1}"	{}	{}	"{""Beacon node is not respecting the follow distance. EL client is syncing."":1}"	"{""Ignoring already known beacon payload"":1,""Imported new potential chain segment"":1}"	0	0		
83	6	20	0					{}	{}	{}	{}	{}	0	0		
144	7	-1	2	2026-09-05T01:29:57.484814122Z	/tmp/prysm-r2-extra-logs.Rd7MjT/round2-prysm-geth-144.tar.gz::beacon.log:354	2026-09-05T01:29:48.797158344Z	/tmp/prysm-r2-extra-logs.Rd7MjT/round2-prysm-geth-144.tar.gz::beacon.log:345	{}	{}	"{""Connected peers"":1}"	"{""Beacon node is not respecting the follow distance. EL client is syncing."":1}"	{}	0	0	70	70
144	7	0	6	2026-09-05T01:30:11.485891805Z	/tmp/prysm-r2-extra-logs.Rd7MjT/round2-prysm-geth-144.tar.gz::beacon.log:507	2026-09-05T01:30:09.011785658Z	/tmp/prysm-r2-extra-logs.Rd7MjT/round2-prysm-geth-144.tar.gz::validator.log:685	"{""Schedule for epoch 0"":1,""Submitted new aggregate attestations"":1,""Submitted new attestations"":1,""Submitted payload attestations"":1,""Submitted sync committee messages"":1}"	{}	{}	"{""Beacon node is not respecting the follow distance. EL client is syncing."":1}"	{}	0	0		
144	7	1	31	2026-09-05T01:33:11.924141635Z	/tmp/prysm-r2-extra-logs.Rd7MjT/round2-prysm-geth-144.tar.gz::beacon.log:529	2026-09-05T01:30:24.002295039Z	/tmp/prysm-r2-extra-logs.Rd7MjT/round2-prysm-geth-144.tar.gz::validator.log:694	"{""Skipping payload attestation: no block for slot"":3,""Submitted new attestations"":1,""Submitted sync committee messages"":1}"	{}	{}	"{""Could not process attestation for fork choice"":26}"	{}	1	0		
144	7	2	90	2026-09-05T01:30:24.000792802Z	/tmp/prysm-r2-extra-logs.Rd7MjT/round2-prysm-geth-144.tar.gz::validator.log:689	2026-09-05T01:33:11.928151917Z	/tmp/prysm-r2-extra-logs.Rd7MjT/round2-prysm-geth-144.tar.gz::beacon.log:561	{}	"{""Could not get signed attestation data for aggregation"":2,""Could not get sync committee domain data"":1,""Could not request attestation to sign at slot"":77,""Could not sign aggregate and proof"":1,""Could not submit aggregate selection proof to beacon node"":2,""Could not submit signed aggregate and proof to beacon node"":1,""Could not submit sync committee message"":1}"	{}	"{""Beacon node is not respecting the follow distance. EL client is syncing."":1,""Could not process attestation for fork choice"":4}"	{}	1	0		
144	7	3	83	2026-09-05T01:30:36.001814526Z	/tmp/prysm-r2-extra-logs.Rd7MjT/round2-prysm-geth-144.tar.gz::validator.log:695	2026-09-05T01:33:11.932098789Z	/tmp/prysm-r2-extra-logs.Rd7MjT/round2-prysm-geth-144.tar.gz::beacon.log:584	{}	"{""Could not check if any validator is a sync committee aggregator"":1,""Could not get signed attestation data for aggregation"":1,""Could not request attestation to sign at slot"":68,""Could not request payload attestation data"":1,""Could not request sync message block root to sign"":4,""Could not submit aggregate selection proof to beacon node"":1}"	{}	"{""Beacon node is not respecting the follow distance. EL client is syncing."":1,""Could not process attestation for fork choice"":6}"	{}	0	0		
144	7	4	90	2026-09-05T01:30:48.000851094Z	/tmp/prysm-r2-extra-logs.Rd7MjT/round2-prysm-geth-144.tar.gz::validator.log:782	2026-09-05T01:30:48.813470597Z	/tmp/prysm-r2-extra-logs.Rd7MjT/round2-prysm-geth-144.tar.gz::beacon.log:512	{}	"{""Could not check if any validator is a sync committee aggregator"":1,""Could not request attestation to sign at slot"":75,""Could not request payload attestation data"":2,""Could not request sync message block root to sign"":4}"	"{""Connected peers"":1}"	"{""Beacon node is not respecting the follow distance. EL client is syncing."":1,""Could not process attestation for fork choice"":6}"	{}	0	0	99	99
144	7	5	79	2026-09-05T01:31:00.002789348Z	/tmp/prysm-r2-extra-logs.Rd7MjT/round2-prysm-geth-144.tar.gz::validator.log:859	2026-09-05T01:33:11.931773640Z	/tmp/prysm-r2-extra-logs.Rd7MjT/round2-prysm-geth-144.tar.gz::beacon.log:580	{}	"{""Could not check if any validator is a sync committee aggregator"":1,""Could not get signed attestation data for aggregation"":1,""Could not request attestation to sign at slot"":67,""Could not request sync message block root to sign"":4,""Could not submit aggregate selection proof to beacon node"":1}"	{}	"{""Could not process attestation for fork choice"":5}"	{}	0	0		
144	7	6	101	2026-09-05T01:31:12.001205261Z	/tmp/prysm-r2-extra-logs.Rd7MjT/round2-prysm-geth-144.tar.gz::validator.log:939	2026-09-05T01:33:11.931383344Z	/tmp/prysm-r2-extra-logs.Rd7MjT/round2-prysm-geth-144.tar.gz::beacon.log:576	{}	"{""Could not check if any validator is a sync committee aggregator"":1,""Could not get signed attestation data for aggregation"":3,""Could not request attestation to sign at slot"":81,""Could not request payload attestation data"":2,""Could not request sync message block root to sign"":4,""Could not submit aggregate selection proof to beacon node"":3}"	{}	"{""Beacon node is not respecting the follow distance. EL client is syncing."":1,""Could not process attestation for fork choice"":6}"	{}	0	0		
144	7	7	117	2026-09-05T01:31:24.003129070Z	/tmp/prysm-r2-extra-logs.Rd7MjT/round2-prysm-geth-144.tar.gz::validator.log:1015	2026-09-05T01:31:33.174669213Z	/tmp/prysm-r2-extra-logs.Rd7MjT/round2-prysm-geth-144.tar.gz::execution.log:88	{}	"{""Could not check if any validator is a sync committee aggregator"":2,""Could not get signed attestation data for aggregation"":1,""Could not request attestation to sign at slot"":87,""Could not request payload attestation data"":7,""Could not request sync message block root to sign"":8,""Could not submit aggregate selection proof to beacon node"":1,""Failed to sign randao reveal"":1}"	"{""Forkchoice updated with payload attributes for proposal"":1}"	"{""Beacon node is not respecting the follow distance. EL client is syncing."":2,""Could not process attestation for fork choice"":5}"	"{""Starting work on payload"":1,""Updated payload"":1}"	1	0		
144	7	8	71	2026-09-05T01:31:48.002336632Z	/tmp/prysm-r2-extra-logs.Rd7MjT/round2-prysm-geth-144.tar.gz::validator.log:1210	2026-09-05T01:31:45.173673352Z	/tmp/prysm-r2-extra-logs.Rd7MjT/round2-prysm-geth-144.tar.gz::execution.log:89	{}	"{""Could not get signed attestation data for aggregation"":1,""Could not request attestation to sign at slot"":68,""Could not submit aggregate selection proof to beacon node"":1}"	{}	{}	"{""Stopping work on payload"":1}"	0	0		
144	7	9	84	2026-09-05T01:31:48.002297835Z	/tmp/prysm-r2-extra-logs.Rd7MjT/round2-prysm-geth-144.tar.gz::validator.log:1209	2026-09-05T01:31:48.800923579Z	/tmp/prysm-r2-extra-logs.Rd7MjT/round2-prysm-geth-144.tar.gz::beacon.log:518	{}	"{""Could not check if any validator is a sync committee aggregator"":1,""Could not get signed attestation data for aggregation"":1,""Could not request attestation to sign at slot"":73,""Could not request payload attestation data"":2,""Could not request sync message block root to sign"":4,""Could not submit aggregate selection proof to beacon node"":1}"	"{""Connected peers"":1}"	"{""Beacon node is not respecting the follow distance. EL client is syncing."":1}"	{}	0	0	99	99
144	7	10	90	2026-09-05T01:32:00.001634507Z	/tmp/prysm-r2-extra-logs.Rd7MjT/round2-prysm-geth-144.tar.gz::validator.log:1286	2026-09-05T01:32:12.014100132Z	/tmp/prysm-r2-extra-logs.Rd7MjT/round2-prysm-geth-144.tar.gz::validator.log:1455	{}	"{""Could not check if any validator is a sync committee aggregator"":1,""Could not get signed attestation data for aggregation"":2,""Could not request attestation to sign at slot"":77,""Could not request payload attestation data"":3,""Could not request sync message block root to sign"":4,""Could not submit aggregate selection proof to beacon node"":2}"	{}	"{""Beacon node is not respecting the follow distance. EL client is syncing."":1}"	{}	0	0		
144	7	11	77	2026-09-05T01:32:12.001026210Z	/tmp/prysm-r2-extra-logs.Rd7MjT/round2-prysm-geth-144.tar.gz::validator.log:1369	2026-09-05T01:32:24.010063884Z	/tmp/prysm-r2-extra-logs.Rd7MjT/round2-prysm-geth-144.tar.gz::validator.log:1532	{}	"{""Could not check if any validator is a sync committee aggregator"":1,""Could not get signed attestation data for aggregation"":1,""Could not request attestation to sign at slot"":68,""Could not request payload attestation data"":1,""Could not request sync message block root to sign"":4,""Could not submit aggregate selection proof to beacon node"":1}"	{}	"{""Beacon node is not respecting the follow distance. EL client is syncing."":1}"	{}	0	0		
144	7	12	86	2026-09-05T01:32:24.001211274Z	/tmp/prysm-r2-extra-logs.Rd7MjT/round2-prysm-geth-144.tar.gz::validator.log:1456	2026-09-05T01:32:36.011764035Z	/tmp/prysm-r2-extra-logs.Rd7MjT/round2-prysm-geth-144.tar.gz::validator.log:1612	"{""Submitted sync committee messages"":1}"	"{""Could not check if any validator is a sync committee aggregator"":1,""Could not get signed attestation data for aggregation"":1,""Could not request attestation to sign at slot"":75,""Could not request payload attestation data"":2,""Could not request sync message block root to sign"":4,""Could not submit aggregate selection proof to beacon node"":1}"	{}	"{""Beacon node is not respecting the follow distance. EL client is syncing."":1}"	{}	0	0		
144	7	13	70	2026-09-05T01:32:36.001326246Z	/tmp/prysm-r2-extra-logs.Rd7MjT/round2-prysm-geth-144.tar.gz::validator.log:1533	2026-09-05T01:32:48.008521134Z	/tmp/prysm-r2-extra-logs.Rd7MjT/round2-prysm-geth-144.tar.gz::validator.log:1686	{}	"{""Could not request attestation to sign at slot"":67,""Could not request payload attestation data"":2}"	{}	"{""Beacon node is not respecting the follow distance. EL client is syncing."":1}"	{}	0	0		
144	7	14	91	2026-09-05T01:32:48.001530926Z	/tmp/prysm-r2-extra-logs.Rd7MjT/round2-prysm-geth-144.tar.gz::validator.log:1613	2026-09-05T01:32:48.813209813Z	/tmp/prysm-r2-extra-logs.Rd7MjT/round2-prysm-geth-144.tar.gz::beacon.log:524	{}	"{""Could not check if any validator is a sync committee aggregator"":1,""Could not get signed attestation data for aggregation"":1,""Could not request attestation to sign at slot"":81,""Could not request payload attestation data"":2,""Could not request sync message block root to sign"":4,""Could not submit aggregate selection proof to beacon node"":1}"	"{""Connected peers"":1}"	{}	{}	0	0	38	38
144	7	15	20	2026-09-05T01:33:00.000615745Z	/tmp/prysm-r2-extra-logs.Rd7MjT/round2-prysm-geth-144.tar.gz::validator.log:1687	2026-09-05T01:33:13.329698704Z	/tmp/prysm-r2-extra-logs.Rd7MjT/round2-prysm-geth-144.tar.gz::beacon.log:587	"{""Submitted new aggregate attestations"":1,""Submitted new attestations"":1,""Submitted payload attestations"":1,""Submitted sync committee contributions and proofs"":1,""Submitted sync committee messages"":1}"	"{""Could not check if any validator is a sync committee aggregator"":1,""Could not request payload attestation data"":7,""Could not request sync message block root to sign"":4}"	"{""Synced execution payload envelope"":1,""Synced new block"":1}"	"{""Beacon node is not respecting the follow distance. EL client is syncing."":1}"	{}	0	0		
144	7	16	14	2026-09-05T01:33:13.268317493Z	/tmp/prysm-r2-extra-logs.Rd7MjT/round2-prysm-geth-144.tar.gz::execution.log:93	2026-09-05T01:33:13.264519049Z	/tmp/prysm-r2-extra-logs.Rd7MjT/round2-prysm-geth-144.tar.gz::execution.log:91	"{""Skipping payload attestation: no block for slot"":5,""Submitted new aggregate attestations"":1,""Submitted new attestations"":1,""Submitted sync committee contributions and proofs"":1,""Submitted sync committee messages"":1}"	{}	"{""Synced execution payload envelope"":1,""Synced new block"":1}"	{}	"{""Chain head was updated"":1,""Imported new potential chain segment"":1,""Nil finalized block cannot evict old blobs"":1}"	1	0		
144	7	17	83	2026-09-05T01:33:27.500828090Z	/tmp/prysm-r2-extra-logs.Rd7MjT/round2-prysm-geth-144.tar.gz::beacon.log:592	2026-09-05T01:33:29.427487707Z	/tmp/prysm-r2-extra-logs.Rd7MjT/round2-prysm-geth-144.tar.gz::execution.log:94	"{""Skipping payload attestation: no block for slot"":3,""Submitted sync committee messages"":1}"	"{""Could not get signed attestation data for aggregation"":1,""Could not request attestation to sign at slot"":73,""Could not submit aggregate selection proof to beacon node"":1}"	"{""Synced execution payload envelope"":1,""Synced new block"":1}"	"{""Beacon node is not respecting the follow distance. EL client is syncing."":1}"	"{""Imported new potential chain segment"":1}"	1	0		
144	7	18	11	2026-09-05T01:33:40.765352509Z	/tmp/prysm-r2-extra-logs.Rd7MjT/round2-prysm-geth-144.tar.gz::execution.log:97	2026-09-05T01:33:46.178854970Z	/tmp/prysm-r2-extra-logs.Rd7MjT/round2-prysm-geth-144.tar.gz::execution.log:99	"{""Skipping payload attestation: no block for slot"":2,""Submitted new aggregate attestations"":1,""Submitted new attestations"":1,""Submitted sync committee messages"":1}"	{}	"{""Synced new block"":1}"	{}	"{""Chain head was updated"":2,""Imported new potential chain segment"":1,""Nil finalized block cannot evict old blobs"":2}"	2	0		
144	7	19	10	2026-09-05T01:33:57.998729989Z	/tmp/prysm-r2-extra-logs.Rd7MjT/round2-prysm-geth-144.tar.gz::validator.log:1882	2026-09-05T01:33:58.007181635Z	/tmp/prysm-r2-extra-logs.Rd7MjT/round2-prysm-geth-144.tar.gz::execution.log:101	"{""Skipping payload attestation: no block for slot"":2,""Submitted new attestations"":1,""Submitted sync committee messages"":1}"	"{""No attestations to aggregate"":3,""Sync contribution for validator has no bits set."":1}"	"{""Connected peers"":1}"	{}	"{""Imported new potential chain segment"":1}"	0	0	71	71
144	7	20	0					{}	{}	{}	{}	{}	0	0		
19	8	-1	1	2026-09-05T01:29:58.580125534Z	/tmp/prysm-r2-extra-logs.Rd7MjT/round2-prysm-geth-19.tar.gz::beacon.log:370	2026-09-05T01:29:58.580125534Z	/tmp/prysm-r2-extra-logs.Rd7MjT/round2-prysm-geth-19.tar.gz::beacon.log:370	{}	{}	{}	"{""Beacon node is not respecting the follow distance. EL client is syncing."":1}"	{}	0	0		
19	8	0	4	2026-09-05T01:30:01.318815192Z	/tmp/prysm-r2-extra-logs.Rd7MjT/round2-prysm-geth-19.tar.gz::validator.log:649	2026-09-05T01:30:09.003629679Z	/tmp/prysm-r2-extra-logs.Rd7MjT/round2-prysm-geth-19.tar.gz::validator.log:684	"{""Schedule for epoch 0"":1,""Submitted new attestations"":1,""Submitted payload attestations"":1,""Submitted sync committee messages"":1}"	{}	{}	{}	{}	0	0		
19	8	1	7	2026-09-05T01:30:12.832036695Z	/tmp/prysm-r2-extra-logs.Rd7MjT/round2-prysm-geth-19.tar.gz::beacon.log:522	2026-09-05T01:30:24.001179774Z	/tmp/prysm-r2-extra-logs.Rd7MjT/round2-prysm-geth-19.tar.gz::validator.log:688	"{""Submitted new attestations"":1,""Submitted sync committee messages"":1}"	"{""Could not submit aggregate selection proof to beacon node"":1}"	{}	"{""Beacon node is not respecting the follow distance. EL client is syncing."":1,""Could not process attestation for fork choice"":3}"	{}	1	0		
19	8	2	93	2026-09-05T01:30:24.000651160Z	/tmp/prysm-r2-extra-logs.Rd7MjT/round2-prysm-geth-19.tar.gz::validator.log:685	2026-09-05T01:30:35.406957038Z	/tmp/prysm-r2-extra-logs.Rd7MjT/round2-prysm-geth-19.tar.gz::beacon.log:525	{}	"{""Could not get signed attestation data for aggregation"":2,""Could not get sync committee contribution"":1,""Could not request attestation to sign at slot"":80,""Could not submit aggregate selection proof to beacon node"":2}"	"{""Connected peers"":1}"	"{""Beacon node is not respecting the follow distance. EL client is syncing."":1,""Could not process attestation for fork choice"":6}"	{}	1	0	142	142
19	8	3	375	2026-09-05T01:30:36.001389860Z	/tmp/prysm-r2-extra-logs.Rd7MjT/round2-prysm-geth-19.tar.gz::validator.log:689	2026-09-05T01:33:10.007594401Z	/tmp/prysm-r2-extra-logs.Rd7MjT/round2-prysm-geth-19.tar.gz::beacon.log:577	{}	"{""Could not check if any validator is a sync committee aggregator"":1,""Could not request attestation to sign at slot"":74,""Could not request payload attestation data"":3,""Could not request sync message block root to sign"":3,""Couldn't write available attestation: failed to get attestation data"":290}"	{}	"{""Beacon node is not respecting the follow distance. EL client is syncing."":1,""Could not process attestation for fork choice"":3}"	{}	0	0		
19	8	4	91	2026-09-05T01:30:48.000878181Z	/tmp/prysm-r2-extra-logs.Rd7MjT/round2-prysm-geth-19.tar.gz::validator.log:1070	2026-09-05T01:33:10.011782120Z	/tmp/prysm-r2-extra-logs.Rd7MjT/round2-prysm-geth-19.tar.gz::beacon.log:596	{}	"{""Could not check if any validator is a sync committee aggregator"":1,""Could not get signed attestation data for aggregation"":2,""Could not request attestation to sign at slot"":72,""Could not request payload attestation data"":2,""Could not request sync message block root to sign"":3,""Could not submit aggregate selection proof to beacon node"":2}"	{}	"{""Beacon node is not respecting the follow distance. EL client is syncing."":1,""Could not process attestation for fork choice"":8}"	{}	0	0		
19	8	5	19	2026-09-05T01:31:00.001383273Z	/tmp/prysm-r2-extra-logs.Rd7MjT/round2-prysm-geth-19.tar.gz::validator.log:1150	2026-09-05T01:31:12.001686402Z	/tmp/prysm-r2-extra-logs.Rd7MjT/round2-prysm-geth-19.tar.gz::validator.log:1241	"{""Submitted new attestations"":1,""Submitted sync committee messages"":1}"	"{""Could not check if any validator is a sync committee aggregator"":1,""Could not request payload attestation data"":4,""Could not request sync message block root to sign"":3,""Could not submit aggregate selection proof to beacon node"":2}"	{}	"{""Beacon node is not respecting the follow distance. EL client is syncing."":1,""Could not process attestation for fork choice"":6}"	{}	0	0		
19	8	6	97	2026-09-05T01:31:12.001257228Z	/tmp/prysm-r2-extra-logs.Rd7MjT/round2-prysm-geth-19.tar.gz::validator.log:1234	2026-09-05T01:33:10.010162513Z	/tmp/prysm-r2-extra-logs.Rd7MjT/round2-prysm-geth-19.tar.gz::beacon.log:588	{}	"{""Could not get signed attestation data for aggregation"":2,""Could not request attestation to sign at slot"":80,""Could not request payload attestation data"":4,""Could not submit aggregate selection proof to beacon node"":2}"	{}	"{""Could not process attestation for fork choice"":9}"	{}	0	0		
19	8	7	86	2026-09-05T01:31:24.001540028Z	/tmp/prysm-r2-extra-logs.Rd7MjT/round2-prysm-geth-19.tar.gz::validator.log:1242	2026-09-05T01:31:35.334445959Z	/tmp/prysm-r2-extra-logs.Rd7MjT/round2-prysm-geth-19.tar.gz::execution.log:88	"{""Skipping payload attestation: no block for slot"":2}"	"{""Could not check if any validator is a sync committee aggregator"":1,""Could not get signed attestation data for aggregation"":1,""Could not request attestation to sign at slot"":65,""Could not request sync message block root to sign"":3,""Could not submit aggregate selection proof to beacon node"":1}"	"{""Connected peers"":1}"	"{""Beacon node is not respecting the follow distance. EL client is syncing."":1,""Could not process attestation for fork choice"":9}"	"{""Starting work on payload"":1,""Updated payload"":1}"	1	0	142	142
19	8	8	91	2026-09-05T01:31:36.000870601Z	/tmp/prysm-r2-extra-logs.Rd7MjT/round2-prysm-geth-19.tar.gz::validator.log:1332	2026-09-05T01:31:47.197269262Z	/tmp/prysm-r2-extra-logs.Rd7MjT/round2-prysm-geth-19.tar.gz::execution.log:89	"{""Skipping payload attestation: no block for slot"":5,""Submitted sync committee messages"":1}"	"{""Could not get sync committee domain data"":2,""Could not submit aggregate selection proof to beacon node"":2,""Could not submit attestation to beacon node"":68,""Could not submit sync committee message"":2,""Failed to request block from beacon node"":1}"	"{""Building block"":1,""Forkchoice updated with payload attributes for proposal"":1}"	"{""Beacon node is not respecting the follow distance. EL client is syncing."":1,""Could not build block"":1,""Could not get local payload, falling back to P2P bid"":1,""Sync Committee Message is too old to broadcast, discarding it"":3,""Voting period before genesis + follow distance, using eth1data from head"":1}"	"{""Stopping work on payload"":1}"	0	1		
19	8	9	8	2026-09-05T01:31:51.023038897Z	/tmp/prysm-r2-extra-logs.Rd7MjT/round2-prysm-geth-19.tar.gz::beacon.log:541	2026-09-05T01:31:57.323976207Z	/tmp/prysm-r2-extra-logs.Rd7MjT/round2-prysm-geth-19.tar.gz::validator.log:1485	"{""Skipping payload attestation: no block for slot"":3,""Submitted new aggregate attestations"":1,""Submitted new attestations"":1,""Submitted sync committee messages"":1}"	{}	{}	"{""Beacon node is not respecting the follow distance. EL client is syncing."":1,""Could not pack deposits and attestations"":1}"	{}	0	0		
19	8	10	89	2026-09-05T01:32:10.010338788Z	/tmp/prysm-r2-extra-logs.Rd7MjT/round2-prysm-geth-19.tar.gz::beacon.log:543	2026-09-05T01:32:12.005300853Z	/tmp/prysm-r2-extra-logs.Rd7MjT/round2-prysm-geth-19.tar.gz::validator.log:1583	{}	"{""Could not get signed attestation data for aggregation"":4,""Could not request attestation to sign at slot"":80,""Could not submit aggregate selection proof to beacon node"":4}"	{}	"{""Beacon node is not respecting the follow distance. EL client is syncing."":1}"	{}	0	0		
19	8	11	88	2026-09-05T01:32:12.000577870Z	/tmp/prysm-r2-extra-logs.Rd7MjT/round2-prysm-geth-19.tar.gz::validator.log:1486	2026-09-05T01:32:22.794362275Z	/tmp/prysm-r2-extra-logs.Rd7MjT/round2-prysm-geth-19.tar.gz::validator.log:1584	"{""Skipping payload attestation: no block for slot"":1}"	"{""Could not check if any validator is a sync committee aggregator"":1,""Could not get signed attestation data for aggregation"":1,""Could not request attestation to sign at slot"":74,""Could not request payload attestation data"":6,""Could not request sync message block root to sign"":3,""Could not submit aggregate selection proof to beacon node"":1}"	{}	"{""Beacon node is not respecting the follow distance. EL client is syncing."":1}"	{}	0	0		
19	8	12	15	2026-09-05T01:32:24.001278198Z	/tmp/prysm-r2-extra-logs.Rd7MjT/round2-prysm-geth-19.tar.gz::validator.log:1585	2026-09-05T01:32:35.402075841Z	/tmp/prysm-r2-extra-logs.Rd7MjT/round2-prysm-geth-19.tar.gz::beacon.log:547	"{""Skipping payload attestation: no block for slot"":6,""Submitted new aggregate attestations"":1,""Submitted new attestations"":1,""Submitted sync committee messages"":1}"	"{""Could not submit sync committee message"":3}"	"{""Connected peers"":1}"	"{""Beacon node is not respecting the follow distance. EL client is syncing."":1,""Sync Committee Message is too old to broadcast, discarding it"":1}"	{}	0	0	53	53
19	8	13	4	2026-09-05T01:32:46.599160025Z	/tmp/prysm-r2-extra-logs.Rd7MjT/round2-prysm-geth-19.tar.gz::beacon.log:548	2026-09-05T01:32:44.013174062Z	/tmp/prysm-r2-extra-logs.Rd7MjT/round2-prysm-geth-19.tar.gz::validator.log:1675	"{""Submitted new aggregate attestations"":1,""Submitted new attestations"":1,""Submitted sync committee messages"":1}"	{}	{}	"{""Beacon node is not respecting the follow distance. EL client is syncing."":1}"	{}	0	0		
19	8	14	4	2026-09-05T01:32:57.001085202Z	/tmp/prysm-r2-extra-logs.Rd7MjT/round2-prysm-geth-19.tar.gz::validator.log:1676	2026-09-05T01:32:57.002045897Z	/tmp/prysm-r2-extra-logs.Rd7MjT/round2-prysm-geth-19.tar.gz::validator.log:1679	"{""Skipping payload attestation: no block for slot"":1,""Submitted new aggregate attestations"":1,""Submitted new attestations"":1,""Submitted sync committee messages"":1}"	{}	{}	{}	{}	0	0		
19	8	15	10	2026-09-05T01:33:00.581317042Z	/tmp/prysm-r2-extra-logs.Rd7MjT/round2-prysm-geth-19.tar.gz::beacon.log:549	2026-09-05T01:33:01.664578603Z	/tmp/prysm-r2-extra-logs.Rd7MjT/round2-prysm-geth-19.tar.gz::execution.log:91	"{""Submitted new aggregate attestations"":1,""Submitted new attestations"":1,""Submitted payload attestations"":1,""Submitted sync committee messages"":1}"	{}	"{""Synced execution payload envelope"":1,""Synced new block"":1}"	"{""Beacon node is not respecting the follow distance. EL client is syncing."":1}"	"{""Chain head was updated"":1,""Imported new potential chain segment"":1,""Nil finalized block cannot evict old blobs"":1}"	1	0		
19	8	16	13	2026-09-05T01:33:12.009389204Z	/tmp/prysm-r2-extra-logs.Rd7MjT/round2-prysm-geth-19.tar.gz::beacon.log:598	2026-09-05T01:33:18.778700717Z	/tmp/prysm-r2-extra-logs.Rd7MjT/round2-prysm-geth-19.tar.gz::execution.log:98	"{""Submitted new aggregate attestations"":1,""Submitted new attestations"":1,""Submitted payload attestations"":1,""Submitted sync committee messages"":1}"	{}	"{""Synced execution payload envelope"":1,""Synced new block"":1}"	"{""Beacon node is not respecting the follow distance. EL client is syncing."":1,""Forkchoice head root does not match head root"":1}"	"{""Chain head was updated"":2,""Imported new potential chain segment"":1,""Nil finalized block cannot evict old blobs"":2}"	2	0		
19	8	17	14	2026-09-05T01:33:24.016010844Z	/tmp/prysm-r2-extra-logs.Rd7MjT/round2-prysm-geth-19.tar.gz::beacon.log:604	2026-09-05T01:33:26.879990720Z	/tmp/prysm-r2-extra-logs.Rd7MjT/round2-prysm-geth-19.tar.gz::execution.log:104	"{""Submitted new aggregate attestations"":1,""Submitted new attestations"":1,""Submitted payload attestations"":1,""Submitted sync committee messages"":1}"	{}	"{""Connected peers"":1,""Synced execution payload envelope"":1,""Synced new block"":1}"	"{""Forkchoice head root does not match head root"":1}"	"{""Chain head was updated"":2,""Chain reorg detected"":1,""Imported new potential chain segment"":1,""Nil finalized block cannot evict old blobs"":2}"	2	0	90	90
19	8	18	12	2026-09-05T01:33:36.008653599Z	/tmp/prysm-r2-extra-logs.Rd7MjT/round2-prysm-geth-19.tar.gz::execution.log:108	2026-09-05T01:33:46.986812086Z	/tmp/prysm-r2-extra-logs.Rd7MjT/round2-prysm-geth-19.tar.gz::execution.log:110	"{""Skipping payload attestation: no block for slot"":3,""Submitted new attestations"":1,""Submitted sync committee messages"":1}"	{}	"{""Synced execution payload envelope"":1,""Synced new block"":1}"	{}	"{""Chain head was updated"":2,""Imported new potential chain segment"":1,""Nil finalized block cannot evict old blobs"":2}"	2	0		
19	8	19	8	2026-09-05T01:33:48.011980975Z	/tmp/prysm-r2-extra-logs.Rd7MjT/round2-prysm-geth-19.tar.gz::execution.log:114	2026-09-05T01:33:48.011974023Z	/tmp/prysm-r2-extra-logs.Rd7MjT/round2-prysm-geth-19.tar.gz::execution.log:113	"{""Skipping payload attestation: no block for slot"":3,""Submitted new attestations"":1,""Submitted sync committee contributions and proofs"":1,""Submitted sync committee messages"":1}"	{}	{}	{}	"{""Chain head was updated"":1,""Nil finalized block cannot evict old blobs"":1}"	1	0		
19	8	20	0					{}	{}	{}	{}	{}	0	0		
107	9	-1	0					{}	{}	{}	{}	{}	0	0		
107	9	0	6	2026-09-05T01:30:01.691508447Z	/tmp/prysm-r2-extra-logs.Rd7MjT/round2-prysm-geth-107.tar.gz::beacon.log:516	2026-09-05T01:30:09.006978928Z	/tmp/prysm-r2-extra-logs.Rd7MjT/round2-prysm-geth-107.tar.gz::validator.log:685	"{""Schedule for epoch 0"":1,""Submitted new aggregate attestations"":1,""Submitted new attestations"":1,""Submitted payload attestations"":1,""Submitted sync committee messages"":1}"	{}	{}	"{""Beacon node is not respecting the follow distance. EL client is syncing."":1}"	{}	0	0		
107	9	1	94	2026-09-05T01:30:15.943105443Z	/tmp/prysm-r2-extra-logs.Rd7MjT/round2-prysm-geth-107.tar.gz::beacon.log:518	2026-09-05T01:30:24.044377507Z	/tmp/prysm-r2-extra-logs.Rd7MjT/round2-prysm-geth-107.tar.gz::validator.log:784	"{""Submitted sync committee messages"":1}"	"{""Could not get signed attestation data for aggregation"":2,""Could not request attestation to sign at slot"":88,""Could not submit aggregate selection proof to beacon node"":2}"	{}	"{""Beacon node is not respecting the follow distance. EL client is syncing."":1}"	{}	1	0		
107	9	2	83	2026-09-05T01:30:24.001503307Z	/tmp/prysm-r2-extra-logs.Rd7MjT/round2-prysm-geth-107.tar.gz::validator.log:686	2026-09-05T01:30:36.014785747Z	/tmp/prysm-r2-extra-logs.Rd7MjT/round2-prysm-geth-107.tar.gz::validator.log:868	{}	"{""Could not get signed attestation data for aggregation"":1,""Could not get sync committee domain data"":5,""Could not request attestation to sign at slot"":73,""Could not request payload attestation data"":1,""Could not submit aggregate selection proof to beacon node"":1}"	{}	"{""Beacon node is not respecting the follow distance. EL client is syncing."":1,""Sync Committee Message is too old to broadcast, discarding it"":1}"	{}	1	0		
107	9	3	20	2026-09-05T01:30:36.005309518Z	/tmp/prysm-r2-extra-logs.Rd7MjT/round2-prysm-geth-107.tar.gz::validator.log:785	2026-09-05T01:30:40.151604016Z	/tmp/prysm-r2-extra-logs.Rd7MjT/round2-prysm-geth-107.tar.gz::beacon.log:522	"{""Skipping payload attestation: no block for slot"":5,""Submitted new attestations"":1,""Submitted sync committee messages"":1}"	"{""Could not check if any validator is a sync committee aggregator"":1,""Could not request payload attestation data"":2,""Could not request sync message block root to sign"":6,""Could not submit aggregate selection proof to beacon node"":1,""No attestations to aggregate"":1}"	"{""Connected peers"":1}"	"{""Beacon node is not respecting the follow distance. EL client is syncing."":1}"	{}	0	0	113	113
107	9	4	66	2026-09-05T01:30:58.010653117Z	/tmp/prysm-r2-extra-logs.Rd7MjT/round2-prysm-geth-107.tar.gz::beacon.log:524	2026-09-05T01:31:00.037739949Z	/tmp/prysm-r2-extra-logs.Rd7MjT/round2-prysm-geth-107.tar.gz::validator.log:951	{}	"{""Could not get signed attestation data for aggregation"":1,""Could not request attestation to sign at slot"":63,""Could not submit aggregate selection proof to beacon node"":1}"	{}	"{""Beacon node is not respecting the follow distance. EL client is syncing."":1}"	{}	0	0		
107	9	5	99	2026-09-05T01:31:00.001041204Z	/tmp/prysm-r2-extra-logs.Rd7MjT/round2-prysm-geth-107.tar.gz::validator.log:878	2026-09-05T01:31:12.024059887Z	/tmp/prysm-r2-extra-logs.Rd7MjT/round2-prysm-geth-107.tar.gz::validator.log:1053	{}	"{""Could not check if any validator is a sync committee aggregator"":1,""Could not get signed attestation data for aggregation"":1,""Could not request attestation to sign at slot"":88,""Could not request payload attestation data"":2,""Could not request sync message block root to sign"":6,""Could not submit aggregate selection proof to beacon node"":1}"	{}	{}	{}	0	0		
107	9	6	19	2026-09-05T01:31:12.012823344Z	/tmp/prysm-r2-extra-logs.Rd7MjT/round2-prysm-geth-107.tar.gz::validator.log:952	2026-09-05T01:31:22.219779811Z	/tmp/prysm-r2-extra-logs.Rd7MjT/round2-prysm-geth-107.tar.gz::validator.log:1059	"{""Skipping payload attestation: no block for slot"":2,""Submitted new attestations"":1,""Submitted sync committee messages"":1}"	"{""Could not check if any validator is a sync committee aggregator"":1,""Could not request payload attestation data"":5,""Could not request sync message block root to sign"":6,""No attestations to aggregate"":2}"	{}	"{""Beacon node is not respecting the follow distance. EL client is syncing."":1}"	{}	0	0		
107	9	7	65	2026-09-05T01:31:27.007987819Z	/tmp/prysm-r2-extra-logs.Rd7MjT/round2-prysm-geth-107.tar.gz::beacon.log:526	2026-09-05T01:31:36.050641560Z	/tmp/prysm-r2-extra-logs.Rd7MjT/round2-prysm-geth-107.tar.gz::validator.log:1131	{}	"{""Could not request attestation to sign at slot"":64}"	{}	"{""Beacon node is not respecting the follow distance. EL client is syncing."":1}"	{}	0	0		
107	9	8	80	2026-09-05T01:31:36.029244294Z	/tmp/prysm-r2-extra-logs.Rd7MjT/round2-prysm-geth-107.tar.gz::validator.log:1060	2026-09-05T01:31:44.435391754Z	/tmp/prysm-r2-extra-logs.Rd7MjT/round2-prysm-geth-107.tar.gz::execution.log:88	{}	"{""Could not check if any validator is a sync committee aggregator"":1,""Could not request attestation to sign at slot"":68,""Could not request payload attestation data"":1,""Could not request sync message block root to sign"":6}"	"{""Connected peers"":1}"	"{""Beacon node is not respecting the follow distance. EL client is syncing."":1}"	"{""Starting work on payload"":1,""Updated payload"":1}"	1	0	113	113
107	9	9	20	2026-09-05T01:31:48.004513028Z	/tmp/prysm-r2-extra-logs.Rd7MjT/round2-prysm-geth-107.tar.gz::validator.log:1132	2026-09-05T01:31:54.117862851Z	/tmp/prysm-r2-extra-logs.Rd7MjT/round2-prysm-geth-107.tar.gz::execution.log:89	"{""Submitted new attestations"":1,""Submitted sync committee messages"":1}"	"{""Could not check if any validator is a sync committee aggregator"":1,""Could not request sync message block root to sign"":6,""Could not submit aggregate selection proof to beacon node"":3,""Failed to request block from beacon node"":1}"	"{""Building block"":1,""Forkchoice updated with payload attributes for proposal"":1}"	"{""Beacon node is not respecting the follow distance. EL client is syncing."":1,""Could not build block"":1,""Could not get local payload, falling back to P2P bid"":1,""Voting period before genesis + follow distance, using eth1data from head"":1}"	"{""Stopping work on payload"":1}"	0	1		
107	9	10	2	2026-09-05T01:32:12.001887576Z	/tmp/prysm-r2-extra-logs.Rd7MjT/round2-prysm-geth-107.tar.gz::validator.log:1217	2026-09-05T01:32:12.002055269Z	/tmp/prysm-r2-extra-logs.Rd7MjT/round2-prysm-geth-107.tar.gz::validator.log:1218	"{""Submitted new attestations"":1,""Submitted sync committee messages"":1}"	{}	{}	{}	{}	0	0		
107	9	11	12	2026-09-05T01:32:12.001776117Z	/tmp/prysm-r2-extra-logs.Rd7MjT/round2-prysm-geth-107.tar.gz::validator.log:1213	2026-09-05T01:32:24.002566325Z	/tmp/prysm-r2-extra-logs.Rd7MjT/round2-prysm-geth-107.tar.gz::validator.log:1224	"{""Skipping payload attestation: no block for slot"":1,""Submitted new attestations"":1,""Submitted sync committee contributions and proofs"":1,""Submitted sync committee messages"":1}"	"{""Could not request payload attestation data"":2,""Could not sign contribution and proof"":1,""Could not submit aggregate selection proof to beacon node"":2,""Could not submit signed contribution and proof"":1}"	{}	"{""Beacon node is not respecting the follow distance. EL client is syncing."":2}"	{}	0	0		
107	9	12	65	2026-09-05T01:32:36.002126846Z	/tmp/prysm-r2-extra-logs.Rd7MjT/round2-prysm-geth-107.tar.gz::validator.log:1227	2026-09-05T01:32:36.011806984Z	/tmp/prysm-r2-extra-logs.Rd7MjT/round2-prysm-geth-107.tar.gz::validator.log:1300	{}	"{""Could not get signed attestation data for aggregation"":1,""Could not request attestation to sign at slot"":63,""Could not submit aggregate selection proof to beacon node"":1}"	{}	{}	{}	0	0		
107	9	13	101	2026-09-05T01:32:36.001234396Z	/tmp/prysm-r2-extra-logs.Rd7MjT/round2-prysm-geth-107.tar.gz::validator.log:1225	2026-09-05T01:32:40.147649132Z	/tmp/prysm-r2-extra-logs.Rd7MjT/round2-prysm-geth-107.tar.gz::beacon.log:539	{}	"{""Could not check if any validator is a sync committee aggregator"":1,""Could not request attestation to sign at slot"":88,""Could not request payload attestation data"":4,""Could not request sync message block root to sign"":6}"	"{""Connected peers"":1}"	"{""Beacon node is not respecting the follow distance. EL client is syncing."":1}"	{}	0	0	48	48
107	9	14	17	2026-09-05T01:32:48.000896972Z	/tmp/prysm-r2-extra-logs.Rd7MjT/round2-prysm-geth-107.tar.gz::validator.log:1301	2026-09-05T01:33:00.006420411Z	/tmp/prysm-r2-extra-logs.Rd7MjT/round2-prysm-geth-107.tar.gz::validator.log:1405	"{""Submitted new attestations"":1,""Submitted sync committee contributions and proofs"":1,""Submitted sync committee messages"":1}"	"{""Could not check if any validator is a sync committee aggregator"":1,""Could not request payload attestation data"":3,""Could not request sync message block root to sign"":6,""Could not submit aggregate selection proof to beacon node"":2}"	{}	"{""Beacon node is not respecting the follow distance. EL client is syncing."":1,""Could not pack deposits and attestations"":1}"	{}	0	0		
107	9	15	13	2026-09-05T01:33:00.004463943Z	/tmp/prysm-r2-extra-logs.Rd7MjT/round2-prysm-geth-107.tar.gz::validator.log:1400	2026-09-05T01:33:10.156127914Z	/tmp/prysm-r2-extra-logs.Rd7MjT/round2-prysm-geth-107.tar.gz::execution.log:91	"{""Submitted new aggregate attestations"":1,""Submitted new attestations"":1,""Submitted payload attestations"":1,""Submitted sync committee contributions and proofs"":1,""Submitted sync committee messages"":1}"	"{""Could not request payload attestation data"":2}"	"{""Synced execution payload envelope"":1,""Synced new block"":1}"	"{""Beacon node is not respecting the follow distance. EL client is syncing."":1}"	"{""Chain head was updated"":1,""Imported new potential chain segment"":1,""Nil finalized block cannot evict old blobs"":1}"	1	0		
107	9	16	6	2026-09-05T01:33:24.001910067Z	/tmp/prysm-r2-extra-logs.Rd7MjT/round2-prysm-geth-107.tar.gz::validator.log:1414	2026-09-05T01:33:28.053159516Z	/tmp/prysm-r2-extra-logs.Rd7MjT/round2-prysm-geth-107.tar.gz::beacon.log:550	"{""Submitted new attestations"":1,""Submitted payload attestations"":1,""Submitted sync committee contributions and proofs"":1,""Submitted sync committee messages"":1}"	{}	"{""Synced execution payload envelope"":1,""Synced new block"":1}"	{}	{}	0	0		
107	9	17	13	2026-09-05T01:33:24.001383250Z	/tmp/prysm-r2-extra-logs.Rd7MjT/round2-prysm-geth-107.tar.gz::validator.log:1411	2026-09-05T01:33:27.359404513Z	/tmp/prysm-r2-extra-logs.Rd7MjT/round2-prysm-geth-107.tar.gz::execution.log:94	"{""Skipping payload attestation: no block for slot"":2,""Submitted new attestations"":1,""Submitted sync committee contributions and proofs"":1,""Submitted sync committee messages"":1}"	"{""Could not submit payload attestation"":2,""Could not submit signed aggregate and proof to beacon node"":1}"	"{""Synced execution payload envelope"":2,""Synced new block"":1}"	"{""Beacon node is not respecting the follow distance. EL client is syncing."":1}"	"{""Imported new potential chain segment"":1}"	1	0		
107	9	18	14	2026-09-05T01:33:39.483235072Z	/tmp/prysm-r2-extra-logs.Rd7MjT/round2-prysm-geth-107.tar.gz::execution.log:97	2026-09-05T01:33:46.274545096Z	/tmp/prysm-r2-extra-logs.Rd7MjT/round2-prysm-geth-107.tar.gz::execution.log:100	"{""Skipping payload attestation: no block for slot"":1,""Submitted new aggregate attestations"":1,""Submitted new attestations"":1,""Submitted sync committee contributions and proofs"":1,""Submitted sync committee messages"":1}"	{}	"{""Connected peers"":1,""Synced execution payload envelope"":1,""Synced new block"":1}"	{}	"{""Chain head was updated"":2,""Ignoring already known beacon payload"":1,""Imported new potential chain segment"":1,""Nil finalized block cannot evict old blobs"":2}"	3	0	90	90
107	9	19	13	2026-09-05T01:33:48.383613079Z	/tmp/prysm-r2-extra-logs.Rd7MjT/round2-prysm-geth-107.tar.gz::execution.log:103	2026-09-05T01:33:58.066462515Z	/tmp/prysm-r2-extra-logs.Rd7MjT/round2-prysm-geth-107.tar.gz::execution.log:106	"{""Skipping payload attestation: no block for slot"":3,""Submitted new aggregate attestations"":1,""Submitted new attestations"":1,""Submitted sync committee contributions and proofs"":1,""Submitted sync committee messages"":1}"	{}	{}	"{""Forkchoice head root does not match head root"":1}"	"{""Chain head was updated"":2,""Imported new potential chain segment"":1,""Nil finalized block cannot evict old blobs"":2}"	2	0		
107	9	20	0					{}	{}	{}	{}	{}	0	0		
35	10	-1	2	2026-09-05T01:29:50.039753397Z	/tmp/prysm-r2-extra-logs.Rd7MjT/round2-prysm-geth-35.tar.gz::beacon.log:338	2026-09-05T01:29:55.210904294Z	/tmp/prysm-r2-extra-logs.Rd7MjT/round2-prysm-geth-35.tar.gz::beacon.log:345	{}	{}	"{""Connected peers"":1}"	"{""Beacon node is not respecting the follow distance. EL client is syncing."":1}"	{}	0	0	70	70
35	10	0	7	2026-09-05T01:30:04.039969390Z	/tmp/prysm-r2-extra-logs.Rd7MjT/round2-prysm-geth-35.tar.gz::beacon.log:501	2026-09-05T01:30:09.008143230Z	/tmp/prysm-r2-extra-logs.Rd7MjT/round2-prysm-geth-35.tar.gz::validator.log:686	"{""Schedule for epoch 0"":1,""Submitted new aggregate attestations"":1,""Submitted new attestations"":1,""Submitted payload attestations"":1,""Submitted sync committee contributions and proofs"":1,""Submitted sync committee messages"":1}"	{}	{}	"{""Beacon node is not respecting the follow distance. EL client is syncing."":1}"	{}	0	0		
35	10	1	4	2026-09-05T01:30:18.157399670Z	/tmp/prysm-r2-extra-logs.Rd7MjT/round2-prysm-geth-35.tar.gz::beacon.log:503	2026-09-05T01:30:24.001559279Z	/tmp/prysm-r2-extra-logs.Rd7MjT/round2-prysm-geth-35.tar.gz::validator.log:692	"{""Submitted new attestations"":1,""Submitted sync committee messages"":1}"	"{""Could not submit aggregate selection proof to beacon node"":1}"	{}	"{""Beacon node is not respecting the follow distance. EL client is syncing."":1}"	{}	1	0		
35	10	2	84	2026-09-05T01:30:24.001454319Z	/tmp/prysm-r2-extra-logs.Rd7MjT/round2-prysm-geth-35.tar.gz::validator.log:687	2026-09-05T01:30:36.008049374Z	/tmp/prysm-r2-extra-logs.Rd7MjT/round2-prysm-geth-35.tar.gz::validator.log:782	{}	"{""Could not get signed attestation data for aggregation"":2,""Could not request attestation to sign at slot"":76,""Could not request payload attestation data"":3,""Could not submit aggregate selection proof to beacon node"":2}"	{}	"{""Beacon node is not respecting the follow distance. EL client is syncing."":1}"	{}	1	0		
35	10	3	93	2026-09-05T01:30:36.000583891Z	/tmp/prysm-r2-extra-logs.Rd7MjT/round2-prysm-geth-35.tar.gz::validator.log:693	2026-09-05T01:30:48.013065782Z	/tmp/prysm-r2-extra-logs.Rd7MjT/round2-prysm-geth-35.tar.gz::validator.log:876	{}	"{""Could not check if any validator is a sync committee aggregator"":1,""Could not get signed attestation data for aggregation"":1,""Could not request attestation to sign at slot"":80,""Could not request payload attestation data"":4,""Could not request sync message block root to sign"":5,""Could not submit aggregate selection proof to beacon node"":1}"	{}	"{""Beacon node is not respecting the follow distance. EL client is syncing."":1}"	{}	0	0		
35	10	4	73	2026-09-05T01:30:48.001411614Z	/tmp/prysm-r2-extra-logs.Rd7MjT/round2-prysm-geth-35.tar.gz::validator.log:783	2026-09-05T01:30:55.219840024Z	/tmp/prysm-r2-extra-logs.Rd7MjT/round2-prysm-geth-35.tar.gz::beacon.log:507	{}	"{""Could not check if any validator is a sync committee aggregator"":1,""Could not get signed attestation data for aggregation"":1,""Could not request attestation to sign at slot"":58,""Could not request payload attestation data"":6,""Could not request sync message block root to sign"":5,""Could not submit aggregate selection proof to beacon node"":1}"	"{""Connected peers"":1}"	{}	{}	0	0	97	97
35	10	5	91	2026-09-05T01:31:00.000925781Z	/tmp/prysm-r2-extra-logs.Rd7MjT/round2-prysm-geth-35.tar.gz::validator.log:877	2026-09-05T01:31:12.007589498Z	/tmp/prysm-r2-extra-logs.Rd7MjT/round2-prysm-geth-35.tar.gz::validator.log:1033	{}	"{""Could not check if any validator is a sync committee aggregator"":1,""Could not get signed attestation data for aggregation"":2,""Could not request attestation to sign at slot"":78,""Could not request payload attestation data"":2,""Could not request sync message block root to sign"":5,""Could not submit aggregate selection proof to beacon node"":2}"	{}	"{""Beacon node is not respecting the follow distance. EL client is syncing."":1}"	{}	0	0		
35	10	6	83	2026-09-05T01:31:12.001008881Z	/tmp/prysm-r2-extra-logs.Rd7MjT/round2-prysm-geth-35.tar.gz::validator.log:945	2026-09-05T01:31:24.015323683Z	/tmp/prysm-r2-extra-logs.Rd7MjT/round2-prysm-geth-35.tar.gz::validator.log:1115	{}	"{""Could not check if any validator is a sync committee aggregator"":1,""Could not request attestation to sign at slot"":75,""Could not request payload attestation data"":1,""Could not request sync message block root to sign"":5}"	{}	"{""Beacon node is not respecting the follow distance. EL client is syncing."":1}"	{}	0	0		
35	10	7	82	2026-09-05T01:31:24.000911648Z	/tmp/prysm-r2-extra-logs.Rd7MjT/round2-prysm-geth-35.tar.gz::validator.log:1034	2026-09-05T01:31:36.015211506Z	/tmp/prysm-r2-extra-logs.Rd7MjT/round2-prysm-geth-35.tar.gz::validator.log:1196	{}	"{""Could not check if any validator is a sync committee aggregator"":1,""Could not request attestation to sign at slot"":74,""Could not request payload attestation data"":1,""Could not request sync message block root to sign"":5}"	{}	"{""Beacon node is not respecting the follow distance. EL client is syncing."":1}"	{}	0	0		
35	10	8	93	2026-09-05T01:31:36.004824094Z	/tmp/prysm-r2-extra-logs.Rd7MjT/round2-prysm-geth-35.tar.gz::validator.log:1116	2026-09-05T01:31:48.020685523Z	/tmp/prysm-r2-extra-logs.Rd7MjT/round2-prysm-geth-35.tar.gz::validator.log:1291	{}	"{""Could not check if any validator is a sync committee aggregator"":1,""Could not get signed attestation data for aggregation"":2,""Could not request attestation to sign at slot"":81,""Could not request payload attestation data"":1,""Could not request sync message block root to sign"":5,""Could not submit aggregate selection proof to beacon node"":2}"	{}	"{""Beacon node is not respecting the follow distance. EL client is syncing."":1}"	{}	0	0		
35	10	9	90	2026-09-05T01:31:48.001263343Z	/tmp/prysm-r2-extra-logs.Rd7MjT/round2-prysm-geth-35.tar.gz::validator.log:1197	2026-09-05T01:31:55.209581098Z	/tmp/prysm-r2-extra-logs.Rd7MjT/round2-prysm-geth-35.tar.gz::beacon.log:512	{}	"{""Could not check if any validator is a sync committee aggregator"":1,""Could not get signed attestation data for aggregation"":2,""Could not request attestation to sign at slot"":74,""Could not request payload attestation data"":4,""Could not request sync message block root to sign"":5,""Could not submit aggregate selection proof to beacon node"":2}"	"{""Connected peers"":1}"	"{""Beacon node is not respecting the follow distance. EL client is syncing."":1}"	{}	0	0	97	97
35	10	10	25	2026-09-05T01:32:00.001360298Z	/tmp/prysm-r2-extra-logs.Rd7MjT/round2-prysm-geth-35.tar.gz::validator.log:1292	2026-09-05T01:32:10.313524865Z	/tmp/prysm-r2-extra-logs.Rd7MjT/round2-prysm-geth-35.tar.gz::execution.log:89	"{""Skipping payload attestation: no block for slot"":6,""Submitted new attestations"":1,""Submitted sync committee messages"":1}"	"{""Could not check if any validator is a sync committee aggregator"":1,""Could not get sync committee contribution"":1,""Could not request payload attestation data"":1,""Could not request sync message block root to sign"":5,""Failed to request block from beacon node"":1}"	"{""Building block"":1,""Forkchoice updated with payload attributes for proposal"":1}"	"{""Beacon node is not respecting the follow distance. EL client is syncing."":1,""Could not build block"":1,""Voting period before genesis + follow distance, using eth1data from head"":1}"	"{""Starting work on payload"":1,""Stopping work on payload"":1,""Updated payload"":1}"	1	1		
35	10	11	80	2026-09-05T01:32:24.008734195Z	/tmp/prysm-r2-extra-logs.Rd7MjT/round2-prysm-geth-35.tar.gz::validator.log:1388	2026-09-05T01:32:24.017745832Z	/tmp/prysm-r2-extra-logs.Rd7MjT/round2-prysm-geth-35.tar.gz::validator.log:1476	{}	"{""Could not request attestation to sign at slot"":80}"	{}	{}	{}	0	0		
35	10	12	71	2026-09-05T01:32:24.001118890Z	/tmp/prysm-r2-extra-logs.Rd7MjT/round2-prysm-geth-35.tar.gz::validator.log:1387	2026-09-05T01:32:36.010364369Z	/tmp/prysm-r2-extra-logs.Rd7MjT/round2-prysm-geth-35.tar.gz::validator.log:1543	{}	"{""Could not check if any validator is a sync committee aggregator"":1,""Could not get signed attestation data for aggregation"":1,""Could not request attestation to sign at slot"":58,""Could not request payload attestation data"":4,""Could not request sync message block root to sign"":5,""Could not submit aggregate selection proof to beacon node"":1}"	{}	"{""Beacon node is not respecting the follow distance. EL client is syncing."":1}"	{}	0	0		
35	10	13	17	2026-09-05T01:32:36.000980453Z	/tmp/prysm-r2-extra-logs.Rd7MjT/round2-prysm-geth-35.tar.gz::validator.log:1477	2026-09-05T01:32:48.001690931Z	/tmp/prysm-r2-extra-logs.Rd7MjT/round2-prysm-geth-35.tar.gz::validator.log:1550	"{""Skipping payload attestation: no block for slot"":3,""Submitted new attestations"":1,""Submitted sync committee messages"":1}"	"{""Could not check if any validator is a sync committee aggregator"":1,""Could not request payload attestation data"":1,""Could not request sync message block root to sign"":5,""Could not submit aggregate selection proof to beacon node"":2}"	{}	"{""Beacon node is not respecting the follow distance. EL client is syncing."":1,""Client is unable to keep up with event stream, shutting down."":1,""Could not pack deposits and attestations"":1}"	{}	0	0		
35	10	14	79	2026-09-05T01:32:56.199726134Z	/tmp/prysm-r2-extra-logs.Rd7MjT/round2-prysm-geth-35.tar.gz::beacon.log:526	2026-09-05T01:32:55.215792476Z	/tmp/prysm-r2-extra-logs.Rd7MjT/round2-prysm-geth-35.tar.gz::beacon.log:525	{}	"{""Could not get signed attestation data for aggregation"":1,""Could not request attestation to sign at slot"":75,""Could not submit aggregate selection proof to beacon node"":1}"	"{""Connected peers"":1}"	"{""Beacon node is not respecting the follow distance. EL client is syncing."":1}"	{}	0	0	57	57
35	10	15	21	2026-09-05T01:33:00.002312865Z	/tmp/prysm-r2-extra-logs.Rd7MjT/round2-prysm-geth-35.tar.gz::validator.log:1551	2026-09-05T01:33:02.456474276Z	/tmp/prysm-r2-extra-logs.Rd7MjT/round2-prysm-geth-35.tar.gz::execution.log:91	"{""Submitted new aggregate attestations"":1,""Submitted new attestations"":1,""Submitted payload attestations"":1,""Submitted sync committee messages"":1}"	"{""Could not check if any validator is a sync committee aggregator"":1,""Could not request payload attestation data"":5,""Could not request sync message block root to sign"":5}"	"{""Synced execution payload envelope"":1,""Synced new block"":1}"	"{""Client is unable to keep up with event stream, shutting down."":1}"	"{""Chain head was updated"":1,""Imported new potential chain segment"":1,""Nil finalized block cannot evict old blobs"":1}"	1	0		
35	10	16	12	2026-09-05T01:33:20.199541376Z	/tmp/prysm-r2-extra-logs.Rd7MjT/round2-prysm-geth-35.tar.gz::beacon.log:534	2026-09-05T01:33:21.514166213Z	/tmp/prysm-r2-extra-logs.Rd7MjT/round2-prysm-geth-35.tar.gz::execution.log:96	"{""Submitted new aggregate attestations"":1,""Submitted new attestations"":1,""Submitted payload attestations"":1,""Submitted sync committee contributions and proofs"":1,""Submitted sync committee messages"":1}"	{}	"{""Synced execution payload envelope"":1,""Synced new block"":1}"	"{""Beacon node is not respecting the follow distance. EL client is syncing."":1}"	"{""Chain head was updated"":1,""Chain reorg detected"":1,""Imported new potential chain segment"":1,""Nil finalized block cannot evict old blobs"":1}"	1	0		
35	10	17	11	2026-09-05T01:33:24.101419455Z	/tmp/prysm-r2-extra-logs.Rd7MjT/round2-prysm-geth-35.tar.gz::execution.log:100	2026-09-05T01:33:26.980665303Z	/tmp/prysm-r2-extra-logs.Rd7MjT/round2-prysm-geth-35.tar.gz::execution.log:102	"{""Submitted new attestations"":1,""Submitted payload attestations"":1,""Submitted sync committee messages"":1}"	{}	"{""Synced execution payload envelope"":1,""Synced new block"":1}"	{}	"{""Chain head was updated"":2,""Chain reorg detected"":1,""Imported new potential chain segment"":1,""Nil finalized block cannot evict old blobs"":2}"	2	0		
35	10	18	13	2026-09-05T01:33:36.029386036Z	/tmp/prysm-r2-extra-logs.Rd7MjT/round2-prysm-geth-35.tar.gz::beacon.log:541	2026-09-05T01:33:47.056123350Z	/tmp/prysm-r2-extra-logs.Rd7MjT/round2-prysm-geth-35.tar.gz::execution.log:108	"{""Skipping payload attestation: no block for slot"":2,""Submitted new aggregate attestations"":1,""Submitted new attestations"":1,""Submitted sync committee messages"":1}"	{}	"{""Synced execution payload envelope"":1,""Synced new block"":1}"	"{""Forkchoice head root does not match head root"":1}"	"{""Chain head was updated"":2,""Imported new potential chain segment"":1,""Nil finalized block cannot evict old blobs"":2}"	2	0		
35	10	19	10	2026-09-05T01:33:48.022032749Z	/tmp/prysm-r2-extra-logs.Rd7MjT/round2-prysm-geth-35.tar.gz::beacon.log:547	2026-09-05T01:33:48.021979850Z	/tmp/prysm-r2-extra-logs.Rd7MjT/round2-prysm-geth-35.tar.gz::execution.log:111	"{""Skipping payload attestation: no block for slot"":2,""Submitted new aggregate attestations"":1,""Submitted new attestations"":1,""Submitted sync committee contributions and proofs"":1,""Submitted sync committee messages"":1}"	{}	"{""Connected peers"":1}"	"{""Forkchoice head root does not match head root"":1}"	"{""Chain head was updated"":1,""Nil finalized block cannot evict old blobs"":1}"	1	0	87	87
35	10	20	0					{}	{}	{}	{}	{}	0	0		
117	11	-1	0					{}	{}	{}	{}	{}	0	0		
117	11	0	5	2026-09-05T01:30:01.472281374Z	/tmp/prysm-r2-extra-logs.Rd7MjT/round2-prysm-geth-117.tar.gz::beacon.log:514	2026-09-05T01:30:08.023632775Z	/tmp/prysm-r2-extra-logs.Rd7MjT/round2-prysm-geth-117.tar.gz::validator.log:684	"{""Schedule for epoch 0"":1,""Submitted new aggregate attestations"":1,""Submitted new attestations"":1,""Submitted sync committee messages"":1}"	{}	{}	"{""Beacon node is not respecting the follow distance. EL client is syncing."":1}"	{}	0	0		
117	11	1	4	2026-09-05T01:30:16.909604385Z	/tmp/prysm-r2-extra-logs.Rd7MjT/round2-prysm-geth-117.tar.gz::beacon.log:516	2026-09-05T01:30:22.119930701Z	/tmp/prysm-r2-extra-logs.Rd7MjT/round2-prysm-geth-117.tar.gz::validator.log:687	"{""Submitted new aggregate attestations"":1,""Submitted new attestations"":1,""Submitted sync committee messages"":1}"	{}	{}	"{""Beacon node is not respecting the follow distance. EL client is syncing."":1}"	{}	2	0		
117	11	2	72	2026-09-05T01:30:34.026854845Z	/tmp/prysm-r2-extra-logs.Rd7MjT/round2-prysm-geth-117.tar.gz::beacon.log:518	2026-09-05T01:30:36.018343438Z	/tmp/prysm-r2-extra-logs.Rd7MjT/round2-prysm-geth-117.tar.gz::validator.log:763	{}	"{""Could not get signed attestation data for aggregation"":3,""Could not request attestation to sign at slot"":65,""Could not submit aggregate selection proof to beacon node"":3}"	{}	"{""Beacon node is not respecting the follow distance. EL client is syncing."":1}"	{}	0	0		
117	11	3	12	2026-09-05T01:30:36.002065764Z	/tmp/prysm-r2-extra-logs.Rd7MjT/round2-prysm-geth-117.tar.gz::validator.log:688	2026-09-05T01:30:41.380105733Z	/tmp/prysm-r2-extra-logs.Rd7MjT/round2-prysm-geth-117.tar.gz::beacon.log:519	"{""Skipping payload attestation: no block for slot"":2,""Submitted new aggregate attestations"":1,""Submitted new attestations"":1,""Submitted sync committee messages"":1}"	"{""Could not check if any validator is a sync committee aggregator"":1,""Could not request payload attestation data"":2,""Could not request sync message block root to sign"":2}"	"{""Connected peers"":1}"	"{""Beacon node is not respecting the follow distance. EL client is syncing."":1}"	{}	0	0	104	104
117	11	4	76	2026-09-05T01:31:00.003985144Z	/tmp/prysm-r2-extra-logs.Rd7MjT/round2-prysm-geth-117.tar.gz::validator.log:770	2026-09-05T01:31:00.015573425Z	/tmp/prysm-r2-extra-logs.Rd7MjT/round2-prysm-geth-117.tar.gz::validator.log:849	{}	"{""Could not get signed attestation data for aggregation"":2,""Could not request attestation to sign at slot"":72,""Could not submit aggregate selection proof to beacon node"":2}"	{}	{}	{}	0	0		
117	11	5	82	2026-09-05T01:31:00.003918218Z	/tmp/prysm-r2-extra-logs.Rd7MjT/round2-prysm-geth-117.tar.gz::validator.log:769	2026-09-05T01:31:12.035127771Z	/tmp/prysm-r2-extra-logs.Rd7MjT/round2-prysm-geth-117.tar.gz::validator.log:928	{}	"{""Could not check if any validator is a sync committee aggregator"":1,""Could not get signed attestation data for aggregation"":2,""Could not request attestation to sign at slot"":72,""Could not request payload attestation data"":2,""Could not request sync message block root to sign"":2,""Could not submit aggregate selection proof to beacon node"":2}"	{}	"{""Beacon node is not respecting the follow distance. EL client is syncing."":1}"	{}	0	0		
117	11	6	6	2026-09-05T01:31:12.001406241Z	/tmp/prysm-r2-extra-logs.Rd7MjT/round2-prysm-geth-117.tar.gz::validator.log:850	2026-09-05T01:31:24.001765903Z	/tmp/prysm-r2-extra-logs.Rd7MjT/round2-prysm-geth-117.tar.gz::validator.log:932	"{""Submitted new attestations"":1,""Submitted sync committee messages"":1}"	"{""Could not check if any validator is a sync committee aggregator"":1,""Could not request sync message block root to sign"":2}"	{}	"{""Beacon node is not respecting the follow distance. EL client is syncing."":1}"	{}	0	0		
117	11	7	76	2026-09-05T01:31:24.001403986Z	/tmp/prysm-r2-extra-logs.Rd7MjT/round2-prysm-geth-117.tar.gz::validator.log:929	2026-09-05T01:31:36.010124228Z	/tmp/prysm-r2-extra-logs.Rd7MjT/round2-prysm-geth-117.tar.gz::validator.log:1009	{}	"{""Could not request attestation to sign at slot"":73,""Could not request payload attestation data"":1,""Could not sign aggregate and proof"":1}"	{}	"{""Beacon node is not respecting the follow distance. EL client is syncing."":1}"	{}	0	0		
117	11	8	14	2026-09-05T01:31:36.001065680Z	/tmp/prysm-r2-extra-logs.Rd7MjT/round2-prysm-geth-117.tar.gz::validator.log:934	2026-09-05T01:31:41.397074791Z	/tmp/prysm-r2-extra-logs.Rd7MjT/round2-prysm-geth-117.tar.gz::beacon.log:525	"{""Skipping payload attestation: no block for slot"":3,""Submitted new attestations"":1,""Submitted sync committee messages"":1}"	"{""Could not get sync subcommittee index"":1,""Could not request payload attestation data"":1,""Could not request sync message block root to sign"":2,""No attestations to aggregate"":3}"	"{""Connected peers"":1}"	"{""Beacon node is not respecting the follow distance. EL client is syncing."":1}"	{}	0	0	104	104
117	11	9	83	2026-09-05T01:31:58.011325827Z	/tmp/prysm-r2-extra-logs.Rd7MjT/round2-prysm-geth-117.tar.gz::beacon.log:526	2026-09-05T01:32:00.010995080Z	/tmp/prysm-r2-extra-logs.Rd7MjT/round2-prysm-geth-117.tar.gz::validator.log:1103	"{""Submitted sync committee messages"":1}"	"{""Could not submit aggregate selection proof to beacon node"":2,""Could not submit attestation to beacon node"":79}"	{}	"{""Beacon node is not respecting the follow distance. EL client is syncing."":1}"	{}	0	0		
117	11	10	12	2026-09-05T01:32:00.004426390Z	/tmp/prysm-r2-extra-logs.Rd7MjT/round2-prysm-geth-117.tar.gz::validator.log:1020	2026-09-05T01:32:07.472910553Z	/tmp/prysm-r2-extra-logs.Rd7MjT/round2-prysm-geth-117.tar.gz::execution.log:84	"{""Skipping payload attestation: no block for slot"":1,""Submitted new attestations"":1,""Submitted sync committee messages"":1}"	"{""Could not request payload attestation data"":4,""No attestations to aggregate"":2}"	{}	"{""Beacon node is not respecting the follow distance. EL client is syncing."":1}"	"{""Starting work on payload"":1,""Updated payload"":1}"	1	0		
117	11	11	88	2026-09-05T01:32:12.003345934Z	/tmp/prysm-r2-extra-logs.Rd7MjT/round2-prysm-geth-117.tar.gz::validator.log:1107	2026-09-05T01:32:19.468386054Z	/tmp/prysm-r2-extra-logs.Rd7MjT/round2-prysm-geth-117.tar.gz::execution.log:85	{}	"{""Could not check if any validator is a sync committee aggregator"":1,""Could not get signed attestation data for aggregation"":1,""Could not request attestation to sign at slot"":69,""Could not request payload attestation data"":10,""Could not request sync message block root to sign"":2,""Could not submit aggregate selection proof to beacon node"":1,""Failed to sign randao reveal"":1}"	"{""Forkchoice updated with payload attributes for proposal"":1}"	"{""Beacon node is not respecting the follow distance. EL client is syncing."":1}"	"{""Stopping work on payload"":1}"	0	0		
117	11	12	74	2026-09-05T01:32:36.003506500Z	/tmp/prysm-r2-extra-logs.Rd7MjT/round2-prysm-geth-117.tar.gz::validator.log:1196	2026-09-05T01:32:36.011212353Z	/tmp/prysm-r2-extra-logs.Rd7MjT/round2-prysm-geth-117.tar.gz::validator.log:1273	{}	"{""Could not get signed attestation data for aggregation"":1,""Could not request attestation to sign at slot"":72,""Could not submit aggregate selection proof to beacon node"":1}"	{}	{}	{}	0	0		
117	11	13	91	2026-09-05T01:32:36.000918649Z	/tmp/prysm-r2-extra-logs.Rd7MjT/round2-prysm-geth-117.tar.gz::validator.log:1194	2026-09-05T01:32:41.396921115Z	/tmp/prysm-r2-extra-logs.Rd7MjT/round2-prysm-geth-117.tar.gz::beacon.log:531	"{""Skipping payload attestation: no block for slot"":4,""Submitted sync committee messages"":1}"	"{""Could not check if any validator is a sync committee aggregator"":1,""Could not get signed attestation data for aggregation"":3,""Could not request attestation to sign at slot"":72,""Could not request payload attestation data"":3,""Could not request sync message block root to sign"":2,""Could not submit aggregate selection proof to beacon node"":3}"	"{""Connected peers"":1}"	"{""Beacon node is not respecting the follow distance. EL client is syncing."":1}"	{}	0	0	46	46
117	11	14	8	2026-09-05T01:32:50.144470263Z	/tmp/prysm-r2-extra-logs.Rd7MjT/round2-prysm-geth-117.tar.gz::beacon.log:532	2026-09-05T01:33:00.001892438Z	/tmp/prysm-r2-extra-logs.Rd7MjT/round2-prysm-geth-117.tar.gz::validator.log:1363	"{""Skipping payload attestation: no block for slot"":4,""Submitted new attestations"":1,""Submitted sync committee messages"":1}"	"{""Could not submit aggregate selection proof to beacon node"":1}"	{}	"{""Beacon node is not respecting the follow distance. EL client is syncing."":1}"	{}	0	0		
117	11	15	9	2026-09-05T01:33:03.555924457Z	/tmp/prysm-r2-extra-logs.Rd7MjT/round2-prysm-geth-117.tar.gz::beacon.log:533	2026-09-05T01:33:18.373955745Z	/tmp/prysm-r2-extra-logs.Rd7MjT/round2-prysm-geth-117.tar.gz::beacon.log:539	"{""Skipping payload attestation: no block for slot"":3,""Submitted new aggregate attestations"":1,""Submitted new attestations"":1,""Submitted sync committee messages"":1}"	{}	"{""Synced execution payload envelope"":1,""Synced new block"":1}"	"{""Beacon node is not respecting the follow distance. EL client is syncing."":1}"	{}	0	0		
117	11	16	11	2026-09-05T01:33:18.135521187Z	/tmp/prysm-r2-extra-logs.Rd7MjT/round2-prysm-geth-117.tar.gz::beacon.log:538	2026-09-05T01:33:23.985008992Z	/tmp/prysm-r2-extra-logs.Rd7MjT/round2-prysm-geth-117.tar.gz::execution.log:90	"{""Submitted new attestations"":1,""Submitted payload attestations"":1,""Submitted sync committee messages"":1}"	{}	"{""Synced execution payload envelope"":2,""Synced new block"":1}"	"{""Beacon node is not respecting the follow distance. EL client is syncing."":1}"	"{""Chain head was updated"":1,""Imported new potential chain segment"":2,""Nil finalized block cannot evict old blobs"":1}"	1	0		
117	11	17	12	2026-09-05T01:33:24.294581034Z	/tmp/prysm-r2-extra-logs.Rd7MjT/round2-prysm-geth-117.tar.gz::execution.log:91	2026-09-05T01:33:32.530817782Z	/tmp/prysm-r2-extra-logs.Rd7MjT/round2-prysm-geth-117.tar.gz::execution.log:93	"{""Submitted new aggregate attestations"":1,""Submitted new attestations"":1,""Submitted payload attestations"":1,""Submitted sync committee messages"":1}"	{}	"{""Synced execution payload envelope"":2,""Synced new block"":1}"	{}	"{""Chain head was updated"":1,""Ignoring already known beacon payload"":2,""Imported new potential chain segment"":1,""Nil finalized block cannot evict old blobs"":1}"	3	0		
117	11	18	8	2026-09-05T01:33:46.525837234Z	/tmp/prysm-r2-extra-logs.Rd7MjT/round2-prysm-geth-117.tar.gz::execution.log:98	2026-09-05T01:33:46.524970926Z	/tmp/prysm-r2-extra-logs.Rd7MjT/round2-prysm-geth-117.tar.gz::execution.log:97	"{""Submitted new aggregate attestations"":1,""Submitted new attestations"":1,""Submitted sync committee messages"":1}"	{}	"{""Connected peers"":1,""Synced execution payload envelope"":1,""Synced new block"":1}"	{}	"{""Chain head was updated"":1,""Nil finalized block cannot evict old blobs"":1}"	1	0	80	80
117	11	19	8	2026-09-05T01:33:57.169156451Z	/tmp/prysm-r2-extra-logs.Rd7MjT/round2-prysm-geth-117.tar.gz::validator.log:1380	2026-09-05T01:33:53.425943578Z	/tmp/prysm-r2-extra-logs.Rd7MjT/round2-prysm-geth-117.tar.gz::execution.log:99	"{""Skipping payload attestation: no block for slot"":4,""Submitted new aggregate attestations"":1,""Submitted new attestations"":1,""Submitted sync committee messages"":1}"	{}	{}	{}	"{""Imported new potential chain segment"":1}"	0	0		
117	11	20	0					{}	{}	{}	{}	{}	0	0		
14	12	-1	1	2026-09-05T01:29:52.481080293Z	/tmp/prysm-r2-extra-logs.Rd7MjT/round2-prysm-geth-14.tar.gz::beacon.log:345	2026-09-05T01:29:52.481080293Z	/tmp/prysm-r2-extra-logs.Rd7MjT/round2-prysm-geth-14.tar.gz::beacon.log:345	{}	{}	"{""Connected peers"":1}"	{}	{}	0	0	70	70
14	12	0	6	2026-09-05T01:30:00.414966641Z	/tmp/prysm-r2-extra-logs.Rd7MjT/round2-prysm-geth-14.tar.gz::beacon.log:500	2026-09-05T01:30:09.005448886Z	/tmp/prysm-r2-extra-logs.Rd7MjT/round2-prysm-geth-14.tar.gz::validator.log:685	"{""Schedule for epoch 0"":1,""Submitted new aggregate attestations"":1,""Submitted new attestations"":1,""Submitted payload attestations"":1,""Submitted sync committee messages"":1}"	{}	{}	"{""Beacon node is not respecting the follow distance. EL client is syncing."":1}"	{}	0	0		
14	12	1	5	2026-09-05T01:30:15.048611297Z	/tmp/prysm-r2-extra-logs.Rd7MjT/round2-prysm-geth-14.tar.gz::beacon.log:503	2026-09-05T01:30:21.022317268Z	/tmp/prysm-r2-extra-logs.Rd7MjT/round2-prysm-geth-14.tar.gz::validator.log:689	"{""Skipping payload attestation: no block for slot"":1,""Submitted new aggregate attestations"":1,""Submitted new attestations"":1,""Submitted sync committee messages"":1}"	{}	{}	"{""Beacon node is not respecting the follow distance. EL client is syncing."":1}"	{}	1	0		
14	12	2	79	2026-09-05T01:30:33.862014045Z	/tmp/prysm-r2-extra-logs.Rd7MjT/round2-prysm-geth-14.tar.gz::beacon.log:505	2026-09-05T01:30:36.022467811Z	/tmp/prysm-r2-extra-logs.Rd7MjT/round2-prysm-geth-14.tar.gz::validator.log:775	{}	"{""Could not get signed attestation data for aggregation"":1,""Could not request attestation to sign at slot"":76,""Could not submit aggregate selection proof to beacon node"":1}"	{}	"{""Beacon node is not respecting the follow distance. EL client is syncing."":1}"	{}	0	0		
14	12	3	97	2026-09-05T01:30:36.003744800Z	/tmp/prysm-r2-extra-logs.Rd7MjT/round2-prysm-geth-14.tar.gz::validator.log:690	2026-09-05T01:30:48.019156671Z	/tmp/prysm-r2-extra-logs.Rd7MjT/round2-prysm-geth-14.tar.gz::validator.log:867	{}	"{""Could not check if any validator is a sync committee aggregator"":1,""Could not get signed attestation data for aggregation"":2,""Could not request attestation to sign at slot"":84,""Could not request payload attestation data"":6,""Could not request sync message block root to sign"":1,""Could not submit aggregate selection proof to beacon node"":2}"	{}	"{""Beacon node is not respecting the follow distance. EL client is syncing."":1}"	{}	1	0		
14	12	4	78	2026-09-05T01:30:48.001190461Z	/tmp/prysm-r2-extra-logs.Rd7MjT/round2-prysm-geth-14.tar.gz::validator.log:776	2026-09-05T01:30:52.525894234Z	/tmp/prysm-r2-extra-logs.Rd7MjT/round2-prysm-geth-14.tar.gz::beacon.log:507	{}	"{""Could not check if any validator is a sync committee aggregator"":1,""Could not get signed attestation data for aggregation"":3,""Could not request attestation to sign at slot"":66,""Could not request payload attestation data"":2,""Could not request sync message block root to sign"":1,""Could not submit aggregate selection proof to beacon node"":3}"	"{""Connected peers"":1}"	"{""Beacon node is not respecting the follow distance. EL client is syncing."":1}"	{}	0	0	95	95
14	12	5	72	2026-09-05T01:31:00.006738701Z	/tmp/prysm-r2-extra-logs.Rd7MjT/round2-prysm-geth-14.tar.gz::validator.log:868	2026-09-05T01:31:12.017304444Z	/tmp/prysm-r2-extra-logs.Rd7MjT/round2-prysm-geth-14.tar.gz::validator.log:1010	"{""Skipping payload attestation: no block for slot"":3,""Submitted sync committee messages"":1}"	"{""Could not request payload attestation data"":2,""Could not request sync message block root to sign"":1,""Could not submit attestation to beacon node"":64}"	{}	"{""Beacon node is not respecting the follow distance. EL client is syncing."":1}"	{}	0	0		
14	12	6	6	2026-09-05T01:31:24.008644487Z	/tmp/prysm-r2-extra-logs.Rd7MjT/round2-prysm-geth-14.tar.gz::validator.log:1012	2026-09-05T01:31:24.009023816Z	/tmp/prysm-r2-extra-logs.Rd7MjT/round2-prysm-geth-14.tar.gz::validator.log:1019	"{""Submitted new attestations"":1,""Submitted sync committee messages"":1}"	"{""Could not submit aggregate selection proof to beacon node"":4}"	{}	{}	{}	0	0		
14	12	7	11	2026-09-05T01:31:24.007110245Z	/tmp/prysm-r2-extra-logs.Rd7MjT/round2-prysm-geth-14.tar.gz::validator.log:1011	2026-09-05T01:31:35.537951665Z	/tmp/prysm-r2-extra-logs.Rd7MjT/round2-prysm-geth-14.tar.gz::validator.log:1026	"{""Skipping payload attestation: no block for slot"":4,""Submitted new attestations"":1,""Submitted sync committee messages"":1}"	"{""Could not request payload attestation data"":3,""No attestations to aggregate"":1}"	{}	"{""Beacon node is not respecting the follow distance. EL client is syncing."":1}"	{}	0	0		
14	12	8	89	2026-09-05T01:31:39.025718254Z	/tmp/prysm-r2-extra-logs.Rd7MjT/round2-prysm-geth-14.tar.gz::beacon.log:511	2026-09-05T01:31:48.044505983Z	/tmp/prysm-r2-extra-logs.Rd7MjT/round2-prysm-geth-14.tar.gz::validator.log:1118	{}	"{""Could not get signed attestation data for aggregation"":2,""Could not request attestation to sign at slot"":84,""Could not submit aggregate selection proof to beacon node"":2}"	{}	"{""Beacon node is not respecting the follow distance. EL client is syncing."":1}"	{}	0	0		
14	12	9	82	2026-09-05T01:31:48.014328966Z	/tmp/prysm-r2-extra-logs.Rd7MjT/round2-prysm-geth-14.tar.gz::validator.log:1027	2026-09-05T01:31:52.506019390Z	/tmp/prysm-r2-extra-logs.Rd7MjT/round2-prysm-geth-14.tar.gz::beacon.log:512	"{""Submitted sync committee messages"":1}"	"{""Could not check if any validator is a sync committee aggregator"":1,""Could not get signed attestation data for aggregation"":1,""Could not request attestation to sign at slot"":73,""Could not request payload attestation data"":2,""Could not request sync message block root to sign"":1,""Could not submit aggregate selection proof to beacon node"":1}"	"{""Connected peers"":1}"	"{""Beacon node is not respecting the follow distance. EL client is syncing."":1}"	{}	0	0	95	95
14	12	10	80	2026-09-05T01:32:00.009665953Z	/tmp/prysm-r2-extra-logs.Rd7MjT/round2-prysm-geth-14.tar.gz::validator.log:1120	2026-09-05T01:32:12.027800917Z	/tmp/prysm-r2-extra-logs.Rd7MjT/round2-prysm-geth-14.tar.gz::validator.log:1276	{}	"{""Could not get signed attestation data for aggregation"":1,""Could not request attestation to sign at slot"":76,""Could not request payload attestation data"":1,""Could not submit aggregate selection proof to beacon node"":1}"	{}	"{""Beacon node is not respecting the follow distance. EL client is syncing."":1}"	{}	0	0		
14	12	11	95	2026-09-05T01:32:12.001597377Z	/tmp/prysm-r2-extra-logs.Rd7MjT/round2-prysm-geth-14.tar.gz::validator.log:1196	2026-09-05T01:32:24.021865666Z	/tmp/prysm-r2-extra-logs.Rd7MjT/round2-prysm-geth-14.tar.gz::validator.log:1367	"{""Skipping payload attestation: no block for slot"":2,""Submitted sync committee messages"":1}"	"{""Could not check if any validator is a sync committee aggregator"":1,""Could not get signed attestation data for aggregation"":2,""Could not request attestation to sign at slot"":84,""Could not request payload attestation data"":1,""Could not request sync message block root to sign"":1,""Could not submit aggregate selection proof to beacon node"":2}"	{}	"{""Beacon node is not respecting the follow distance. EL client is syncing."":1}"	{}	0	0		
14	12	12	78	2026-09-05T01:32:36.000792396Z	/tmp/prysm-r2-extra-logs.Rd7MjT/round2-prysm-geth-14.tar.gz::validator.log:1368	2026-09-05T01:32:51.250282623Z	/tmp/prysm-r2-extra-logs.Rd7MjT/round2-prysm-geth-14.tar.gz::beacon.log:518	{}	"{""Could not check if any validator is a sync committee aggregator"":1,""Could not get signed attestation data for aggregation"":2,""Could not request attestation to sign at slot"":66,""Could not request payload attestation data"":4,""Could not request sync message block root to sign"":1,""Could not submit aggregate selection proof to beacon node"":2,""Failed to sign randao reveal"":1}"	"{""Forkchoice updated with payload attributes for proposal"":1}"	{}	{}	0	0		
14	12	13	70	2026-09-05T01:32:39.270523178Z	/tmp/prysm-r2-extra-logs.Rd7MjT/round2-prysm-geth-14.tar.gz::beacon.log:516	2026-09-05T01:32:48.009179916Z	/tmp/prysm-r2-extra-logs.Rd7MjT/round2-prysm-geth-14.tar.gz::validator.log:1519	{}	"{""Could not get signed attestation data for aggregation"":2,""Could not request attestation to sign at slot"":64,""Could not submit aggregate selection proof to beacon node"":2}"	{}	"{""Beacon node is not respecting the follow distance. EL client is syncing."":1}"	"{""Beacon client online, but no consensus updates received in a while. Please fix your beacon client to follow the chain!"":1}"	0	0		
14	12	14	20	2026-09-05T01:32:48.000955666Z	/tmp/prysm-r2-extra-logs.Rd7MjT/round2-prysm-geth-14.tar.gz::validator.log:1445	2026-09-05T01:32:49.768499166Z	/tmp/prysm-r2-extra-logs.Rd7MjT/round2-prysm-geth-14.tar.gz::execution.log:93	"{""Skipping payload attestation: no block for slot"":4,""Submitted new attestations"":1,""Submitted sync committee contributions and proofs"":1,""Submitted sync committee messages"":1}"	"{""Could not check if any validator is a sync committee aggregator"":1,""Could not request payload attestation data"":5,""Could not request sync message block root to sign"":1,""Could not submit aggregate selection proof to beacon node"":1,""No attestations to aggregate"":1}"	"{""Connected peers"":1}"	"{""Beacon node is not respecting the follow distance. EL client is syncing."":1}"	"{""Starting work on payload"":1,""Updated payload"":1}"	1	0	49	49
14	12	15	10	2026-09-05T01:33:03.018073627Z	/tmp/prysm-r2-extra-logs.Rd7MjT/round2-prysm-geth-14.tar.gz::beacon.log:520	2026-09-05T01:33:11.243265740Z	/tmp/prysm-r2-extra-logs.Rd7MjT/round2-prysm-geth-14.tar.gz::execution.log:95	"{""Submitted new attestations"":1,""Submitted payload attestations"":1,""Submitted sync committee messages"":1}"	"{""No attestations to aggregate"":1}"	"{""Synced execution payload envelope"":2,""Synced new block"":1}"	"{""Beacon node is not respecting the follow distance. EL client is syncing."":1}"	"{""Imported new potential chain segment"":1,""Stopping work on payload"":1}"	0	0		
14	12	16	13	2026-09-05T01:33:15.881235193Z	/tmp/prysm-r2-extra-logs.Rd7MjT/round2-prysm-geth-14.tar.gz::execution.log:98	2026-09-05T01:33:15.881194543Z	/tmp/prysm-r2-extra-logs.Rd7MjT/round2-prysm-geth-14.tar.gz::execution.log:96	"{""Skipping payload attestation: no block for slot"":4,""Submitted new aggregate attestations"":1,""Submitted new attestations"":1,""Submitted sync committee contributions and proofs"":1,""Submitted sync committee messages"":1}"	{}	"{""Synced execution payload envelope"":1,""Synced new block"":1}"	{}	"{""Chain head was updated"":1,""Ignoring already known beacon payload"":1,""Nil finalized block cannot evict old blobs"":1}"	2	0		
14	12	17	11	2026-09-05T01:33:30.463823648Z	/tmp/prysm-r2-extra-logs.Rd7MjT/round2-prysm-geth-14.tar.gz::beacon.log:528	2026-09-05T01:33:32.954278806Z	/tmp/prysm-r2-extra-logs.Rd7MjT/round2-prysm-geth-14.tar.gz::execution.log:102	"{""Submitted new aggregate attestations"":1,""Submitted new attestations"":1,""Submitted payload attestations"":1,""Submitted sync committee messages"":1}"	{}	"{""Synced execution payload envelope"":1,""Synced new block"":1}"	"{""Beacon node is not respecting the follow distance. EL client is syncing."":1}"	"{""Chain head was updated"":1,""Imported new potential chain segment"":2,""Nil finalized block cannot evict old blobs"":1}"	1	0		
14	12	18	6	2026-09-05T01:33:47.184267475Z	/tmp/prysm-r2-extra-logs.Rd7MjT/round2-prysm-geth-14.tar.gz::validator.log:1545	2026-09-05T01:33:55.926225219Z	/tmp/prysm-r2-extra-logs.Rd7MjT/round2-prysm-geth-14.tar.gz::beacon.log:534	"{""Skipping payload attestation: no block for slot"":3,""Submitted new attestations"":1,""Submitted sync committee messages"":1}"	{}	"{""Synced new block"":1}"	{}	{}	0	0		
14	12	19	8	2026-09-05T01:33:50.107697104Z	/tmp/prysm-r2-extra-logs.Rd7MjT/round2-prysm-geth-14.tar.gz::execution.log:106	2026-09-05T01:33:59.540750474Z	/tmp/prysm-r2-extra-logs.Rd7MjT/round2-prysm-geth-14.tar.gz::execution.log:107	"{""Skipping payload attestation: no block for slot"":1,""Submitted new aggregate attestations"":1,""Submitted new attestations"":1,""Submitted sync committee messages"":1}"	{}	"{""Connected peers"":1}"	{}	"{""Chain head was updated"":1,""Imported new potential chain segment"":1,""Nil finalized block cannot evict old blobs"":1}"	1	0	83	83
14	12	20	0					{}	{}	{}	{}	{}	0	0		
20	13	-1	1	2026-09-05T01:29:48.385202244Z	/tmp/prysm-r2-extra-logs.Rd7MjT/round2-prysm-geth-20.tar.gz::beacon.log:352	2026-09-05T01:29:48.385202244Z	/tmp/prysm-r2-extra-logs.Rd7MjT/round2-prysm-geth-20.tar.gz::beacon.log:352	{}	{}	{}	"{""Beacon node is not respecting the follow distance. EL client is syncing."":1}"	{}	0	0		
20	13	0	5	2026-09-05T01:30:02.388016211Z	/tmp/prysm-r2-extra-logs.Rd7MjT/round2-prysm-geth-20.tar.gz::beacon.log:512	2026-09-05T01:30:09.006381364Z	/tmp/prysm-r2-extra-logs.Rd7MjT/round2-prysm-geth-20.tar.gz::validator.log:684	"{""Schedule for epoch 0"":1,""Submitted new aggregate attestations"":1,""Submitted new attestations"":1,""Submitted payload attestations"":1}"	{}	{}	"{""Beacon node is not respecting the follow distance. EL client is syncing."":1}"	{}	0	0		
20	13	1	4	2026-09-05T01:30:16.411557331Z	/tmp/prysm-r2-extra-logs.Rd7MjT/round2-prysm-geth-20.tar.gz::beacon.log:514	2026-09-05T01:30:24.001579752Z	/tmp/prysm-r2-extra-logs.Rd7MjT/round2-prysm-geth-20.tar.gz::validator.log:689	"{""Skipping payload attestation: no block for slot"":2,""Submitted new attestations"":1}"	{}	{}	"{""Beacon node is not respecting the follow distance. EL client is syncing."":1}"	{}	1	0		
20	13	2	5	2026-09-05T01:30:24.001017371Z	/tmp/prysm-r2-extra-logs.Rd7MjT/round2-prysm-geth-20.tar.gz::validator.log:687	2026-09-05T01:30:36.027281333Z	/tmp/prysm-r2-extra-logs.Rd7MjT/round2-prysm-geth-20.tar.gz::validator.log:920	"{""Submitted new attestations"":1}"	"{""Could not sign aggregate and proof"":1,""Could not submit aggregate selection proof to beacon node"":1,""Could not submit signed aggregate and proof to beacon node"":1}"	{}	"{""Beacon node is not respecting the follow distance. EL client is syncing."":1}"	{}	1	0		
20	13	3	238	2026-09-05T01:30:36.000846214Z	/tmp/prysm-r2-extra-logs.Rd7MjT/round2-prysm-geth-20.tar.gz::validator.log:690	2026-09-05T01:30:40.509985062Z	/tmp/prysm-r2-extra-logs.Rd7MjT/round2-prysm-geth-20.tar.gz::beacon.log:517	"{""Skipping payload attestation: no block for slot"":4,""Submitted new attestations"":1}"	"{""Could not request payload attestation data"":7,""No attestations to aggregate"":2,""failed to propose available attestation"":222}"	"{""Connected peers"":1}"	"{""Beacon node is not respecting the follow distance. EL client is syncing."":1}"	{}	0	0	103	103
20	13	4	3	2026-09-05T01:30:58.907820758Z	/tmp/prysm-r2-extra-logs.Rd7MjT/round2-prysm-geth-20.tar.gz::beacon.log:519	2026-09-05T01:30:58.667551841Z	/tmp/prysm-r2-extra-logs.Rd7MjT/round2-prysm-geth-20.tar.gz::validator.log:929	"{""Submitted new aggregate attestations"":1,""Submitted new attestations"":1}"	{}	{}	"{""Beacon node is not respecting the follow distance. EL client is syncing."":1}"	{}	0	0		
20	13	5	19	2026-09-05T01:31:12.005825112Z	/tmp/prysm-r2-extra-logs.Rd7MjT/round2-prysm-geth-20.tar.gz::validator.log:930	2026-09-05T01:31:12.005961908Z	/tmp/prysm-r2-extra-logs.Rd7MjT/round2-prysm-geth-20.tar.gz::validator.log:949	"{""Submitted new attestations"":1}"	"{""Could not submit attestation to beacon node"":18}"	{}	{}	{}	0	0		
20	13	6	6	2026-09-05T01:31:12.005942081Z	/tmp/prysm-r2-extra-logs.Rd7MjT/round2-prysm-geth-20.tar.gz::validator.log:945	2026-09-05T01:31:24.002034117Z	/tmp/prysm-r2-extra-logs.Rd7MjT/round2-prysm-geth-20.tar.gz::validator.log:955	"{""Submitted new attestations"":1}"	"{""Could not request payload attestation data"":1,""Could not submit aggregate selection proof to beacon node"":3}"	{}	"{""Beacon node is not respecting the follow distance. EL client is syncing."":1}"	{}	0	0		
20	13	7	7	2026-09-05T01:31:24.001333356Z	/tmp/prysm-r2-extra-logs.Rd7MjT/round2-prysm-geth-20.tar.gz::validator.log:950	2026-09-05T01:31:36.002476141Z	/tmp/prysm-r2-extra-logs.Rd7MjT/round2-prysm-geth-20.tar.gz::validator.log:961	"{""Submitted new attestations"":1}"	"{""Could not request payload attestation data"":2,""Could not submit aggregate selection proof to beacon node"":3}"	{}	"{""Beacon node is not respecting the follow distance. EL client is syncing."":1}"	{}	0	0		
20	13	8	80	2026-09-05T01:31:36.001090456Z	/tmp/prysm-r2-extra-logs.Rd7MjT/round2-prysm-geth-20.tar.gz::validator.log:956	2026-09-05T01:31:40.497795252Z	/tmp/prysm-r2-extra-logs.Rd7MjT/round2-prysm-geth-20.tar.gz::beacon.log:522	{}	"{""Could not request payload attestation data"":2,""Could not submit aggregate selection proof to beacon node"":2,""Could not submit attestation to beacon node"":74}"	"{""Connected peers"":1}"	"{""Beacon node is not respecting the follow distance. EL client is syncing."":1}"	{}	0	0	103	103
20	13	9	90	2026-09-05T01:31:48.005889876Z	/tmp/prysm-r2-extra-logs.Rd7MjT/round2-prysm-geth-20.tar.gz::validator.log:972	2026-09-05T01:32:08.928573620Z	/tmp/prysm-r2-extra-logs.Rd7MjT/round2-prysm-geth-20.tar.gz::validator.log:1128	"{""Submitted new attestations"":1}"	"{""Could not request attestation to sign at slot"":85,""Could not request payload attestation data"":3}"	{}	"{""Beacon node is not respecting the follow distance. EL client is syncing."":1}"	{}	0	0		
20	13	10	9	2026-09-05T01:32:00.000895875Z	/tmp/prysm-r2-extra-logs.Rd7MjT/round2-prysm-geth-20.tar.gz::validator.log:1042	2026-09-05T01:32:09.043146619Z	/tmp/prysm-r2-extra-logs.Rd7MjT/round2-prysm-geth-20.tar.gz::validator.log:1134	"{""Skipping payload attestation: no block for slot"":3,""Submitted new attestations"":1}"	"{""Could not request payload attestation data"":2,""No attestations to aggregate"":2}"	{}	"{""Beacon node is not respecting the follow distance. EL client is syncing."":1}"	{}	0	0		
20	13	11	5	2026-09-05T01:32:23.034266666Z	/tmp/prysm-r2-extra-logs.Rd7MjT/round2-prysm-geth-20.tar.gz::beacon.log:526	2026-09-05T01:32:24.003230790Z	/tmp/prysm-r2-extra-logs.Rd7MjT/round2-prysm-geth-20.tar.gz::validator.log:1138	"{""Skipping payload attestation: no block for slot"":1,""Submitted new attestations"":1}"	"{""Could not submit aggregate selection proof to beacon node"":2}"	{}	"{""Beacon node is not respecting the follow distance. EL client is syncing."":1}"	{}	0	0		
20	13	12	65	2026-09-05T01:32:27.110912556Z	/tmp/prysm-r2-extra-logs.Rd7MjT/round2-prysm-geth-20.tar.gz::execution.log:99	2026-09-05T01:32:36.012665104Z	/tmp/prysm-r2-extra-logs.Rd7MjT/round2-prysm-geth-20.tar.gz::validator.log:1204	{}	"{""Could not submit aggregate selection proof to beacon node"":3,""Could not submit attestation to beacon node"":61}"	{}	{}	"{""Beacon client online, but no consensus updates received in a while. Please fix your beacon client to follow the chain!"":1}"	0	0		
20	13	13	79	2026-09-05T01:32:36.007595477Z	/tmp/prysm-r2-extra-logs.Rd7MjT/round2-prysm-geth-20.tar.gz::validator.log:1171	2026-09-05T01:32:42.086329042Z	/tmp/prysm-r2-extra-logs.Rd7MjT/round2-prysm-geth-20.tar.gz::execution.log:101	"{""Submitted new attestations"":1}"	"{""Could not get signed attestation data for aggregation"":1,""Could not request attestation to sign at slot"":66,""Could not request payload attestation data"":2,""Could not submit aggregate selection proof to beacon node"":1,""Failed to request block from beacon node"":1}"	"{""Building block"":1,""Connected peers"":1,""Forkchoice updated with payload attributes for proposal"":1}"	"{""Beacon node is not respecting the follow distance. EL client is syncing."":1,""Fail to build block: could not get parent state"":1}"	"{""Starting work on payload"":1,""Updated payload"":1}"	1	0	40	40
20	13	14	41	2026-09-05T01:32:51.015751215Z	/tmp/prysm-r2-extra-logs.Rd7MjT/round2-prysm-geth-20.tar.gz::beacon.log:532	2026-09-05T01:32:54.086509509Z	/tmp/prysm-r2-extra-logs.Rd7MjT/round2-prysm-geth-20.tar.gz::execution.log:102	"{""Submitted new attestations"":1}"	"{""Could not submit aggregate selection proof to beacon node"":4,""Could not submit attestation to beacon node"":34}"	{}	"{""Beacon node is not respecting the follow distance. EL client is syncing."":1}"	"{""Stopping work on payload"":1}"	0	0		
20	13	15	79	2026-09-05T01:33:00.001817399Z	/tmp/prysm-r2-extra-logs.Rd7MjT/round2-prysm-geth-20.tar.gz::validator.log:1276	2026-09-05T01:33:37.338447702Z	/tmp/prysm-r2-extra-logs.Rd7MjT/round2-prysm-geth-20.tar.gz::beacon.log:544	"{""Skipping payload attestation: no block for slot"":4}"	"{""Could not request payload attestation data"":3,""Could not submit aggregate selection proof to beacon node"":1,""Could not submit attestation to beacon node"":68}"	"{""Synced execution payload envelope"":1,""Synced new block"":1}"	"{""Beacon node is not respecting the follow distance. EL client is syncing."":1}"	{}	0	0		
20	13	16	8	2026-09-05T01:33:18.595128041Z	/tmp/prysm-r2-extra-logs.Rd7MjT/round2-prysm-geth-20.tar.gz::beacon.log:534	2026-09-05T01:33:36.681185657Z	/tmp/prysm-r2-extra-logs.Rd7MjT/round2-prysm-geth-20.tar.gz::beacon.log:542	"{""Skipping payload attestation: no block for slot"":2,""Submitted new attestations"":1}"	"{""No attestations to aggregate"":2}"	"{""Synced execution payload envelope"":1,""Synced new block"":1}"	"{""Beacon node is not respecting the follow distance. EL client is syncing."":1}"	{}	0	0		
20	13	17	7	2026-09-05T01:33:34.799963547Z	/tmp/prysm-r2-extra-logs.Rd7MjT/round2-prysm-geth-20.tar.gz::beacon.log:541	2026-09-05T01:33:32.307027976Z	/tmp/prysm-r2-extra-logs.Rd7MjT/round2-prysm-geth-20.tar.gz::execution.log:104	"{""Skipping payload attestation: no block for slot"":2,""Submitted new aggregate attestations"":1,""Submitted new attestations"":1}"	{}	{}	"{""Beacon node is not respecting the follow distance. EL client is syncing."":1}"	"{""Imported new potential chain segment"":2}"	0	0		
20	13	18	9	2026-09-05T01:33:37.291901846Z	/tmp/prysm-r2-extra-logs.Rd7MjT/round2-prysm-geth-20.tar.gz::execution.log:107	2026-09-05T01:33:37.291521642Z	/tmp/prysm-r2-extra-logs.Rd7MjT/round2-prysm-geth-20.tar.gz::execution.log:105	"{""Skipping payload attestation: no block for slot"":2,""Submitted new aggregate attestations"":1,""Submitted new attestations"":1}"	{}	"{""Connected peers"":1,""Synced execution payload envelope"":1,""Synced new block"":1}"	{}	"{""Chain head was updated"":1,""Nil finalized block cannot evict old blobs"":1}"	2	0	76	76
20	13	19	8	2026-09-05T01:33:55.794619082Z	/tmp/prysm-r2-extra-logs.Rd7MjT/round2-prysm-geth-20.tar.gz::execution.log:110	2026-09-05T01:33:55.791542746Z	/tmp/prysm-r2-extra-logs.Rd7MjT/round2-prysm-geth-20.tar.gz::execution.log:109	"{""Skipping payload attestation: no block for slot"":3,""Submitted new aggregate attestations"":1,""Submitted new attestations"":1}"	{}	{}	{}	"{""Chain head was updated"":1,""Imported new potential chain segment"":1,""Nil finalized block cannot evict old blobs"":1}"	1	0		
20	13	20	0					{}	{}	{}	{}	{}	0	0		
85	14	-1	1	2026-09-05T01:29:52.818523130Z	/tmp/prysm-r2-extra-logs.Rd7MjT/round2-prysm-geth-85.tar.gz::beacon.log:366	2026-09-05T01:29:52.818523130Z	/tmp/prysm-r2-extra-logs.Rd7MjT/round2-prysm-geth-85.tar.gz::beacon.log:366	{}	{}	{}	"{""Beacon node is not respecting the follow distance. EL client is syncing."":1}"	{}	0	0		
85	14	0	6	2026-09-05T01:30:06.818791047Z	/tmp/prysm-r2-extra-logs.Rd7MjT/round2-prysm-geth-85.tar.gz::beacon.log:525	2026-09-05T01:30:09.010329486Z	/tmp/prysm-r2-extra-logs.Rd7MjT/round2-prysm-geth-85.tar.gz::validator.log:685	"{""Schedule for epoch 0"":1,""Submitted new aggregate attestations"":1,""Submitted new attestations"":1,""Submitted payload attestations"":1,""Submitted sync committee messages"":1}"	{}	{}	"{""Beacon node is not respecting the follow distance. EL client is syncing."":1}"	{}	0	0		
85	14	1	9	2026-09-05T01:30:22.018265733Z	/tmp/prysm-r2-extra-logs.Rd7MjT/round2-prysm-geth-85.tar.gz::beacon.log:527	2026-09-05T01:30:24.001126709Z	/tmp/prysm-r2-extra-logs.Rd7MjT/round2-prysm-geth-85.tar.gz::validator.log:694	"{""Skipping payload attestation: no block for slot"":4,""Submitted new attestations"":1,""Submitted sync committee messages"":1}"	"{""Could not submit aggregate selection proof to beacon node"":1,""Sync contribution for validator has no bits set."":1}"	{}	"{""Beacon node is not respecting the follow distance. EL client is syncing."":1}"	{}	2	0		
85	14	2	92	2026-09-05T01:30:24.000617960Z	/tmp/prysm-r2-extra-logs.Rd7MjT/round2-prysm-geth-85.tar.gz::validator.log:691	2026-09-05T01:30:27.349123413Z	/tmp/prysm-r2-extra-logs.Rd7MjT/round2-prysm-geth-85.tar.gz::beacon.log:529	{}	"{""Could not get signed attestation data for aggregation"":2,""Could not request attestation to sign at slot"":85,""Could not submit aggregate selection proof to beacon node"":2,""Could not submit signed aggregate and proof to beacon node"":1}"	"{""Connected peers"":1}"	"{""Beacon node is not respecting the follow distance. EL client is syncing."":1}"	{}	0	0	100	100
85	14	3	70	2026-09-05T01:30:36.003337034Z	/tmp/prysm-r2-extra-logs.Rd7MjT/round2-prysm-geth-85.tar.gz::validator.log:695	2026-09-05T01:30:48.007059886Z	/tmp/prysm-r2-extra-logs.Rd7MjT/round2-prysm-geth-85.tar.gz::validator.log:863	{}	"{""Could not check if any validator is a sync committee aggregator"":1,""Could not request attestation to sign at slot"":62,""Could not request payload attestation data"":2,""Could not request sync message block root to sign"":5}"	{}	{}	{}	0	0		
85	14	4	85	2026-09-05T01:30:48.000932283Z	/tmp/prysm-r2-extra-logs.Rd7MjT/round2-prysm-geth-85.tar.gz::validator.log:792	2026-09-05T01:31:00.021652981Z	/tmp/prysm-r2-extra-logs.Rd7MjT/round2-prysm-geth-85.tar.gz::validator.log:950	{}	"{""Could not check if any validator is a sync committee aggregator"":1,""Could not get signed attestation data for aggregation"":1,""Could not request attestation to sign at slot"":72,""Could not request payload attestation data"":4,""Could not request sync message block root to sign"":5,""Could not submit aggregate selection proof to beacon node"":1}"	{}	"{""Beacon node is not respecting the follow distance. EL client is syncing."":1}"	{}	0	0		
85	14	5	87	2026-09-05T01:31:00.001524361Z	/tmp/prysm-r2-extra-logs.Rd7MjT/round2-prysm-geth-85.tar.gz::validator.log:864	2026-09-05T01:31:12.026341982Z	/tmp/prysm-r2-extra-logs.Rd7MjT/round2-prysm-geth-85.tar.gz::validator.log:1030	{}	"{""Could not check if any validator is a sync committee aggregator"":1,""Could not get signed attestation data for aggregation"":1,""Could not request attestation to sign at slot"":71,""Could not request payload attestation data"":7,""Could not request sync message block root to sign"":5,""Could not submit aggregate selection proof to beacon node"":1}"	{}	"{""Beacon node is not respecting the follow distance. EL client is syncing."":1}"	{}	0	0		
85	14	6	86	2026-09-05T01:31:12.000828601Z	/tmp/prysm-r2-extra-logs.Rd7MjT/round2-prysm-geth-85.tar.gz::validator.log:951	2026-09-05T01:31:24.009534164Z	/tmp/prysm-r2-extra-logs.Rd7MjT/round2-prysm-geth-85.tar.gz::validator.log:1115	{}	"{""Could not check if any validator is a sync committee aggregator"":1,""Could not get signed attestation data for aggregation"":2,""Could not request attestation to sign at slot"":74,""Could not request payload attestation data"":1,""Could not request sync message block root to sign"":5,""Could not submit aggregate selection proof to beacon node"":2}"	{}	"{""Beacon node is not respecting the follow distance. EL client is syncing."":1}"	{}	0	0		
85	14	7	73	2026-09-05T01:31:24.001017032Z	/tmp/prysm-r2-extra-logs.Rd7MjT/round2-prysm-geth-85.tar.gz::validator.log:1031	2026-09-05T01:31:27.342405166Z	/tmp/prysm-r2-extra-logs.Rd7MjT/round2-prysm-geth-85.tar.gz::beacon.log:534	{}	"{""Could not check if any validator is a sync committee aggregator"":1,""Could not request attestation to sign at slot"":64,""Could not request payload attestation data"":1,""Could not request sync message block root to sign"":5}"	"{""Connected peers"":1}"	"{""Beacon node is not respecting the follow distance. EL client is syncing."":1}"	{}	0	0	100	100
85	14	8	91	2026-09-05T01:31:36.001418094Z	/tmp/prysm-r2-extra-logs.Rd7MjT/round2-prysm-geth-85.tar.gz::validator.log:1116	2026-09-05T01:31:48.009911001Z	/tmp/prysm-r2-extra-logs.Rd7MjT/round2-prysm-geth-85.tar.gz::validator.log:1278	{}	"{""Could not check if any validator is a sync committee aggregator"":1,""Could not request attestation to sign at slot"":82,""Could not request payload attestation data"":3,""Could not request sync message block root to sign"":5}"	{}	{}	{}	0	0		
85	14	9	98	2026-09-05T01:31:48.000780720Z	/tmp/prysm-r2-extra-logs.Rd7MjT/round2-prysm-geth-85.tar.gz::validator.log:1189	2026-09-05T01:32:00.010220375Z	/tmp/prysm-r2-extra-logs.Rd7MjT/round2-prysm-geth-85.tar.gz::validator.log:1372	{}	"{""Could not check if any validator is a sync committee aggregator"":1,""Could not get signed attestation data for aggregation"":1,""Could not request attestation to sign at slot"":86,""Could not request payload attestation data"":2,""Could not request sync message block root to sign"":5,""Could not submit aggregate selection proof to beacon node"":1}"	{}	"{""Beacon node is not respecting the follow distance. EL client is syncing."":2}"	{}	0	0		
85	14	10	95	2026-09-05T01:32:00.002136787Z	/tmp/prysm-r2-extra-logs.Rd7MjT/round2-prysm-geth-85.tar.gz::validator.log:1279	2026-09-05T01:32:12.008294532Z	/tmp/prysm-r2-extra-logs.Rd7MjT/round2-prysm-geth-85.tar.gz::validator.log:1472	{}	"{""Could not check if any validator is a sync committee aggregator"":1,""Could not get signed attestation data for aggregation"":2,""Could not request attestation to sign at slot"":85,""Could not request sync message block root to sign"":5,""Could not submit aggregate selection proof to beacon node"":2}"	{}	{}	{}	0	0		
85	14	11	76	2026-09-05T01:32:12.000897290Z	/tmp/prysm-r2-extra-logs.Rd7MjT/round2-prysm-geth-85.tar.gz::validator.log:1373	2026-09-05T01:32:24.008444514Z	/tmp/prysm-r2-extra-logs.Rd7MjT/round2-prysm-geth-85.tar.gz::validator.log:1544	{}	"{""Could not check if any validator is a sync committee aggregator"":1,""Could not get signed attestation data for aggregation"":1,""Could not request attestation to sign at slot"":62,""Could not request payload attestation data"":5,""Could not request sync message block root to sign"":5,""Could not submit aggregate selection proof to beacon node"":1}"	{}	"{""Beacon node is not respecting the follow distance. EL client is syncing."":1}"	{}	0	0		
85	14	12	16	2026-09-05T01:32:24.000935271Z	/tmp/prysm-r2-extra-logs.Rd7MjT/round2-prysm-geth-85.tar.gz::validator.log:1473	2026-09-05T01:32:27.341736455Z	/tmp/prysm-r2-extra-logs.Rd7MjT/round2-prysm-geth-85.tar.gz::beacon.log:540	"{""Skipping payload attestation: no block for slot"":3,""Submitted new attestations"":1,""Submitted sync committee messages"":1}"	"{""Could not check if any validator is a sync committee aggregator"":1,""Could not request payload attestation data"":2,""Could not request sync message block root to sign"":5}"	"{""Connected peers"":1}"	"{""Beacon node is not respecting the follow distance. EL client is syncing."":1}"	"{""Beacon client online, but no consensus updates received in a while. Please fix your beacon client to follow the chain!"":1}"	0	0	99	99
85	14	13	9	2026-09-05T01:32:36.002161064Z	/tmp/prysm-r2-extra-logs.Rd7MjT/round2-prysm-geth-85.tar.gz::validator.log:1548	2026-09-05T01:32:42.106282463Z	/tmp/prysm-r2-extra-logs.Rd7MjT/round2-prysm-geth-85.tar.gz::execution.log:89	"{""Skipping payload attestation: no block for slot"":1,""Submitted new attestations"":1,""Submitted sync committee contributions and proofs"":1,""Submitted sync committee messages"":1}"	"{""Could not submit signed aggregate and proof to beacon node"":1,""Sync contribution for validator has no bits set."":1}"	{}	"{""Beacon node is not respecting the follow distance. EL client is syncing."":1}"	"{""Starting work on payload"":1,""Updated payload"":1}"	1	0		
85	14	14	15	2026-09-05T01:32:50.740644488Z	/tmp/prysm-r2-extra-logs.Rd7MjT/round2-prysm-geth-85.tar.gz::beacon.log:545	2026-09-05T01:32:50.741292854Z	/tmp/prysm-r2-extra-logs.Rd7MjT/round2-prysm-geth-85.tar.gz::execution.log:90	"{""Submitted new attestations"":1,""Submitted sync committee contributions and proofs"":1,""Submitted sync committee messages"":1}"	"{""Could not request payload attestation data"":4,""Could not submit aggregate selection proof to beacon node"":1,""Failed to request block from beacon node"":1}"	"{""Building block"":1,""Forkchoice updated with payload attributes for proposal"":1}"	"{""Beacon node is not respecting the follow distance. EL client is syncing."":1,""Could not build block"":1,""Voting period before genesis + follow distance, using eth1data from head"":1}"	"{""Stopping work on payload"":1}"	0	1		
85	14	15	14	2026-09-05T01:33:08.830480023Z	/tmp/prysm-r2-extra-logs.Rd7MjT/round2-prysm-geth-85.tar.gz::beacon.log:549	2026-09-05T01:33:17.557504957Z	/tmp/prysm-r2-extra-logs.Rd7MjT/round2-prysm-geth-85.tar.gz::beacon.log:552	"{""Skipping payload attestation: no block for slot"":5,""Submitted new attestations"":1,""Submitted sync committee contributions and proofs"":1,""Submitted sync committee messages"":1}"	"{""Could not submit aggregate selection proof to beacon node"":3}"	"{""Synced execution payload envelope"":1,""Synced new block"":1}"	"{""Beacon node is not respecting the follow distance. EL client is syncing."":1}"	{}	0	0		
85	14	16	10	2026-09-05T01:33:18.303739126Z	/tmp/prysm-r2-extra-logs.Rd7MjT/round2-prysm-geth-85.tar.gz::execution.log:94	2026-09-05T01:33:18.302705527Z	/tmp/prysm-r2-extra-logs.Rd7MjT/round2-prysm-geth-85.tar.gz::execution.log:92	"{""Skipping payload attestation: no block for slot"":1,""Submitted new aggregate attestations"":1,""Submitted new attestations"":1,""Submitted sync committee messages"":1}"	{}	"{""Synced execution payload envelope"":2,""Synced new block"":1}"	{}	"{""Chain head was updated"":1,""Imported new potential chain segment"":1,""Nil finalized block cannot evict old blobs"":1}"	1	0		
85	14	17	15	2026-09-05T01:33:24.001107899Z	/tmp/prysm-r2-extra-logs.Rd7MjT/round2-prysm-geth-85.tar.gz::validator.log:1577	2026-09-05T01:33:30.298874601Z	/tmp/prysm-r2-extra-logs.Rd7MjT/round2-prysm-geth-85.tar.gz::execution.log:98	"{""Submitted new aggregate attestations"":1,""Submitted new attestations"":1,""Submitted sync committee messages"":1}"	"{""Could not submit signed aggregate and proof to beacon node"":1}"	"{""Connected peers"":1,""Synced execution payload envelope"":2,""Synced new block"":1}"	"{""Could not pack deposits and attestations"":1}"	"{""Chain head was updated"":1,""Ignoring already known beacon payload"":2,""Imported new potential chain segment"":2,""Nil finalized block cannot evict old blobs"":1}"	2	0	75	75
85	14	18	14	2026-09-05T01:33:36.000745594Z	/tmp/prysm-r2-extra-logs.Rd7MjT/round2-prysm-geth-85.tar.gz::validator.log:1581	2026-09-05T01:33:46.916054893Z	/tmp/prysm-r2-extra-logs.Rd7MjT/round2-prysm-geth-85.tar.gz::execution.log:102	"{""Skipping payload attestation: no block for slot"":3,""Submitted new aggregate attestations"":1,""Submitted new attestations"":1,""Submitted sync committee contributions and proofs"":1,""Submitted sync committee messages"":1}"	"{""Could not submit payload attestation"":3}"	"{""Synced execution payload envelope"":1,""Synced new block"":1}"	{}	"{""Chain head was updated"":1,""Nil finalized block cannot evict old blobs"":1}"	1	0		
85	14	19	6	2026-09-05T01:33:57.234272846Z	/tmp/prysm-r2-extra-logs.Rd7MjT/round2-prysm-geth-85.tar.gz::validator.log:1594	2026-09-05T01:33:51.385968558Z	/tmp/prysm-r2-extra-logs.Rd7MjT/round2-prysm-geth-85.tar.gz::execution.log:104	"{""Skipping payload attestation: no block for slot"":2,""Submitted new aggregate attestations"":1,""Submitted new attestations"":1,""Submitted sync committee messages"":1}"	{}	{}	{}	"{""Imported new potential chain segment"":1}"	0	0		
85	14	20	0					{}	{}	{}	{}	{}	0	0		
32	15	-1	1	2026-09-05T01:29:50.241329318Z	/tmp/prysm-r2-extra-logs.Rd7MjT/round2-prysm-geth-32.tar.gz::beacon.log:354	2026-09-05T01:29:50.241329318Z	/tmp/prysm-r2-extra-logs.Rd7MjT/round2-prysm-geth-32.tar.gz::beacon.log:354	{}	{}	{}	"{""Beacon node is not respecting the follow distance. EL client is syncing."":1}"	{}	0	0		
32	15	0	6	2026-09-05T01:30:04.240697283Z	/tmp/prysm-r2-extra-logs.Rd7MjT/round2-prysm-geth-32.tar.gz::beacon.log:513	2026-09-05T01:30:09.004766837Z	/tmp/prysm-r2-extra-logs.Rd7MjT/round2-prysm-geth-32.tar.gz::validator.log:685	"{""Schedule for epoch 0"":1,""Submitted new attestations"":1,""Submitted payload attestations"":1,""Submitted sync committee contributions and proofs"":1,""Submitted sync committee messages"":1}"	{}	{}	"{""Beacon node is not respecting the follow distance. EL client is syncing."":1}"	{}	0	0		
32	15	1	7	2026-09-05T01:30:22.017623149Z	/tmp/prysm-r2-extra-logs.Rd7MjT/round2-prysm-geth-32.tar.gz::beacon.log:515	2026-09-05T01:30:24.002135503Z	/tmp/prysm-r2-extra-logs.Rd7MjT/round2-prysm-geth-32.tar.gz::validator.log:690	"{""Submitted new attestations"":1,""Submitted sync committee messages"":1}"	{}	{}	"{""Beacon node is not respecting the follow distance. EL client is syncing."":1,""Could not process attestation for fork choice"":4}"	{}	1	0		
32	15	2	100	2026-09-05T01:30:24.001817244Z	/tmp/prysm-r2-extra-logs.Rd7MjT/round2-prysm-geth-32.tar.gz::validator.log:686	2026-09-05T01:33:10.010817257Z	/tmp/prysm-r2-extra-logs.Rd7MjT/round2-prysm-geth-32.tar.gz::beacon.log:588	{}	"{""Could not get signed attestation data for aggregation"":3,""Could not request attestation to sign at slot"":82,""Could not request payload attestation data"":3,""Could not submit aggregate selection proof to beacon node"":3,""Failed to submit proposer preferences"":1}"	{}	"{""Beacon node is not respecting the follow distance. EL client is syncing."":1,""Could not process attestation for fork choice"":7}"	{}	1	0		
32	15	3	93	2026-09-05T01:30:36.003658938Z	/tmp/prysm-r2-extra-logs.Rd7MjT/round2-prysm-geth-32.tar.gz::validator.log:692	2026-09-05T01:30:41.393131719Z	/tmp/prysm-r2-extra-logs.Rd7MjT/round2-prysm-geth-32.tar.gz::beacon.log:518	{}	"{""Could not check if any validator is a sync committee aggregator"":1,""Could not get signed attestation data for aggregation"":1,""Could not request attestation to sign at slot"":77,""Could not request payload attestation data"":3,""Could not request sync message block root to sign"":3,""Could not submit aggregate selection proof to beacon node"":1}"	"{""Connected peers"":1}"	"{""Could not process attestation for fork choice"":6}"	{}	0	0	95	95
32	15	4	89	2026-09-05T01:30:48.000587413Z	/tmp/prysm-r2-extra-logs.Rd7MjT/round2-prysm-geth-32.tar.gz::validator.log:787	2026-09-05T01:33:10.010286307Z	/tmp/prysm-r2-extra-logs.Rd7MjT/round2-prysm-geth-32.tar.gz::beacon.log:586	{}	"{""Could not check if any validator is a sync committee aggregator"":1,""Could not get signed attestation data for aggregation"":1,""Could not request attestation to sign at slot"":67,""Could not request payload attestation data"":6,""Could not request sync message block root to sign"":3,""Could not submit aggregate selection proof to beacon node"":1}"	{}	"{""Beacon node is not respecting the follow distance. EL client is syncing."":1,""Could not process attestation for fork choice"":9}"	{}	0	0		
32	15	5	106	2026-09-05T01:31:00.002215918Z	/tmp/prysm-r2-extra-logs.Rd7MjT/round2-prysm-geth-32.tar.gz::validator.log:876	2026-09-05T01:33:10.009456127Z	/tmp/prysm-r2-extra-logs.Rd7MjT/round2-prysm-geth-32.tar.gz::beacon.log:582	{}	"{""Could not check if any validator is a sync committee aggregator"":1,""Could not get signed attestation data for aggregation"":2,""Could not request attestation to sign at slot"":89,""Could not request payload attestation data"":2,""Could not request sync message block root to sign"":3,""Could not submit aggregate selection proof to beacon node"":2}"	{}	"{""Beacon node is not respecting the follow distance. EL client is syncing."":1,""Could not process attestation for fork choice"":6}"	{}	0	0		
32	15	6	89	2026-09-05T01:31:12.002345787Z	/tmp/prysm-r2-extra-logs.Rd7MjT/round2-prysm-geth-32.tar.gz::validator.log:951	2026-09-05T01:33:10.010701291Z	/tmp/prysm-r2-extra-logs.Rd7MjT/round2-prysm-geth-32.tar.gz::beacon.log:587	{}	"{""Could not check if any validator is a sync committee aggregator"":1,""Could not get signed attestation data for aggregation"":2,""Could not request attestation to sign at slot"":70,""Could not request payload attestation data"":3,""Could not request sync message block root to sign"":3,""Could not submit aggregate selection proof to beacon node"":2}"	{}	"{""Beacon node is not respecting the follow distance. EL client is syncing."":1,""Could not process attestation for fork choice"":7}"	{}	0	0		
32	15	7	22	2026-09-05T01:31:24.004685031Z	/tmp/prysm-r2-extra-logs.Rd7MjT/round2-prysm-geth-32.tar.gz::validator.log:1051	2026-09-05T01:31:33.879768325Z	/tmp/prysm-r2-extra-logs.Rd7MjT/round2-prysm-geth-32.tar.gz::validator.log:1136	"{""Skipping payload attestation: no block for slot"":3,""Submitted new attestations"":1,""Submitted sync committee messages"":1}"	"{""Could not check if any validator is a sync committee aggregator"":1,""Could not request payload attestation data"":1,""Could not request sync message block root to sign"":3,""No attestations to aggregate"":2}"	{}	"{""Beacon node is not respecting the follow distance. EL client is syncing."":1,""Could not process attestation for fork choice"":9}"	{}	0	0		
32	15	8	59	2026-09-05T01:31:46.023946015Z	/tmp/prysm-r2-extra-logs.Rd7MjT/round2-prysm-geth-32.tar.gz::beacon.log:524	2026-09-05T01:31:41.387899525Z	/tmp/prysm-r2-extra-logs.Rd7MjT/round2-prysm-geth-32.tar.gz::beacon.log:523	{}	"{""Could not get signed attestation data for aggregation"":1,""Could not request attestation to sign at slot"":55,""Could not submit aggregate selection proof to beacon node"":1}"	"{""Connected peers"":1}"	"{""Beacon node is not respecting the follow distance. EL client is syncing."":1}"	{}	0	0	95	95
32	15	9	91	2026-09-05T01:31:48.008413223Z	/tmp/prysm-r2-extra-logs.Rd7MjT/round2-prysm-geth-32.tar.gz::validator.log:1137	2026-09-05T01:32:00.014104131Z	/tmp/prysm-r2-extra-logs.Rd7MjT/round2-prysm-geth-32.tar.gz::validator.log:1289	{}	"{""Could not check if any validator is a sync committee aggregator"":1,""Could not get signed attestation data for aggregation"":1,""Could not request attestation to sign at slot"":79,""Could not request payload attestation data"":5,""Could not request sync message block root to sign"":3,""Could not submit aggregate selection proof to beacon node"":1}"	{}	"{""Beacon node is not respecting the follow distance. EL client is syncing."":1}"	{}	0	0		
32	15	10	14	2026-09-05T01:32:00.002720095Z	/tmp/prysm-r2-extra-logs.Rd7MjT/round2-prysm-geth-32.tar.gz::validator.log:1203	2026-09-05T01:32:11.162921453Z	/tmp/prysm-r2-extra-logs.Rd7MjT/round2-prysm-geth-32.tar.gz::validator.log:1296	"{""Skipping payload attestation: no block for slot"":4,""Submitted new attestations"":1,""Submitted sync committee messages"":1}"	"{""Could not check if any validator is a sync committee aggregator"":1,""Could not request payload attestation data"":2,""Could not request sync message block root to sign"":3,""No attestations to aggregate"":1}"	{}	"{""Beacon node is not respecting the follow distance. EL client is syncing."":1}"	{}	0	0		
32	15	11	9	2026-09-05T01:32:21.007139577Z	/tmp/prysm-r2-extra-logs.Rd7MjT/round2-prysm-geth-32.tar.gz::validator.log:1297	2026-09-05T01:32:21.007525929Z	/tmp/prysm-r2-extra-logs.Rd7MjT/round2-prysm-geth-32.tar.gz::validator.log:1305	"{""Skipping payload attestation: no block for slot"":7,""Submitted new attestations"":1,""Submitted sync committee messages"":1}"	{}	{}	{}	{}	0	0		
32	15	12	7	2026-09-05T01:32:26.365918209Z	/tmp/prysm-r2-extra-logs.Rd7MjT/round2-prysm-geth-32.tar.gz::beacon.log:527	2026-09-05T01:32:35.729530337Z	/tmp/prysm-r2-extra-logs.Rd7MjT/round2-prysm-geth-32.tar.gz::validator.log:1310	"{""Skipping payload attestation: no block for slot"":1,""Submitted new attestations"":1,""Submitted sync committee messages"":1}"	"{""No attestations to aggregate"":2}"	{}	"{""Beacon node is not respecting the follow distance. EL client is syncing."":1}"	"{""Beacon client online, but no consensus updates received in a while. Please fix your beacon client to follow the chain!"":1}"	0	0		
32	15	13	10	2026-09-05T01:32:38.256766622Z	/tmp/prysm-r2-extra-logs.Rd7MjT/round2-prysm-geth-32.tar.gz::beacon.log:528	2026-09-05T01:32:41.393450402Z	/tmp/prysm-r2-extra-logs.Rd7MjT/round2-prysm-geth-32.tar.gz::beacon.log:529	"{""Skipping payload attestation: no block for slot"":4,""Submitted new aggregate attestations"":1,""Submitted new attestations"":1,""Submitted sync committee contributions and proofs"":1,""Submitted sync committee messages"":1}"	{}	"{""Connected peers"":1}"	"{""Beacon node is not respecting the follow distance. EL client is syncing."":1}"	{}	0	0	43	43
32	15	14	8	2026-09-05T01:32:52.240275470Z	/tmp/prysm-r2-extra-logs.Rd7MjT/round2-prysm-geth-32.tar.gz::beacon.log:531	2026-09-05T01:32:51.043107815Z	/tmp/prysm-r2-extra-logs.Rd7MjT/round2-prysm-geth-32.tar.gz::execution.log:94	"{""Skipping payload attestation: no block for slot"":2,""Submitted new aggregate attestations"":1,""Submitted new attestations"":1,""Submitted sync committee messages"":1}"	{}	{}	"{""Beacon node is not respecting the follow distance. EL client is syncing."":1}"	"{""Starting work on payload"":1,""Updated payload"":1}"	1	0		
32	15	15	18	2026-09-05T01:33:00.014559436Z	/tmp/prysm-r2-extra-logs.Rd7MjT/round2-prysm-geth-32.tar.gz::beacon.log:534	2026-09-05T01:33:12.009288808Z	/tmp/prysm-r2-extra-logs.Rd7MjT/round2-prysm-geth-32.tar.gz::execution.log:101	"{""Submitted new aggregate attestations"":1,""Submitted new attestations"":1,""Submitted new block"":1,""Submitted payload attestations"":1,""Submitted sync committee messages"":1}"	{}	"{""Building block"":1,""Finished building block"":1,""Forkchoice updated with payload attributes for proposal"":1,""Synced execution payload envelope"":1,""Synced new block"":1}"	"{""Forkchoice head root does not match head root"":1,""Voting period before genesis + follow distance, using eth1data from head"":1}"	"{""Chain head was updated"":2,""Imported new potential chain segment"":1,""Nil finalized block cannot evict old blobs"":2,""Stopping work on payload"":1}"	1	1		
32	15	16	10	2026-09-05T01:33:18.783339146Z	/tmp/prysm-r2-extra-logs.Rd7MjT/round2-prysm-geth-32.tar.gz::execution.log:105	2026-09-05T01:33:18.783319719Z	/tmp/prysm-r2-extra-logs.Rd7MjT/round2-prysm-geth-32.tar.gz::execution.log:104	"{""Submitted new aggregate attestations"":1,""Submitted new attestations"":1,""Submitted payload attestations"":1,""Submitted sync committee messages"":1}"	{}	"{""Synced execution payload envelope"":1,""Synced new block"":1}"	"{""Beacon node is not respecting the follow distance. EL client is syncing."":1}"	"{""Chain head was updated"":1,""Imported new potential chain segment"":1,""Nil finalized block cannot evict old blobs"":1}"	2	0		
32	15	17	14	2026-09-05T01:33:24.015363345Z	/tmp/prysm-r2-extra-logs.Rd7MjT/round2-prysm-geth-32.tar.gz::beacon.log:596	2026-09-05T01:33:26.887025677Z	/tmp/prysm-r2-extra-logs.Rd7MjT/round2-prysm-geth-32.tar.gz::execution.log:110	"{""Submitted new aggregate attestations"":1,""Submitted new attestations"":1,""Submitted payload attestations"":1,""Submitted sync committee contributions and proofs"":1,""Submitted sync committee messages"":1}"	{}	"{""Synced execution payload envelope"":1,""Synced new block"":1}"	"{""Forkchoice head root does not match head root"":1}"	"{""Chain head was updated"":2,""Chain reorg detected"":1,""Imported new potential chain segment"":1,""Nil finalized block cannot evict old blobs"":2}"	2	0		
32	15	18	15	2026-09-05T01:33:36.014377782Z	/tmp/prysm-r2-extra-logs.Rd7MjT/round2-prysm-geth-32.tar.gz::beacon.log:601	2026-09-05T01:33:46.983393027Z	/tmp/prysm-r2-extra-logs.Rd7MjT/round2-prysm-geth-32.tar.gz::execution.log:116	"{""Skipping payload attestation: no block for slot"":3,""Submitted new aggregate attestations"":1,""Submitted new attestations"":1,""Submitted sync committee messages"":1}"	{}	"{""Connected peers"":1,""Synced execution payload envelope"":1,""Synced new block"":1}"	"{""Forkchoice head root does not match head root"":1}"	"{""Chain head was updated"":2,""Imported new potential chain segment"":1,""Nil finalized block cannot evict old blobs"":2}"	2	0	90	90
32	15	19	7	2026-09-05T01:33:48.013918040Z	/tmp/prysm-r2-extra-logs.Rd7MjT/round2-prysm-geth-32.tar.gz::beacon.log:608	2026-09-05T01:33:48.014682045Z	/tmp/prysm-r2-extra-logs.Rd7MjT/round2-prysm-geth-32.tar.gz::execution.log:119	"{""Skipping payload attestation: no block for slot"":1,""Submitted new aggregate attestations"":1,""Submitted new attestations"":1,""Submitted sync committee messages"":1}"	{}	{}	"{""Forkchoice head root does not match head root"":1}"	"{""Chain head was updated"":1,""Nil finalized block cannot evict old blobs"":1}"	1	0		
32	15	20	0					{}	{}	{}	{}	{}	0	0		
76	16	-1	1	2026-09-05T01:29:51.160527073Z	/tmp/prysm-r2-extra-logs.Rd7MjT/round2-prysm-geth-76.tar.gz::beacon.log:383	2026-09-05T01:29:51.160527073Z	/tmp/prysm-r2-extra-logs.Rd7MjT/round2-prysm-geth-76.tar.gz::beacon.log:383	{}	{}	{}	"{""Beacon node is not respecting the follow distance. EL client is syncing."":1}"	{}	0	0		
76	16	0	7	2026-09-05T01:30:05.159909349Z	/tmp/prysm-r2-extra-logs.Rd7MjT/round2-prysm-geth-76.tar.gz::beacon.log:543	2026-09-05T01:30:10.014659605Z	/tmp/prysm-r2-extra-logs.Rd7MjT/round2-prysm-geth-76.tar.gz::beacon.log:544	"{""Schedule for epoch 0"":1,""Submitted new aggregate attestations"":1,""Submitted new attestations"":1,""Submitted payload attestations"":1,""Submitted sync committee messages"":1}"	{}	"{""Connected peers"":1}"	"{""Beacon node is not respecting the follow distance. EL client is syncing."":1}"	{}	0	0	80	80
76	16	1	65	2026-09-05T01:30:21.217794053Z	/tmp/prysm-r2-extra-logs.Rd7MjT/round2-prysm-geth-76.tar.gz::beacon.log:546	2026-09-05T01:30:24.002727229Z	/tmp/prysm-r2-extra-logs.Rd7MjT/round2-prysm-geth-76.tar.gz::validator.log:690	"{""Submitted new attestations"":1,""Submitted sync committee messages"":1}"	"{""Could not submit aggregate selection proof to beacon node"":2}"	{}	"{""Beacon node is not respecting the follow distance. EL client is syncing."":1,""Could not process attestation for fork choice"":60}"	{}	1	0		
76	16	2	95	2026-09-05T01:30:24.001134980Z	/tmp/prysm-r2-extra-logs.Rd7MjT/round2-prysm-geth-76.tar.gz::validator.log:686	2026-09-05T01:33:10.130813219Z	/tmp/prysm-r2-extra-logs.Rd7MjT/round2-prysm-geth-76.tar.gz::beacon.log:703	{}	"{""Could not get signed attestation data for aggregation"":2,""Could not get sync committee contribution"":1,""Could not request attestation to sign at slot"":75,""Could not submit aggregate selection proof to beacon node"":2}"	{}	"{""Beacon node is not respecting the follow distance. EL client is syncing."":1,""Could not process attestation for fork choice"":14}"	{}	1	0		
76	16	3	130	2026-09-05T01:30:36.002003618Z	/tmp/prysm-r2-extra-logs.Rd7MjT/round2-prysm-geth-76.tar.gz::validator.log:691	2026-09-05T01:33:10.131987941Z	/tmp/prysm-r2-extra-logs.Rd7MjT/round2-prysm-geth-76.tar.gz::beacon.log:712	{}	"{""Could not check if any validator is a sync committee aggregator"":1,""Could not get signed attestation data for aggregation"":3,""Could not request attestation to sign at slot"":94,""Could not request payload attestation data"":8,""Could not request sync message block root to sign"":4,""Could not submit aggregate selection proof to beacon node"":3}"	{}	"{""Could not process attestation for fork choice"":17}"	{}	0	0		
76	16	4	103	2026-09-05T01:30:48.018856818Z	/tmp/prysm-r2-extra-logs.Rd7MjT/round2-prysm-geth-76.tar.gz::validator.log:783	2026-09-05T01:33:10.132870162Z	/tmp/prysm-r2-extra-logs.Rd7MjT/round2-prysm-geth-76.tar.gz::beacon.log:716	{}	"{""Could not check if any validator is a sync committee aggregator"":1,""Could not request attestation to sign at slot"":79,""Could not request payload attestation data"":2,""Could not request sync message block root to sign"":4}"	{}	"{""Beacon node is not respecting the follow distance. EL client is syncing."":1,""Could not process attestation for fork choice"":16}"	{}	0	0		
76	16	5	78	2026-09-05T01:31:00.011708392Z	/tmp/prysm-r2-extra-logs.Rd7MjT/round2-prysm-geth-76.tar.gz::validator.log:890	2026-09-05T01:31:10.029685400Z	/tmp/prysm-r2-extra-logs.Rd7MjT/round2-prysm-geth-76.tar.gz::beacon.log:551	{}	"{""Could not check if any validator is a sync committee aggregator"":1,""Could not request attestation to sign at slot"":55,""Could not request payload attestation data"":1,""Could not request sync message block root to sign"":4}"	"{""Connected peers"":1}"	"{""Beacon node is not respecting the follow distance. EL client is syncing."":1,""Could not process attestation for fork choice"":15}"	{}	0	0	93	93
76	16	6	91	2026-09-05T01:31:12.003823661Z	/tmp/prysm-r2-extra-logs.Rd7MjT/round2-prysm-geth-76.tar.gz::validator.log:975	2026-09-05T01:33:10.131595437Z	/tmp/prysm-r2-extra-logs.Rd7MjT/round2-prysm-geth-76.tar.gz::beacon.log:710	{}	"{""Could not check if any validator is a sync committee aggregator"":1,""Could not get signed attestation data for aggregation"":1,""Could not request attestation to sign at slot"":68,""Could not request sync message block root to sign"":4,""Could not submit aggregate selection proof to beacon node"":1}"	{}	"{""Beacon node is not respecting the follow distance. EL client is syncing."":1,""Could not process attestation for fork choice"":15}"	{}	0	0		
76	16	7	93	2026-09-05T01:31:24.001109573Z	/tmp/prysm-r2-extra-logs.Rd7MjT/round2-prysm-geth-76.tar.gz::validator.log:1035	2026-09-05T01:33:10.129777228Z	/tmp/prysm-r2-extra-logs.Rd7MjT/round2-prysm-geth-76.tar.gz::beacon.log:697	{}	"{""Could not check if any validator is a sync committee aggregator"":1,""Could not request attestation to sign at slot"":72,""Could not request payload attestation data"":1,""Could not request sync message block root to sign"":4}"	{}	"{""Beacon node is not respecting the follow distance. EL client is syncing."":1,""Could not process attestation for fork choice"":14}"	{}	0	0		
76	16	8	71	2026-09-05T01:31:36.007871918Z	/tmp/prysm-r2-extra-logs.Rd7MjT/round2-prysm-geth-76.tar.gz::validator.log:1111	2026-09-05T01:31:48.015078886Z	/tmp/prysm-r2-extra-logs.Rd7MjT/round2-prysm-geth-76.tar.gz::validator.log:1260	{}	"{""Could not check if any validator is a sync committee aggregator"":1,""Could not request attestation to sign at slot"":63,""Could not request payload attestation data"":2,""Could not request sync message block root to sign"":4}"	{}	"{""Beacon node is not respecting the follow distance. EL client is syncing."":1}"	{}	0	0		
76	16	9	104	2026-09-05T01:31:48.000779987Z	/tmp/prysm-r2-extra-logs.Rd7MjT/round2-prysm-geth-76.tar.gz::validator.log:1190	2026-09-05T01:32:00.012422070Z	/tmp/prysm-r2-extra-logs.Rd7MjT/round2-prysm-geth-76.tar.gz::validator.log:1365	{}	"{""Could not check if any validator is a sync committee aggregator"":1,""Could not get signed attestation data for aggregation"":3,""Could not request attestation to sign at slot"":90,""Could not request payload attestation data"":3,""Could not request sync message block root to sign"":4,""Could not submit aggregate selection proof to beacon node"":3}"	{}	{}	{}	0	0		
76	16	10	89	2026-09-05T01:32:00.001178653Z	/tmp/prysm-r2-extra-logs.Rd7MjT/round2-prysm-geth-76.tar.gz::validator.log:1261	2026-09-05T01:32:10.034313777Z	/tmp/prysm-r2-extra-logs.Rd7MjT/round2-prysm-geth-76.tar.gz::beacon.log:556	{}	"{""Could not check if any validator is a sync committee aggregator"":1,""Could not get signed attestation data for aggregation"":1,""Could not request attestation to sign at slot"":75,""Could not request payload attestation data"":4,""Could not request sync message block root to sign"":4,""Could not submit aggregate selection proof to beacon node"":1}"	"{""Connected peers"":1}"	"{""Beacon node is not respecting the follow distance. EL client is syncing."":2}"	{}	0	0	93	93
76	16	11	291	2026-09-05T01:32:12.000477769Z	/tmp/prysm-r2-extra-logs.Rd7MjT/round2-prysm-geth-76.tar.gz::validator.log:1366	2026-09-05T01:32:24.006120739Z	/tmp/prysm-r2-extra-logs.Rd7MjT/round2-prysm-geth-76.tar.gz::validator.log:1737	{}	"{""Could not check if any validator is a sync committee aggregator"":1,""Could not get signed attestation data for aggregation"":1,""Could not request attestation to sign at slot"":94,""Could not request payload attestation data"":3,""Could not request sync message block root to sign"":4,""Could not submit aggregate selection proof to beacon node"":1,""Couldn't write available attestation: failed to get attestation data"":187}"	{}	{}	{}	0	0		
76	16	12	87	2026-09-05T01:32:24.003922973Z	/tmp/prysm-r2-extra-logs.Rd7MjT/round2-prysm-geth-76.tar.gz::validator.log:1638	2026-09-05T01:32:36.004923774Z	/tmp/prysm-r2-extra-logs.Rd7MjT/round2-prysm-geth-76.tar.gz::validator.log:1827	{}	"{""Could not get signed attestation data for aggregation"":1,""Could not request attestation to sign at slot"":79,""Could not request sync message block root to sign"":4,""Could not submit aggregate selection proof to beacon node"":1}"	{}	"{""Beacon node is not respecting the follow distance. EL client is syncing."":1}"	"{""Beacon client online, but no consensus updates received in a while. Please fix your beacon client to follow the chain!"":1}"	0	0		
76	16	13	14	2026-09-05T01:32:36.000539375Z	/tmp/prysm-r2-extra-logs.Rd7MjT/round2-prysm-geth-76.tar.gz::validator.log:1738	2026-09-05T01:32:45.258638683Z	/tmp/prysm-r2-extra-logs.Rd7MjT/round2-prysm-geth-76.tar.gz::validator.log:1831	"{""Skipping payload attestation: no block for slot"":1,""Submitted new attestations"":1,""Submitted sync committee contributions and proofs"":1,""Submitted sync committee messages"":1}"	"{""Could not check if any validator is a sync committee aggregator"":1,""Could not request payload attestation data"":4,""Could not request sync message block root to sign"":4}"	{}	"{""Beacon node is not respecting the follow distance. EL client is syncing."":1}"	{}	0	0		
76	16	14	9	2026-09-05T01:32:53.806975535Z	/tmp/prysm-r2-extra-logs.Rd7MjT/round2-prysm-geth-76.tar.gz::beacon.log:560	2026-09-05T01:33:00.000997240Z	/tmp/prysm-r2-extra-logs.Rd7MjT/round2-prysm-geth-76.tar.gz::validator.log:1841	"{""Skipping payload attestation: no block for slot"":4,""Submitted new aggregate attestations"":1,""Submitted new attestations"":1,""Submitted sync committee contributions and proofs"":1,""Submitted sync committee messages"":1}"	{}	{}	"{""Beacon node is not respecting the follow distance. EL client is syncing."":1}"	{}	0	0		
76	16	15	16	2026-09-05T01:33:00.000950411Z	/tmp/prysm-r2-extra-logs.Rd7MjT/round2-prysm-geth-76.tar.gz::validator.log:1836	2026-09-05T01:33:04.497317128Z	/tmp/prysm-r2-extra-logs.Rd7MjT/round2-prysm-geth-76.tar.gz::execution.log:98	"{""Submitted new aggregate attestations"":1,""Submitted new attestations"":1,""Submitted payload attestations"":1,""Submitted sync committee messages"":1}"	"{""Could not sign aggregate and proof"":1,""Could not submit signed aggregate and proof to beacon node"":1}"	"{""Connected peers"":1,""Synced execution payload envelope"":1,""Synced new block"":1}"	{}	"{""Chain head was updated"":1,""Imported new potential chain segment"":1,""Nil finalized block cannot evict old blobs"":1,""Starting work on payload"":2,""Updated payload"":2}"	2	0	67	67
76	16	16	24	2026-09-05T01:33:12.452527609Z	/tmp/prysm-r2-extra-logs.Rd7MjT/round2-prysm-geth-76.tar.gz::execution.log:101	2026-09-05T01:33:24.147773406Z	/tmp/prysm-r2-extra-logs.Rd7MjT/round2-prysm-geth-76.tar.gz::execution.log:108	"{""Submitted new aggregate attestations"":1,""Submitted new attestations"":1,""Submitted new block"":1,""Submitted payload attestations"":1,""Submitted sync committee messages"":1}"	{}	"{""Building block"":1,""Finished building block"":1,""Forkchoice updated with payload attributes for proposal"":1,""Synced execution payload envelope"":1,""Synced new block"":1}"	"{""Beacon node is not respecting the follow distance. EL client is syncing."":1,""Forkchoice head root does not match head root"":2,""Voting period before genesis + follow distance, using eth1data from head"":1}"	"{""Chain head was updated"":3,""Chain reorg detected"":1,""Imported new potential chain segment"":1,""Nil finalized block cannot evict old blobs"":3,""Stopping work on payload"":2}"	2	1		
76	16	17	9	2026-09-05T01:33:29.961934330Z	/tmp/prysm-r2-extra-logs.Rd7MjT/round2-prysm-geth-76.tar.gz::execution.log:112	2026-09-05T01:33:29.961921686Z	/tmp/prysm-r2-extra-logs.Rd7MjT/round2-prysm-geth-76.tar.gz::execution.log:111	"{""Submitted new aggregate attestations"":1,""Submitted new attestations"":1,""Submitted payload attestations"":1,""Submitted sync committee messages"":1}"	{}	"{""Synced execution payload envelope"":1,""Synced new block"":1}"	{}	"{""Chain head was updated"":1,""Imported new potential chain segment"":1,""Nil finalized block cannot evict old blobs"":1}"	2	0		
76	16	18	10	2026-09-05T01:33:36.153681460Z	/tmp/prysm-r2-extra-logs.Rd7MjT/round2-prysm-geth-76.tar.gz::execution.log:115	2026-09-05T01:33:36.153404907Z	/tmp/prysm-r2-extra-logs.Rd7MjT/round2-prysm-geth-76.tar.gz::execution.log:114	"{""Skipping payload attestation: no block for slot"":1,""Submitted new aggregate attestations"":1,""Submitted new attestations"":1,""Submitted sync committee contributions and proofs"":1,""Submitted sync committee messages"":1}"	{}	"{""Synced execution payload envelope"":2,""Synced new block"":1}"	{}	"{""Chain head was updated"":1,""Nil finalized block cannot evict old blobs"":1}"	1	0		
76	16	19	8	2026-09-05T01:33:48.505542505Z	/tmp/prysm-r2-extra-logs.Rd7MjT/round2-prysm-geth-76.tar.gz::execution.log:117	2026-09-05T01:33:48.473796939Z	/tmp/prysm-r2-extra-logs.Rd7MjT/round2-prysm-geth-76.tar.gz::execution.log:116	"{""Skipping payload attestation: no block for slot"":2,""Submitted new aggregate attestations"":1,""Submitted new attestations"":1,""Submitted sync committee contributions and proofs"":1,""Submitted sync committee messages"":1}"	{}	{}	{}	"{""Ignoring already known beacon payload"":1,""Imported new potential chain segment"":1}"	0	0		
76	16	20	0					{}	{}	{}	{}	{}	0	0		
